timestamp,status,latency_ms
1786832681.2621517,200,584.8789215087891
1786832681.2585676,200,1085.1516723632812
1786832681.2580726,200,1548.705816268921
1786832681.259439,200,1579.498291015625
1786832681.2576325,200,1761.6164684295654
1786832681.260408,200,1895.3750133514404
1786832681.2583394,200,1908.968210220337
1786832681.25713,200,1915.9996509552002
1786832681.2588847,200,1933.0494403839111
1786832681.2566257,200,2199.2924213409424
1786832682.3438666,200,1130.4903030395508
1786832681.8470397,200,1673.1476783752441
1786832682.838947,200,1084.2814445495605
1786832683.0192566,200,1130.5456161499023
1786832682.8067858,200,1486.3193035125732
1786832683.1673167,200,2415.6954288482666
1786832683.5202017,200,2073.1115341186523
1786832683.1731343,200,2476.0138988494873
1786832683.1557941,200,2597.083568572998
1786832683.9232402,200,1853.1568050384521
1786832684.149812,200,1641.6828632354736
1786832683.4743683,200,2420.3763008117676
1786832683.4559329,200,2499.8836517333984
1786832683.1919456,200,2777.1365642547607
1786832684.293121,200,1869.0268993377686
1786832685.5830195,200,642.1246528625488
1786832685.593323,200,673.8123893737793
1786832685.6491556,200,670.0036525726318
1786832685.7915041,200,1007.7674388885498
1786832685.7528837,200,1098.151683807373
1786832685.7764158,200,1245.9015846252441
1786832686.2251525,200,878.7519931793213
1786832686.3191683,200,840.1274681091309
1786832685.9558547,200,1361.006736755371
1786832685.9690905,200,1481.0574054718018
1786832686.2671423,200,1296.8626022338867
1786832685.894758,200,1849.0285873413086
1786832686.1621583,200,1675.8136749267578
1786832686.8510413,200,1463.0520343780518
1786832686.7992792,200,1546.987771987915
1786832687.1039188,200,1450.1287937164307
1786832687.022324,200,1669.6360111236572
1786832687.3168733,200,1718.9197540283203
1786832687.1593103,200,2184.8232746124268
1786832687.4501579,200,2011.5635395050049
1786832687.8379843,200,1679.3501377105713
1786832687.7437983,200,1905.4009914398193
1786832688.3462791,200,1333.8017463684082
1786832688.3141098,200,1415.2708053588867
1786832687.5640156,200,2173.557996749878
1786832688.5540564,200,1195.6164836883545
1786832688.6919682,200,1146.7359066009521
1786832689.0358038,200,941.338062286377
1786832689.3441467,200,696.9976425170898
1786832689.4617305,200,626.3411045074463
1786832689.5173483,200,652.4274349212646
1786832689.9771478,200,743.6115741729736
1786832689.8387096,200,1102.846384048462
1786832689.649219,200,1479.1433811187744
1786832690.0411532,200,1191.0357475280762
1786832690.1697836,200,1071.8677043914795
1786832689.7293906,200,1653.0168056488037
1786832689.680094,200,1747.6298809051514
1786832690.0880811,200,1380.5592060089111
1786832689.7376103,200,1773.2856273651123
1786832689.7496846,200,1786.4060401916504
1786832690.7207665,200,832.2546482086182
1786832690.9415643,200,653.4373760223389
1786832691.1283689,200,628.2663345336914
1786832691.232199,200,587.620735168457
1786832691.241658,200,618.9126968383789
1786832691.4686623,200,657.6693058013916
1786832691.5109115,200,685.8470439910889
1786832691.5950065,200,679.3467998504639
1786832691.8198285,200,543.4529781341553
1786832691.5361028,200,1128.0808448791504
1786832691.427733,200,1294.4488525390625
1786832691.3824148,200,1431.9908618927002
1786832691.8605766,200,971.9464778900146
1786832692.1263387,200,759.9914073944092
1786832691.7566428,200,1160.8645915985107
1786832691.553029,200,1477.806568145752
1786832692.1967647,200,862.7054691314697
1786832692.274359,200,910.4409217834473
1786832692.3632884,200,921.4866161346436
1786832692.6641915,200,713.9675617218018
1786832692.7221956,200,706.8161964416504
1786832692.8144119,200,950.4363536834717
1786832692.8325393,200,1048.5725402832031
1786832692.9175198,200,1066.8988227844238
1786832692.8863397,200,1245.4636096954346
1786832693.030842,200,1543.0448055267334
1786832693.0594819,200,1594.2699909210205
1786832693.1848094,200,1791.5949821472168
1786832693.3781674,200,1617.1886920928955
1786832693.2847836,200,1745.7025051116943
1786832693.984436,200,1053.595781326294
1786832693.4290206,200,1663.6128425598145
1786832693.8811195,200,1213.6013507843018
1786832694.131814,200,968.3780670166016
1786832693.764897,200,1398.3166217803955
1786832694.5738966,200,828.0642032623291
1786832694.6537695,200,776.435136795044
1786832695.0304933,200,820.6102848052979
1786832694.995367,200,1026.0076522827148
1786832695.092643,200,967.8483009338379
1786832695.4019685,200,677.577018737793
1786832695.100201,200,1100.165843963623
1786832695.0380435,200,1185.3981018066406
1786832695.163222,200,1066.4327144622803
1786832695.09473,200,1135.7612609863281
1786832695.430212,200,802.3970127105713
1786832694.9764152,200,1363.1396293640137
1786832695.8511102,200,581.5000534057617
1786832696.0213888,200,644.7227001190186
1786832696.2326157,200,670.3267097473145
1786832696.0795567,200,955.5346965789795
1786832696.2304995,200,943.3965682983398
1786832696.0605016,200,1172.8227138519287
1786832696.2296622,200,1018.9049243927002
1786832696.4326148,200,839.0452861785889
1786832696.6661184,200,636.0659599304199
1786832696.339568,200,967.8044319152832
1786832696.2003744,200,1112.1845245361328
1786832696.223454,200,1092.8995609283447
1786832696.9029498,200,799.0388870239258
1786832697.0350986,200,872.6282119750977
1786832697.2716699,200,743.9336776733398
1786832697.302193,200,1025.0227451324463
1786832697.3125687,200,1263.199806213379
1786832697.173908,200,1444.9901580810547
1786832697.2333317,200,1420.7813739776611
1786832697.3163612,200,1399.4600772857666
1786832698.0156124,200,762.1572017669678
1786832697.7020001,200,1099.1454124450684
1786832697.307382,200,1541.6195392608643
1786832697.9077363,200,967.6246643066406
1786832697.2485778,200,1721.0075855255127
1786832698.3272507,200,671.234130859375
1786832698.5757813,200,505.8324337005615
1786832698.6541228,200,496.48237228393555
1786832698.7158322,200,556.9796562194824
1786832698.6189044,200,731.8778038024902
1786832698.9695923,200,685.572624206543
1786832698.9984937,200,701.5893459320068
1786832698.8011527,200,1069.0536499023438
1786832698.8753695,200,1017.9989337921143
1786832698.8490136,200,1049.781084060669
1786832698.7777777,200,1183.4468841552734
1786832699.081621,200,893.1481838226318
1786832699.350798,200,656.7592620849609
1786832699.2728174,200,801.4335632324219
1786832699.1506157,200,948.1945037841797
1786832699.700091,200,499.9973773956299
1786832699.6551707,200,576.7650604248047
1786832699.8988001,200,383.85534286499023
1786832699.8933785,200,541.2502288818359
1786832699.870213,200,606.4193248748779
1786832699.9612362,200,706.3674926757812
1786832699.9747756,200,1025.9592533111572
1786832700.0075655,200,1133.4154605865479
1786832700.0742598,200,1208.8308334350586
1786832700.0988157,200,1267.9486274719238
1786832700.4766407,200,925.3010749816895
1786832700.2319455,200,1192.4386024475098
1786832700.2826648,200,1161.2584590911865
1786832700.4346373,200,1013.0596160888672
1786832700.2000988,200,1252.2530555725098
1786832700.6676116,200,786.1621379852295
1786832701.1409883,200,593.2557582855225
1786832701.0007443,200,940.6473636627197
1786832701.4477072,200,613.5404109954834
1786832701.3667746,200,885.7486248016357
1786832701.4243903,200,915.3945446014404
1786832701.2831018,200,1072.864055633545
1786832701.4523609,200,963.7863636016846
1786832701.7342558,200,806.3874244689941
1786832701.4019504,200,1151.4716148376465
1786832701.44393,200,1116.4679527282715
1786832701.4537816,200,1107.7756881713867
1786832701.9413967,200,633.5127353668213
1786832702.0612535,200,574.167013168335
1786832702.2526047,200,524.2829322814941
1786832702.3397968,200,622.668981552124
1786832702.4161549,200,671.2496280670166
1786832702.54065,200,756.8826675415039
1786832702.5604038,200,886.0437870025635
1786832702.63544,200,868.5219287872314
1786832702.5749166,200,1015.5818462371826
1786832702.5534308,200,1119.7941303253174
1786832702.5615616,200,1165.8308506011963
1786832702.9624712,200,802.6089668273926
1786832702.3559716,200,1445.6446170806885
1786832702.7768948,200,1037.3320579528809
1786832703.0874126,200,741.295337677002
1786832703.2975392,200,641.3764953613281
1786832703.4464552,200,637.9432678222656
1786832703.503969,200,1337.7599716186523
1786832703.9389248,200,920.9651947021484
1786832703.6732328,200,1192.2905445098877
1786832703.828713,200,1119.042158126831
1786832703.7650895,200,1199.4078159332275
1786832703.7274017,200,1242.1090602874756
1786832703.814233,200,1159.8951816558838
1786832703.5905082,200,1389.5940780639648
1786832704.0844069,200,897.6731300354004
1786832703.8016245,200,1189.429521560669
1786832704.8417382,200,591.3898944854736
1786832704.991068,200,731.9397926330566
1786832704.9478006,200,948.0273723602295
1786832704.8598976,200,1067.3894882202148
1786832704.865528,200,1148.1144428253174
1786832704.974138,200,1041.1558151245117
1786832704.9645135,200,1051.6915321350098
1786832704.9820926,200,1036.1685752868652
1786832704.9695203,200,1051.652193069458
1786832704.980111,200,1041.3966178894043
1786832705.4331355,200,593.8103199005127
1786832705.7230186,200,526.3845920562744
1786832705.8958364,200,461.90667152404785
1786832706.0215132,200,813.1024837493896
1786832706.0269558,200,957.9455852508545
1786832706.249414,200,764.2385959625244
1786832706.0211802,200,1006.7453384399414
1786832706.0162113,200,1039.011001586914
1786832705.927299,200,1128.8013458251953
1786832706.0182679,200,1038.1169319152832
1786832706.0136511,200,1047.5282669067383
1786832706.357757,200,703.803300857544
1786832706.015298,200,1048.0258464813232
1786832706.8346212,200,433.71129035949707
1786832707.027935,200,889.6026611328125
1786832707.0136576,200,987.0834350585938
1786832706.984907,200,1328.0577659606934
1786832707.0563931,200,1387.9673480987549
1786832707.056107,200,1514.3320560455322
1786832707.0633297,200,1532.4828624725342
1786832707.2683444,200,1376.8324851989746
1786832707.0615685,200,1603.4276485443115
1786832707.0611887,200,1613.1362915039062
1786832708.0009835,200,680.5994510650635
1786832707.0552316,200,1628.2260417938232
1786832707.9175453,200,766.4639949798584
1786832708.4443746,200,530.7295322418213
1786832708.5704439,200,713.547945022583
1786832708.3129747,200,990.8158779144287
1786832708.683466,200,821.7487335205078
1786832708.5958197,200,1116.3439750671387
1786832708.6743376,200,1253.35693359375
1786832708.6451857,200,1381.4046382904053
1786832708.6815903,200,1388.808250427246
1786832708.6650047,200,1440.9005641937256
1786832708.6840134,200,1465.7115936279297
1786832708.975112,200,1212.1665477752686
1786832709.3037965,200,914.24560546875
1786832709.505225,200,715.9295082092285
1786832709.2839983,200,943.0270195007324
1786832709.7121735,200,525.3493785858154
1786832709.9277012,200,395.52783966064453
1786832710.0265996,200,381.10899925231934
1786832710.0704045,200,597.8744029998779
1786832710.2180471,200,597.9461669921875
1786832710.407715,200,670.7098484039307
1786832710.187286,200,952.65793800354
1786832710.3232377,200,824.5282173156738
1786832710.2375278,200,1000.6835460662842
1786832710.2211623,200,1153.794288635254
1786832710.105913,200,1353.0287742614746
1786832710.1497388,200,1390.956163406372
1786832710.227037,200,1321.744441986084
1786832710.6682916,200,905.7340621948242
1786832710.8160033,200,880.3105354309082
1786832711.0784369,200,618.3946132659912
1786832711.1477773,200,666.2323474884033
1786832711.13995,200,807.7840805053711
1786832711.2382174,200,870.0861930847168
1786832711.3749664,200,754.840612411499
1786832711.548788,200,798.8731861114502
1786832711.5740323,200,868.7098026275635
1786832711.4589474,200,1136.9433403015137
1786832711.696839,200,944.0774917602539
1786832711.5409782,200,1115.621566772461
1786832711.9477417,200,716.4533138275146
1786832711.6963243,200,971.4977741241455
1786832712.1298163,200,544.4960594177246
1786832711.8140233,200,861.4237308502197
1786832712.1083114,200,652.245044708252
1786832712.4427483,200,458.9567184448242
1786832712.3476748,200,577.446460723877
1786832712.6642015,200,648.202657699585
1786832712.595929,200,798.1998920440674
1786832712.668198,200,789.7956371307373
1786832712.6754532,200,899.3005752563477
1786832712.9017158,200,699.8035907745361
1786832712.7605634,200,856.3599586486816
1786832712.6566064,200,975.4054546356201
1786832712.925128,200,711.6754055023193
1786832712.6409228,200,1051.0478019714355
1786832712.6743188,200,1034.6250534057617
1786832713.3124137,ERROR:ReadTimeout,10043.911457061768
1786832713.3941348,ERROR:ReadTimeout,10010.06007194519
1786832713.458001,ERROR:ReadTimeout,10036.320924758911
1786832713.5747597,ERROR:ReadTimeout,10028.533697128296
1786832713.6015284,ERROR:ReadTimeout,10017.075538635254
1786832713.616932,ERROR:ReadTimeout,10001.906156539917
1786832713.6368122,ERROR:ReadTimeout,10118.385076522827
1786832713.6919785,ERROR:ReadTimeout,10063.35425376892
1786832713.632019,ERROR:ReadTimeout,10123.414278030396
1786832713.7089524,ERROR:ReadTimeout,10046.874284744263
1786832723.6033134,200,7296.712160110474
1786832723.7554355,200,7264.054775238037
1786832723.7558377,200,7396.088361740112
1786832723.755203,200,7438.187122344971
1786832723.4943283,200,7722.874402999878
1786832723.4042017,200,7824.46026802063
1786832723.3563356,200,7882.336139678955
1786832723.7553349,200,7505.9216022491455
1786832723.6188421,200,7653.954029083252
1786832723.6186142,200,7669.292449951172
1786832730.9000342,ERROR:ReadTimeout,10016.454458236694
1786832731.0194995,ERROR:ReadTimeout,10003.56912612915
1786832731.1519353,ERROR:ReadTimeout,10014.434814453125
1786832731.193401,ERROR:ReadTimeout,10030.457496643066
1786832731.217212,ERROR:ReadTimeout,10006.89673423767
1786832731.228673,ERROR:ReadTimeout,10015.049695968628
1786832731.2386777,ERROR:ReadTimeout,10005.495071411133
1786832731.2612677,ERROR:ReadTimeout,10026.308059692383
1786832731.2728012,ERROR:ReadTimeout,10015.096187591553
1786832731.287911,ERROR:ReadTimeout,10014.702558517456
1786832740.9164934,ERROR:ReadTimeout,10014.51301574707
1786832741.0230782,ERROR:ReadTimeout,10027.973651885986
1786832741.1663759,ERROR:ReadTimeout,10007.013320922852
1786832741.2241132,ERROR:ReadTimeout,10011.575937271118
1786832741.2238674,ERROR:ReadTimeout,10012.117624282837
1786832741.2441788,ERROR:ReadTimeout,10006.491661071777
1786832741.24374,ERROR:ReadTimeout,10007.250308990479
1786832741.2879035,ERROR:ReadTimeout,10014.700174331665
1786832741.2875829,ERROR:ReadTimeout,10017.62080192566
1786832741.3026226,ERROR:ReadTimeout,10018.510580062866
1786832751.3211489,200,5752.819299697876
1786832751.1733992,200,6986.304998397827
1786832751.0510597,200,7495.147228240967
1786832751.2359908,200,7328.092098236084
1786832751.3026133,200,7498.737096786499
1786832751.3052106,200,7906.023740768433
1786832751.235698,200,7978.594541549683
1786832750.9310186,200,8408.453702926636
1786832751.250679,200,8219.759702682495
1786832751.2509959,200,8318.615674972534
1786832758.1597147,200,1896.0072994232178
1786832757.0739758,200,3039.757490158081
1786832758.5462162,200,2335.733652114868
1786832758.5640934,200,3127.9959678649902
1786832758.8013597,200,3138.965368270874
1786832759.4704545,200,2878.3435821533203
1786832759.2112477,200,3147.4342346191406
1786832759.2143002,200,3186.2080097198486
1786832759.5696297,200,2848.3359813690186
1786832759.3394852,200,3139.293909072876
1786832760.055748,200,2485.8875274658203
1786832760.8819659,200,1664.0326976776123
1786832761.6930327,200,853.2187938690186
1786832760.113748,200,2437.5810623168945
1786832761.9403327,200,1136.2857818603516
1786832762.3488052,200,1123.4180927276611
1786832762.5462568,200,986.8109226226807
1786832762.5416484,200,1065.7970905303955
1786832762.3586988,200,1325.8936405181885
1786832762.5513372,200,1136.6324424743652
1786832762.4787886,200,1213.4194374084473
1786832762.4005136,200,1302.0813465118408
1786832762.4179716,200,1286.6802215576172
1786832763.0766308,200,639.9791240692139
1786832762.546006,200,1172.3015308380127
1786832763.4722323,200,1082.4906826019287
1786832763.5330746,200,1785.8166694641113
1786832763.7166197,200,1889.8036479949951
1786832763.6846104,200,2041.5666103363037
1786832763.6922188,200,2131.1886310577393
1786832763.607459,200,2262.1054649353027
1786832763.7026024,200,2263.7476921081543
1786832763.6879773,200,2286.1595153808594
1786832763.7183146,200,2265.124559402466
1786832763.7046607,200,2280.961275100708
1786832764.554735,200,1437.448263168335
1786832765.318904,200,776.4346599578857
1786832765.606434,200,617.7868843078613
1786832765.7261868,200,724.3084907531738
1786832765.8695736,200,972.5558757781982
1786832766.2242312,200,845.4599380493164
1786832765.9922032,200,1165.8604145050049
1786832765.9663599,200,1287.1084213256836
1786832765.8234131,200,1944.0157413482666
1786832765.985632,200,1967.7619934082031
1786832766.095364,200,2297.1181869506836
1786832766.842136,200,1803.0381202697754
1786832766.45051,200,2335.7303142547607
1786832765.9834464,200,2992.769479751587
1786832767.069702,200,2263.232469558716
1786832765.9741418,200,3486.4745140075684
1786832767.1580744,200,2382.6961517333984
1786832767.2534766,200,2736.4683151245117
1786832767.7674441,200,2723.7277030944824
1786832768.7862542,200,1787.8966331481934
1786832767.953484,200,2806.654453277588
1786832768.6451852,200,2193.7265396118164
1786832768.3924947,200,2918.887138366699
1786832768.976229,200,2475.7654666900635
1786832769.3329508,200,2161.6134643554688
1786832769.4606273,200,2372.7519512176514
1786832769.9899685,200,1941.7805671691895
1786832769.5412238,200,2499.833583831787
1786832770.8389227,200,1538.240671157837
1786832770.5741622,200,1829.7560214996338
1786832770.4911785,200,2004.2028427124023
1786832770.7601483,200,1874.9604225158691
1786832771.494578,200,1287.8296375274658
1786832771.3113906,200,1586.2605571746826
1786832771.4520051,200,1695.2662467956543
1786832771.8333874,200,1391.1163806915283
1786832771.9317565,200,1384.4010829925537
1786832772.0410633,200,1304.222822189331
1786832772.7824144,200,1301.5186786651611
1786832772.4039311,200,1962.1620178222656
1786832772.6351185,200,1771.7390060424805
1786832773.224517,200,1212.3675346374512
1786832772.377174,200,2063.028573989868
1786832773.3452957,200,1111.7501258850098
1786832773.3161652,200,1200.5085945129395
1786832772.897658,200,2192.6276683807373
1786832773.1472802,200,2039.3171310424805
1786832772.4953914,200,2902.224540710449
1786832774.436893,200,1292.7627563476562
1786832774.3661,200,1464.5466804504395
1786832774.0839384,200,1776.9324779510498
1786832774.4068658,200,1570.5006122589111
1786832774.4402285,200,1860.2161407470703
1786832774.4570556,200,2073.3087062835693
1786832774.51668,200,2159.7182750701904
1786832775.1866078,200,1783.7905883789062
1786832775.0902998,200,1906.6767692565918
1786832775.8608804,200,1463.8159275054932
1786832775.7296634,200,1652.4467468261719
1786832775.8306558,200,1689.5864009857178
1786832775.3976269,200,2194.9691772460938
1786832775.977378,200,1649.3866443634033
1786832776.6764102,200,1309.870958328247
1786832776.300456,200,1710.322618484497
1786832776.5303786,200,1835.465908050537
1786832776.996992,200,1529.2503833770752
1786832776.9704094,200,1690.6402111053467
1786832777.520257,200,1822.0465183258057
1786832777.3821208,200,2238.1253242492676
1786832777.6267765,200,2009.9718570709229
1786832777.324731,200,2340.907096862793
1786832777.986293,200,1724.3692874908447
1786832777.592607,200,2164.4747257232666
1786832778.0108159,200,1751.7344951629639
1786832778.661068,200,1104.6671867370605
1786832778.365866,200,1403.2139778137207
1786832778.5262508,200,1245.6727027893066
1786832779.34231,200,613.7633323669434
1786832779.6202564,200,857.7687740325928
1786832779.6367543,200,921.2498664855957
1786832779.7106743,200,1165.2560234069824
1786832779.665654,200,1310.063362121582
1786832779.7591228,200,1279.8688411712646
1786832779.7625585,200,3181.9069385528564
1786832779.7690887,200,3233.757495880127
1786832779.7657444,200,3299.2188930511475
1786832779.7719314,200,3337.2738361358643
1786832779.9560814,200,3183.1300258636475
1786832780.5580156,200,2632.9312324523926
1786832780.478031,200,2769.3872451782227
1786832780.97573,200,2320.5959796905518
1786832781.0390005,200,2260.3917121887207
1786832780.8759403,200,2426.024913787842
1786832782.9444792,200,2296.7782020568848
1786832783.1092188,200,2186.624050140381
1786832783.0028846,200,2655.249834060669
1786832783.190965,200,2920.93563079834
1786832783.2994,200,3553.725242614746
1786832783.3019767,200,3605.649709701538
1786832783.2474303,200,3890.2833461761475
1786832783.1392262,200,4285.540580749512
1786832783.0649788,200,4432.901382446289
1786832783.296336,200,4318.496227264404
1786832785.2412703,200,2461.2646102905273
1786832785.295859,200,2420.0785160064697
1786832785.6581533,200,2205.7042121887207
1786832786.1119156,200,2386.138916015625
1786832787.1377249,200,2694.957971572876
1786832787.8638654,200,2812.410831451416
1786832786.8531399,200,3882.4939727783203
1786832786.90764,200,3879.3928623199463
1786832787.4978933,200,3318.9003467559814
1786832787.4247878,200,3515.0070190429688
1786832787.702544,200,3251.4774799346924
1786832787.614843,200,3344.9196815490723
1786832788.4980698,200,2525.7949829101562
1786832787.715946,200,3314.483642578125
1786832789.8326974,200,1213.083028793335
1786832790.676287,200,1465.02685546875
1786832790.8168042,200,1510.3487968444824
1786832790.7356455,200,1810.7776641845703
1786832790.7870445,200,1793.2264804840088
1786832790.9540353,200,1649.2195129394531
1786832791.0238786,200,1597.400188446045
1786832790.9597712,200,1667.0856475830078
1786832791.0304425,200,1596.8093872070312
1786832790.939806,200,1688.5638236999512
1786832791.0457902,200,1609.4253063201904
1786832792.1413238,200,609.0283393859863
1786832792.7503738,200,700.5445957183838
1786832792.327162,200,1277.7915000915527
1786832792.6032777,200,1024.9426364898682
1786832792.5464346,200,1343.745470046997
1786832792.5803397,200,1355.3993701934814
1786832792.6268678,200,1382.5194835662842
1786832792.6552255,200,1366.0640716552734
1786832792.627258,200,1414.2990112304688
1786832792.6283789,200,1492.34938621521
1786832792.6212888,200,1527.726411819458
1786832793.4509442,200,829.310417175293
1786832793.6049652,200,874.0754127502441
1786832793.6282272,200,902.2011756896973
1786832793.935753,200,954.7624588012695
1786832793.8901913,200,1076.5752792358398
1786832794.1490262,200,960.8025550842285
1786832794.0093946,200,1339.2407894134521
1786832794.280262,200,1169.4462299346924
1786832794.5304365,200,976.3870239257812
1786832794.0213022,200,1492.6435947418213
1786832794.4790463,200,1064.1920566558838
1786832794.1207414,200,1505.918025970459
1786832794.041623,200,1608.6781024932861
1786832794.9667735,200,2013.4327411651611
1786832794.8905272,200,2530.700206756592
1786832795.5432472,200,2494.142770767212
1786832795.5068436,200,2617.5193786621094
1786832795.650313,200,2737.4532222747803
1786832795.4497192,200,2952.1267414093018
1786832795.1098385,200,3323.5771656036377
1786832795.513956,200,2972.0654487609863
1786832795.3486433,200,3195.5201625823975
1786832795.6266735,200,2920.3145503997803
1786832797.4212358,200,1194.4634914398193
1786832796.9802191,200,1671.2932586669922
1786832798.4334269,200,1596.590518951416
1786832798.3877783,200,1669.372797012329
1786832798.1243799,200,1953.974723815918
1786832798.401859,200,1695.0113773345947
1786832798.6157098,200,1494.6129322052002
1786832798.0373995,200,2147.2156047821045
1786832798.546998,200,1644.0763473510742
1786832798.486032,200,1706.8097591400146
1786832798.65153,200,1544.7111129760742
1786832798.5441766,200,1655.5378437042236
1786832800.0968902,200,592.9460525512695
1786832800.1928487,200,522.0928192138672
1786832800.19108,200,568.5765743255615
1786832800.199725,200,1485.743522644043
1786832800.0300288,200,1657.377004623413
1786832800.1846468,200,1506.5762996673584
1786832800.1103303,200,1581.183671951294
1786832800.1962502,200,1502.9964447021484
1786832800.078367,200,1626.0647773742676
1786832800.6898484,200,2440.396785736084
1786832800.0571592,200,3129.075527191162
1786832800.759665,200,2562.196969985962
1786832800.7149613,200,2622.750997543335
1786832801.6912339,200,1655.0798416137695
1786832801.6992626,200,1651.2439250946045
1786832801.6915197,200,1662.0419025421143
1786832801.7044415,200,1649.3010520935059
1786832801.6874135,200,1671.525239944458
1786832801.68548,200,1675.3897666931152
1786832803.1302528,200,1310.0907802581787
1786832803.3377244,200,1924.2734909057617
1786832803.1862464,200,2461.501121520996
1786832803.321869,200,5411.329030990601
1786832803.358951,ERROR:ReadTimeout,10058.083057403564
1786832803.3535686,ERROR:ReadTimeout,10063.742876052856
1786832803.3608806,ERROR:ReadTimeout,10056.716918945312
1786832803.3505147,ERROR:ReadTimeout,10071.899890899658
1786832803.3537464,ERROR:ReadTimeout,10085.864543914795
1786832803.3463185,ERROR:ReadTimeout,10093.440055847168
1786832804.440359,ERROR:ReadTimeout,10014.333486557007
1786832805.2620087,ERROR:ReadTimeout,10012.545108795166
1786832805.647763,200,9933.283805847168
1786832808.7332103,ERROR:ReadTimeout,10021.98076248169
1786832813.4224205,ERROR:ReadTimeout,10074.734926223755
1786832813.439616,ERROR:ReadTimeout,10058.481454849243
1786832813.4173179,ERROR:ReadTimeout,10082.160711288452
1786832813.4176013,ERROR:ReadTimeout,10082.243204116821
1786832813.439761,ERROR:ReadTimeout,10060.323715209961
1786832813.417048,ERROR:ReadTimeout,10083.978176116943
1786832814.4547033,ERROR:ReadTimeout,10013.592958450317
1786832815.2745655,ERROR:ReadTimeout,10004.574537277222
1786832815.5810568,ERROR:ReadTimeout,10031.354188919067
1786832818.7552083,ERROR:ReadTimeout,10014.042139053345
1786832824.4683094,200,5882.993698120117
1786832823.4988341,200,6886.374235153198
1786832823.4994884,200,6908.515453338623
1786832823.5000892,200,7023.126125335693
1786832823.5010316,200,7093.642473220825
1786832825.61242,200,5060.573101043701
1786832823.4998517,200,7173.471450805664
1786832823.497167,200,7329.258918762207
1786832825.2791479,200,5650.553464889526
1786832828.7693214,200,4078.869342803955
1786832830.6733305,200,4192.5952434539795
1786832830.3852148,200,4592.171669006348
1786832830.3513203,200,4717.469692230225
1786832830.523226,200,4582.23295211792
1786832830.673003,200,4455.425024032593
1786832830.5946884,200,4536.063671112061
1786832830.4080186,200,4752.056837081909
1786832830.8264358,200,4358.736276626587
1786832830.9297097,200,4610.168695449829
1786832832.8482034,200,2860.424280166626
1786832834.865946,200,8060.2710247039795
1786832835.7086427,200,7242.696762084961
1786832835.1307616,200,7849.143743515015
1786832835.1851828,200,7797.300815582275
1786832834.9773989,200,8024.940252304077
1786832835.5398884,200,7505.594253540039
1786832835.1284375,200,7920.394659042358
1786832835.160087,200,7908.701419830322
1786832842.9262612,ERROR:ConnectionError,150.00438690185547
1786832842.95136,ERROR:ConnectionError,134.11688804626465
1786832842.979918,ERROR:ConnectionError,110.11433601379395
1786832835.1054678,200,7989.737987518311
1786832835.0688012,200,8028.409242630005
1786832843.048842,ERROR:ConnectionError,51.09000205993652
1786832843.0454981,ERROR:ConnectionError,56.62417411804199
1786832842.9824927,ERROR:ConnectionError,122.31898307800293
1786832843.0023477,ERROR:ConnectionError,102.95796394348145
1786832843.0688,ERROR:ConnectionError,41.28694534301758
1786832843.07628,ERROR:ConnectionError,45.775413513183594
1786832843.0854886,ERROR:ConnectionError,39.34907913208008
1786832843.0900419,ERROR:ConnectionError,36.72361373901367
1786832843.0952148,ERROR:ConnectionError,49.500226974487305
1786832843.0972228,ERROR:ConnectionError,50.39691925048828
1786832843.099939,ERROR:ConnectionError,49.88288879394531
1786832843.1021283,ERROR:ConnectionError,59.44252014160156
1786832843.104854,ERROR:ConnectionError,66.86663627624512
1786832843.105312,ERROR:ConnectionError,70.13988494873047
1786832843.1100943,ERROR:ConnectionError,70.71065902709961
1786832843.1220653,ERROR:ConnectionError,60.64605712890625
1786832843.1267745,ERROR:ConnectionError,57.24072456359863
1786832843.1248443,ERROR:ConnectionError,59.57436561584473
1786832843.144726,ERROR:ConnectionError,43.94650459289551
1786832843.1498303,ERROR:ConnectionError,39.710283279418945
1786832843.1476293,ERROR:ConnectionError,43.29562187194824
1786832843.1615841,ERROR:ConnectionError,34.48486328125
1786832843.171732,ERROR:ConnectionError,24.742841720581055
1786832843.175467,ERROR:ConnectionError,26.883363723754883
1786832843.180816,ERROR:ConnectionError,23.630619049072266
1786832843.1827302,ERROR:ConnectionError,28.807878494262695
1786832843.184022,ERROR:ConnectionError,30.29656410217285
1786832843.1844242,ERROR:ConnectionError,32.79757499694824
1786832843.189547,ERROR:ConnectionError,33.576250076293945
1786832843.1887376,ERROR:ConnectionError,34.83104705810547
1786832843.1960783,ERROR:ConnectionError,29.676437377929688
1786832843.1909306,ERROR:ConnectionError,39.10946846008301
1786832843.1964827,ERROR:ConnectionError,36.574363708496094
1786832843.204454,ERROR:ConnectionError,33.748626708984375
1786832843.2023585,ERROR:ConnectionError,37.715911865234375
1786832843.214326,ERROR:ConnectionError,28.10978889465332
1786832843.2115495,ERROR:ConnectionError,34.0571403503418
1786832843.2172313,ERROR:ConnectionError,29.790639877319336
1786832843.2235734,ERROR:ConnectionError,25.6500244140625
1786832843.2257667,ERROR:ConnectionError,27.98151969909668
1786832843.2300472,ERROR:ConnectionError,26.352643966674805
1786832843.2330651,ERROR:ConnectionError,24.55449104309082
1786832843.2231307,ERROR:ConnectionError,36.437273025512695
1786832843.2382102,ERROR:ConnectionError,25.521516799926758
1786832843.2424471,ERROR:ConnectionError,32.419443130493164
1786832843.2470303,ERROR:ConnectionError,33.797502517700195
1786832843.2400813,ERROR:ConnectionError,44.55375671386719
1786832843.2456183,ERROR:ConnectionError,65.88006019592285
1786832843.250352,ERROR:ConnectionError,63.842058181762695
1786832843.2564073,ERROR:ConnectionError,60.36067008972168
1786832843.2537603,ERROR:ConnectionError,63.38238716125488
1786832843.2576256,ERROR:ConnectionError,62.90483474731445
1786832843.2637415,ERROR:ConnectionError,61.08808517456055
1786832843.2595763,ERROR:ConnectionError,73.42696189880371
1786832843.27488,ERROR:ConnectionError,59.91625785827637
1786832843.2808373,ERROR:ConnectionError,58.17079544067383
1786832843.311512,ERROR:ConnectionError,29.491901397705078
1786832843.284645,ERROR:ConnectionError,60.62793731689453
1786832843.3142047,ERROR:ConnectionError,34.065961837768555
1786832843.3171496,ERROR:ConnectionError,32.99736976623535
1786832843.3205397,ERROR:ConnectionError,33.341169357299805
1786832843.3168087,ERROR:ConnectionError,40.70448875427246
1786832843.3390186,ERROR:ConnectionError,24.91903305053711
1786832843.3248425,ERROR:ConnectionError,41.429996490478516
1786832843.3410368,ERROR:ConnectionError,27.94957160949707
1786832843.3348064,ERROR:ConnectionError,34.990787506103516
1786832843.3330133,ERROR:ConnectionError,37.079572677612305
1786832843.3452866,ERROR:ConnectionError,30.29155731201172
1786832843.3482945,ERROR:ConnectionError,35.5677604675293
1786832843.350156,ERROR:ConnectionError,38.558006286621094
1786832843.35389,ERROR:ConnectionError,42.24085807800293
1786832843.357521,ERROR:ConnectionError,50.52471160888672
1786832843.363946,ERROR:ConnectionError,64.53776359558105
1786832843.3662798,ERROR:ConnectionError,76.38764381408691
1786832843.3700988,ERROR:ConnectionError,92.67854690551758
1786832843.3689933,ERROR:ConnectionError,96.00496292114258
1786832843.3698027,ERROR:ConnectionError,102.25486755371094
1786832843.3838725,ERROR:ConnectionError,93.61886978149414
1786832843.3755918,ERROR:ConnectionError,102.42414474487305
1786832843.408061,ERROR:ConnectionError,95.68572044372559
1786832843.4775043,ERROR:ConnectionError,30.45821189880371
1786832843.428495,ERROR:ConnectionError,79.86569404602051
1786832843.4627883,ERROR:ConnectionError,49.330711364746094
1786832843.4426794,ERROR:ConnectionError,70.39952278137207
1786832843.465006,ERROR:ConnectionError,51.87630653381348
1786832843.3961492,ERROR:ConnectionError,124.24707412719727
1786832843.4720926,ERROR:ConnectionError,48.63882064819336
1786832843.4780252,ERROR:ConnectionError,46.328067779541016
1786832843.388722,ERROR:ConnectionError,144.41227912902832
1786832843.5037563,ERROR:ConnectionError,32.30762481689453
1786832843.5079741,ERROR:ConnectionError,45.29976844787598
1786832843.5083673,ERROR:ConnectionError,50.40717124938965
1786832843.513087,ERROR:ConnectionError,51.13840103149414
1786832843.512128,ERROR:ConnectionError,53.18498611450195
1786832843.5168898,ERROR:ConnectionError,52.576303482055664
1786832843.5243614,ERROR:ConnectionError,45.37367820739746
1786832843.520405,ERROR:ConnectionError,51.75948143005371
1786832843.536072,ERROR:ConnectionError,36.79299354553223
1786832843.5331457,ERROR:ConnectionError,41.94021224975586
1786832843.5207372,ERROR:ConnectionError,57.16419219970703
1786832843.5532837,ERROR:ConnectionError,29.481172561645508
1786832843.5587888,ERROR:ConnectionError,26.369333267211914
1786832843.5642376,ERROR:ConnectionError,23.44799041748047
1786832843.569473,ERROR:ConnectionError,29.57320213317871
1786832843.5721762,ERROR:ConnectionError,32.27734565734863
1786832843.5697398,ERROR:ConnectionError,35.027265548706055
1786832843.5728705,ERROR:ConnectionError,32.588958740234375
1786832843.5653214,ERROR:ConnectionError,44.23928260803223
1786832843.5827754,ERROR:ConnectionError,37.84823417663574
1786832843.5779114,ERROR:ConnectionError,43.05410385131836
1786832843.5876944,ERROR:ConnectionError,40.1148796081543
1786832843.5750923,ERROR:ConnectionError,52.9942512512207
1786832843.5851653,ERROR:ConnectionError,43.15686225891113
1786832843.6044621,ERROR:ConnectionError,50.41074752807617
1786832843.5990553,ERROR:ConnectionError,58.89534950256348
1786832843.6047719,ERROR:ConnectionError,53.551435470581055
1786832843.6280925,ERROR:ConnectionError,34.08956527709961
1786832843.620636,ERROR:ConnectionError,44.180870056152344
1786832843.605486,ERROR:ConnectionError,60.64891815185547
1786832843.620971,ERROR:ConnectionError,45.41754722595215
1786832843.6095674,ERROR:ConnectionError,60.36710739135742
1786832843.627819,ERROR:ConnectionError,46.547651290893555
1786832843.6283264,ERROR:ConnectionError,47.605276107788086
1786832843.6583278,ERROR:ConnectionError,24.812698364257812
1786832843.654892,ERROR:ConnectionError,30.130386352539062
1786832843.6579604,ERROR:ConnectionError,28.0458927154541
1786832843.6621919,ERROR:ConnectionError,24.086952209472656
1786832843.6648254,ERROR:ConnectionError,34.24644470214844
1786832843.6661422,ERROR:ConnectionError,35.43448448181152
1786832843.6743762,ERROR:ConnectionError,34.09552574157715
1786832843.6759405,ERROR:ConnectionError,32.889604568481445
1786832843.6699412,ERROR:ConnectionError,45.706987380981445
1786832843.6663923,ERROR:ConnectionError,172.63484001159668
1786832843.6831505,ERROR:ConnectionError,204.25105094909668
1786832843.7156584,ERROR:ConnectionError,177.1547794342041
1786832843.686687,ERROR:ConnectionError,221.63820266723633
1786832843.6850293,ERROR:ConnectionError,223.93369674682617
1786832843.699081,ERROR:ConnectionError,210.67357063293457
1786832843.7084825,ERROR:ConnectionError,202.52585411071777
1786832843.686014,ERROR:ConnectionError,225.39997100830078
1786832843.701586,ERROR:ConnectionError,210.99066734313965
1786832843.7088358,ERROR:ConnectionError,205.7323455810547
1786832843.8390346,ERROR:ConnectionError,115.50426483154297
1786832843.8928246,ERROR:ConnectionError,80.35826683044434
1786832843.8874102,ERROR:ConnectionError,86.43913269042969
1786832843.9110153,ERROR:ConnectionError,94.70725059509277
1786832843.908338,ERROR:ConnectionError,107.79905319213867
1786832843.914575,ERROR:ConnectionError,115.1266098022461
1786832843.9114184,ERROR:ConnectionError,132.08580017089844
1786832843.9545527,ERROR:ConnectionError,91.76850318908691
1786832843.9125848,ERROR:ConnectionError,134.16028022766113
1786832843.9089696,ERROR:ConnectionError,138.25654983520508
1786832843.9097648,ERROR:ConnectionError,138.4429931640625
1786832843.97386,ERROR:ConnectionError,83.28962326049805
1786832843.973192,ERROR:ConnectionError,85.85453033447266
1786832844.0297143,ERROR:ConnectionError,42.72270202636719
1786832844.005732,ERROR:ConnectionError,69.49543952941895
1786832844.0161495,ERROR:ConnectionError,72.76797294616699
1786832844.0463285,ERROR:ConnectionError,74.77521896362305
1786832844.0467548,ERROR:ConnectionError,77.50630378723145
1786832844.0435205,ERROR:ConnectionError,83.42695236206055
1786832844.047277,ERROR:ConnectionError,80.05833625793457
1786832844.0482137,ERROR:ConnectionError,88.13691139221191
1786832844.0571587,ERROR:ConnectionError,82.16977119445801
1786832844.0590546,ERROR:ConnectionError,86.73286437988281
1786832844.0752358,ERROR:ConnectionError,74.69916343688965
1786832844.121113,ERROR:ConnectionError,30.718326568603516
1786832844.0889287,ERROR:ConnectionError,65.27066230773926
1786832844.0724504,ERROR:ConnectionError,82.04865455627441
1786832844.12734,ERROR:ConnectionError,41.64695739746094
1786832844.1269538,ERROR:ConnectionError,42.64330863952637
1786832844.1242697,ERROR:ConnectionError,46.08297348022461
1786832844.1363628,ERROR:ConnectionError,55.760860443115234
1786832844.1457958,ERROR:ConnectionError,49.039363861083984
1786832844.139338,ERROR:ConnectionError,57.279348373413086
1786832844.1499434,ERROR:ConnectionError,52.98352241516113
1786832844.154506,ERROR:ConnectionError,50.59027671813965
1786832844.151839,ERROR:ConnectionError,53.8332462310791
1786832844.1542065,ERROR:ConnectionError,51.8491268157959
1786832844.1689982,ERROR:ConnectionError,47.87397384643555
1786832844.1921349,ERROR:ConnectionError,48.67696762084961
1786832844.1703582,ERROR:ConnectionError,87.02874183654785
1786832844.1948433,ERROR:ConnectionError,75.5147933959961
1786832844.2051058,ERROR:ConnectionError,69.69428062438965
1786832844.2029371,ERROR:ConnectionError,73.25983047485352
1786832844.1696043,ERROR:ConnectionError,110.90946197509766
1786832844.1966276,ERROR:ConnectionError,84.57422256469727
1786832844.205677,ERROR:ConnectionError,84.5954418182373
1786832844.2573957,ERROR:ConnectionError,33.6606502532959
1786832844.2168825,ERROR:ConnectionError,77.5759220123291
1786832844.206059,ERROR:ConnectionError,90.30961990356445
1786832844.2408228,ERROR:ConnectionError,55.87482452392578
1786832844.2703686,ERROR:ConnectionError,28.268814086914062
1786832844.276205,ERROR:ConnectionError,28.808116912841797
1786832844.2812111,ERROR:ConnectionError,26.41606330871582
1786832844.280521,ERROR:ConnectionError,28.569936752319336
1786832844.274809,ERROR:ConnectionError,37.15348243713379
1786832844.2902813,ERROR:ConnectionError,23.90265464782715
1786832844.2910638,ERROR:ConnectionError,29.55007553100586
1786832844.2944694,ERROR:ConnectionError,36.29875183105469
1786832844.2963772,ERROR:ConnectionError,52.504539489746094
1786832844.3050227,ERROR:ConnectionError,56.05340003967285
1786832844.2967045,ERROR:ConnectionError,71.76780700683594
1786832844.3076365,ERROR:ConnectionError,61.20419502258301
1786832844.2986522,ERROR:ConnectionError,72.41606712341309
1786832844.3090987,ERROR:ConnectionError,70.17111778259277
1786832844.3206236,ERROR:ConnectionError,59.73100662231445
1786832844.3119721,ERROR:ConnectionError,71.21801376342773
1786832844.314193,ERROR:ConnectionError,72.96085357666016
1786832844.3307805,ERROR:ConnectionError,59.98373031616211
1786832844.368484,ERROR:ConnectionError,43.37167739868164
1786832844.3688476,ERROR:ConnectionError,71.04873657226562
1786832844.3610845,ERROR:ConnectionError,83.67776870727539
1786832844.3488915,ERROR:ConnectionError,118.09229850769043
1786832844.379281,ERROR:ConnectionError,95.90411186218262
1786832844.3803625,ERROR:ConnectionError,117.05303192138672
1786832844.3871634,ERROR:ConnectionError,130.38945198059082
1786832844.3710766,ERROR:ConnectionError,147.6306915283203
1786832844.4669943,ERROR:ConnectionError,71.46191596984863
1786832844.411863,ERROR:ConnectionError,127.03371047973633
1786832844.3907728,ERROR:ConnectionError,150.8347988128662
1786832844.444773,ERROR:ConnectionError,97.82600402832031
1786832844.4399045,ERROR:ConnectionError,103.51014137268066
1786832844.383201,ERROR:ConnectionError,161.8025302886963
1786832844.4751968,ERROR:ConnectionError,79.38003540039062
1786832844.4974313,ERROR:ConnectionError,93.34301948547363
1786832844.5175617,ERROR:ConnectionError,74.13935661315918
1786832844.5187275,ERROR:ConnectionError,76.63893699645996
1786832844.5389044,ERROR:ConnectionError,70.37806510925293
1786832844.538468,ERROR:ConnectionError,79.98919486999512
1786832844.5450108,ERROR:ConnectionError,85.27588844299316
1786832844.5434244,ERROR:ConnectionError,91.80474281311035
1786832844.5426047,ERROR:ConnectionError,99.28321838378906
1786832844.5545874,ERROR:ConnectionError,92.03147888183594
1786832844.541624,ERROR:ConnectionError,115.3872013092041
1786832844.5953739,ERROR:ConnectionError,64.10026550292969
1786832844.5907838,ERROR:ConnectionError,75.55270195007324
1786832844.592017,ERROR:ConnectionError,77.90207862854004
1786832844.6092918,ERROR:ConnectionError,63.15898895263672
1786832844.6184697,ERROR:ConnectionError,89.38455581665039
1786832844.635236,ERROR:ConnectionError,74.99146461486816
1786832844.6418974,ERROR:ConnectionError,72.62539863586426
1786832844.6302946,ERROR:ConnectionError,84.53226089477539
1786832844.6466284,ERROR:ConnectionError,96.28772735595703
1786832844.6570215,ERROR:ConnectionError,97.97334671020508
1786832844.659482,ERROR:ConnectionError,108.85882377624512
1786832844.672458,ERROR:ConnectionError,108.7031364440918
1786832844.6663492,ERROR:ConnectionError,117.6753044128418
1786832844.6699295,ERROR:ConnectionError,118.11423301696777
1786832844.7148354,ERROR:ConnectionError,77.55041122436523
1786832844.7078671,ERROR:ConnectionError,88.80257606506348
1786832844.7811725,ERROR:ConnectionError,20.033836364746094
1786832844.7429247,ERROR:ConnectionError,60.494184494018555
1786832844.7145336,ERROR:ConnectionError,93.90616416931152
1786832844.7683516,ERROR:ConnectionError,42.78159141540527
1786832844.7550035,ERROR:ConnectionError,67.02232360839844
1786832844.7102344,ERROR:ConnectionError,117.96116828918457
1786832844.7880514,ERROR:ConnectionError,48.79021644592285
1786832844.784033,ERROR:ConnectionError,53.73382568359375
1786832844.7924004,ERROR:ConnectionError,49.6668815612793
1786832844.7966766,ERROR:ConnectionError,171.80824279785156
1786832844.801215,ERROR:ConnectionError,173.74300956726074
1786832844.8034284,ERROR:ConnectionError,177.31380462646484
1786832844.8084517,ERROR:ConnectionError,191.85972213745117
1786832844.8111427,ERROR:ConnectionError,195.5115795135498
1786832844.8368506,ERROR:ConnectionError,203.0198574066162
1786832844.8282077,ERROR:ConnectionError,222.66864776611328
1786832844.8220332,ERROR:ConnectionError,261.8978023529053
1786832844.8420753,ERROR:ConnectionError,244.0481185913086
1786832844.8377745,ERROR:ConnectionError,314.5928382873535
1786832844.9684978,ERROR:ConnectionError,188.93790245056152
1786832844.9749684,ERROR:ConnectionError,185.15443801879883
1786832845.0003233,ERROR:ConnectionError,183.3515167236328
1786832844.9807541,ERROR:ConnectionError,223.1600284576416
1786832845.0398784,ERROR:ConnectionError,169.10409927368164
1786832845.050891,ERROR:ConnectionError,158.57386589050293
1786832845.0066648,ERROR:ConnectionError,203.60875129699707
1786832845.0839415,ERROR:ConnectionError,131.5462589263916
1786832845.0861304,ERROR:ConnectionError,138.4449005126953
1786832845.160132,ERROR:ConnectionError,69.42009925842285
1786832845.1574502,ERROR:ConnectionError,80.65199851989746
1786832845.183684,ERROR:ConnectionError,56.52451515197754
1786832845.1523788,ERROR:ConnectionError,91.80045127868652
1786832845.203924,ERROR:ConnectionError,41.54610633850098
1786832845.2089913,ERROR:ConnectionError,54.001569747924805
1786832845.2154992,ERROR:ConnectionError,59.6165657043457
1786832845.238123,ERROR:ConnectionError,38.97595405578613
1786832845.2295673,ERROR:ConnectionError,48.67887496948242
1786832845.209469,ERROR:ConnectionError,70.54400444030762
1786832845.240217,ERROR:ConnectionError,48.02894592285156
1786832845.2441902,ERROR:ConnectionError,48.57802391052246
1786832845.2245872,ERROR:ConnectionError,74.07450675964355
1786832845.2630014,ERROR:ConnectionError,36.11183166503906
1786832845.2102802,ERROR:ConnectionError,90.71826934814453
1786832845.2771044,ERROR:ConnectionError,27.464628219604492
1786832845.2454786,ERROR:ConnectionError,61.27190589904785
1786832845.275125,ERROR:ConnectionError,40.47679901123047
1786832845.2782545,ERROR:ConnectionError,46.06890678405762
1786832845.2800195,ERROR:ConnectionError,53.02786827087402
1786832845.299121,ERROR:ConnectionError,52.4439811706543
1786832845.2882593,ERROR:ConnectionError,68.3741569519043
1786832845.3243322,ERROR:ConnectionError,50.08220672607422
1786832845.2927809,ERROR:ConnectionError,97.6419448852539
1786832845.3156147,ERROR:ConnectionError,76.58624649047852
1786832845.3045774,ERROR:ConnectionError,92.46945381164551
1786832845.3010073,ERROR:ConnectionError,101.35030746459961
1786832845.2986724,ERROR:ConnectionError,111.30976676940918
1786832845.3067613,ERROR:ConnectionError,122.85614013671875
1786832845.3330579,ERROR:ConnectionError,96.97866439819336
1786832845.3515773,ERROR:ConnectionError,134.13429260253906
1786832845.3566444,ERROR:ConnectionError,135.90240478515625
1786832845.3744252,ERROR:ConnectionError,120.89276313781738
1786832845.390432,ERROR:ConnectionError,110.26859283447266
1786832845.392207,ERROR:ConnectionError,126.96695327758789
1786832845.3970566,ERROR:ConnectionError,155.87210655212402
1786832845.4296281,ERROR:ConnectionError,145.8292007446289
1786832845.4300432,ERROR:ConnectionError,150.77710151672363
1786832845.4857292,ERROR:ConnectionError,100.91757774353027
1786832845.40999,ERROR:ConnectionError,178.69138717651367
1786832845.4023678,ERROR:ConnectionError,186.5689754486084
1786832845.5529404,ERROR:ConnectionError,78.49001884460449
1786832845.4925597,ERROR:ConnectionError,196.51103019714355
1786832845.5191863,ERROR:ConnectionError,175.3249168395996
1786832845.5007102,ERROR:ConnectionError,194.0751075744629
1786832845.4953263,ERROR:ConnectionError,199.68724250793457
1786832845.63144,ERROR:ConnectionError,80.32369613647461
1786832845.5808313,ERROR:ConnectionError,137.15314865112305
1786832845.5754662,ERROR:ConnectionError,162.4164581298828
1786832845.588941,ERROR:ConnectionError,151.41034126281738
1786832845.689082,ERROR:ConnectionError,53.67136001586914
1786832845.6947892,ERROR:ConnectionError,52.179813385009766
1786832845.5886884,ERROR:ConnectionError,160.2785587310791
1786832845.695018,ERROR:ConnectionError,57.735443115234375
1786832845.586656,ERROR:ConnectionError,169.4953441619873
1786832845.6945198,ERROR:ConnectionError,65.97638130187988
1786832845.7427614,ERROR:ConnectionError,20.314693450927734
1786832845.7378943,ERROR:ConnectionError,25.65312385559082
1786832845.7179916,ERROR:ConnectionError,50.58431625366211
1786832845.711774,ERROR:ConnectionError,61.26737594604492
1786832845.7403607,ERROR:ConnectionError,36.35549545288086
1786832845.7469776,ERROR:ConnectionError,40.02094268798828
1786832845.7489753,ERROR:ConnectionError,58.368682861328125
1786832845.7635548,ERROR:ConnectionError,52.14881896972656
1786832845.7561598,ERROR:ConnectionError,59.85403060913086
1786832845.7527628,ERROR:ConnectionError,65.05799293518066
1786832845.7605033,ERROR:ConnectionError,59.096336364746094
1786832845.7870073,ERROR:ConnectionError,53.881168365478516
1786832845.7630856,ERROR:ConnectionError,78.18245887756348
1786832845.8073568,ERROR:ConnectionError,37.532806396484375
1786832845.768585,ERROR:ConnectionError,99.37334060668945
1786832845.7741416,ERROR:ConnectionError,101.97329521179199
1786832845.7767239,ERROR:ConnectionError,99.72524642944336
1786832845.8196063,ERROR:ConnectionError,71.5479850769043
1786832845.8178294,ERROR:ConnectionError,73.75264167785645
1786832845.8157148,ERROR:ConnectionError,78.79066467285156
1786832845.8160186,ERROR:ConnectionError,83.95791053771973
1786832845.8412728,ERROR:ConnectionError,59.78679656982422
1786832845.8409014,ERROR:ConnectionError,62.98232078552246
1786832845.844896,ERROR:ConnectionError,60.71949005126953
1786832845.8915894,ERROR:ConnectionError,17.078161239624023
1786832845.876127,ERROR:ConnectionError,33.098459243774414
1786832845.8764558,ERROR:ConnectionError,38.35344314575195
1786832845.8999848,ERROR:ConnectionError,22.490262985229492
1786832845.9010675,ERROR:ConnectionError,27.257442474365234
1786832845.867968,ERROR:ConnectionError,68.57419013977051
1786832845.9038906,ERROR:ConnectionError,34.768104553222656
1786832845.8945115,ERROR:ConnectionError,46.31686210632324
1786832845.8911655,ERROR:ConnectionError,63.75908851623535
1786832845.9092326,ERROR:ConnectionError,54.14009094238281
1786832845.9283342,ERROR:ConnectionError,44.77429389953613
1786832845.908677,ERROR:ConnectionError,69.60916519165039
1786832845.936551,ERROR:ConnectionError,42.05751419067383
1786832845.9056249,ERROR:ConnectionError,104.87580299377441
1786832845.9408338,ERROR:ConnectionError,77.83937454223633
1786832845.9224854,ERROR:ConnectionError,97.02539443969727
1786832845.9386656,ERROR:ConnectionError,101.71365737915039
1786832845.9549353,ERROR:ConnectionError,136.46984100341797
1786832845.9633815,ERROR:ConnectionError,128.51905822753906
1786832845.9148216,ERROR:ConnectionError,178.68924140930176
1786832845.978297,ERROR:ConnectionError,132.6296329498291
1786832845.9786148,ERROR:ConnectionError,145.47085762023926
1786832846.0105097,ERROR:ConnectionError,116.11795425415039
1786832845.9731195,ERROR:ConnectionError,168.1828498840332
1786832846.0403917,ERROR:ConnectionError,103.4090518951416
1786832846.093518,ERROR:ConnectionError,50.62603950500488
1786832846.091907,ERROR:ConnectionError,53.61628532409668
1786832846.0186818,ERROR:ConnectionError,129.8210620880127
1786832846.0195174,ERROR:ConnectionError,148.35286140441895
1786832846.0914168,ERROR:ConnectionError,78.91440391540527
1786832846.1109369,ERROR:ConnectionError,77.19540596008301
1786832846.1240973,ERROR:ConnectionError,66.57791137695312
1786832846.1413116,ERROR:ConnectionError,53.77626419067383
1786832846.1266353,ERROR:ConnectionError,76.16758346557617
1786832846.1438112,ERROR:ConnectionError,92.67163276672363
1786832846.144152,ERROR:ConnectionError,103.32369804382324
1786832846.1455307,ERROR:ConnectionError,111.20295524597168
1786832846.1881502,ERROR:ConnectionError,69.1986083984375
1786832846.1485157,ERROR:ConnectionError,109.12847518920898
1786832846.1678848,ERROR:ConnectionError,95.05629539489746
1786832846.1703393,ERROR:ConnectionError,99.11704063415527
1786832846.190684,ERROR:ConnectionError,89.23983573913574
1786832846.2028136,ERROR:ConnectionError,79.92029190063477
1786832846.2364924,ERROR:ConnectionError,51.14483833312988
1786832846.195096,ERROR:ConnectionError,97.51248359680176
1786832846.247484,ERROR:ConnectionError,58.20822715759277
1786832846.2573555,ERROR:ConnectionError,49.952030181884766
1786832846.2576492,ERROR:ConnectionError,52.7341365814209
1786832846.2567465,ERROR:ConnectionError,61.66505813598633
1786832846.2694793,ERROR:ConnectionError,57.73305892944336
1786832846.2629488,ERROR:ConnectionError,72.42965698242188
1786832846.2799401,ERROR:ConnectionError,62.53170967102051
1786832846.2827408,ERROR:ConnectionError,62.94870376586914
1786832846.2876477,ERROR:ConnectionError,74.1114616394043
1786832846.2926166,ERROR:ConnectionError,73.7009048461914
1786832846.307315,ERROR:ConnectionError,74.13554191589355
1786832846.3057032,ERROR:ConnectionError,76.16376876831055
1786832846.3818722,ERROR:ConnectionError,57.14130401611328
1786832846.3103907,ERROR:ConnectionError,128.82280349731445
1786832846.3272223,ERROR:ConnectionError,115.13996124267578
1786832846.3353863,ERROR:ConnectionError,107.73229598999023
1786832846.3663244,ERROR:ConnectionError,108.06822776794434
1786832846.3424833,ERROR:ConnectionError,153.89466285705566
1786832846.3184204,ERROR:ConnectionError,180.0820827484131
1786832846.381461,ERROR:ConnectionError,117.75803565979004
1786832846.4392166,ERROR:ConnectionError,71.51412963867188
1786832846.3617702,ERROR:ConnectionError,157.18436241149902
1786832846.4423718,ERROR:ConnectionError,76.95627212524414
1786832846.439021,ERROR:ConnectionError,88.35911750793457
1786832846.4963932,ERROR:ConnectionError,46.08416557312012
1786832846.5189633,ERROR:ConnectionError,24.401187896728516
1786832846.4992251,ERROR:ConnectionError,49.34835433959961
1786832846.5107355,ERROR:ConnectionError,38.71440887451172
1786832846.4743986,ERROR:ConnectionError,75.35028457641602
1786832846.443123,ERROR:ConnectionError,108.20603370666504
1786832846.4985118,ERROR:ConnectionError,60.04905700683594
1786832846.3457024,ERROR:ConnectionError,224.40838813781738
1786832846.5424864,ERROR:ConnectionError,39.91413116455078
1786832846.527392,ERROR:ConnectionError,56.246280670166016
1786832846.5193336,ERROR:ConnectionError,67.36946105957031
1786832846.5497558,ERROR:ConnectionError,95.02005577087402
1786832846.5494564,ERROR:ConnectionError,98.32644462585449
1786832846.5485823,ERROR:ConnectionError,99.59602355957031
1786832846.5701184,ERROR:ConnectionError,79.88739013671875
1786832846.551334,ERROR:ConnectionError,107.38444328308105
1786832846.5585716,ERROR:ConnectionError,101.93753242492676
1786832846.5433688,ERROR:ConnectionError,118.41583251953125
1786832846.5824122,ERROR:ConnectionError,101.54247283935547
1786832846.5836477,ERROR:ConnectionError,102.56314277648926
1786832846.6447842,ERROR:ConnectionError,43.21575164794922
1786832846.6500156,ERROR:ConnectionError,40.25697708129883
1786832846.5867107,ERROR:ConnectionError,106.69803619384766
1786832846.6481826,ERROR:ConnectionError,47.38354682922363
1786832846.660516,ERROR:ConnectionError,35.55011749267578
1786832846.6617877,ERROR:ConnectionError,37.116050720214844
1786832846.6587298,ERROR:ConnectionError,43.28656196594238
1786832846.683967,ERROR:ConnectionError,18.44620704650879
1786832846.6880097,ERROR:ConnectionError,15.345573425292969
1786832846.686217,ERROR:ConnectionError,18.532991409301758
1786832846.6955736,ERROR:ConnectionError,17.08078384399414
1786832846.6902802,ERROR:ConnectionError,23.829221725463867
1786832846.6934214,ERROR:ConnectionError,21.708965301513672
1786832846.698914,ERROR:ConnectionError,22.253751754760742
1786832846.6960714,ERROR:ConnectionError,30.12561798095703
1786832846.7024198,ERROR:ConnectionError,24.790287017822266
1786832846.704758,ERROR:ConnectionError,24.648189544677734
1786832846.702027,ERROR:ConnectionError,53.41339111328125
1786832846.703361,ERROR:ConnectionError,54.21710014343262
1786832846.7151372,ERROR:ConnectionError,47.39999771118164
1786832846.7126637,ERROR:ConnectionError,50.070762634277344
1786832846.7211797,ERROR:ConnectionError,47.46818542480469
1786832846.7262063,ERROR:ConnectionError,43.73812675476074
1786832846.727215,ERROR:ConnectionError,43.798208236694336
1786832846.7141173,ERROR:ConnectionError,78.72390747070312
1786832846.6478112,ERROR:ConnectionError,159.17015075683594
1786832846.7613325,ERROR:ConnectionError,48.31290245056152
1786832846.7625437,ERROR:ConnectionError,53.562164306640625
1786832846.7928479,ERROR:ConnectionError,26.160717010498047
1786832846.762738,ERROR:ConnectionError,57.17182159423828
1786832846.7699518,ERROR:ConnectionError,52.47974395751953
1786832846.7686584,ERROR:ConnectionError,57.679176330566406
1786832846.7294116,ERROR:ConnectionError,101.71270370483398
1786832846.8096561,ERROR:ConnectionError,24.296998977661133
1786832846.7554488,ERROR:ConnectionError,79.40244674682617
1786832846.8069935,ERROR:ConnectionError,30.791759490966797
1786832846.8161166,ERROR:ConnectionError,23.814678192138672
1786832846.819017,ERROR:ConnectionError,21.332979202270508
1786832846.7710202,ERROR:ConnectionError,75.29807090759277
1786832846.8224382,ERROR:ConnectionError,30.54666519165039
1786832846.8263474,ERROR:ConnectionError,28.37681770324707
1786832846.8311393,ERROR:ConnectionError,24.60336685180664
1786832846.833962,ERROR:ConnectionError,24.352550506591797
1786832846.8348582,ERROR:ConnectionError,28.069257736206055
1786832846.8403559,ERROR:ConnectionError,27.111053466796875
1786832846.8399396,ERROR:ConnectionError,28.85580062866211
1786832846.846326,ERROR:ConnectionError,35.61568260192871
1786832846.85575,ERROR:ConnectionError,28.61785888671875
1786832846.8547359,ERROR:ConnectionError,29.901742935180664
1786832846.8583193,ERROR:ConnectionError,31.353473663330078
1786832846.8199189,ERROR:ConnectionError,78.71198654174805
1786832846.8674762,ERROR:ConnectionError,33.627986907958984
1786832846.8688014,ERROR:ConnectionError,32.87816047668457
1786832846.8819506,ERROR:ConnectionError,25.1312255859375
1786832846.8846428,ERROR:ConnectionError,26.937484741210938
1786832846.8377938,ERROR:ConnectionError,75.29282569885254
1786832846.862935,ERROR:ConnectionError,50.56405067443848
1786832846.8843763,ERROR:ConnectionError,35.51030158996582
1786832846.852995,ERROR:ConnectionError,80.61885833740234
1786832846.8896825,ERROR:ConnectionError,44.57259178161621
1786832846.8986397,ERROR:ConnectionError,43.257951736450195
1786832846.907088,ERROR:ConnectionError,46.003103256225586
1786832846.9016826,ERROR:ConnectionError,52.037954330444336
1786832846.9115887,ERROR:ConnectionError,43.66636276245117
1786832846.9130955,ERROR:ConnectionError,44.94214057922363
1786832846.919896,ERROR:ConnectionError,44.24309730529785
1786832846.9135036,ERROR:ConnectionError,63.41195106506348
1786832846.9419053,ERROR:ConnectionError,49.652814865112305
1786832846.9530978,ERROR:ConnectionError,41.11027717590332
1786832846.976925,ERROR:ConnectionError,25.768518447875977
1786832846.9641504,ERROR:ConnectionError,38.950443267822266
1786832846.953724,ERROR:ConnectionError,49.59893226623535
1786832846.958044,ERROR:ConnectionError,46.37742042541504
1786832846.934259,ERROR:ConnectionError,70.46961784362793
1786832846.9552617,ERROR:ConnectionError,53.437232971191406
1786832846.93362,ERROR:ConnectionError,80.08360862731934
1786832846.901113,ERROR:ConnectionError,146.93784713745117
1786832846.9942124,ERROR:ConnectionError,63.889265060424805
1786832846.9915683,ERROR:ConnectionError,81.25185966491699
1786832847.0031073,ERROR:ConnectionError,88.19937705993652
1786832847.0033271,ERROR:ConnectionError,94.56849098205566
1786832847.0027037,ERROR:ConnectionError,98.94514083862305
1786832847.0044239,ERROR:ConnectionError,145.2007293701172
1786832847.0087063,ERROR:ConnectionError,153.27024459838867
1786832847.0480561,ERROR:ConnectionError,139.11032676696777
1786832847.0913117,ERROR:ConnectionError,101.2716293334961
1786832847.1016567,ERROR:ConnectionError,94.53725814819336
1786832847.058111,ERROR:ConnectionError,158.54954719543457
1786832847.0728295,ERROR:ConnectionError,146.20184898376465
1786832847.0979052,ERROR:ConnectionError,125.48065185546875
1786832847.0047324,ERROR:ConnectionError,220.31593322753906
1786832847.013714,ERROR:ConnectionError,227.95367240905762
1786832847.1496387,ERROR:ConnectionError,125.68426132202148
1786832847.1925914,ERROR:ConnectionError,90.22641181945801
1786832847.2166715,ERROR:ConnectionError,84.02323722839355
1786832847.2233956,ERROR:ConnectionError,98.71530532836914
1786832847.2250535,ERROR:ConnectionError,102.24127769470215
1786832847.1871738,ERROR:ConnectionError,143.0959701538086
1786832847.2416818,ERROR:ConnectionError,94.4206714630127
1786832847.282833,ERROR:ConnectionError,54.53753471374512
1786832847.3007064,ERROR:ConnectionError,38.33484649658203
1786832847.275331,ERROR:ConnectionError,64.90755081176758
1786832847.2190423,ERROR:ConnectionError,123.28577041625977
1786832847.1961977,ERROR:ConnectionError,149.34706687927246
1786832847.1619847,ERROR:ConnectionError,198.31037521362305
1786832847.3221169,ERROR:ConnectionError,54.11386489868164
1786832847.327302,ERROR:ConnectionError,49.65925216674805
1786832847.3603048,ERROR:ConnectionError,67.65270233154297
1786832847.3302777,ERROR:ConnectionError,107.15270042419434
1786832847.3423355,ERROR:ConnectionError,107.56587982177734
1786832847.3402455,ERROR:ConnectionError,111.99069023132324
1786832847.3762395,ERROR:ConnectionError,96.65369987487793
1786832847.3373766,ERROR:ConnectionError,388.19098472595215
1786832847.3361144,ERROR:ConnectionError,400.9695053100586
1786832847.4374366,ERROR:ConnectionError,300.123929977417
1786832847.3455524,ERROR:ConnectionError,392.99583435058594
1786832847.427966,ERROR:ConnectionError,310.79745292663574
1786832847.339047,ERROR:ConnectionError,432.00230598449707
1786832847.4499087,ERROR:ConnectionError,321.3369846343994
1786832847.4522426,ERROR:ConnectionError,336.22002601623535
1786832847.472908,ERROR:ConnectionError,320.04714012145996
1786832847.3769643,ERROR:ConnectionError,422.3592281341553
1786832847.7255778,ERROR:ConnectionError,74.33557510375977
1786832847.7375689,ERROR:ConnectionError,64.86678123474121
1786832847.7385535,ERROR:ConnectionError,83.68444442749023
1786832847.7710564,ERROR:ConnectionError,72.99065589904785
1786832847.7370954,ERROR:ConnectionError,107.99145698547363
1786832847.7387667,ERROR:ConnectionError,136.7928981781006
1786832847.7884676,ERROR:ConnectionError,114.07208442687988
1786832847.7712488,ERROR:ConnectionError,133.64291191101074
1786832847.7993386,ERROR:ConnectionError,113.42167854309082
1786832847.7929628,ERROR:ConnectionError,124.39775466918945
1786832847.8024435,ERROR:ConnectionError,118.08514595031738
1786832847.79992,ERROR:ConnectionError,121.0472583770752
1786832847.822248,ERROR:ConnectionError,1010.3185176849365
1786832847.8440545,ERROR:ConnectionError,1003.3278465270996
1786832847.9025583,ERROR:ConnectionError,948.2681751251221
1786832847.8450925,ERROR:ConnectionError,1005.927324295044
1786832847.8755708,ERROR:ConnectionError,980.4110527038574
1786832847.9173698,ERROR:ConnectionError,938.8573169708252
1786832847.9205365,ERROR:ConnectionError,944.0248012542725
1786832847.9048994,ERROR:ConnectionError,962.0206356048584
1786832847.9209719,ERROR:ConnectionError,946.2029933929443
1786832847.912767,ERROR:ConnectionError,954.5950889587402
1786832848.855988,ERROR:ConnectionError,207.70645141601562
1786832848.8510225,ERROR:ConnectionError,220.5038070678711
1786832848.8325775,ERROR:ConnectionError,241.1479949951172
1786832848.8645666,ERROR:ConnectionError,214.9951457977295
1786832848.8508334,ERROR:ConnectionError,229.40611839294434
1786832848.8473902,ERROR:ConnectionError,242.18130111694336
1786832848.856231,ERROR:ConnectionError,234.85422134399414
1786832848.8673654,ERROR:ConnectionError,280.3385257720947
1786832848.8669307,ERROR:ConnectionError,282.17482566833496
1786832849.0802426,ERROR:ConnectionError,112.11514472961426
1786832849.0636995,ERROR:ConnectionError,135.50519943237305
1786832848.8671806,ERROR:ConnectionError,338.81473541259766
1786832849.0715363,ERROR:ConnectionError,143.1114673614502
1786832849.0895813,ERROR:ConnectionError,143.6312198638916
1786832849.0737329,ERROR:ConnectionError,168.9474582672119
1786832849.0795696,ERROR:ConnectionError,221.64082527160645
1786832849.091089,ERROR:ConnectionError,210.58416366577148
1786832849.1491098,ERROR:ConnectionError,390.3491497039795
1786832849.147714,ERROR:ConnectionError,396.72231674194336
1786832849.1923666,ERROR:ConnectionError,370.48935890197754
1786832849.2332227,ERROR:ConnectionError,344.6383476257324
1786832849.1992097,ERROR:ConnectionError,380.95784187316895
1786832849.2426875,ERROR:ConnectionError,371.4895248413086
1786832849.5394683,ERROR:ConnectionError,75.7441520690918
1786832849.30168,ERROR:ConnectionError,315.9353733062744
1786832849.214654,ERROR:ConnectionError,406.1715602874756
1786832849.2060022,ERROR:ConnectionError,418.35999488830566
1786832849.5444508,ERROR:ConnectionError,83.73475074768066
1786832849.5778704,ERROR:ConnectionError,53.68757247924805
1786832849.5801785,ERROR:ConnectionError,63.649892807006836
1786832849.562868,ERROR:ConnectionError,86.60125732421875
1786832849.3012292,ERROR:ConnectionError,362.52689361572266
1786832849.6141877,ERROR:ConnectionError,56.14733695983887
1786832849.6152189,ERROR:ConnectionError,60.30869483947754
1786832849.6176262,ERROR:ConnectionError,60.66608428955078
1786832849.6208346,ERROR:ConnectionError,87.1877670288086
1786832849.6243737,ERROR:ConnectionError,83.98795127868652
1786832849.6281931,ERROR:ConnectionError,83.88090133666992
1786832849.6315684,ERROR:ConnectionError,86.42935752868652
1786832849.643836,ERROR:ConnectionError,84.20729637145996
1786832849.649479,ERROR:ConnectionError,99.38883781433105
1786832849.6703444,ERROR:ConnectionError,82.51667022705078
1786832849.6637647,ERROR:ConnectionError,96.2381362915039
1786832849.678303,ERROR:ConnectionError,82.7779769897461
1786832849.7083662,ERROR:ConnectionError,60.62912940979004
1786832849.6755385,ERROR:ConnectionError,96.66085243225098
1786832849.7080343,ERROR:ConnectionError,1614.5148277282715
1786832849.712083,ERROR:ConnectionError,1618.614673614502
1786832849.7180128,ERROR:ConnectionError,1625.429391860962
1786832849.7280529,ERROR:ConnectionError,1616.6763305664062
1786832849.7488785,ERROR:ConnectionError,1669.8877811431885
1786832849.7600138,ERROR:ConnectionError,1661.158800125122
1786832849.7528694,ERROR:ConnectionError,1679.6352863311768
1786832849.7610888,ERROR:ConnectionError,1675.0102043151855
1786832849.7690039,ERROR:ConnectionError,1809.5378875732422
1786832851.3225641,ERROR:ConnectionError,267.3656940460205
1786832851.3434536,ERROR:ConnectionError,259.429931640625
1786832851.3307095,ERROR:ConnectionError,276.3781547546387
1786832851.4187765,ERROR:ConnectionError,196.15912437438965
1786832849.7722142,ERROR:ConnectionError,1853.395700454712
1786832851.3447366,ERROR:ConnectionError,282.3367118835449
1786832851.4325163,ERROR:ConnectionError,768.937349319458
1786832851.4211848,ERROR:ConnectionError,784.6887111663818
1786832851.4361088,ERROR:ConnectionError,788.0151271820068
1786832851.5785515,ERROR:ConnectionError,732.3019504547119
1786832851.5899396,ERROR:ConnectionError,727.0660400390625
1786832851.6256287,ERROR:ConnectionError,695.5070495605469
1786832851.6028945,ERROR:ConnectionError,720.7939624786377
1786832851.6070952,ERROR:ConnectionError,717.6711559295654
1786832851.614943,ERROR:ConnectionError,710.8955383300781
1786832851.627081,ERROR:ConnectionError,702.2683620452881
1786832852.2014604,ERROR:ConnectionError,153.3207893371582
1786832852.2058814,ERROR:ConnectionError,352.0328998565674
1786832852.224144,ERROR:ConnectionError,355.1793098449707
1786832852.323694,ERROR:ConnectionError,262.0835304260254
1786832852.321142,ERROR:ConnectionError,277.5261402130127
1786832852.3108618,ERROR:ConnectionError,296.72837257385254
1786832852.324771,ERROR:ConnectionError,283.07318687438965
1786832852.3293557,ERROR:ConnectionError,279.41346168518066
1786832852.3258429,ERROR:ConnectionError,287.27030754089355
1786832852.5857832,ERROR:ConnectionError,30.465364456176758
1786832852.3170104,ERROR:ConnectionError,304.7795295715332
1786832852.3547866,ERROR:ConnectionError,281.83603286743164
1786832852.5793288,ERROR:ConnectionError,62.247276306152344
1786832852.5579195,ERROR:ConnectionError,85.33763885498047
1786832852.6075993,ERROR:ConnectionError,36.50212287902832
1786832852.6131215,ERROR:ConnectionError,31.13269805908203
1786832852.6078477,ERROR:ConnectionError,43.14541816711426
1786832852.6162536,ERROR:ConnectionError,40.27581214904785
1786832852.5986745,ERROR:ConnectionError,61.34176254272461
1786832852.6366282,ERROR:ConnectionError,34.55853462219238
1786832852.6217952,ERROR:ConnectionError,52.52861976623535
1786832852.6087732,ERROR:ConnectionError,66.5445327758789
1786832852.6442578,ERROR:ConnectionError,31.927824020385742
1786832852.643264,ERROR:ConnectionError,42.62900352478027
1786832852.6441052,ERROR:ConnectionError,44.1441535949707
1786832852.6600254,ERROR:ConnectionError,43.68305206298828
1786832852.641584,ERROR:ConnectionError,67.13342666625977
1786832852.650998,ERROR:ConnectionError,59.22389030456543
1786832852.675324,ERROR:ConnectionError,40.038347244262695
1786832852.6859019,ERROR:ConnectionError,29.662370681762695
1786832852.6565373,ERROR:ConnectionError,59.940338134765625
1786832852.674333,ERROR:ConnectionError,44.068098068237305
1786832852.6761894,ERROR:ConnectionError,56.01954460144043
1786832852.6711965,ERROR:ConnectionError,68.55607032775879
1786832852.6882577,ERROR:ConnectionError,56.29992485046387
1786832852.7037132,ERROR:ConnectionError,44.11602020263672
1786832852.7102277,ERROR:ConnectionError,58.202505111694336
1786832852.7155693,ERROR:ConnectionError,73.09865951538086
1786832852.7164807,ERROR:ConnectionError,82.01456069946289
1786832852.7087536,ERROR:ConnectionError,93.73235702514648
1786832852.7153673,ERROR:ConnectionError,88.46545219421387
1786832852.7397625,ERROR:ConnectionError,92.92888641357422
1786832852.7684364,ERROR:ConnectionError,79.24532890319824
1786832852.7322166,ERROR:ConnectionError,115.76318740844727
1786832852.7184045,ERROR:ConnectionError,132.67183303833008
1786832852.7478375,ERROR:ConnectionError,104.02441024780273
1786832852.8024914,ERROR:ConnectionError,53.53069305419922
1786832852.798501,ERROR:ConnectionError,62.035322189331055
1786832852.8038387,ERROR:ConnectionError,60.775041580200195
1786832852.788679,ERROR:ConnectionError,76.34949684143066
1786832852.8327,ERROR:ConnectionError,37.41955757141113
1786832852.7445679,ERROR:ConnectionError,135.24651527404785
1786832852.8479848,ERROR:ConnectionError,69.57340240478516
1786832852.851083,ERROR:ConnectionError,119.16804313659668
1786832852.8560338,ERROR:ConnectionError,156.77666664123535
1786832852.8476949,ERROR:ConnectionError,181.2896728515625
1786832852.860542,ERROR:ConnectionError,182.4653148651123
1786832852.8646257,ERROR:ConnectionError,194.197416305542
1786832852.8798246,ERROR:ConnectionError,185.61673164367676
1786832852.851865,ERROR:ConnectionError,222.337007522583
1786832852.8701246,ERROR:ConnectionError,218.4903621673584
1786832852.8650355,ERROR:ConnectionError,244.08864974975586
1786832852.9702575,ERROR:ConnectionError,148.32735061645508
1786832853.0430162,ERROR:ConnectionError,75.85287094116211
1786832853.0289974,ERROR:ConnectionError,90.06905555725098
1786832853.0128217,ERROR:ConnectionError,107.22661018371582
1786832853.065447,ERROR:ConnectionError,61.49768829345703
1786832853.0886245,ERROR:ConnectionError,61.19513511657715
1786832852.9175699,ERROR:ConnectionError,241.51134490966797
1786832853.0588322,ERROR:ConnectionError,103.3012866973877
1786832853.0742114,ERROR:ConnectionError,88.22131156921387
1786832853.1185918,ERROR:ConnectionError,48.483848571777344
1786832853.1190705,ERROR:ConnectionError,53.366661071777344
1786832853.1498318,ERROR:ConnectionError,26.4434814453125
1786832853.1091328,ERROR:ConnectionError,70.39642333984375
1786832853.1269524,ERROR:ConnectionError,54.41093444824219
1786832853.159096,ERROR:ConnectionError,23.07868003845215
1786832853.1621413,ERROR:ConnectionError,27.256488800048828
1786832853.1200511,ERROR:ConnectionError,72.95799255371094
1786832853.1670852,ERROR:ConnectionError,35.55011749267578
1786832853.1188736,ERROR:ConnectionError,84.03778076171875
1786832853.162437,ERROR:ConnectionError,49.22008514404297
1786832853.1762903,ERROR:ConnectionError,35.70103645324707
1786832853.1930237,ERROR:ConnectionError,32.13644027709961
1786832853.1795402,ERROR:ConnectionError,49.24631118774414
1786832853.1813698,ERROR:ConnectionError,47.65057563781738
1786832853.1894062,ERROR:ConnectionError,43.31779479980469
1786832853.2029154,ERROR:ConnectionError,34.34014320373535
1786832853.1724453,ERROR:ConnectionError,65.42778015136719
1786832853.1821792,ERROR:ConnectionError,60.19854545593262
1786832853.2026439,ERROR:ConnectionError,41.780948638916016
1786832853.2120154,ERROR:ConnectionError,37.37187385559082
1786832853.2116683,ERROR:ConnectionError,42.05513000488281
1786832853.225171,ERROR:ConnectionError,29.555320739746094
1786832853.2287974,ERROR:ConnectionError,30.497312545776367
1786832853.2290242,ERROR:ConnectionError,35.881996154785156
1786832853.237877,ERROR:ConnectionError,31.594276428222656
1786832853.237262,ERROR:ConnectionError,32.84454345703125
1786832853.2537296,ERROR:ConnectionError,23.425817489624023
1786832853.242388,ERROR:ConnectionError,35.9807014465332
1786832853.2547297,ERROR:ConnectionError,25.13599395751953
1786832853.232732,ERROR:ConnectionError,59.35406684875488
1786832853.2444303,ERROR:ConnectionError,47.93572425842285
1786832853.2493987,ERROR:ConnectionError,52.04892158508301
1786832853.2593024,ERROR:ConnectionError,166.5933132171631
1786832853.2694786,ERROR:ConnectionError,158.5073471069336
1786832853.2649164,ERROR:ConnectionError,165.3749942779541
1786832853.277167,ERROR:ConnectionError,154.00362014770508
1786832853.2920945,ERROR:ConnectionError,141.4632797241211
1786832853.2783763,ERROR:ConnectionError,155.3659439086914
1786832853.2701092,ERROR:ConnectionError,166.80097579956055
1786832853.3014534,ERROR:ConnectionError,139.62149620056152
1786832853.2798731,ERROR:ConnectionError,161.96799278259277
1786832853.29237,ERROR:ConnectionError,169.9681282043457
1786832853.4259026,ERROR:ConnectionError,38.6807918548584
1786832853.4279933,ERROR:ConnectionError,56.162118911743164
1786832853.4302993,ERROR:ConnectionError,62.461137771606445
1786832853.4337454,ERROR:ConnectionError,61.81168556213379
1786832853.4335623,ERROR:ConnectionError,70.99485397338867
1786832853.4311826,ERROR:ConnectionError,85.37626266479492
1786832853.4369175,ERROR:ConnectionError,81.02989196777344
1786832853.4623475,ERROR:ConnectionError,80.5046558380127
1786832853.5165687,ERROR:ConnectionError,28.486967086791992
1786832853.492771,ERROR:ConnectionError,54.560184478759766
1786832853.4955661,ERROR:ConnectionError,56.91790580749512
1786832853.4410815,ERROR:ConnectionError,130.57756423950195
1786832853.4645913,ERROR:ConnectionError,108.51311683654785
1786832853.4418464,ERROR:ConnectionError,135.4835033416748
1786832853.5179515,ERROR:ConnectionError,66.1473274230957
1786832853.504562,ERROR:ConnectionError,84.98096466064453
1786832853.4841614,ERROR:ConnectionError,110.75901985168457
1786832853.5773401,ERROR:ConnectionError,40.31777381896973
1786832853.5473385,ERROR:ConnectionError,85.95943450927734
1786832853.5428593,ERROR:ConnectionError,92.33880043029785
1786832853.5841088,ERROR:ConnectionError,52.26635932922363
1786832853.5731103,ERROR:ConnectionError,63.5836124420166
1786832853.5524888,ERROR:ConnectionError,84.33914184570312
1786832853.5895479,ERROR:ConnectionError,47.39975929260254
1786832853.5949275,ERROR:ConnectionError,48.155784606933594
1786832853.545064,ERROR:ConnectionError,105.32784461975098
1786832853.5716708,ERROR:ConnectionError,80.62148094177246
1786832853.617665,ERROR:ConnectionError,41.74542427062988
1786832853.6363797,ERROR:ConnectionError,82.08417892456055
1786832853.6368308,ERROR:ConnectionError,94.39659118652344
1786832853.63695,ERROR:ConnectionError,118.48330497741699
1786832853.6366973,ERROR:ConnectionError,118.91388893127441
1786832853.6430922,ERROR:ConnectionError,121.56796455383301
1786832853.6352038,ERROR:ConnectionError,131.29377365112305
1786832853.659422,ERROR:ConnectionError,110.58807373046875
1786832853.7184708,ERROR:ConnectionError,54.6574592590332
1786832853.650403,ERROR:ConnectionError,134.39369201660156
1786832853.7554388,ERROR:ConnectionError,33.44392776489258
1786832853.764671,ERROR:ConnectionError,35.67671775817871
1786832853.633305,ERROR:ConnectionError,172.43480682373047
1786832853.7312353,ERROR:ConnectionError,82.72361755371094
1786832853.784802,ERROR:ConnectionError,55.3896427154541
1786832853.6522968,ERROR:ConnectionError,196.40135765075684
1786832853.7665043,ERROR:ConnectionError,107.47408866882324
1786832853.7731354,ERROR:ConnectionError,115.74101448059082
1786832853.7700162,ERROR:ConnectionError,123.3375072479248
1786832853.7556133,ERROR:ConnectionError,142.29226112365723
1786832853.8057468,ERROR:ConnectionError,93.6586856842041
1786832853.8003538,ERROR:ConnectionError,101.40180587768555
1786832853.7888916,ERROR:ConnectionError,125.73099136352539
1786832853.8139658,ERROR:ConnectionError,106.17208480834961
1786832853.8402026,ERROR:ConnectionError,95.4127311706543
1786832853.8933609,ERROR:ConnectionError,58.626413345336914
1786832853.8739886,ERROR:ConnectionError,78.27949523925781
1786832853.8979142,ERROR:ConnectionError,54.518699645996094
1786832853.8487082,ERROR:ConnectionError,103.8515567779541
1786832853.8888843,ERROR:ConnectionError,66.2388801574707
1786832853.9017673,ERROR:ConnectionError,181.53762817382812
1786832853.8994107,ERROR:ConnectionError,185.12678146362305
1786832853.9146304,ERROR:ConnectionError,181.321382522583
1786832853.955126,ERROR:ConnectionError,141.9816017150879
1786832853.9522724,ERROR:ConnectionError,145.37477493286133
1786832853.9519954,ERROR:ConnectionError,146.2388038635254
1786832853.9525619,ERROR:ConnectionError,149.8587131500244
1786832853.9356275,ERROR:ConnectionError,170.088529586792
1786832853.9201434,ERROR:ConnectionError,185.78124046325684
1786832853.9524355,ERROR:ConnectionError,154.8013687133789
1786832854.0833144,ERROR:ConnectionError,61.33270263671875
1786832854.0845406,ERROR:ConnectionError,63.02165985107422
1786832854.097115,ERROR:ConnectionError,51.5596866607666
1786832854.0959613,ERROR:ConnectionError,62.68501281738281
1786832854.1024325,ERROR:ConnectionError,66.58124923706055
1786832854.0982387,ERROR:ConnectionError,74.44429397583008
1786832854.0976539,ERROR:ConnectionError,104.11334037780762
1786832854.1475718,ERROR:ConnectionError,88.01889419555664
1786832854.1072443,ERROR:ConnectionError,135.32686233520508
1786832854.1446662,ERROR:ConnectionError,138.29827308654785
1786832854.1057224,ERROR:ConnectionError,182.25431442260742
1786832854.1486835,ERROR:ConnectionError,149.66821670532227
1786832854.1586537,ERROR:ConnectionError,140.70773124694824
1786832854.169019,ERROR:ConnectionError,132.39479064941406
1786832854.1059275,ERROR:ConnectionError,197.87907600402832
1786832854.2017734,ERROR:ConnectionError,110.44859886169434
1786832854.172689,ERROR:ConnectionError,139.88065719604492
1786832854.2425785,ERROR:ConnectionError,70.8017349243164
1786832854.2829723,ERROR:ConnectionError,31.640052795410156
1786832854.2355957,ERROR:ConnectionError,85.06393432617188
1786832854.298361,ERROR:ConnectionError,37.11652755737305
1786832854.287983,ERROR:ConnectionError,47.66392707824707
1786832854.2993684,ERROR:ConnectionError,58.84528160095215
1786832854.301425,ERROR:ConnectionError,73.87733459472656
1786832854.3133852,ERROR:ConnectionError,72.60465621948242
1786832854.312574,ERROR:ConnectionError,98.84834289550781
1786832854.31462,ERROR:ConnectionError,97.51391410827637
1786832854.335651,ERROR:ConnectionError,77.40330696105957
1786832854.3354821,ERROR:ConnectionError,80.72209358215332
1786832854.3582237,ERROR:ConnectionError,60.54282188415527
1786832854.3206656,ERROR:ConnectionError,113.4796142578125
1786832854.3860009,ERROR:ConnectionError,51.01442337036133
1786832854.3753192,ERROR:ConnectionError,67.76285171508789
1786832854.3122408,ERROR:ConnectionError,139.49012756347656
1786832854.4121425,ERROR:ConnectionError,41.3973331451416
1786832854.303812,ERROR:ConnectionError,152.74286270141602
1786832854.4114308,ERROR:ConnectionError,119.68040466308594
1786832854.4187717,ERROR:ConnectionError,116.15109443664551
1786832854.4130592,ERROR:ConnectionError,123.20256233215332
1786832854.4370193,ERROR:ConnectionError,111.94133758544922
1786832854.4162116,ERROR:ConnectionError,135.2992057800293
1786832854.4517367,ERROR:ConnectionError,100.61168670654297
1786832854.443093,ERROR:ConnectionError,125.70953369140625
1786832854.4341526,ERROR:ConnectionError,140.97857475280762
1786832854.5349278,ERROR:ConnectionError,52.80900001525879
1786832854.453543,ERROR:ConnectionError,140.50054550170898
1786832854.5311182,ERROR:ConnectionError,63.17758560180664
1786832854.5362656,ERROR:ConnectionError,65.80185890197754
1786832854.5515153,ERROR:ConnectionError,50.70805549621582
1786832854.4565601,ERROR:ConnectionError,145.7996368408203
1786832854.5523512,ERROR:ConnectionError,56.67567253112793
1786832854.575142,ERROR:ConnectionError,36.061763763427734
1786832854.5688074,ERROR:ConnectionError,43.69664192199707
1786832854.5940533,ERROR:ConnectionError,20.743608474731445
1786832854.5877445,ERROR:ConnectionError,27.323484420776367
1786832854.5943003,ERROR:ConnectionError,22.257566452026367
1786832854.5489705,ERROR:ConnectionError,67.76952743530273
1786832854.6022253,ERROR:ConnectionError,20.13683319091797
1786832854.602362,ERROR:ConnectionError,46.027421951293945
1786832854.6126523,ERROR:ConnectionError,42.208194732666016
1786832854.602072,ERROR:ConnectionError,59.41963195800781
1786832854.6148028,ERROR:ConnectionError,46.973466873168945
1786832854.6090393,ERROR:ConnectionError,64.31007385253906
1786832854.6150725,ERROR:ConnectionError,64.28313255310059
1786832854.611211,ERROR:ConnectionError,82.01193809509277
1786832854.6167428,ERROR:ConnectionError,76.73907279968262
1786832854.616562,ERROR:ConnectionError,79.14495468139648
1786832854.6483982,ERROR:ConnectionError,64.51988220214844
1786832854.6548648,ERROR:ConnectionError,63.11607360839844
1786832854.6615021,ERROR:ConnectionError,56.67710304260254
1786832854.6223679,ERROR:ConnectionError,99.83587265014648
1786832854.6617806,ERROR:ConnectionError,65.96207618713379
1786832854.6793644,ERROR:ConnectionError,181.59103393554688
1786832854.6934853,ERROR:ConnectionError,173.56467247009277
1786832854.6733572,ERROR:ConnectionError,234.00282859802246
1786832854.7181823,ERROR:ConnectionError,204.08225059509277
1786832854.8609617,ERROR:ConnectionError,83.21046829223633
1786832854.7179863,ERROR:ConnectionError,226.99332237243652
1786832854.722209,ERROR:ConnectionError,222.92542457580566
1786832854.907365,ERROR:ConnectionError,43.08891296386719
1786832854.9222708,ERROR:ConnectionError,32.23228454589844
1786832854.6957154,ERROR:ConnectionError,279.6592712402344
1786832854.867061,ERROR:ConnectionError,113.89493942260742
1786832854.6932318,ERROR:ConnectionError,291.7771339416504
1786832854.9451375,ERROR:ConnectionError,43.348073959350586
1786832854.9545093,ERROR:ConnectionError,48.96259307861328
1786832854.9449837,ERROR:ConnectionError,59.02552604675293
1786832854.9441833,ERROR:ConnectionError,60.58049201965332
1786832854.9809632,ERROR:ConnectionError,31.21781349182129
1786832854.712935,ERROR:ConnectionError,300.0802993774414
1786832854.7277505,ERROR:ConnectionError,290.6463146209717
1786832854.9884896,ERROR:ConnectionError,31.603574752807617
1786832855.0034788,ERROR:ConnectionError,16.814470291137695
1786832854.9753866,ERROR:ConnectionError,45.02058029174805
1786832854.9850125,ERROR:ConnectionError,36.26704216003418
1786832854.9504628,ERROR:ConnectionError,116.6372299194336
1786832855.0040123,ERROR:ConnectionError,64.5744800567627
1786832855.013019,ERROR:ConnectionError,71.01941108703613
1786832855.0184023,ERROR:ConnectionError,65.84763526916504
1786832855.004766,ERROR:ConnectionError,167.97971725463867
1786832855.0204093,ERROR:ConnectionError,152.5580883026123
1786832855.012206,ERROR:ConnectionError,163.24281692504883
1786832855.021283,ERROR:ConnectionError,155.6077003479004
1786832855.0202954,ERROR:ConnectionError,185.32419204711914
1786832855.068592,ERROR:ConnectionError,143.0211067199707
1786832855.0671103,ERROR:ConnectionError,152.73737907409668
1786832855.0200999,ERROR:ConnectionError,203.7813663482666
1786832855.084254,ERROR:ConnectionError,155.34257888793945
1786832855.1754558,ERROR:ConnectionError,64.66317176818848
1786832855.0840435,ERROR:ConnectionError,158.13636779785156
1786832855.1768978,ERROR:ConnectionError,69.41962242126465
1786832855.1727533,ERROR:ConnectionError,78.57918739318848
1786832855.1730008,ERROR:ConnectionError,84.59305763244629
1786832855.2116206,ERROR:ConnectionError,48.399925231933594
1786832855.2198534,ERROR:ConnectionError,52.850961685180664
1786832855.205624,ERROR:ConnectionError,73.50611686706543
1786832855.2238884,ERROR:ConnectionError,95.53146362304688
1786832855.2396019,ERROR:ConnectionError,135.67876815795898
1786832855.260039,ERROR:ConnectionError,116.84823036193848
1786832855.2791398,ERROR:ConnectionError,103.26170921325684
1786832855.2421832,ERROR:ConnectionError,144.25945281982422
1786832855.319425,ERROR:ConnectionError,67.74663925170898
1786832855.2576025,ERROR:ConnectionError,130.40423393249512
1786832855.251342,ERROR:ConnectionError,137.2511386871338
1786832855.3752863,ERROR:ConnectionError,14.634847640991211
1786832855.376893,ERROR:ConnectionError,18.9669132232666
1786832855.3824081,ERROR:ConnectionError,19.83475685119629
1786832855.2463357,ERROR:ConnectionError,156.83484077453613
1786832855.2727094,ERROR:ConnectionError,133.93163681030273
1786832855.2401216,ERROR:ConnectionError,174.6838092803955
1786832855.3871748,ERROR:ConnectionError,27.89926528930664
1786832855.3880095,ERROR:ConnectionError,42.57965087890625
1786832855.3864515,ERROR:ConnectionError,55.11879920959473
1786832855.4031737,ERROR:ConnectionError,42.606353759765625
1786832855.395873,ERROR:ConnectionError,53.182363510131836
1786832855.389924,ERROR:ConnectionError,61.21420860290527
1786832855.4022524,ERROR:ConnectionError,50.6131649017334
1786832855.388597,ERROR:ConnectionError,64.4993782043457
1786832855.4066467,ERROR:ConnectionError,46.689510345458984
1786832855.415077,ERROR:ConnectionError,40.98057746887207
1786832855.414817,ERROR:ConnectionError,41.47624969482422
1786832855.4305959,ERROR:ConnectionError,25.870561599731445
1786832855.4490652,ERROR:ConnectionError,22.298097610473633
1786832855.4457874,ERROR:ConnectionError,31.42380714416504
1786832855.4415774,ERROR:ConnectionError,38.292884826660156
1786832855.451147,ERROR:ConnectionError,42.641401290893555
1786832855.4533412,ERROR:ConnectionError,74.7685432434082
1786832855.4772203,ERROR:ConnectionError,57.76667594909668
1786832855.4531002,ERROR:ConnectionError,82.11779594421387
1786832855.4562962,ERROR:ConnectionError,81.2218189239502
1786832855.4798799,ERROR:ConnectionError,58.4869384765625
1786832855.4560633,ERROR:ConnectionError,82.55839347839355
1786832855.47137,ERROR:ConnectionError,67.99650192260742
1786832855.45647,ERROR:ConnectionError,86.85851097106934
1786832855.5281243,ERROR:ConnectionError,21.750926971435547
1786832855.5352201,ERROR:ConnectionError,29.96206283569336
1786832855.4938002,ERROR:ConnectionError,77.33988761901855
1786832855.534996,ERROR:ConnectionError,63.439130783081055
1786832855.5498815,ERROR:ConnectionError,54.473876953125
1786832855.5393715,ERROR:ConnectionError,66.4670467376709
1786832855.452873,ERROR:ConnectionError,153.51390838623047
1786832855.5386238,ERROR:ConnectionError,72.8912353515625
1786832855.5433333,ERROR:ConnectionError,76.06744766235352
1786832855.537522,ERROR:ConnectionError,82.10039138793945
1786832855.538369,ERROR:ConnectionError,95.52264213562012
1786832855.565191,ERROR:ConnectionError,71.63405418395996
1786832855.5984542,ERROR:ConnectionError,80.03377914428711
1786832855.6058433,ERROR:ConnectionError,73.8523006439209
1786832855.604363,ERROR:ConnectionError,82.34834671020508
1786832855.5711448,ERROR:ConnectionError,118.52002143859863
1786832855.6194093,ERROR:ConnectionError,71.62880897521973
1786832855.6063893,ERROR:ConnectionError,84.87153053283691
1786832855.611524,ERROR:ConnectionError,84.6245288848877
1786832855.6368291,ERROR:ConnectionError,59.65423583984375
1786832855.6339006,ERROR:ConnectionError,66.79153442382812
1786832855.6784987,ERROR:ConnectionError,22.60875701904297
1786832855.6797037,ERROR:ConnectionError,21.84605598449707
1786832855.6196256,ERROR:ConnectionError,83.0683708190918
1786832855.6867208,ERROR:ConnectionError,21.657705307006836
1786832855.6910448,ERROR:ConnectionError,24.35922622680664
1786832855.6896758,ERROR:ConnectionError,28.41806411743164
1786832855.6912656,ERROR:ConnectionError,31.219005584716797
1786832855.6964886,ERROR:ConnectionError,26.346683502197266
1786832855.6961606,ERROR:ConnectionError,29.879093170166016
1786832855.7011127,ERROR:ConnectionError,42.14644432067871
1786832855.7015555,ERROR:ConnectionError,58.87198448181152
1786832855.7083867,ERROR:ConnectionError,52.53028869628906
1786832855.7007008,ERROR:ConnectionError,63.320159912109375
1786832855.7154167,ERROR:ConnectionError,60.04142761230469
1786832855.7224956,ERROR:ConnectionError,56.29587173461914
1786832855.7181034,ERROR:ConnectionError,60.93955039978027
1786832855.7027013,ERROR:ConnectionError,88.54317665100098
1786832855.7228413,ERROR:ConnectionError,69.21219825744629
1786832855.7754688,ERROR:ConnectionError,18.7225341796875
1786832855.7260456,ERROR:ConnectionError,68.67551803588867
1786832855.7604444,ERROR:ConnectionError,38.99049758911133
1786832855.7609253,ERROR:ConnectionError,38.81096839904785
1786832855.779046,ERROR:ConnectionError,21.344423294067383
1786832855.7787986,ERROR:ConnectionError,23.664474487304688
1786832855.7640302,ERROR:ConnectionError,45.07923126220703
1786832855.7432716,ERROR:ConnectionError,66.98322296142578
1786832855.7912567,ERROR:ConnectionError,24.88875389099121
1786832855.7920582,ERROR:ConnectionError,28.37848663330078
1786832855.7947276,ERROR:ConnectionError,30.325651168823242
1786832855.7994442,ERROR:ConnectionError,27.031898498535156
1786832855.7942019,ERROR:ConnectionError,33.211708068847656
1786832855.800395,ERROR:ConnectionError,31.855106353759766
1786832855.7997413,ERROR:ConnectionError,32.93919563293457
1786832855.8091183,ERROR:ConnectionError,28.577327728271484
1786832855.802471,ERROR:ConnectionError,43.3502197265625
1786832855.81028,ERROR:ConnectionError,39.119720458984375
1786832855.8204463,ERROR:ConnectionError,31.240224838256836
1786832855.8161526,ERROR:ConnectionError,39.90983963012695
1786832855.8250618,ERROR:ConnectionError,37.595272064208984
1786832855.8264832,ERROR:ConnectionError,46.51618003845215
1786832855.8274236,ERROR:ConnectionError,48.08473587036133
1786832855.8326838,ERROR:ConnectionError,49.90959167480469
1786832855.845832,ERROR:ConnectionError,39.38698768615723
1786832855.8322592,ERROR:ConnectionError,55.03511428833008
1786832855.849411,ERROR:ConnectionError,41.87607765197754
1786832855.8377073,ERROR:ConnectionError,53.8935661315918
1786832855.8516936,ERROR:ConnectionError,43.260812759399414
1786832855.8626695,ERROR:ConnectionError,34.72471237182617
1786832855.856073,ERROR:ConnectionError,42.93227195739746
1786832855.8826053,ERROR:ConnectionError,24.101734161376953
1786832855.873013,ERROR:ConnectionError,40.366411209106445
1786832855.885228,ERROR:ConnectionError,29.477596282958984
1786832855.8755174,ERROR:ConnectionError,41.03255271911621
1786832855.887301,ERROR:ConnectionError,33.034563064575195
1786832855.8913267,ERROR:ConnectionError,32.15742111206055
1786832855.8949625,ERROR:ConnectionError,30.398845672607422
1786832855.8974051,ERROR:ConnectionError,40.823936462402344
1786832855.8916056,ERROR:ConnectionError,48.02584648132324
1786832855.9067187,ERROR:ConnectionError,34.287452697753906
1786832855.8990123,ERROR:ConnectionError,42.298316955566406
1786832855.9147115,ERROR:ConnectionError,34.06333923339844
1786832855.9133883,ERROR:ConnectionError,39.34144973754883
1786832855.9165564,ERROR:ConnectionError,38.785696029663086
1786832855.9234962,ERROR:ConnectionError,35.87174415588379
1786832855.9253678,ERROR:ConnectionError,35.66861152648926
1786832855.9396405,ERROR:ConnectionError,25.32649040222168
1786832855.9203444,ERROR:ConnectionError,47.07646369934082
1786832855.9382453,ERROR:ConnectionError,31.7232608795166
1786832855.9413164,ERROR:ConnectionError,32.85956382751465
1786832855.9527411,ERROR:ConnectionError,29.189348220825195
1786832855.9487936,ERROR:ConnectionError,34.37614440917969
1786832855.9410176,ERROR:ConnectionError,51.06925964355469
1786832855.9553509,ERROR:ConnectionError,37.628173828125
1786832855.9593754,ERROR:ConnectionError,38.85221481323242
1786832855.9610467,ERROR:ConnectionError,41.8853759765625
1786832855.9674287,ERROR:ConnectionError,40.717124938964844
1786832855.9649775,ERROR:ConnectionError,45.001983642578125
1786832855.969975,ERROR:ConnectionError,41.121482849121094
1786832855.981944,ERROR:ConnectionError,36.6060733795166
1786832855.983176,ERROR:ConnectionError,35.78019142150879
1786832855.9741848,ERROR:ConnectionError,47.150611877441406
1786832855.9920964,ERROR:ConnectionError,34.21831130981445
1786832856.002941,ERROR:ConnectionError,36.557674407958984
1786832855.998236,ERROR:ConnectionError,45.151710510253906
1786832856.0081558,ERROR:ConnectionError,44.12531852722168
1786832856.0099852,ERROR:ConnectionError,43.45583915710449
1786832856.011107,ERROR:ConnectionError,56.192636489868164
1786832855.9929833,ERROR:ConnectionError,81.80451393127441
1786832856.018561,ERROR:ConnectionError,70.12724876403809
1786832856.0189624,ERROR:ConnectionError,73.58646392822266
1786832856.0395086,ERROR:ConnectionError,56.794166564941406
1786832856.0433953,ERROR:ConnectionError,56.13374710083008
1786832856.0534692,ERROR:ConnectionError,49.71194267272949
1786832856.0673125,ERROR:ConnectionError,39.087533950805664
1786832856.0263233,ERROR:ConnectionError,82.44895935058594
1786832856.0747957,ERROR:ConnectionError,37.81843185424805
1786832856.0886953,ERROR:ConnectionError,32.08565711975098
1786832856.0213425,ERROR:ConnectionError,102.50234603881836
1786832856.0522912,ERROR:ConnectionError,71.90537452697754
1786832856.0963132,ERROR:ConnectionError,31.241416931152344
1786832856.092557,ERROR:ConnectionError,37.71829605102539
1786832856.10319,ERROR:ConnectionError,27.740955352783203
1786832856.0995424,ERROR:ConnectionError,31.681537628173828
1786832856.1064107,ERROR:ConnectionError,25.073766708374023
1786832856.1207902,ERROR:ConnectionError,31.882286071777344
1786832856.1087797,ERROR:ConnectionError,46.08416557312012
1786832856.1126242,ERROR:ConnectionError,43.24841499328613
1786832856.1238532,ERROR:ConnectionError,36.97705268859863
1786832856.1242034,ERROR:ConnectionError,39.57796096801758
1786832856.1314893,ERROR:ConnectionError,43.259382247924805
1786832856.1275654,ERROR:ConnectionError,56.76889419555664
1786832856.1312296,ERROR:ConnectionError,55.54318428039551
1786832856.1309388,ERROR:ConnectionError,56.1213493347168
1786832856.152684,ERROR:ConnectionError,39.96586799621582
1786832856.1609025,ERROR:ConnectionError,39.35647010803223
1786832856.1558805,ERROR:ConnectionError,52.26922035217285
1786832856.1548727,ERROR:ConnectionError,55.9849739074707
1786832856.174759,ERROR:ConnectionError,36.59820556640625
1786832856.1637924,ERROR:ConnectionError,48.51365089416504
1786832856.1302817,ERROR:ConnectionError,86.00068092346191
1786832856.1870656,ERROR:ConnectionError,33.483028411865234
1786832856.186781,ERROR:ConnectionError,37.64152526855469
1786832856.192656,ERROR:ConnectionError,36.52000427246094
1786832856.2002683,ERROR:ConnectionError,33.132076263427734
1786832856.184351,ERROR:ConnectionError,55.579185485839844
1786832856.2081609,ERROR:ConnectionError,36.44609451293945
1786832856.2108676,ERROR:ConnectionError,37.67561912536621
1786832856.2123125,ERROR:ConnectionError,41.603803634643555
1786832856.2113636,ERROR:ConnectionError,45.235395431518555
1786832856.2162995,ERROR:ConnectionError,48.357248306274414
1786832856.2205582,ERROR:ConnectionError,48.154354095458984
1786832856.224434,ERROR:ConnectionError,67.40856170654297
1786832856.253925,ERROR:ConnectionError,38.24901580810547
1786832856.23342,ERROR:ConnectionError,64.39709663391113
1786832856.2446177,ERROR:ConnectionError,58.85815620422363
1786832856.2646716,ERROR:ConnectionError,44.86370086669922
1786832856.2566087,ERROR:ConnectionError,62.264204025268555
1786832856.2485518,ERROR:ConnectionError,73.16422462463379
1786832856.229194,ERROR:ConnectionError,96.43268585205078
1786832856.268722,ERROR:ConnectionError,57.28864669799805
1786832856.2399445,ERROR:ConnectionError,88.28091621398926
1786832856.2918518,ERROR:ConnectionError,37.87803649902344
1786832856.292178,ERROR:ConnectionError,40.566444396972656
1786832856.297826,ERROR:ConnectionError,38.609981536865234
1786832856.3095455,ERROR:ConnectionError,28.590917587280273
1786832856.303484,ERROR:ConnectionError,47.95408248901367
1786832856.3189063,ERROR:ConnectionError,49.38459396362305
1786832856.3256338,ERROR:ConnectionError,50.43673515319824
1786832856.338142,ERROR:ConnectionError,39.01386260986328
1786832856.3217258,ERROR:ConnectionError,59.299468994140625
1786832856.3282335,ERROR:ConnectionError,54.95786666870117
1786832856.3297372,ERROR:ConnectionError,61.566829681396484
1786832856.3327525,ERROR:ConnectionError,60.028791427612305
1786832856.336443,ERROR:ConnectionError,56.55717849731445
1786832856.3514457,ERROR:ConnectionError,49.56674575805664
1786832856.3260145,ERROR:ConnectionError,75.38700103759766
1786832856.3760962,ERROR:ConnectionError,25.827884674072266
1786832856.368302,ERROR:ConnectionError,36.5755558013916
1786832856.3831992,ERROR:ConnectionError,24.938106536865234
1786832856.3930051,ERROR:ConnectionError,21.391630172729492
1786832856.3927884,ERROR:ConnectionError,23.805618286132812
1786832856.4014068,ERROR:ConnectionError,17.660856246948242
1786832856.3771617,ERROR:ConnectionError,42.16194152832031
1786832856.3913124,ERROR:ConnectionError,28.227806091308594
1786832856.381034,ERROR:ConnectionError,47.0120906829834
1786832856.4010217,ERROR:ConnectionError,29.6785831451416
1786832856.404885,ERROR:ConnectionError,29.794692993164062
1786832856.4081445,ERROR:ConnectionError,29.001951217651367
1786832856.401929,ERROR:ConnectionError,44.33417320251465
1786832856.428059,ERROR:ConnectionError,29.176950454711914
1786832856.419329,ERROR:ConnectionError,42.1147346496582
1786832856.4190745,ERROR:ConnectionError,45.76754570007324
1786832856.4166017,ERROR:ConnectionError,48.64978790283203
1786832856.4195437,ERROR:ConnectionError,47.26147651672363
1786832856.4144082,ERROR:ConnectionError,55.54962158203125
1786832856.430709,ERROR:ConnectionError,39.922237396240234
1786832856.4572456,ERROR:ConnectionError,25.277376174926758
1786832856.4371538,ERROR:ConnectionError,45.87221145629883
1786832856.4614565,ERROR:ConnectionError,24.45816993713379
1786832856.4462752,ERROR:ConnectionError,39.88003730773926
1786832856.4346871,ERROR:ConnectionError,56.06794357299805
1786832856.4648557,ERROR:ConnectionError,32.10878372192383
1786832856.4668138,ERROR:ConnectionError,32.80019760131836
1786832856.4830308,ERROR:ConnectionError,26.17025375366211
1786832856.4861596,ERROR:ConnectionError,23.44536781311035
1786832856.4825325,ERROR:ConnectionError,32.96852111816406
1786832856.470005,ERROR:ConnectionError,48.47836494445801
1786832856.4652607,ERROR:ConnectionError,56.32328987121582
1786832856.4859233,ERROR:ConnectionError,37.38093376159668
1786832856.470636,ERROR:ConnectionError,55.699825286865234
1786832856.4907632,ERROR:ConnectionError,45.00579833984375
1786832856.4969738,ERROR:ConnectionError,42.13404655456543
1786832856.4996214,ERROR:ConnectionError,46.37885093688965
1786832856.5092106,ERROR:ConnectionError,43.59006881713867
1786832856.5155096,ERROR:ConnectionError,38.87295722961426
1786832856.5096107,ERROR:ConnectionError,50.92883110046387
1786832856.5184891,ERROR:ConnectionError,45.04823684692383
1786832856.521589,ERROR:ConnectionError,45.02367973327637
1786832856.5263464,ERROR:ConnectionError,41.290998458862305
1786832856.5233114,ERROR:ConnectionError,50.2924919128418
1786832856.535785,ERROR:ConnectionError,47.46365547180176
1786832856.5460098,ERROR:ConnectionError,40.250539779663086
1786832856.5528097,ERROR:ConnectionError,38.610219955444336
1786832856.5391169,ERROR:ConnectionError,53.893089294433594
1786832856.5543902,ERROR:ConnectionError,50.34351348876953
1786832856.5666223,ERROR:ConnectionError,42.19627380371094
1786832856.56055,ERROR:ConnectionError,49.93915557861328
1786832856.5676436,ERROR:ConnectionError,43.084144592285156
1786832856.5736141,ERROR:ConnectionError,38.27714920043945
1786832856.563613,ERROR:ConnectionError,54.80170249938965
1786832856.5832589,ERROR:ConnectionError,46.92816734313965
1786832856.5862696,ERROR:ConnectionError,52.72555351257324
1786832856.5914335,ERROR:ConnectionError,48.766136169433594
1786832856.5930214,ERROR:ConnectionError,50.23312568664551
1786832856.6302009,ERROR:ConnectionError,16.019582748413086
1786832856.6088278,ERROR:ConnectionError,42.356014251708984
1786832856.6104953,ERROR:ConnectionError,53.94554138183594
1786832856.6047435,ERROR:ConnectionError,63.060760498046875
1786832856.6184235,ERROR:ConnectionError,50.0943660736084
1786832856.6107328,ERROR:ConnectionError,62.26801872253418
1786832856.6119034,ERROR:ConnectionError,62.3774528503418
1786832856.6390057,ERROR:ConnectionError,43.24674606323242
1786832856.6432652,ERROR:ConnectionError,47.21784591674805
1786832856.6402063,ERROR:ConnectionError,53.2684326171875
1786832856.6511986,ERROR:ConnectionError,42.77992248535156
1786832856.6462326,ERROR:ConnectionError,50.245046615600586
1786832856.673009,ERROR:ConnectionError,27.716636657714844
1786832856.6644518,ERROR:ConnectionError,37.13178634643555
1786832856.6685228,ERROR:ConnectionError,58.2425594329834
1786832856.674288,ERROR:ConnectionError,55.463552474975586
1786832856.667813,ERROR:ConnectionError,63.37714195251465
1786832856.6822646,ERROR:ConnectionError,52.62470245361328
1786832856.6904926,ERROR:ConnectionError,46.55003547668457
1786832856.693485,ERROR:ConnectionError,45.85695266723633
1786832856.7267776,ERROR:ConnectionError,15.702247619628906
1786832856.701589,ERROR:ConnectionError,53.62367630004883
1786832856.6964886,ERROR:ConnectionError,62.35790252685547
1786832856.7007353,ERROR:ConnectionError,60.39786338806152
1786832856.6939855,ERROR:ConnectionError,68.3286190032959
1786832856.7297626,ERROR:ConnectionError,41.78881645202637
1786832856.7312002,ERROR:ConnectionError,44.29292678833008
1786832856.7370486,ERROR:ConnectionError,42.656898498535156
1786832856.7349005,ERROR:ConnectionError,48.311471939086914
1786832856.7393506,ERROR:ConnectionError,46.530961990356445
1786832856.7424886,ERROR:ConnectionError,45.436859130859375
1786832856.7552223,ERROR:ConnectionError,34.99484062194824
1786832856.758854,ERROR:ConnectionError,33.62679481506348
1786832856.7755034,ERROR:ConnectionError,22.39823341369629
1786832856.7715645,ERROR:ConnectionError,29.41584587097168
1786832856.7797177,ERROR:ConnectionError,25.791645050048828
1786832856.7832217,ERROR:ConnectionError,28.705120086669922
1786832856.761146,ERROR:ConnectionError,56.28395080566406
1786832856.762322,ERROR:ConnectionError,59.19957160949707
1786832856.7879314,ERROR:ConnectionError,56.03289604187012
1786832856.7979174,ERROR:ConnectionError,50.7512092590332
1786832856.78589,ERROR:ConnectionError,65.34910202026367
1786832856.8055184,ERROR:ConnectionError,47.13773727416992
1786832856.7902288,ERROR:ConnectionError,64.16463851928711
1786832856.8174386,ERROR:ConnectionError,37.451982498168945
1786832856.82153,ERROR:ConnectionError,34.18707847595215
1786832856.7924874,ERROR:ConnectionError,71.40064239501953
1786832856.8486774,ERROR:ConnectionError,25.273561477661133
1786832856.8439739,ERROR:ConnectionError,32.11474418640137
1786832856.851248,ERROR:ConnectionError,26.219606399536133
1786832856.8119407,ERROR:ConnectionError,72.41320610046387
1786832856.8009908,ERROR:ConnectionError,84.94448661804199
1786832856.8548963,ERROR:ConnectionError,31.441450119018555
1786832856.8760967,ERROR:ConnectionError,31.2502384185791
1786832856.8544009,ERROR:ConnectionError,54.14843559265137
1786832856.8557239,ERROR:ConnectionError,60.10150909423828
1786832856.8526635,ERROR:ConnectionError,69.79584693908691
1786832856.873962,ERROR:ConnectionError,50.91285705566406
1786832856.8843758,ERROR:ConnectionError,44.054508209228516
1786832856.8638978,ERROR:ConnectionError,68.1161880493164
1786832856.886344,ERROR:ConnectionError,48.72870445251465
1786832856.8859599,ERROR:ConnectionError,51.91922187805176
1786832856.915843,ERROR:ConnectionError,28.816699981689453
1786832856.9073558,ERROR:ConnectionError,50.367116928100586
1786832856.9085581,ERROR:ConnectionError,49.5603084564209
1786832856.9248886,ERROR:ConnectionError,37.44244575500488
1786832856.9320278,ERROR:ConnectionError,36.59820556640625
1786832856.944673,ERROR:ConnectionError,30.762672424316406
1786832856.9224696,ERROR:ConnectionError,56.35952949523926
1786832856.92844,ERROR:ConnectionError,53.9097785949707
1786832856.8774798,ERROR:ConnectionError,111.7403507232666
1786832856.935082,ERROR:ConnectionError,54.43716049194336
1786832856.9378867,ERROR:ConnectionError,55.876731872558594
1786832856.9624276,ERROR:ConnectionError,34.61480140686035
1786832856.9754472,ERROR:ConnectionError,34.53636169433594
1786832856.9686418,ERROR:ConnectionError,45.04275321960449
1786832856.9788446,ERROR:ConnectionError,44.77405548095703
1786832856.9581254,ERROR:ConnectionError,70.343017578125
1786832856.9577336,ERROR:ConnectionError,75.6232738494873
1786832856.9895241,ERROR:ConnectionError,57.27648735046387
1786832857.0236316,ERROR:ConnectionError,34.798622131347656
1786832856.9892309,ERROR:ConnectionError,70.25694847106934
1786832857.0099967,ERROR:ConnectionError,51.18680000305176
1786832857.033369,ERROR:ConnectionError,28.186321258544922
1786832856.993776,ERROR:ConnectionError,71.48933410644531
1786832856.9970496,ERROR:ConnectionError,70.34063339233398
1786832856.9823608,ERROR:ConnectionError,95.0474739074707
1786832857.0136943,ERROR:ConnectionError,67.5973892211914
1786832857.02848,ERROR:ConnectionError,67.0614242553711
1786832857.0615616,ERROR:ConnectionError,42.81473159790039
1786832857.0468113,ERROR:ConnectionError,57.88111686706543
1786832857.0584433,ERROR:ConnectionError,59.16309356689453
1786832857.0594945,ERROR:ConnectionError,68.37034225463867
1786832857.0611901,ERROR:ConnectionError,71.7620849609375
1786832857.0955555,ERROR:ConnectionError,52.084922790527344
1786832857.0673966,ERROR:ConnectionError,82.72790908813477
1786832857.0813382,ERROR:ConnectionError,71.48575782775879
1786832857.0652826,ERROR:ConnectionError,88.81115913391113
1786832857.0774174,ERROR:ConnectionError,92.51761436462402
1786832857.1043868,ERROR:ConnectionError,68.65596771240234
1786832857.1046982,ERROR:ConnectionError,76.70164108276367
1786832857.1176734,ERROR:ConnectionError,69.25010681152344
1786832857.150138,ERROR:ConnectionError,57.294368743896484
1786832857.1278732,ERROR:ConnectionError,82.90743827819824
1786832857.1329646,ERROR:ConnectionError,95.28136253356934
1786832857.1541018,ERROR:ConnectionError,79.43463325500488
1786832857.1528308,ERROR:ConnectionError,82.92007446289062
1786832857.1476543,ERROR:ConnectionError,92.87405014038086
1786832857.1699555,ERROR:ConnectionError,82.6416015625
1786832857.173051,ERROR:ConnectionError,108.11448097229004
1786832857.2282553,ERROR:ConnectionError,53.2224178314209
1786832857.2074432,ERROR:ConnectionError,86.3192081451416
1786832857.233549,ERROR:ConnectionError,84.04254913330078
1786832857.2107904,ERROR:ConnectionError,114.3345832824707
1786832857.2526066,ERROR:ConnectionError,75.85477828979492
1786832857.186933,ERROR:ConnectionError,144.8829174041748
1786832857.2357597,ERROR:ConnectionError,97.72133827209473
1786832857.1814098,ERROR:ConnectionError,163.7718677520752
1786832857.2405393,ERROR:ConnectionError,104.99024391174316
1786832857.3251364,ERROR:ConnectionError,30.800580978393555
1786832857.3176048,ERROR:ConnectionError,41.46766662597656
1786832857.2811763,ERROR:ConnectionError,78.44686508178711
1786832857.2814825,ERROR:ConnectionError,92.45157241821289
1786832857.2937756,ERROR:ConnectionError,89.6158218383789
1786832857.331823,ERROR:ConnectionError,73.73046875
1786832857.3590848,ERROR:ConnectionError,46.904802322387695
1786832857.355946,ERROR:ConnectionError,53.66659164428711
1786832857.3834019,ERROR:ConnectionError,26.491165161132812
1786832857.3334906,ERROR:ConnectionError,77.47673988342285
1786832857.3739433,ERROR:ConnectionError,41.92304611206055
1786832857.3451922,ERROR:ConnectionError,74.52511787414551
1786832857.3455343,ERROR:ConnectionError,77.13985443115234
1786832857.4055638,ERROR:ConnectionError,19.29330825805664
1786832857.328469,ERROR:ConnectionError,108.5960865020752
1786832857.3596294,ERROR:ConnectionError,80.90043067932129
1786832857.405995,ERROR:ConnectionError,75.15358924865723
1786832857.419726,ERROR:ConnectionError,88.82474899291992
1786832857.4096222,ERROR:ConnectionError,100.76451301574707
1786832857.4098995,ERROR:ConnectionError,106.00757598876953
1786832857.415886,ERROR:ConnectionError,102.02670097351074
1786832857.424865,ERROR:ConnectionError,98.0539321899414
1786832857.4370747,ERROR:ConnectionError,95.05081176757812
1786832857.4405391,ERROR:ConnectionError,95.65043449401855
1786832857.4811573,ERROR:ConnectionError,57.2659969329834
1786832857.5085588,ERROR:ConnectionError,31.0516357421875
1786832857.4226832,ERROR:ConnectionError,119.43483352661133
1786832857.4109728,ERROR:ConnectionError,153.78785133361816
1786832857.5103958,ERROR:ConnectionError,62.44325637817383
1786832857.5159185,ERROR:ConnectionError,57.604312896728516
1786832857.5179176,ERROR:ConnectionError,58.82740020751953
1786832857.5229235,ERROR:ConnectionError,57.30795860290527
1786832857.538431,ERROR:ConnectionError,69.42152976989746
1786832857.5728471,ERROR:ConnectionError,36.24916076660156
1786832857.5421264,ERROR:ConnectionError,67.23451614379883
1786832857.539616,ERROR:ConnectionError,72.21388816833496
1786832857.532136,ERROR:ConnectionError,87.67080307006836
1786832857.536198,ERROR:ConnectionError,84.8236083984375
1786832857.5735269,ERROR:ConnectionError,48.29549789428711
1786832857.57784,ERROR:ConnectionError,45.85742950439453
1786832857.5647721,ERROR:ConnectionError,61.62548065185547
1786832857.5802433,ERROR:ConnectionError,48.52604866027832
1786832857.609364,ERROR:ConnectionError,38.486480712890625
1786832857.6078625,ERROR:ConnectionError,45.55964469909668
1786832857.6118357,ERROR:ConnectionError,43.879032135009766
1786832857.619818,ERROR:ConnectionError,36.163330078125
1786832857.6091044,ERROR:ConnectionError,51.447391510009766
1786832857.6210303,ERROR:ConnectionError,40.53521156311035
1786832857.6218288,ERROR:ConnectionError,42.215824127197266
1786832857.6287754,ERROR:ConnectionError,35.72964668273926
1786832857.623724,ERROR:ConnectionError,45.79901695251465
1786832857.6534488,ERROR:ConnectionError,17.76409149169922
1786832857.6264038,ERROR:ConnectionError,45.08471488952637
1786832857.6478686,ERROR:ConnectionError,24.770736694335938
1786832857.6557238,ERROR:ConnectionError,20.3859806060791
1786832857.6615732,ERROR:ConnectionError,16.638517379760742
1786832857.6559856,ERROR:ConnectionError,23.119688034057617
1786832857.664054,ERROR:ConnectionError,16.77393913269043
1786832857.6605601,ERROR:ConnectionError,28.615713119506836
1786832857.669531,ERROR:ConnectionError,26.404380798339844
1786832857.6645112,ERROR:ConnectionError,36.18192672729492
1786832857.672647,ERROR:ConnectionError,30.185461044311523
1786832857.67122,ERROR:ConnectionError,32.66334533691406
1786832857.6714942,ERROR:ConnectionError,32.628536224365234
1786832857.6782157,ERROR:ConnectionError,29.363155364990234
1786832857.6761134,ERROR:ConnectionError,32.660484313964844
1786832857.679113,ERROR:ConnectionError,31.970977783203125
1786832857.680835,ERROR:ConnectionError,31.198740005493164
1786832857.695947,ERROR:ConnectionError,18.403053283691406
1786832857.7041276,ERROR:ConnectionError,13.512134552001953
1786832857.689187,ERROR:ConnectionError,28.84960174560547
1786832857.7007008,ERROR:ConnectionError,18.321752548217773
1786832857.7028406,ERROR:ConnectionError,16.566038131713867
1786832857.7087815,ERROR:ConnectionError,16.968965530395508
1786832857.7110882,ERROR:ConnectionError,15.731334686279297
1786832857.7120366,ERROR:ConnectionError,15.040874481201172
1786832857.7038884,ERROR:ConnectionError,23.547887802124023
1786832857.7075894,ERROR:ConnectionError,22.162199020385742
1786832857.7176466,ERROR:ConnectionError,16.514301300048828
1786832857.7180426,ERROR:ConnectionError,17.85421371459961
1786832857.714363,ERROR:ConnectionError,24.975061416625977
1786832857.719413,ERROR:ConnectionError,20.4164981842041
1786832857.7268229,ERROR:ConnectionError,209.5341682434082
1786832857.7257586,ERROR:ConnectionError,210.85023880004883
1786832857.7270803,ERROR:ConnectionError,212.91112899780273
1786832857.7359047,ERROR:ConnectionError,204.58412170410156
1786832857.7393456,ERROR:ConnectionError,201.42579078674316
1786832857.7341795,ERROR:ConnectionError,207.993745803833
1786832857.7190294,ERROR:ConnectionError,224.0903377532959
1786832857.7274399,ERROR:ConnectionError,215.8970832824707
1786832857.7398348,ERROR:ConnectionError,215.55256843566895
1786832857.7297728,ERROR:ConnectionError,225.93188285827637
1786832857.9366124,ERROR:ConnectionError,59.49711799621582
1786832857.936367,ERROR:ConnectionError,66.61629676818848
1786832857.9407763,ERROR:ConnectionError,69.11897659301758
1786832857.9431365,ERROR:ConnectionError,89.66660499572754
1786832857.9404953,ERROR:ConnectionError,93.34850311279297
1786832857.9433396,ERROR:ConnectionError,93.48583221435547
1786832857.9400005,ERROR:ConnectionError,98.18220138549805
1786832857.942178,ERROR:ConnectionError,108.88218879699707
1786832857.9553974,ERROR:ConnectionError,135.63895225524902
1786832857.9557116,ERROR:ConnectionError,135.66946983337402
1786832857.9961212,ERROR:ConnectionError,117.12956428527832
1786832858.0029929,ERROR:ConnectionError,116.38045310974121
1786832858.0099006,ERROR:ConnectionError,179.18944358825684
1786832858.0368354,ERROR:ConnectionError,185.17541885375977
1786832858.113258,ERROR:ConnectionError,109.22431945800781
1786832858.189111,ERROR:ConnectionError,47.53375053405762
1786832858.1193812,ERROR:ConnectionError,118.30711364746094
1786832858.0913863,ERROR:ConnectionError,163.40112686157227
1786832858.0328135,ERROR:ConnectionError,229.07400131225586
1786832858.0510702,ERROR:ConnectionError,211.98391914367676
1786832858.0381887,ERROR:ConnectionError,229.73060607910156
1786832858.222489,ERROR:ConnectionError,47.96028137207031
1786832858.0910764,ERROR:ConnectionError,194.05150413513184
1786832858.261896,ERROR:ConnectionError,42.75107383728027
1786832858.2366579,ERROR:ConnectionError,74.82552528381348
1786832858.2376943,ERROR:ConnectionError,79.24056053161621
1786832858.2679327,ERROR:ConnectionError,51.44834518432617
1786832858.2547994,ERROR:ConnectionError,68.34578514099121
1786832858.0338507,ERROR:ConnectionError,291.4457321166992
1786832858.2220218,ERROR:ConnectionError,115.42177200317383
1786832858.2704558,ERROR:ConnectionError,71.4273452758789
1786832858.2630596,ERROR:ConnectionError,105.67355155944824
1786832858.28514,ERROR:ConnectionError,83.90426635742188
1786832858.3046594,ERROR:ConnectionError,88.01031112670898
1786832858.3114934,ERROR:ConnectionError,82.72457122802734
1786832858.3169503,ERROR:ConnectionError,93.05405616760254
1786832858.323152,ERROR:ConnectionError,93.15729141235352
1786832858.3193915,ERROR:ConnectionError,108.94560813903809
1786832858.3253047,ERROR:ConnectionError,113.24286460876465
1786832858.369047,ERROR:ConnectionError,89.62607383728027
1786832858.394222,ERROR:ConnectionError,65.75131416320801
1786832858.337453,ERROR:ConnectionError,134.66382026672363
1786832858.3926775,ERROR:ConnectionError,79.74028587341309
1786832858.368747,ERROR:ConnectionError,107.6512336730957
1786832858.4100125,ERROR:ConnectionError,67.00587272644043
1786832858.416314,ERROR:ConnectionError,81.96496963500977
1786832858.4385555,ERROR:ConnectionError,62.47401237487793
1786832858.3418932,ERROR:ConnectionError,163.27214241027832
1786832858.4586816,ERROR:ConnectionError,46.766042709350586
1786832858.428419,ERROR:ConnectionError,99.21741485595703
1786832858.4599774,ERROR:ConnectionError,135.03313064575195
1786832858.4764063,ERROR:ConnectionError,118.89839172363281
1786832858.4721258,ERROR:ConnectionError,138.4599208831787
1786832858.5054517,ERROR:ConnectionError,122.71904945373535
1786832858.4770217,ERROR:ConnectionError,155.4393768310547
1786832858.4724224,ERROR:ConnectionError,160.3693962097168
1786832858.5953107,ERROR:ConnectionError,42.014360427856445
1786832858.4982932,ERROR:ConnectionError,140.71273803710938
1786832858.5010428,ERROR:ConnectionError,141.33071899414062
1786832858.628176,ERROR:ConnectionError,22.157669067382812
1786832858.5276432,ERROR:ConnectionError,146.53635025024414
1786832858.5950162,ERROR:ConnectionError,85.57605743408203
1786832858.6105945,ERROR:ConnectionError,79.08225059509277
1786832858.6373327,ERROR:ConnectionError,58.65788459777832
1786832858.6324677,ERROR:ConnectionError,63.852787017822266
1786832858.632797,ERROR:ConnectionError,64.87369537353516
1786832858.639011,ERROR:ConnectionError,61.78736686706543
1786832858.5051713,ERROR:ConnectionError,198.50993156433105
1786832858.642381,ERROR:ConnectionError,71.11668586730957
1786832858.6741886,ERROR:ConnectionError,39.55507278442383
1786832858.6503441,ERROR:ConnectionError,71.09689712524414
1786832858.6896825,ERROR:ConnectionError,32.46045112609863
1786832858.696004,ERROR:ConnectionError,27.881383895874023
1786832858.6806042,ERROR:ConnectionError,43.42913627624512
1786832858.696324,ERROR:ConnectionError,33.07938575744629
1786832858.6976776,ERROR:ConnectionError,33.38932991027832
1786832858.700806,ERROR:ConnectionError,30.693769454956055
1786832858.703694,ERROR:ConnectionError,29.28757667541504
1786832858.713511,ERROR:ConnectionError,22.39227294921875
1786832858.7215154,ERROR:ConnectionError,15.928268432617188
1786832858.7137468,ERROR:ConnectionError,24.716854095458984
1786832858.729412,ERROR:ConnectionError,11.610031127929688
1786832858.7240367,ERROR:ConnectionError,17.268896102905273
1786832858.7329874,ERROR:ConnectionError,13.980865478515625
1786832858.7384713,ERROR:ConnectionError,13.852834701538086
1786832858.731507,ERROR:ConnectionError,22.868871688842773
1786832858.735913,ERROR:ConnectionError,18.690109252929688
1786832858.7310734,ERROR:ConnectionError,24.58643913269043
1786832858.7374516,ERROR:ConnectionError,18.90087127685547
1786832858.7410274,ERROR:ConnectionError,21.13056182861328
1786832858.7413092,ERROR:ConnectionError,21.27981185913086
1786832858.746977,ERROR:ConnectionError,16.53122901916504
1786832858.7523358,ERROR:ConnectionError,14.539241790771484
1786832858.7556636,ERROR:ConnectionError,12.2833251953125
1786832858.754609,ERROR:ConnectionError,15.534400939941406
1786832858.7543838,ERROR:ConnectionError,19.44589614868164
1786832858.756355,ERROR:ConnectionError,17.744779586791992
1786832858.7621684,ERROR:ConnectionError,12.493133544921875
1786832858.762596,ERROR:ConnectionError,17.535686492919922
1786832858.7679553,ERROR:ConnectionError,12.54892349243164
1786832858.763513,ERROR:ConnectionError,18.08786392211914
1786832858.7668839,ERROR:ConnectionError,15.212774276733398
1786832858.7701552,ERROR:ConnectionError,14.946699142456055
1786832858.723888,ERROR:ConnectionError,63.047170639038086
1786832858.7738338,ERROR:ConnectionError,13.280153274536133
1786832858.7741075,ERROR:ConnectionError,17.20881462097168
1786832858.7746665,ERROR:ConnectionError,17.062902450561523
1786832858.7816088,ERROR:ConnectionError,11.499643325805664
1786832858.7805097,ERROR:ConnectionError,13.520002365112305
1786832858.7221467,ERROR:ConnectionError,75.56676864624023
1786832858.7801733,ERROR:ConnectionError,22.457599639892578
1786832858.7869403,ERROR:ConnectionError,17.794370651245117
1786832858.7821033,ERROR:ConnectionError,23.265361785888672
1786832858.7871165,ERROR:ConnectionError,19.834041595458984
1786832858.7851076,ERROR:ConnectionError,24.85513687133789
1786832858.791322,ERROR:ConnectionError,19.080400466918945
1786832858.7977176,ERROR:ConnectionError,12.981414794921875
1786832858.7940352,ERROR:ConnectionError,18.991470336914062
1786832858.7931163,ERROR:ConnectionError,20.19190788269043
1786832858.791733,ERROR:ConnectionError,24.44314956665039
1786832858.8047402,ERROR:ConnectionError,15.188932418823242
1786832858.8026426,ERROR:ConnectionError,17.51875877380371
1786832858.8053744,ERROR:ConnectionError,19.280672073364258
1786832858.8069775,ERROR:ConnectionError,17.870426177978516
1786832858.8099694,ERROR:ConnectionError,17.29869842529297
1786832858.8133116,ERROR:ConnectionError,14.825820922851562
1786832858.8130326,ERROR:ConnectionError,15.30146598815918
1786832858.8104076,ERROR:ConnectionError,19.227981567382812
1786832858.8107157,ERROR:ConnectionError,26.343822479248047
1786832858.8161824,ERROR:ConnectionError,22.02153205871582
1786832858.8199377,ERROR:ConnectionError,18.912315368652344
1786832858.820167,ERROR:ConnectionError,19.305944442749023
1786832858.8248518,ERROR:ConnectionError,17.727375030517578
1786832858.8272738,ERROR:ConnectionError,18.41449737548828
1786832858.8283381,ERROR:ConnectionError,20.043611526489258
1786832858.8246608,ERROR:ConnectionError,25.447607040405273
1786832858.8281422,ERROR:ConnectionError,26.735782623291016
1786832858.838213,ERROR:ConnectionError,20.7059383392334
1786832858.837066,ERROR:ConnectionError,22.377490997314453
1786832858.829641,ERROR:ConnectionError,30.154943466186523
1786832858.8389146,ERROR:ConnectionError,21.12555503845215
1786832858.8394794,ERROR:ConnectionError,21.065950393676758
1786832858.8425858,ERROR:ConnectionError,20.739316940307617
1786832858.845693,ERROR:ConnectionError,20.588159561157227
1786832858.8483934,ERROR:ConnectionError,19.984722137451172
1786832858.850115,ERROR:ConnectionError,18.81122589111328
1786832858.8548882,ERROR:ConnectionError,15.987396240234375
1786832858.8598006,ERROR:ConnectionError,12.456655502319336
1786832858.8594532,ERROR:ConnectionError,13.676881790161133
1786832858.8589306,ERROR:ConnectionError,83.14061164855957
1786832858.8633308,ERROR:ConnectionError,79.53643798828125
1786832858.8600438,ERROR:ConnectionError,84.81144905090332
1786832858.8662899,ERROR:ConnectionError,80.86204528808594
1786832858.8689327,ERROR:ConnectionError,80.01470565795898
1786832858.8731356,ERROR:ConnectionError,80.08623123168945
1786832858.8722634,ERROR:ConnectionError,88.5312557220459
1786832858.8683858,ERROR:ConnectionError,92.66042709350586
1786832858.9420776,ERROR:ConnectionError,22.337913513183594
1786832858.9448595,ERROR:ConnectionError,20.046710968017578
1786832858.947159,ERROR:ConnectionError,20.270824432373047
1786832858.948952,ERROR:ConnectionError,20.47133445739746
1786832858.9428706,ERROR:ConnectionError,27.9390811920166
1786832858.9532263,ERROR:ConnectionError,18.471956253051758
1786832858.9610498,ERROR:ConnectionError,13.074398040771484
1786832858.9674623,ERROR:ConnectionError,8.696556091308594
1786832858.9694295,ERROR:ConnectionError,7.186174392700195
1786832858.9644232,ERROR:ConnectionError,12.85862922668457
1786832858.8708816,ERROR:ConnectionError,107.9862117767334
1786832858.964913,ERROR:ConnectionError,14.750003814697266
1786832858.9708147,ERROR:ConnectionError,11.452674865722656
1786832858.9717011,ERROR:ConnectionError,14.249801635742188
1786832858.974129,ERROR:ConnectionError,12.021780014038086
1786832858.8605492,ERROR:ConnectionError,128.2038688659668
1786832858.976621,ERROR:ConnectionError,13.978719711303711
1786832858.9772851,ERROR:ConnectionError,13.563871383666992
1786832858.979666,ERROR:ConnectionError,13.41557502746582
1786832858.9788742,ERROR:ConnectionError,15.434980392456055
1786832858.9859579,ERROR:ConnectionError,8.983135223388672
1786832858.9861531,ERROR:ConnectionError,10.020732879638672
1786832858.982274,ERROR:ConnectionError,17.436742782592773
1786832858.988757,ERROR:ConnectionError,11.896848678588867
1786832858.9906056,ERROR:ConnectionError,12.258529663085938
1786832858.990852,ERROR:ConnectionError,14.348983764648438
1786832858.9608033,ERROR:ConnectionError,45.22061347961426
1786832858.9943156,ERROR:ConnectionError,11.884927749633789
1786832858.993088,ERROR:ConnectionError,13.318300247192383
1786832858.9761674,ERROR:ConnectionError,34.230709075927734
1786832858.994947,ERROR:ConnectionError,20.848989486694336
1786832858.9961782,ERROR:ConnectionError,22.87149429321289
1786832859.0006604,ERROR:ConnectionError,25.02274513244629
1786832859.002871,ERROR:ConnectionError,29.164552688598633
1786832858.9997168,ERROR:ConnectionError,65.03105163574219
1786832859.005206,ERROR:ConnectionError,62.89029121398926
1786832859.0064087,ERROR:ConnectionError,73.19355010986328
1786832859.0060272,ERROR:ConnectionError,76.2777328491211
1786832859.0104032,ERROR:ConnectionError,72.90148735046387
1786832859.0158107,ERROR:ConnectionError,67.72136688232422
1786832859.0256894,ERROR:ConnectionError,61.82861328125
1786832859.019059,ERROR:ConnectionError,68.75348091125488
1786832859.03205,ERROR:ConnectionError,56.01048469543457
1786832859.006203,ERROR:ConnectionError,84.61284637451172
1786832859.0647578,ERROR:ConnectionError,26.273012161254883
1786832859.0681043,ERROR:ConnectionError,30.408382415771484
1786832859.0796099,ERROR:ConnectionError,40.207862854003906
1786832859.082363,ERROR:ConnectionError,39.58845138549805
1786832859.0835352,ERROR:ConnectionError,39.22557830810547
1786832859.083327,ERROR:ConnectionError,69.41509246826172
1786832859.0878165,ERROR:ConnectionError,102.46872901916504
1786832859.0875223,ERROR:ConnectionError,106.69875144958496
1786832859.0910327,ERROR:ConnectionError,143.1591510772705
1786832859.1198277,ERROR:ConnectionError,137.1898651123047
1786832859.0985255,ERROR:ConnectionError,159.51180458068848
1786832859.1219585,ERROR:ConnectionError,137.75348663330078
1786832859.2342017,ERROR:ConnectionError,26.203393936157227
1786832859.1227646,ERROR:ConnectionError,137.8014087677002
1786832859.1942255,ERROR:ConnectionError,79.08844947814941
1786832859.2580419,ERROR:ConnectionError,16.640663146972656
1786832859.0908191,ERROR:ConnectionError,186.66696548461914
1786832859.1527488,ERROR:ConnectionError,126.63841247558594
1786832859.1902943,ERROR:ConnectionError,92.24724769592285
1786832859.2605698,ERROR:ConnectionError,27.858972549438477
1786832859.2597194,ERROR:ConnectionError,29.481887817382812
1786832859.2570236,ERROR:ConnectionError,32.77254104614258
1786832859.0880632,ERROR:ConnectionError,205.37972450256348
1786832859.2793958,ERROR:ConnectionError,32.8826904296875
1786832859.2733226,ERROR:ConnectionError,44.5559024810791
1786832859.2604086,ERROR:ConnectionError,58.100223541259766
1786832859.2892048,ERROR:ConnectionError,30.58004379272461
1786832859.2746885,ERROR:ConnectionError,46.63205146789551
1786832859.2825453,ERROR:ConnectionError,42.93179512023926
1786832859.2884364,ERROR:ConnectionError,38.59305381774902
1786832859.2897992,ERROR:ConnectionError,37.55474090576172
1786832859.2934494,ERROR:ConnectionError,35.04490852355957
1786832859.2774923,ERROR:ConnectionError,51.41568183898926
1786832859.3178906,ERROR:ConnectionError,56.703805923461914
1786832859.3254814,ERROR:ConnectionError,50.774574279785156
1786832859.3185167,ERROR:ConnectionError,58.13765525817871
1786832859.3197901,ERROR:ConnectionError,60.22453308105469
1786832859.321325,ERROR:ConnectionError,61.638832092285156
1786832859.3122895,ERROR:ConnectionError,73.21906089782715
1786832859.3270378,ERROR:ConnectionError,61.17653846740723
1786832859.3285053,ERROR:ConnectionError,61.68246269226074
1786832859.3273606,ERROR:ConnectionError,63.793182373046875
1786832859.3289146,ERROR:ConnectionError,66.90621376037598
1786832859.374602,ERROR:ConnectionError,62.33716011047363
1786832859.3855164,ERROR:ConnectionError,75.88648796081543
1786832859.3901966,ERROR:ConnectionError,76.35283470153809
1786832859.3882222,ERROR:ConnectionError,78.77135276794434
1786832859.376658,ERROR:ConnectionError,93.42288970947266
1786832859.382972,ERROR:ConnectionError,87.51678466796875
1786832859.376259,ERROR:ConnectionError,95.84736824035645
1786832859.3911614,ERROR:ConnectionError,86.76314353942871
1786832859.3958266,ERROR:ConnectionError,83.23931694030762
1786832859.3800263,ERROR:ConnectionError,100.89540481567383
1786832859.4369502,ERROR:ConnectionError,47.049760818481445
1786832859.4614134,ERROR:ConnectionError,24.888277053833008
1786832859.466561,ERROR:ConnectionError,25.188922882080078
1786832859.4721117,ERROR:ConnectionError,40.375471115112305
1786832859.4700863,ERROR:ConnectionError,43.11251640319824
1786832859.4669993,ERROR:ConnectionError,46.965837478637695
1786832859.4779315,ERROR:ConnectionError,36.254167556762695
1786832859.4704955,ERROR:ConnectionError,44.45338249206543
1786832859.480928,ERROR:ConnectionError,46.3411808013916
1786832859.484012,ERROR:ConnectionError,43.610572814941406
1786832859.4790714,ERROR:ConnectionError,49.489498138427734
1786832859.51397,ERROR:ConnectionError,15.538930892944336
1786832859.4863112,ERROR:ConnectionError,44.133663177490234
1786832859.4917586,ERROR:ConnectionError,46.11849784851074
1786832859.5124955,ERROR:ConnectionError,42.8926944732666
1786832859.5132053,ERROR:ConnectionError,46.39101028442383
1786832859.5285647,ERROR:ConnectionError,34.57474708557129
1786832859.5141895,ERROR:ConnectionError,52.76823043823242
1786832859.514952,ERROR:ConnectionError,53.87449264526367
1786832859.5276265,ERROR:ConnectionError,41.739463806152344
1786832859.5272815,ERROR:ConnectionError,46.47517204284668
1786832859.5304477,ERROR:ConnectionError,53.13396453857422
1786832859.555395,ERROR:ConnectionError,34.96098518371582
1786832859.5378962,ERROR:ConnectionError,53.339242935180664
1786832859.5295148,ERROR:ConnectionError,63.10272216796875
1786832859.5631452,ERROR:ConnectionError,33.31875801086426
1786832859.5596056,ERROR:ConnectionError,37.14132308959961
1786832859.5669703,ERROR:ConnectionError,30.92336654663086
1786832859.5688317,ERROR:ConnectionError,38.87605667114258
1786832859.5693696,ERROR:ConnectionError,39.89434242248535
1786832859.5737655,ERROR:ConnectionError,500.53954124450684
1786832859.5967507,ERROR:ConnectionError,477.88071632385254
1786832859.5912395,ERROR:ConnectionError,483.65283012390137
1786832859.5978978,ERROR:ConnectionError,477.2229194641113
1786832859.5964737,ERROR:ConnectionError,479.08592224121094
1786832859.5835917,ERROR:ConnectionError,492.1762943267822
1786832859.5926204,ERROR:ConnectionError,484.45892333984375
1786832859.5903647,ERROR:ConnectionError,489.8355007171631
1786832859.6077185,ERROR:ConnectionError,482.43188858032227
1786832860.0748968,ERROR:ConnectionError,88.18745613098145
1786832860.074316,ERROR:ConnectionError,89.16592597961426
1786832860.0757725,ERROR:ConnectionError,116.60003662109375
1786832860.0751262,ERROR:ConnectionError,179.57568168640137
1786832860.0755641,ERROR:ConnectionError,185.9123706817627
1786832860.0770857,ERROR:ConnectionError,187.2539520263672
1786832860.1630952,ERROR:ConnectionError,103.85918617248535
1786832860.0802064,ERROR:ConnectionError,188.01212310791016
1786832860.1923845,ERROR:ConnectionError,82.36074447631836
1786832860.0746374,ERROR:ConnectionError,206.8195343017578
1786832860.090158,ERROR:ConnectionError,193.0675506591797
1786832859.6092682,ERROR:ConnectionError,674.189567565918
1786832860.254712,ERROR:ConnectionError,51.062583923339844
1786832860.2614846,ERROR:ConnectionError,51.76877975463867
1786832860.268226,ERROR:ConnectionError,47.15538024902344
1786832860.3057907,ERROR:ConnectionError,13.321876525878906
1786832860.2834628,ERROR:ConnectionError,46.593427658081055
1786832860.1634886,ERROR:ConnectionError,168.12729835510254
1786832860.281465,ERROR:ConnectionError,52.576541900634766
1786832860.2747543,ERROR:ConnectionError,60.55498123168945
1786832860.283232,ERROR:ConnectionError,58.18033218383789
1786832860.3132622,ERROR:ConnectionError,34.59644317626953
1786832860.3153882,ERROR:ConnectionError,39.52503204345703
1786832860.2669637,ERROR:ConnectionError,101.89270973205566
1786832860.3191228,ERROR:ConnectionError,102.69331932067871
1786832860.2643485,ERROR:ConnectionError,159.9106788635254
1786832860.3340557,ERROR:ConnectionError,102.10537910461426
1786832860.3353164,ERROR:ConnectionError,104.93922233581543
1786832860.3300676,ERROR:ConnectionError,131.54268264770508
1786832860.3478692,ERROR:ConnectionError,121.45233154296875
1786832860.3316228,ERROR:ConnectionError,140.16270637512207
1786832860.3549407,ERROR:ConnectionError,149.37996864318848
1786832860.3414345,ERROR:ConnectionError,164.1392707824707
1786832860.4242666,ERROR:ConnectionError,84.62834358215332
1786832860.4361722,ERROR:ConnectionError,73.12321662902832
1786832860.4402678,ERROR:ConnectionError,70.69206237792969
1786832860.4218986,ERROR:ConnectionError,98.63829612731934
1786832860.3688653,ERROR:ConnectionError,161.2548828125
1786832860.4693336,ERROR:ConnectionError,69.91195678710938
1786832860.471794,ERROR:ConnectionError,71.37823104858398
1786832860.4616218,ERROR:ConnectionError,82.79204368591309
1786832860.5043318,ERROR:ConnectionError,61.30623817443848
1786832860.5093005,ERROR:ConnectionError,64.0861988067627
1786832860.5055864,ERROR:ConnectionError,72.06583023071289
1786832860.5089045,ERROR:ConnectionError,73.49562644958496
1786832860.5109665,ERROR:ConnectionError,107.31768608093262
1786832860.520548,ERROR:ConnectionError,111.79208755493164
1786832860.5301254,ERROR:ConnectionError,148.51045608520508
1786832860.5392542,ERROR:ConnectionError,309.8335266113281
1786832860.543182,ERROR:ConnectionError,306.2472343444824
1786832860.5444195,ERROR:ConnectionError,324.9197006225586
1786832860.8490977,ERROR:ConnectionError,30.157804489135742
1786832860.5656474,ERROR:ConnectionError,321.22206687927246
1786832860.869344,ERROR:ConnectionError,22.417306900024414
1786832860.6182976,ERROR:ConnectionError,280.8547019958496
1786832860.6786432,ERROR:ConnectionError,228.6534309387207
1786832860.63235,ERROR:ConnectionError,275.15125274658203
1786832860.886875,ERROR:ConnectionError,33.01596641540527
1786832860.8494341,ERROR:ConnectionError,75.3781795501709
1786832860.577664,ERROR:ConnectionError,347.46527671813965
1786832860.9073033,ERROR:ConnectionError,27.217388153076172
1786832860.5733938,ERROR:ConnectionError,371.6747760772705
1786832860.582405,ERROR:ConnectionError,368.8321113586426
1786832860.907505,ERROR:ConnectionError,51.6202449798584
1786832860.8792653,ERROR:ConnectionError,92.43297576904297
1786832860.9248216,ERROR:ConnectionError,55.05943298339844
1786832860.8917713,ERROR:ConnectionError,95.1395034790039
1786832860.9345307,ERROR:ConnectionError,65.98687171936035
1786832860.9591348,ERROR:ConnectionError,47.41835594177246
1786832860.9717145,ERROR:ConnectionError,51.25880241394043
1786832860.8991628,ERROR:ConnectionError,130.19871711730957
1786832860.9512517,ERROR:ConnectionError,89.73288536071777
1786832860.9798858,ERROR:ConnectionError,68.5129165649414
1786832860.9199014,ERROR:ConnectionError,146.4974880218506
1786832860.9450753,ERROR:ConnectionError,136.3217830657959
1786832861.000528,ERROR:ConnectionError,89.80822563171387
1786832861.0293708,ERROR:ConnectionError,73.00114631652832
1786832860.9869194,ERROR:ConnectionError,128.36599349975586
1786832861.0229793,ERROR:ConnectionError,93.81961822509766
1786832860.9251337,ERROR:ConnectionError,216.76087379455566
1786832861.1419044,ERROR:ConnectionError,499.03011322021484
1786832861.066407,ERROR:ConnectionError,575.2966403961182
1786832861.0409958,ERROR:ConnectionError,601.125955581665
1786832861.1152945,ERROR:ConnectionError,527.5650024414062
1786832861.09035,ERROR:ConnectionError,552.8173446655273
1786832861.0814068,ERROR:ConnectionError,562.1533393859863
1786832861.006564,ERROR:ConnectionError,637.4123096466064
1786832861.1168034,ERROR:ConnectionError,530.6787490844727
1786832861.102381,ERROR:ConnectionError,545.4206466674805
1786832861.0484054,ERROR:ConnectionError,603.3303737640381
1786832861.6409814,ERROR:ConnectionError,30.629634857177734
1786832861.6428664,ERROR:ConnectionError,30.357837677001953
1786832861.6478045,ERROR:ConnectionError,99.8992919921875
1786832861.6517408,ERROR:ConnectionError,153.6405086517334
1786832861.6431725,ERROR:ConnectionError,164.23273086547852
1786832861.643563,ERROR:ConnectionError,171.8006134033203
1786832861.6716206,ERROR:ConnectionError,144.78206634521484
1786832861.6439793,ERROR:ConnectionError,174.38602447509766
1786832861.6421282,ERROR:ConnectionError,176.47910118103027
1786832861.641713,ERROR:ConnectionError,178.74550819396973
1786832861.8053923,ERROR:ConnectionError,19.71125602722168
1786832861.8074133,ERROR:ConnectionError,21.9576358795166
1786832861.7477124,ERROR:ConnectionError,82.86261558532715
1786832861.6474886,ERROR:ConnectionError,202.72040367126465
1786832861.6732323,ERROR:ConnectionError,192.8424835205078
1786832861.8153727,ERROR:ConnectionError,111.59825325012207
1786832861.8660846,ERROR:ConnectionError,84.81454849243164
1786832861.8186119,ERROR:ConnectionError,142.78364181518555
1786832861.8305805,ERROR:ConnectionError,222.64480590820312
1786832861.8502152,ERROR:ConnectionError,210.4814052581787
1786832861.9269779,ERROR:ConnectionError,140.97833633422852
1786832861.9614022,ERROR:ConnectionError,113.99579048156738
1786832861.818371,ERROR:ConnectionError,262.7830505371094
1786832861.8204668,ERROR:ConnectionError,269.41967010498047
1786832861.825112,ERROR:ConnectionError,269.9623107910156
1786832861.9509046,ERROR:ConnectionError,145.0638771057129
1786832862.0607023,ERROR:ConnectionError,50.73857307434082
1786832862.0811596,ERROR:ConnectionError,45.22228240966797
1786832862.0754085,ERROR:ConnectionError,55.350303649902344
1786832862.0679626,ERROR:ConnectionError,63.04621696472168
1786832862.0898952,ERROR:ConnectionError,43.29514503479004
1786832862.0532336,ERROR:ConnectionError,87.07547187805176
1786832862.0959737,ERROR:ConnectionError,50.995588302612305
1786832861.8293788,ERROR:ConnectionError,323.93479347229004
1786832862.1114485,ERROR:ConnectionError,43.75147819519043
1786832862.0950818,ERROR:ConnectionError,65.64497947692871
1786832862.1263883,ERROR:ConnectionError,35.81690788269043
1786832862.1307669,ERROR:ConnectionError,37.1549129486084
1786832862.1310134,ERROR:ConnectionError,37.7802848815918
1786832862.1331966,ERROR:ConnectionError,36.41772270202637
1786832862.153321,ERROR:ConnectionError,17.22574234008789
1786832862.1552036,ERROR:ConnectionError,16.05224609375
1786832862.1469772,ERROR:ConnectionError,27.4350643157959
1786832861.8164067,ERROR:ConnectionError,359.99536514282227
1786832862.167929,ERROR:ConnectionError,36.34047508239746
1786832862.1607327,ERROR:ConnectionError,43.76935958862305
1786832862.1712594,ERROR:ConnectionError,40.94648361206055
1786832862.1688,ERROR:ConnectionError,43.590545654296875
1786832862.2123935,ERROR:ConnectionError,26.140451431274414
1786832862.1705494,ERROR:ConnectionError,68.27402114868164
1786832862.2042787,ERROR:ConnectionError,34.68036651611328
1786832862.1696174,ERROR:ConnectionError,69.94509696960449
1786832862.1744194,ERROR:ConnectionError,68.91918182373047
1786832862.176407,ERROR:ConnectionError,70.02830505371094
1786832862.1403177,ERROR:ConnectionError,106.32801055908203
1786832862.212213,ERROR:ConnectionError,41.13316535949707
1786832862.2045047,ERROR:ConnectionError,49.0107536315918
1786832862.1622105,ERROR:ConnectionError,159.14630889892578
1786832862.2395654,ERROR:ConnectionError,112.11776733398438
1786832862.2433448,ERROR:ConnectionError,124.9537467956543
1786832862.3516881,ERROR:ConnectionError,18.86129379272461
1786832862.2466478,ERROR:ConnectionError,124.13740158081055
1786832862.2389615,ERROR:ConnectionError,132.41028785705566
1786832862.2388265,ERROR:ConnectionError,132.80844688415527
1786832862.246443,ERROR:ConnectionError,136.85941696166992
1786832862.253518,ERROR:ConnectionError,132.92956352233887
1786832862.2385418,ERROR:ConnectionError,155.9884548187256
1786832862.3683045,ERROR:ConnectionError,33.01835060119629
1786832862.2533526,ERROR:ConnectionError,176.38587951660156
1786832862.401327,ERROR:ConnectionError,41.361093521118164
1786832862.3833082,ERROR:ConnectionError,59.56149101257324
1786832862.371375,ERROR:ConnectionError,74.50246810913086
1786832862.3213673,ERROR:ConnectionError,125.50497055053711
1786832862.3707876,ERROR:ConnectionError,78.4764289855957
1786832862.3864543,ERROR:ConnectionError,66.72453880310059
1786832862.370553,ERROR:ConnectionError,83.18400382995605
1786832862.3716373,ERROR:ConnectionError,86.3804817199707
1786832862.4297478,ERROR:ConnectionError,42.32907295227051
1786832862.4428723,ERROR:ConnectionError,37.647247314453125
1786832862.4426932,ERROR:ConnectionError,46.13852500915527
1786832862.3945422,ERROR:ConnectionError,99.53880310058594
1786832862.4492683,ERROR:ConnectionError,58.686017990112305
1786832862.4531844,ERROR:ConnectionError,75.99377632141113
1786832862.4537401,ERROR:ConnectionError,77.85344123840332
1786832862.4458838,ERROR:ConnectionError,91.7508602142334
1786832862.4468753,ERROR:ConnectionError,91.56441688537598
1786832862.4720867,ERROR:ConnectionError,79.28061485290527
1786832862.4888422,ERROR:ConnectionError,71.62189483642578
1786832862.4580245,ERROR:ConnectionError,105.6220531463623
1786832862.4940913,ERROR:ConnectionError,84.15675163269043
1786832862.480526,ERROR:ConnectionError,112.94031143188477
1786832862.507971,ERROR:ConnectionError,95.37124633789062
1786832862.5291867,ERROR:ConnectionError,103.15108299255371
1786832862.5316026,ERROR:ConnectionError,141.02673530578613
1786832862.56047,ERROR:ConnectionError,129.75335121154785
1786832862.5636528,ERROR:ConnectionError,133.11266899108887
1786832862.5376427,ERROR:ConnectionError,190.58942794799805
1786832862.538443,ERROR:ConnectionError,192.05832481384277
1786832862.593476,ERROR:ConnectionError,151.9787311553955
1786832862.5782564,ERROR:ConnectionError,169.30675506591797
1786832862.5513763,ERROR:ConnectionError,209.22565460205078
1786832862.6033494,ERROR:ConnectionError,165.6479835510254
1786832862.6323507,ERROR:ConnectionError,157.80138969421387
1786832862.6726418,ERROR:ConnectionError,128.6463737487793
1786832862.6902306,ERROR:ConnectionError,134.6447467803955
1786832862.6967733,ERROR:ConnectionError,135.15710830688477
1786832862.801294,ERROR:ConnectionError,31.189441680908203
1786832862.7305098,ERROR:ConnectionError,134.43589210510254
1786832862.747575,ERROR:ConnectionError,130.03897666931152
1786832862.7690024,ERROR:ConnectionError,111.6948127746582
1786832862.728246,ERROR:ConnectionError,152.67658233642578
1786832862.8248868,ERROR:ConnectionError,64.35465812683105
1786832862.8319387,ERROR:ConnectionError,57.58810043334961
1786832862.8324864,ERROR:ConnectionError,57.22498893737793
1786832862.8807032,ERROR:ConnectionError,31.576156616210938
1786832862.7606144,ERROR:ConnectionError,152.4968147277832
1786832862.8809266,ERROR:ConnectionError,46.088218688964844
1786832862.8897161,ERROR:ConnectionError,37.734031677246094
1786832862.8892503,ERROR:ConnectionError,41.174888610839844
1786832862.8895316,ERROR:ConnectionError,46.10252380371094
1786832862.9131155,ERROR:ConnectionError,29.88290786743164
1786832862.8776267,ERROR:ConnectionError,66.12300872802734
1786832862.9122903,ERROR:ConnectionError,47.25956916809082
1786832862.9274542,ERROR:ConnectionError,42.49000549316406
1786832862.8649514,ERROR:ConnectionError,105.29065132141113
1786832862.745465,ERROR:ConnectionError,226.7594337463379
1786832862.9270248,ERROR:ConnectionError,47.632694244384766
1786832862.7901645,ERROR:ConnectionError,194.47088241577148
1786832862.930431,ERROR:ConnectionError,76.46703720092773
1786832862.9356446,ERROR:ConnectionError,84.75565910339355
1786832862.9430044,ERROR:ConnectionError,92.76008605957031
1786832862.9702458,ERROR:ConnectionError,78.80258560180664
1786832862.9722304,ERROR:ConnectionError,77.85773277282715
1786832862.969953,ERROR:ConnectionError,80.36136627197266
1786832862.943755,ERROR:ConnectionError,121.38652801513672
1786832862.9846456,ERROR:ConnectionError,80.83105087280273
1786832862.9595594,ERROR:ConnectionError,107.31053352355957
1786832862.9746656,ERROR:ConnectionError,99.4110107421875
1786832863.0503185,ERROR:ConnectionError,24.53136444091797
1786832863.0500934,ERROR:ConnectionError,25.05326271057129
1786832863.020409,ERROR:ConnectionError,61.22756004333496
1786832863.006909,ERROR:ConnectionError,86.12513542175293
1786832863.0357726,ERROR:ConnectionError,65.16289710998535
1786832863.0740848,ERROR:ConnectionError,49.97682571411133
1786832863.0654814,ERROR:ConnectionError,62.140464782714844
1786832863.066874,ERROR:ConnectionError,64.96572494506836
1786832863.049057,ERROR:ConnectionError,84.91826057434082
1786832863.075153,ERROR:ConnectionError,73.46892356872559
1786832863.0651522,ERROR:ConnectionError,83.88042449951172
1786832863.0816467,ERROR:ConnectionError,77.26120948791504
1786832863.0748563,ERROR:ConnectionError,157.16218948364258
1786832863.093046,ERROR:ConnectionError,179.46195602416992
1786832863.1009448,ERROR:ConnectionError,185.59885025024414
1786832863.1276278,ERROR:ConnectionError,160.63809394836426
1786832863.149038,ERROR:ConnectionError,143.1739330291748
1786832863.1589174,ERROR:ConnectionError,134.03964042663574
1786832863.1318474,ERROR:ConnectionError,162.3532772064209
1786832863.1339843,ERROR:ConnectionError,182.24000930786133
1786832863.2320302,ERROR:ConnectionError,88.47451210021973
1786832863.272522,ERROR:ConnectionError,63.477516174316406
1786832863.124076,ERROR:ConnectionError,212.25762367248535
1786832863.2929635,ERROR:ConnectionError,47.43051528930664
1786832863.2882774,ERROR:ConnectionError,58.01129341125488
1786832863.2942069,ERROR:ConnectionError,56.11991882324219
1786832863.2922223,ERROR:ConnectionError,58.41827392578125
1786832863.3162332,ERROR:ConnectionError,37.210941314697266
1786832863.1486473,ERROR:ConnectionError,211.19999885559082
1786832863.3363392,ERROR:ConnectionError,27.01544761657715
1786832863.2865531,ERROR:ConnectionError,78.97663116455078
1786832863.3205125,ERROR:ConnectionError,50.3239631652832
1786832863.3404026,ERROR:ConnectionError,33.240556716918945
1786832863.33601,ERROR:ConnectionError,38.0091667175293
1786832863.3462994,ERROR:ConnectionError,29.12616729736328
1786832863.3506446,ERROR:ConnectionError,36.49497032165527
1786832863.3503346,ERROR:ConnectionError,52.21080780029297
1786832863.3534532,ERROR:ConnectionError,79.74004745483398
1786832863.3655381,ERROR:ConnectionError,71.97761535644531
1786832863.359858,ERROR:ConnectionError,90.48175811767578
1786832863.363364,ERROR:ConnectionError,87.3417854309082
1786832863.3740275,ERROR:ConnectionError,80.71160316467285
1786832863.3708484,ERROR:ConnectionError,85.18505096435547
1786832863.3736548,ERROR:ConnectionError,94.44975852966309
1786832863.3871484,ERROR:ConnectionError,113.62504959106445
1786832863.375436,ERROR:ConnectionError,142.93980598449707
1786832863.402554,ERROR:ConnectionError,118.1027889251709
1786832863.4375236,ERROR:ConnectionError,92.81778335571289
1786832863.4332054,ERROR:ConnectionError,99.5950698852539
1786832863.450711,ERROR:ConnectionError,92.3910140991211
1786832863.450351,ERROR:ConnectionError,104.08234596252441
1786832863.4560432,ERROR:ConnectionError,124.48525428771973
1786832863.4547477,ERROR:ConnectionError,127.32744216918945
1786832863.468113,ERROR:ConnectionError,116.26458168029785
1786832863.500779,ERROR:ConnectionError,95.3974723815918
1786832863.5206661,ERROR:ConnectionError,76.71713829040527
1786832863.5431137,ERROR:ConnectionError,58.099985122680664
1786832863.5805373,ERROR:ConnectionError,23.144245147705078
1786832863.5303514,ERROR:ConnectionError,73.76384735107422
1786832863.5544417,ERROR:ConnectionError,49.887895584106445
1786832863.53281,ERROR:ConnectionError,77.07929611206055
1786832863.584385,ERROR:ConnectionError,30.85947036743164
1786832863.5183873,ERROR:ConnectionError,100.83580017089844
1786832863.5820854,ERROR:ConnectionError,40.53521156311035
1786832863.5961869,ERROR:ConnectionError,28.62405776977539
1786832863.59739,ERROR:ConnectionError,28.657197952270508
1786832863.6041217,ERROR:ConnectionError,37.6887321472168
1786832863.6012242,ERROR:ConnectionError,44.25930976867676
1786832863.6036897,ERROR:ConnectionError,47.646522521972656
1786832863.6043336,ERROR:ConnectionError,51.15795135498047
1786832863.6098974,ERROR:ConnectionError,47.952890396118164
1786832863.6192324,ERROR:ConnectionError,51.76544189453125
1786832863.6153207,ERROR:ConnectionError,60.15729904174805
1786832863.624819,ERROR:ConnectionError,54.17823791503906
1786832863.6260555,ERROR:ConnectionError,53.72810363769531
1786832863.6513505,ERROR:ConnectionError,32.45234489440918
1786832863.6226294,ERROR:ConnectionError,67.55256652832031
1786832863.6578588,ERROR:ConnectionError,35.028696060180664
1786832863.6554995,ERROR:ConnectionError,37.88328170776367
1786832863.6454937,ERROR:ConnectionError,51.58042907714844
1786832863.6418238,ERROR:ConnectionError,67.91925430297852
1786832863.6710505,ERROR:ConnectionError,48.57206344604492
1786832863.675489,ERROR:ConnectionError,45.71199417114258
1786832863.679793,ERROR:ConnectionError,45.261383056640625
1786832863.690194,ERROR:ConnectionError,50.606727600097656
1786832863.69339,ERROR:ConnectionError,49.33357238769531
1786832863.679006,ERROR:ConnectionError,69.3504810333252
1786832863.7097535,ERROR:ConnectionError,64.27550315856934
1786832863.6928973,ERROR:ConnectionError,81.75230026245117
1786832863.6838152,ERROR:ConnectionError,96.07195854187012
1786832863.6970825,ERROR:ConnectionError,83.45746994018555
1786832863.7212079,ERROR:ConnectionError,59.72552299499512
1786832863.7250621,ERROR:ConnectionError,56.30612373352051
1786832863.719632,ERROR:ConnectionError,66.07413291931152
1786832863.7483678,ERROR:ConnectionError,38.15579414367676
1786832863.7427325,ERROR:ConnectionError,47.82462120056152
1786832863.7408407,ERROR:ConnectionError,55.47022819519043
1786832863.7813754,ERROR:ConnectionError,20.68305015563965
1786832863.7746575,ERROR:ConnectionError,28.111934661865234
1786832863.7798994,ERROR:ConnectionError,24.399757385253906
1786832863.7805471,ERROR:ConnectionError,24.021625518798828
1786832863.7740445,ERROR:ConnectionError,37.44244575500488
1786832863.790566,ERROR:ConnectionError,31.509876251220703
1786832863.7963216,ERROR:ConnectionError,29.331445693969727
1786832863.7809398,ERROR:ConnectionError,45.0594425201416
1786832863.786529,ERROR:ConnectionError,43.94221305847168
1786832863.785715,ERROR:ConnectionError,47.47939109802246
1786832863.8020713,ERROR:ConnectionError,33.82515907287598
1786832863.802778,ERROR:ConnectionError,33.6306095123291
1786832863.8045738,ERROR:ConnectionError,36.38958930969238
1786832863.8260043,ERROR:ConnectionError,27.055978775024414
1786832863.8043244,ERROR:ConnectionError,49.01003837585449
1786832863.8117669,ERROR:ConnectionError,44.39997673034668
1786832863.8256626,ERROR:ConnectionError,32.90843963623047
1786832863.8220851,ERROR:ConnectionError,45.82095146179199
1786832863.8359053,ERROR:ConnectionError,57.05833435058594
1786832863.8332026,ERROR:ConnectionError,60.094356536865234
1786832863.8364172,ERROR:ConnectionError,67.71349906921387
1786832863.8304813,ERROR:ConnectionError,78.63593101501465
1786832863.8409731,ERROR:ConnectionError,69.0147876739502
1786832863.8530698,ERROR:ConnectionError,97.10884094238281
1786832863.8533394,ERROR:ConnectionError,99.40767288208008
1786832863.8561769,ERROR:ConnectionError,102.51498222351074
1786832863.858579,ERROR:ConnectionError,101.29237174987793
1786832863.8679206,ERROR:ConnectionError,104.5987606048584
1786832863.9091282,ERROR:ConnectionError,64.79287147521973
1786832863.9099941,ERROR:ConnectionError,70.30844688415527
1786832863.892975,ERROR:ConnectionError,89.77866172790527
1786832863.9527547,ERROR:ConnectionError,32.1047306060791
1786832863.8933032,ERROR:ConnectionError,91.93801879882812
1786832863.9041407,ERROR:ConnectionError,81.31217956542969
1786832863.9501884,ERROR:ConnectionError,35.799264907836914
1786832863.958702,ERROR:ConnectionError,30.697107315063477
1786832863.9739344,ERROR:ConnectionError,24.651765823364258
1786832863.9725282,ERROR:ConnectionError,34.45720672607422
1786832863.9598775,ERROR:ConnectionError,57.036399841308594
1786832863.9803135,ERROR:ConnectionError,39.90960121154785
1786832863.9827623,ERROR:ConnectionError,43.64514350891113
1786832863.985994,ERROR:ConnectionError,46.23913764953613
1786832863.9848669,ERROR:ConnectionError,49.55029487609863
1786832863.989422,ERROR:ConnectionError,47.30653762817383
1786832864.0069966,ERROR:ConnectionError,31.311988830566406
1786832863.9852464,ERROR:ConnectionError,60.03308296203613
1786832863.998596,ERROR:ConnectionError,48.894405364990234
1786832864.0202382,ERROR:ConnectionError,41.208744049072266
1786832864.016922,ERROR:ConnectionError,44.87419128417969
1786832863.9854567,ERROR:ConnectionError,76.58815383911133
1786832864.026423,ERROR:ConnectionError,40.96484184265137
1786832864.0367358,ERROR:ConnectionError,33.76436233520508
1786832864.0344243,ERROR:ConnectionError,39.475202560424805
1786832864.0322404,ERROR:ConnectionError,45.04585266113281
1786832864.045295,ERROR:ConnectionError,38.800954818725586
1786832864.0383155,ERROR:ConnectionError,48.70724678039551
1786832864.047499,ERROR:ConnectionError,40.00973701477051
1786832864.0614579,ERROR:ConnectionError,36.90910339355469
1786832864.0618029,ERROR:ConnectionError,37.537336349487305
1786832864.0620503,ERROR:ConnectionError,51.48625373840332
1786832864.0772946,ERROR:ConnectionError,50.75383186340332
1786832864.087515,ERROR:ConnectionError,45.000553131103516
1786832864.0841029,ERROR:ConnectionError,50.45676231384277
1786832864.0739079,ERROR:ConnectionError,72.11422920227051
1786832864.0673997,ERROR:ConnectionError,86.2741470336914
1786832864.0870342,ERROR:ConnectionError,73.12464714050293
1786832864.070507,ERROR:ConnectionError,91.9952392578125
1786832864.0993474,ERROR:ConnectionError,70.13607025146484
1786832864.0983763,ERROR:ConnectionError,86.23170852661133
1786832864.1135478,ERROR:ConnectionError,71.45810127258301
1786832864.128059,ERROR:ConnectionError,87.99529075622559
1786832864.1346037,ERROR:ConnectionError,81.75802230834961
1786832864.1325247,ERROR:ConnectionError,94.37060356140137
1786832864.1460385,ERROR:ConnectionError,91.73893928527832
1786832864.1601741,ERROR:ConnectionError,77.87251472473145
1786832864.1694934,ERROR:ConnectionError,74.27215576171875
1786832864.1850123,ERROR:ConnectionError,59.59367752075195
1786832864.1846192,ERROR:ConnectionError,62.26968765258789
1786832864.162511,ERROR:ConnectionError,86.55667304992676
1786832864.2163677,ERROR:ConnectionError,34.65771675109863
1786832864.226905,ERROR:ConnectionError,25.205373764038086
1786832864.1536853,ERROR:ConnectionError,104.84957695007324
1786832864.2380517,ERROR:ConnectionError,36.88693046569824
1786832864.2160637,ERROR:ConnectionError,59.319257736206055
1786832864.237786,ERROR:ConnectionError,39.37411308288574
1786832864.2437758,ERROR:ConnectionError,51.393985748291016
1786832864.2446177,ERROR:ConnectionError,62.67404556274414
1786832864.2468982,ERROR:ConnectionError,81.1612606048584
1786832864.2521183,ERROR:ConnectionError,81.31980895996094
1786832864.2510371,ERROR:ConnectionError,82.69977569580078
1786832864.258545,ERROR:ConnectionError,76.62796974182129
1786832864.2490788,ERROR:ConnectionError,88.53268623352051
1786832864.2749498,ERROR:ConnectionError,71.57063484191895
1786832864.2753909,ERROR:ConnectionError,71.68889045715332
1786832864.2771668,ERROR:ConnectionError,73.29416275024414
1786832864.2951784,ERROR:ConnectionError,57.736873626708984
1786832864.3280768,ERROR:ConnectionError,25.65789222717285
1786832864.3073058,ERROR:ConnectionError,46.74029350280762
1786832864.3334455,ERROR:ConnectionError,30.369043350219727
1786832864.335179,ERROR:ConnectionError,30.05218505859375
1786832864.3337407,ERROR:ConnectionError,42.80734062194824
1786832864.3376195,ERROR:ConnectionError,41.387319564819336
1786832864.3504686,ERROR:ConnectionError,42.496442794799805
1786832864.3540514,ERROR:ConnectionError,44.05045509338379
1786832864.3470857,ERROR:ConnectionError,52.34169960021973
1786832864.3529234,ERROR:ConnectionError,48.7821102142334
1786832864.346548,ERROR:ConnectionError,56.7474365234375
1786832864.3638284,ERROR:ConnectionError,43.28322410583496
1786832864.353742,ERROR:ConnectionError,62.296152114868164
1786832864.3652399,ERROR:ConnectionError,52.675724029541016
1786832864.379015,ERROR:ConnectionError,45.69411277770996
1786832864.376565,ERROR:ConnectionError,51.53083801269531
1786832864.3929765,ERROR:ConnectionError,44.649362564086914
1786832864.3994331,ERROR:ConnectionError,41.53323173522949
1786832864.4017143,ERROR:ConnectionError,44.00372505187988
1786832864.3981104,ERROR:ConnectionError,63.90714645385742
1786832864.4033024,ERROR:ConnectionError,60.50848960876465
1786832864.4179258,ERROR:ConnectionError,51.63216590881348
1786832864.4160492,ERROR:ConnectionError,55.609941482543945
1786832864.44098,ERROR:ConnectionError,34.10220146179199
1786832864.4247217,ERROR:ConnectionError,51.95951461791992
1786832864.4281073,ERROR:ConnectionError,49.11613464355469
1786832864.4071271,ERROR:ConnectionError,72.20602035522461
1786832864.4457316,ERROR:ConnectionError,34.718990325927734
1786832864.4376383,ERROR:ConnectionError,44.127702713012695
1786832864.4638207,ERROR:ConnectionError,23.748159408569336
1786832864.4620326,ERROR:ConnectionError,28.409481048583984
1786832864.4695683,ERROR:ConnectionError,34.41739082336426
1786832864.471666,ERROR:ConnectionError,34.642934799194336
1786832864.4766881,ERROR:ConnectionError,41.83030128479004
1786832864.480455,ERROR:ConnectionError,78.10759544372559
1786832864.5039947,ERROR:ConnectionError,56.01930618286133
1786832864.4817722,ERROR:ConnectionError,81.9394588470459
1786832864.4875762,ERROR:ConnectionError,76.5378475189209
1786832864.4904504,ERROR:ConnectionError,77.99863815307617
1786832864.4750907,ERROR:ConnectionError,99.1368293762207
1786832864.4793391,ERROR:ConnectionError,101.59969329833984
1786832864.5185695,ERROR:ConnectionError,65.643310546875
1786832864.5063174,ERROR:ConnectionError,80.9478759765625
1786832864.477231,ERROR:ConnectionError,111.41395568847656
1786832864.5585768,ERROR:ConnectionError,34.45243835449219
1786832864.5600224,ERROR:ConnectionError,34.3472957611084
1786832864.5641203,ERROR:ConnectionError,41.26119613647461
1786832864.5684586,ERROR:ConnectionError,39.60776329040527
1786832864.563722,ERROR:ConnectionError,49.993276596069336
1786832864.5742412,ERROR:ConnectionError,48.813581466674805
1786832864.5842218,ERROR:ConnectionError,44.41475868225098
1786832864.5872743,ERROR:ConnectionError,44.245004653930664
1786832864.5943778,ERROR:ConnectionError,39.27206993103027
1786832864.5930393,ERROR:ConnectionError,44.4035530090332
1786832864.580949,ERROR:ConnectionError,58.94327163696289
1786832864.5886562,ERROR:ConnectionError,51.598548889160156
1786832864.6137254,ERROR:ConnectionError,39.06869888305664
1786832864.605393,ERROR:ConnectionError,49.25394058227539
1786832864.6080778,ERROR:ConnectionError,46.82326316833496
1786832864.623065,ERROR:ConnectionError,42.78731346130371
1786832864.6315272,ERROR:ConnectionError,34.69491004943848
1786832864.6374562,ERROR:ConnectionError,32.095909118652344
1786832864.6286519,ERROR:ConnectionError,43.55168342590332
1786832864.6528068,ERROR:ConnectionError,28.532981872558594
1786832864.6399004,ERROR:ConnectionError,43.49875450134277
1786832864.6336594,ERROR:ConnectionError,56.578874588012695
1786832864.654655,ERROR:ConnectionError,40.39740562438965
1786832864.64026,ERROR:ConnectionError,56.237220764160156
1786832864.654905,ERROR:ConnectionError,52.764892578125
1786832864.6658638,ERROR:ConnectionError,74.99861717224121
1786832864.6695595,ERROR:ConnectionError,74.84912872314453
1786832864.6834075,ERROR:ConnectionError,64.07976150512695
1786832864.6813514,ERROR:ConnectionError,69.45681571960449
1786832864.6662273,ERROR:ConnectionError,85.2651596069336
1786832864.6902492,ERROR:ConnectionError,61.47456169128418
1786832864.6722152,ERROR:ConnectionError,82.05270767211914
1786832864.696504,ERROR:ConnectionError,66.89000129699707
1786832864.7076814,ERROR:ConnectionError,57.82341957092285
1786832864.695062,ERROR:ConnectionError,70.72854042053223
1786832864.7444215,ERROR:ConnectionError,27.320146560668945
1786832864.7408757,ERROR:ConnectionError,32.24658966064453
1786832864.7514973,ERROR:ConnectionError,25.792598724365234
1786832864.7508183,ERROR:ConnectionError,26.858091354370117
1786832864.7474973,ERROR:ConnectionError,38.69295120239258
1786832864.7542768,ERROR:ConnectionError,33.31303596496582
1786832864.751729,ERROR:ConnectionError,42.00029373168945
1786832864.7634032,ERROR:ConnectionError,37.252187728881836
1786832864.7655132,ERROR:ConnectionError,44.295310974121094
1786832864.771757,ERROR:ConnectionError,39.57796096801758
1786832864.7657955,ERROR:ConnectionError,50.385236740112305
1786832864.7731316,ERROR:ConnectionError,46.26345634460449
1786832864.7773001,ERROR:ConnectionError,45.583486557006836
1786832864.777682,ERROR:ConnectionError,47.84750938415527
1786832864.786201,ERROR:ConnectionError,45.317649841308594
1786832864.7875996,ERROR:ConnectionError,47.138214111328125
1786832864.81619,ERROR:ConnectionError,21.07858657836914
1786832864.8098204,ERROR:ConnectionError,31.68010711669922
1786832864.8006656,ERROR:ConnectionError,41.265249252319336
1786832864.8113484,ERROR:ConnectionError,30.885696411132812
1786832864.8194048,ERROR:ConnectionError,28.684616088867188
1786832864.8255618,ERROR:ConnectionError,29.323577880859375
1786832864.7937427,ERROR:ConnectionError,61.8290901184082
1786832864.822894,ERROR:ConnectionError,34.10935401916504
1786832864.8315282,ERROR:ConnectionError,33.390045166015625
1786832864.8372834,ERROR:ConnectionError,33.68830680847168
1786832864.8419363,ERROR:ConnectionError,33.40744972229004
1786832864.8347466,ERROR:ConnectionError,40.8940315246582
1786832864.8415148,ERROR:ConnectionError,39.28637504577637
1786832864.8422406,ERROR:ConnectionError,38.94758224487305
1786832864.8548965,ERROR:ConnectionError,27.704477310180664
1786832864.8555815,ERROR:ConnectionError,30.032634735107422
1786832864.8480995,ERROR:ConnectionError,55.7706356048584
1786832864.8570096,ERROR:ConnectionError,51.227569580078125
1786832864.8753562,ERROR:ConnectionError,33.35762023925781
1786832864.8811927,ERROR:ConnectionError,33.977508544921875
1786832864.8756452,ERROR:ConnectionError,42.00005531311035
1786832864.870981,ERROR:ConnectionError,46.976327896118164
1786832864.880809,ERROR:ConnectionError,46.709537506103516
1786832864.8649282,ERROR:ConnectionError,63.61198425292969
1786832864.8856225,ERROR:ConnectionError,47.051191329956055
1786832864.9038842,ERROR:ConnectionError,45.5021858215332
1786832864.908719,ERROR:ConnectionError,48.26235771179199
1786832864.8826075,ERROR:ConnectionError,87.28218078613281
1786832864.9176524,ERROR:ConnectionError,69.89717483520508
1786832864.908248,ERROR:ConnectionError,82.24654197692871
1786832864.93268,ERROR:ConnectionError,61.4626407623291
1786832864.9179618,ERROR:ConnectionError,79.28729057312012
1786832864.9151819,ERROR:ConnectionError,85.39152145385742
1786832864.927532,ERROR:ConnectionError,82.49688148498535
1786832864.9493961,ERROR:ConnectionError,60.981035232543945
1786832864.9569888,ERROR:ConnectionError,67.27457046508789
1786832864.9699016,ERROR:ConnectionError,78.87840270996094
1786832864.9285512,ERROR:ConnectionError,122.76911735534668
1786832864.9905043,ERROR:ConnectionError,80.66987991333008
1786832864.9941568,ERROR:ConnectionError,91.17484092712402
1786832864.9875655,ERROR:ConnectionError,98.15382957458496
1786832865.0103836,ERROR:ConnectionError,90.25073051452637
1786832864.9972613,ERROR:ConnectionError,106.08839988708496
1786832865.010039,ERROR:ConnectionError,98.3133316040039
1786832865.0242767,ERROR:ConnectionError,101.43184661865234
1786832865.0513303,ERROR:ConnectionError,75.81257820129395
1786832865.000581,ERROR:ConnectionError,132.1094036102295
1786832865.0487905,ERROR:ConnectionError,86.7471694946289
1786832865.071188,ERROR:ConnectionError,97.6724624633789
1786832865.103358,ERROR:ConnectionError,82.2591781616211
1786832865.1006432,ERROR:ConnectionError,90.12770652770996
1786832865.108363,ERROR:ConnectionError,96.80056571960449
1786832865.0857244,ERROR:ConnectionError,123.55160713195801
1786832865.0853417,ERROR:ConnectionError,124.21727180480957
1786832865.1257207,ERROR:ConnectionError,94.28620338439941
1786832865.1271544,ERROR:ConnectionError,97.30076789855957
1786832865.135552,ERROR:ConnectionError,91.78638458251953
1786832865.185636,ERROR:ConnectionError,45.336008071899414
1786832865.1688693,ERROR:ConnectionError,66.34163856506348
1786832865.1326973,ERROR:ConnectionError,114.19987678527832
1786832865.2051754,ERROR:ConnectionError,49.4844913482666
1786832865.2095652,ERROR:ConnectionError,46.6761589050293
1786832865.2200165,ERROR:ConnectionError,37.445068359375
1786832865.209284,ERROR:ConnectionError,54.45528030395508
1786832865.1907804,ERROR:ConnectionError,79.91194725036621
1786832865.2273486,ERROR:ConnectionError,92.0860767364502
1786832865.224466,ERROR:ConnectionError,103.7590503692627
1786832865.230981,ERROR:ConnectionError,99.59650039672852
1786832865.235221,ERROR:ConnectionError,99.94339942932129
1786832865.256248,ERROR:ConnectionError,88.75608444213867
1786832865.257471,ERROR:ConnectionError,92.96631813049316
1786832865.2546747,ERROR:ConnectionError,99.44319725036621
1786832865.3194427,ERROR:ConnectionError,53.23338508605957
1786832865.246907,ERROR:ConnectionError,130.7387351989746
1786832865.2707043,ERROR:ConnectionError,107.94925689697266
1786832865.26375,ERROR:ConnectionError,120.36609649658203
1786832865.3282382,ERROR:ConnectionError,56.40268325805664
1786832865.3305845,ERROR:ConnectionError,57.19256401062012
1786832865.3351758,ERROR:ConnectionError,56.700706481933594
1786832865.3504477,ERROR:ConnectionError,42.13714599609375
1786832865.3541305,ERROR:ConnectionError,43.71142387390137
1786832865.3450136,ERROR:ConnectionError,55.50408363342285
1786832865.3776538,ERROR:ConnectionError,39.30068016052246
1786832865.372762,ERROR:ConnectionError,46.3411808013916
1786832865.3846474,ERROR:ConnectionError,39.5505428314209
1786832865.3786607,ERROR:ConnectionError,48.96402359008789
1786832865.387786,ERROR:ConnectionError,45.13859748840332
1786832865.3841233,ERROR:ConnectionError,51.139116287231445
1786832865.392594,ERROR:ConnectionError,43.929338455200195
1786832865.3978517,ERROR:ConnectionError,48.20823669433594
1786832865.4005253,ERROR:ConnectionError,47.19901084899902
1786832865.3918881,ERROR:ConnectionError,68.56155395507812
1786832865.4169655,ERROR:ConnectionError,53.36427688598633
1786832865.4191103,ERROR:ConnectionError,65.8268928527832
1786832865.427638,ERROR:ConnectionError,65.40846824645996
1786832865.4329326,ERROR:ConnectionError,63.45486640930176
1786832865.4365304,ERROR:ConnectionError,60.16945838928223
1786832865.4242392,ERROR:ConnectionError,73.02498817443848
1786832865.4352696,ERROR:ConnectionError,63.39311599731445
1786832865.4849482,ERROR:ConnectionError,17.194032669067383
1786832865.4703395,ERROR:ConnectionError,32.3638916015625
1786832865.4460728,ERROR:ConnectionError,57.805776596069336
1786832865.4477363,ERROR:ConnectionError,59.300899505615234
1786832865.4930573,ERROR:ConnectionError,19.275665283203125
1786832865.4604595,ERROR:ConnectionError,60.7457160949707
1786832865.4972694,ERROR:ConnectionError,26.161670684814453
1786832865.498671,ERROR:ConnectionError,29.579639434814453
1786832865.4964027,ERROR:ConnectionError,32.29951858520508
1786832865.4967053,ERROR:ConnectionError,43.24793815612793
1786832865.5027094,ERROR:ConnectionError,38.62595558166504
1786832865.5021503,ERROR:ConnectionError,47.789812088012695
1786832865.5038855,ERROR:ConnectionError,50.27318000793457
1786832865.5070462,ERROR:ConnectionError,55.46069145202637
1786832865.5123403,ERROR:ConnectionError,53.07769775390625
1786832865.5212154,ERROR:ConnectionError,48.01440238952637
1786832865.5234385,ERROR:ConnectionError,50.658226013183594
1786832865.5282657,ERROR:ConnectionError,52.17862129211426
1786832865.5287068,ERROR:ConnectionError,54.338932037353516
1786832865.5413458,ERROR:ConnectionError,42.00124740600586
1786832865.5499501,ERROR:ConnectionError,36.42129898071289
1786832865.5541697,ERROR:ConnectionError,34.76667404174805
1786832865.5654342,ERROR:ConnectionError,27.540922164916992
1786832865.5625157,ERROR:ConnectionError,32.22465515136719
1786832865.539964,ERROR:ConnectionError,55.468082427978516
1786832865.5741053,ERROR:ConnectionError,29.29997444152832
1786832865.5804732,ERROR:ConnectionError,23.405790328979492
1786832865.5692394,ERROR:ConnectionError,35.242557525634766
1786832865.586381,ERROR:ConnectionError,24.99866485595703
1786832865.5833526,ERROR:ConnectionError,34.40546989440918
1786832865.583056,ERROR:ConnectionError,38.32697868347168
1786832865.5954378,ERROR:ConnectionError,29.21462059020996
1786832865.5947492,ERROR:ConnectionError,33.20670127868652
1786832865.5929873,ERROR:ConnectionError,35.38632392883301
1786832865.5889466,ERROR:ConnectionError,43.132781982421875
1786832865.6038845,ERROR:ConnectionError,28.537988662719727
1786832865.6113913,ERROR:ConnectionError,32.1502685546875
1786832865.6034162,ERROR:ConnectionError,41.88990592956543
1786832865.6044886,ERROR:ConnectionError,42.9379940032959
1786832865.6177695,ERROR:ConnectionError,41.0616397857666
1786832865.6213913,ERROR:ConnectionError,41.289329528808594
1786832865.6246622,ERROR:ConnectionError,53.42268943786621
1786832865.6279712,ERROR:ConnectionError,53.79295349121094
1786832865.6283786,ERROR:ConnectionError,55.21512031555176
1786832865.6324282,ERROR:ConnectionError,55.86409568786621
1786832865.63209,ERROR:ConnectionError,62.433719635009766
1786832865.643555,ERROR:ConnectionError,74.7077465057373
1786832865.6626914,ERROR:ConnectionError,68.32408905029297
1786832865.6588461,ERROR:ConnectionError,75.11687278747559
1786832865.6836019,ERROR:ConnectionError,55.37772178649902
1786832865.6780975,ERROR:ConnectionError,66.48874282836914
1786832865.6474338,ERROR:ConnectionError,100.5091667175293
1786832865.6883044,ERROR:ConnectionError,60.95099449157715
1786832865.694539,ERROR:ConnectionError,59.173583984375
1786832865.6453152,ERROR:ConnectionError,111.1602783203125
1786832865.718274,ERROR:ConnectionError,45.20392417907715
1786832865.6817708,ERROR:ConnectionError,85.56723594665527
1786832865.733971,ERROR:ConnectionError,36.351680755615234
1786832865.7310295,ERROR:ConnectionError,44.11625862121582
1786832865.738991,ERROR:ConnectionError,36.54646873474121
1786832865.747951,ERROR:ConnectionError,39.667367935180664
1786832865.7446003,ERROR:ConnectionError,50.6284236907959
1786832865.756486,ERROR:ConnectionError,59.41414833068848
1786832865.7492647,ERROR:ConnectionError,66.97201728820801
1786832865.7537212,ERROR:ConnectionError,72.91197776794434
1786832865.763488,ERROR:ConnectionError,68.24827194213867
1786832865.767364,ERROR:ConnectionError,67.32010841369629
1786832865.7751565,ERROR:ConnectionError,68.84455680847168
1786832865.7755423,ERROR:ConnectionError,78.56917381286621
1786832865.7703297,ERROR:ConnectionError,89.9195671081543
1786832865.7876282,ERROR:ConnectionError,77.62837409973145
1786832865.7952433,ERROR:ConnectionError,79.76937294006348
1786832865.8159118,ERROR:ConnectionError,62.751054763793945
1786832865.816242,ERROR:ConnectionError,65.77754020690918
1786832865.831748,ERROR:ConnectionError,58.638572692871094
1786832865.8346922,ERROR:ConnectionError,73.79651069641113
1786832865.844012,ERROR:ConnectionError,70.74618339538574
1786832865.8266459,ERROR:ConnectionError,90.8808708190918
1786832865.8820338,ERROR:ConnectionError,38.578033447265625
1786832865.8541226,ERROR:ConnectionError,70.18518447875977
1786832865.860289,ERROR:ConnectionError,73.6846923828125
1786832865.878676,ERROR:ConnectionError,65.76848030090332
1786832865.865267,ERROR:ConnectionError,81.87437057495117
1786832865.8750238,ERROR:ConnectionError,94.3758487701416
1786832865.8904393,ERROR:ConnectionError,101.90343856811523
1786832865.9085014,ERROR:ConnectionError,106.52756690979004
1786832865.9206219,ERROR:ConnectionError,103.46198081970215
1786832865.9471517,ERROR:ConnectionError,88.1960391998291
1786832865.9175367,ERROR:ConnectionError,132.21096992492676
1786832865.914767,ERROR:ConnectionError,141.8612003326416
1786832865.9694097,ERROR:ConnectionError,155.26342391967773
1786832865.9243178,ERROR:ConnectionError,208.01138877868652
1786832865.933989,ERROR:ConnectionError,202.81219482421875
1786832865.992353,ERROR:ConnectionError,162.78886795043945
1786832866.035363,ERROR:ConnectionError,166.46790504455566
1786832866.0150375,ERROR:ConnectionError,288.88702392578125
1786832866.0240946,ERROR:ConnectionError,283.71119499206543
1786832866.132344,ERROR:ConnectionError,211.89212799072266
1786832865.9444556,ERROR:ConnectionError,402.8754234313965
1786832866.049937,ERROR:ConnectionError,310.96863746643066
1786832866.13681,ERROR:ConnectionError,224.92480278015137
1786832866.0566375,ERROR:ConnectionError,309.1762065887451
1786832866.1551561,ERROR:ConnectionError,218.1839942932129
1786832866.3039355,ERROR:ConnectionError,75.66547393798828
1786832866.3078125,ERROR:ConnectionError,72.88241386413574
1786832866.124683,ERROR:ConnectionError,269.99807357788086
1786832866.2018418,ERROR:ConnectionError,224.1971492767334
1786832866.3442464,ERROR:ConnectionError,87.11671829223633
1786832866.3617432,ERROR:ConnectionError,77.08406448364258
1786832866.3473396,ERROR:ConnectionError,112.25748062133789
1786832866.3609135,ERROR:ConnectionError,101.0277271270752
1786832866.365823,ERROR:ConnectionError,99.47776794433594
1786832866.4260516,ERROR:ConnectionError,41.719913482666016
1786832866.380701,ERROR:ConnectionError,89.28585052490234
1786832866.3946927,ERROR:ConnectionError,77.56471633911133
1786832866.4388366,ERROR:ConnectionError,43.03884506225586
1786832866.431375,ERROR:ConnectionError,52.98924446105957
1786832866.3796132,ERROR:ConnectionError,105.25012016296387
1786832866.459612,ERROR:ConnectionError,29.454708099365234
1786832866.3733506,ERROR:ConnectionError,118.59917640686035
1786832866.461949,ERROR:ConnectionError,38.994550704956055
1786832866.4818845,ERROR:ConnectionError,49.15761947631836
1786832866.4722667,ERROR:ConnectionError,59.93938446044922
1786832866.4677799,ERROR:ConnectionError,71.68841361999512
1786832866.46531,ERROR:ConnectionError,76.86686515808105
1786832866.4699934,ERROR:ConnectionError,84.29837226867676
1786832866.4890757,ERROR:ConnectionError,67.69394874572754
1786832866.4848738,ERROR:ConnectionError,86.05551719665527
1786832866.4843752,ERROR:ConnectionError,98.77371788024902
1786832866.4919589,ERROR:ConnectionError,99.62725639343262
1786832866.500956,ERROR:ConnectionError,105.32999038696289
1786832866.5310507,ERROR:ConnectionError,88.19580078125
1786832866.5394816,ERROR:ConnectionError,137.67457008361816
1786832866.5543013,ERROR:ConnectionError,128.89695167541504
1786832866.5567787,ERROR:ConnectionError,128.49068641662598
1786832866.5421855,ERROR:ConnectionError,145.06030082702637
1786832866.5322127,ERROR:ConnectionError,164.52455520629883
1786832866.58316,ERROR:ConnectionError,116.02163314819336
1786832866.5915973,ERROR:ConnectionError,111.73367500305176
1786832866.5709379,ERROR:ConnectionError,134.60659980773926
1786832866.6192582,ERROR:ConnectionError,122.69043922424316
1786832866.6771693,ERROR:ConnectionError,65.19746780395508
1786832866.6872563,ERROR:ConnectionError,61.60306930541992
1786832866.683217,ERROR:ConnectionError,65.97232818603516
1786832866.6062982,ERROR:ConnectionError,147.95780181884766
1786832866.6967528,ERROR:ConnectionError,59.63778495788574
1786832866.6852767,ERROR:ConnectionError,73.76432418823242
1786832866.7055519,ERROR:ConnectionError,56.95152282714844
1786832866.6991951,ERROR:ConnectionError,68.29667091369629
1786832866.7033489,ERROR:ConnectionError,67.28696823120117
1786832866.742372,ERROR:ConnectionError,36.85331344604492
1786832866.7419572,ERROR:ConnectionError,42.08111763000488
1786832866.7542644,ERROR:ConnectionError,36.54026985168457
1786832866.749194,ERROR:ConnectionError,49.341678619384766
1786832866.7564008,ERROR:ConnectionError,46.72431945800781
1786832866.748871,ERROR:ConnectionError,57.420969009399414
1786832866.759048,ERROR:ConnectionError,58.01033973693848
1786832866.7625127,ERROR:ConnectionError,79.18596267700195
1786832866.7908146,ERROR:ConnectionError,56.6558837890625
1786832866.779236,ERROR:ConnectionError,72.16739654541016
1786832866.8031347,ERROR:ConnectionError,58.47907066345215
1786832866.8062997,ERROR:ConnectionError,58.342695236206055
1786832866.7985532,ERROR:ConnectionError,70.24812698364258
1786832866.7675006,ERROR:ConnectionError,103.42884063720703
1786832866.8170717,ERROR:ConnectionError,56.02431297302246
1786832866.8417087,ERROR:ConnectionError,41.38660430908203
1786832866.7840497,ERROR:ConnectionError,110.3827953338623
1786832866.847494,ERROR:ConnectionError,65.2165412902832
1786832866.864651,ERROR:ConnectionError,59.56435203552246
1786832866.7706466,ERROR:ConnectionError,155.68256378173828
1786832866.8944461,ERROR:ConnectionError,36.87644004821777
1786832866.868811,ERROR:ConnectionError,63.201904296875
1786832866.8514173,ERROR:ConnectionError,96.99797630310059
1786832866.8616307,ERROR:ConnectionError,87.57305145263672
1786832866.8709364,ERROR:ConnectionError,78.83477210998535
1786832866.8831055,ERROR:ConnectionError,68.37677955627441
1786832866.924229,ERROR:ConnectionError,32.440900802612305
1786832866.9263377,ERROR:ConnectionError,32.49859809875488
1786832866.9127243,ERROR:ConnectionError,50.00591278076172
1786832866.8731058,ERROR:ConnectionError,102.14471817016602
1786832866.9320202,ERROR:ConnectionError,50.600528717041016
1786832866.9313328,ERROR:ConnectionError,53.39789390563965
1786832866.9484277,ERROR:ConnectionError,45.064687728881836
1786832866.94978,ERROR:ConnectionError,52.73318290710449
1786832866.9514909,ERROR:ConnectionError,51.40066146850586
1786832866.9566796,ERROR:ConnectionError,57.98196792602539
1786832866.984738,ERROR:ConnectionError,36.043643951416016
1786832866.9752588,ERROR:ConnectionError,46.53286933898926
1786832866.9492102,ERROR:ConnectionError,75.26898384094238
1786832866.9935086,ERROR:ConnectionError,35.63642501831055
1786832866.962739,ERROR:ConnectionError,67.67439842224121
1786832866.9826355,ERROR:ConnectionError,49.031972885131836
1786832866.9588451,ERROR:ConnectionError,80.95431327819824
1786832867.0025232,ERROR:ConnectionError,40.41337966918945
1786832867.0146716,ERROR:ConnectionError,40.0395393371582
1786832867.0028992,ERROR:ConnectionError,53.530216217041016
1786832867.0207913,ERROR:ConnectionError,41.43404960632324
1786832867.0217981,ERROR:ConnectionError,43.645620346069336
1786832867.0244858,ERROR:ConnectionError,44.480085372924805
1786832867.029157,ERROR:ConnectionError,44.78859901428223
1786832867.039808,ERROR:ConnectionError,52.51908302307129
1786832867.0564375,ERROR:ConnectionError,41.5034294128418
1786832867.05472,ERROR:ConnectionError,46.24056816101074
1786832867.0316749,ERROR:ConnectionError,70.40572166442871
1786832867.0689764,ERROR:ConnectionError,37.49346733093262
1786832867.073955,ERROR:ConnectionError,37.91618347167969
1786832867.0429478,ERROR:ConnectionError,74.8605728149414
1786832867.065453,ERROR:ConnectionError,52.71172523498535
1786832867.097957,ERROR:ConnectionError,27.352094650268555
1786832867.0304224,ERROR:ConnectionError,96.2674617767334
1786832867.0622404,ERROR:ConnectionError,67.35944747924805
1786832867.1009705,ERROR:ConnectionError,29.114723205566406
1786832867.0923402,ERROR:ConnectionError,42.65451431274414
1786832867.1020885,ERROR:ConnectionError,45.29166221618652
1786832867.1064777,ERROR:ConnectionError,41.396141052246094
1786832867.1178179,ERROR:ConnectionError,31.94451332092285
1786832867.1181724,ERROR:ConnectionError,35.38680076599121
1786832867.1118822,ERROR:ConnectionError,41.975975036621094
1786832867.1296096,ERROR:ConnectionError,27.36496925354004
1786832867.1300902,ERROR:ConnectionError,29.41417694091797
1786832867.1253183,ERROR:ConnectionError,37.9488468170166
1786832867.1350024,ERROR:ConnectionError,29.140710830688477
1786832867.1473937,ERROR:ConnectionError,25.664806365966797
1786832867.149771,ERROR:ConnectionError,25.120258331298828
1786832867.1266975,ERROR:ConnectionError,48.69580268859863
1786832867.1478844,ERROR:ConnectionError,31.241416931152344
1786832867.1535664,ERROR:ConnectionError,31.558752059936523
1786832867.1538632,ERROR:ConnectionError,34.71255302429199
1786832867.163275,ERROR:ConnectionError,36.447763442993164
1786832867.1730673,ERROR:ConnectionError,32.42683410644531
1786832867.179133,ERROR:ConnectionError,27.77838706970215
1786832867.1754007,ERROR:ConnectionError,36.154747009277344
1786832867.174901,ERROR:ConnectionError,37.94288635253906
1786832867.1595159,ERROR:ConnectionError,57.18278884887695
1786832867.185138,ERROR:ConnectionError,40.305376052856445
1786832867.1641488,ERROR:ConnectionError,61.79976463317871
1786832867.1569867,ERROR:ConnectionError,69.38457489013672
1786832867.1885855,ERROR:ConnectionError,39.05367851257324
1786832867.2128525,ERROR:ConnectionError,25.3143310546875
1786832867.2069201,ERROR:ConnectionError,31.877756118774414
1786832867.2167084,ERROR:ConnectionError,22.37224578857422
1786832867.1997395,ERROR:ConnectionError,39.6122932434082
1786832867.211566,ERROR:ConnectionError,31.76736831665039
1786832867.2055035,ERROR:ConnectionError,38.30289840698242
1786832867.2254539,ERROR:ConnectionError,21.20828628540039
1786832867.227646,ERROR:ConnectionError,22.42898941040039
1786832867.2263777,ERROR:ConnectionError,25.240182876586914
1786832867.2259557,ERROR:ConnectionError,27.94933319091797
1786832867.2393572,ERROR:ConnectionError,18.694400787353516
1786832867.2390845,ERROR:ConnectionError,29.519319534301758
1786832867.2438123,ERROR:ConnectionError,37.40668296813965
1786832867.2516265,ERROR:ConnectionError,40.59648513793945
1786832867.2466705,ERROR:ConnectionError,45.84383964538574
1786832867.2388046,ERROR:ConnectionError,58.114051818847656
1786832867.2433422,ERROR:ConnectionError,59.21149253845215
1786832867.2539232,ERROR:ConnectionError,49.208879470825195
1786832867.2580597,ERROR:ConnectionError,49.32451248168945
1786832867.2381754,ERROR:ConnectionError,70.42217254638672
1786832867.268613,ERROR:ConnectionError,40.24863243103027
1786832867.250085,ERROR:ConnectionError,63.34280967712402
1786832867.2922323,ERROR:ConnectionError,27.816057205200195
1786832867.2925181,ERROR:ConnectionError,30.182361602783203
1786832867.2812386,ERROR:ConnectionError,43.656110763549805
1786832867.3025646,ERROR:ConnectionError,35.45570373535156
1786832867.3227105,ERROR:ConnectionError,26.958942413330078
1786832867.324985,ERROR:ConnectionError,25.098323822021484
1786832867.2969291,ERROR:ConnectionError,53.42268943786621
1786832867.3200574,ERROR:ConnectionError,33.65778923034668
1786832867.3088663,ERROR:ConnectionError,46.66304588317871
1786832867.3380294,ERROR:ConnectionError,29.565811157226562
1786832867.3086028,ERROR:ConnectionError,72.54576683044434
1786832867.3073943,ERROR:ConnectionError,74.15318489074707
1786832867.3031402,ERROR:ConnectionError,89.51258659362793
1786832867.3496852,ERROR:ConnectionError,43.49112510681152
1786832867.3134365,ERROR:ConnectionError,83.24122428894043
1786832867.3500893,ERROR:ConnectionError,50.65560340881348
1786832867.3815553,ERROR:ConnectionError,24.31344985961914
1786832867.3676045,ERROR:ConnectionError,38.65242004394531
1786832867.3811598,ERROR:ConnectionError,27.694225311279297
1786832867.3537233,ERROR:ConnectionError,56.44536018371582
1786832867.3503575,ERROR:ConnectionError,64.46123123168945
1786832867.396685,ERROR:ConnectionError,29.15334701538086
1786832867.3926651,ERROR:ConnectionError,36.13424301147461
1786832867.4007545,ERROR:ConnectionError,30.553340911865234
1786832867.355553,ERROR:ConnectionError,81.80904388427734
1786832867.4058795,ERROR:ConnectionError,37.69207000732422
1786832867.4062617,ERROR:ConnectionError,40.071964263916016
1786832867.408863,ERROR:ConnectionError,43.094635009765625
1786832867.4101763,ERROR:ConnectionError,42.07587242126465
1786832867.414848,ERROR:ConnectionError,40.669918060302734
1786832867.431315,ERROR:ConnectionError,25.63786506652832
1786832867.4288118,ERROR:ConnectionError,32.011985778808594
1786832867.3931813,ERROR:ConnectionError,82.7174186706543
1786832867.4519703,ERROR:ConnectionError,31.21328353881836
1786832867.4435868,ERROR:ConnectionError,41.67985916137695
1786832867.4258652,ERROR:ConnectionError,60.59527397155762
1786832867.4373715,ERROR:ConnectionError,51.84817314147949
1786832867.4555461,ERROR:ConnectionError,36.177873611450195
1786832867.4522562,ERROR:ConnectionError,49.370527267456055
1786832867.4759066,ERROR:ConnectionError,26.001930236816406
1786832867.4569595,ERROR:ConnectionError,53.19714546203613
1786832867.4463453,ERROR:ConnectionError,68.52126121520996
1786832867.460837,ERROR:ConnectionError,60.669660568237305
1786832867.4864674,ERROR:ConnectionError,43.49184036254883
1786832867.4852748,ERROR:ConnectionError,46.96941375732422
1786832867.5016377,ERROR:ConnectionError,30.938386917114258
1786832867.4917316,ERROR:ConnectionError,42.79923439025879
1786832867.5101683,ERROR:ConnectionError,25.403738021850586
1786832867.5148737,ERROR:ConnectionError,22.188425064086914
1786832867.4831936,ERROR:ConnectionError,59.90958213806152
1786832867.4892278,ERROR:ConnectionError,56.93840980529785
1786832867.5215173,ERROR:ConnectionError,28.56731414794922
1786832867.5299697,ERROR:ConnectionError,23.414134979248047
1786832867.5019197,ERROR:ConnectionError,53.92956733703613
1786832867.5325818,ERROR:ConnectionError,24.699926376342773
1786832867.5345414,ERROR:ConnectionError,23.01335334777832
1786832867.5322518,ERROR:ConnectionError,43.19119453430176
1786832867.5356195,ERROR:ConnectionError,42.55962371826172
1786832867.5461755,ERROR:ConnectionError,32.985687255859375
1786832867.543116,ERROR:ConnectionError,36.41867637634277
1786832867.5500932,ERROR:ConnectionError,29.89053726196289
1786832867.5533922,ERROR:ConnectionError,34.20567512512207
1786832867.5370693,ERROR:ConnectionError,53.56025695800781
1786832867.5575612,ERROR:ConnectionError,53.029537200927734
1786832867.579989,ERROR:ConnectionError,39.78753089904785
1786832867.5572891,ERROR:ConnectionError,63.530921936035156
1786832867.5558617,ERROR:ConnectionError,69.27847862243652
1786832867.5795405,ERROR:ConnectionError,47.607421875
1786832867.5781927,ERROR:ConnectionError,57.47485160827637
1786832867.5754538,ERROR:ConnectionError,62.67380714416504
1786832867.5906372,ERROR:ConnectionError,49.53455924987793
1786832867.5791686,ERROR:ConnectionError,63.74192237854004
1786832867.6208265,ERROR:ConnectionError,22.510766983032227
1786832867.625149,ERROR:ConnectionError,22.79949188232422
1786832867.6197865,ERROR:ConnectionError,30.52544593811035
1786832867.5876057,ERROR:ConnectionError,67.32726097106934
1786832867.6106014,ERROR:ConnectionError,46.57888412475586
1786832867.635678,ERROR:ConnectionError,22.371292114257812
1786832867.6271558,ERROR:ConnectionError,32.175540924072266
1786832867.6381352,ERROR:ConnectionError,21.523237228393555
1786832867.640178,ERROR:ConnectionError,26.22246742248535
1786832867.6479597,ERROR:ConnectionError,21.325349807739258
1786832867.6435387,ERROR:ConnectionError,27.32062339782715
1786832867.650322,ERROR:ConnectionError,23.66781234741211
1786832867.6429172,ERROR:ConnectionError,35.192251205444336
1786832867.6571894,ERROR:ConnectionError,32.30595588684082
1786832867.654942,ERROR:ConnectionError,43.19453239440918
1786832867.658055,ERROR:ConnectionError,55.88650703430176
1786832867.6593378,ERROR:ConnectionError,61.179399490356445
1786832867.659737,ERROR:ConnectionError,63.82942199707031
1786832867.6664076,ERROR:ConnectionError,59.48758125305176
1786832867.6708663,ERROR:ConnectionError,70.17827033996582
1786832867.6740012,ERROR:ConnectionError,73.05502891540527
1786832867.6781197,ERROR:ConnectionError,69.17858123779297
1786832867.6981502,ERROR:ConnectionError,57.99555778503418
1786832867.669294,ERROR:ConnectionError,90.03758430480957
1786832867.720528,ERROR:ConnectionError,39.22271728515625
1786832867.7259045,ERROR:ConnectionError,37.90569305419922
1786832867.7235754,ERROR:ConnectionError,43.5793399810791
1786832867.7139535,ERROR:ConnectionError,55.91583251953125
1786832867.747066,ERROR:ConnectionError,24.444103240966797
1786832867.7410524,ERROR:ConnectionError,44.91019248962402
1786832867.6895068,ERROR:ConnectionError,103.29341888427734
1786832867.7473032,ERROR:ConnectionError,59.93771553039551
1786832867.7928116,ERROR:ConnectionError,15.928030014038086
1786832867.7698774,ERROR:ConnectionError,39.81757164001465
1786832867.7859752,ERROR:ConnectionError,34.08408164978027
1786832867.759758,ERROR:ConnectionError,63.385725021362305
1786832867.7561557,ERROR:ConnectionError,67.34824180603027
1786832867.771518,ERROR:ConnectionError,54.555416107177734
1786832867.8087478,ERROR:ConnectionError,24.620771408081055
1786832867.7671623,ERROR:ConnectionError,69.15163993835449
1786832867.8072512,ERROR:ConnectionError,31.013011932373047
1786832867.8097022,ERROR:ConnectionError,30.97367286682129
1786832867.763818,ERROR:ConnectionError,80.76262474060059
1786832867.82608,ERROR:ConnectionError,21.94380760192871
1786832867.82007,ERROR:ConnectionError,32.61733055114746
1786832867.7593427,ERROR:ConnectionError,94.83838081359863
1786832867.823154,ERROR:ConnectionError,34.446001052856445
1786832867.836321,ERROR:ConnectionError,24.98626708984375
1786832867.8333824,ERROR:ConnectionError,29.007673263549805
1786832867.823511,ERROR:ConnectionError,43.88618469238281
1786832867.838272,ERROR:ConnectionError,31.296491622924805
1786832867.8406954,ERROR:ConnectionError,31.004905700683594
1786832867.8445907,ERROR:ConnectionError,30.83968162536621
1786832867.8480384,ERROR:ConnectionError,33.095598220825195
1786832867.8526983,ERROR:ConnectionError,29.52718734741211
1786832867.857722,ERROR:ConnectionError,27.342557907104492
1786832867.8541892,ERROR:ConnectionError,39.78919982910156
1786832867.8623989,ERROR:ConnectionError,48.61187934875488
1786832867.8613157,ERROR:ConnectionError,55.14645576477051
1786832867.8717074,ERROR:ConnectionError,48.70724678039551
1786832867.881145,ERROR:ConnectionError,41.16511344909668
1786832867.8674076,ERROR:ConnectionError,55.19914627075195
1786832867.8695772,ERROR:ConnectionError,53.92026901245117
1786832867.8822315,ERROR:ConnectionError,45.78351974487305
1786832867.875442,ERROR:ConnectionError,53.65800857543945
1786832867.9110208,ERROR:ConnectionError,30.139446258544922
1786832867.8850737,ERROR:ConnectionError,57.04021453857422
1786832867.8939896,ERROR:ConnectionError,52.434444427490234
1786832867.9164705,ERROR:ConnectionError,33.88190269470215
1786832867.9204226,ERROR:ConnectionError,43.62654685974121
1786832867.9226131,ERROR:ConnectionError,41.69821739196777
1786832867.9291048,ERROR:ConnectionError,40.679931640625
1786832867.9223163,ERROR:ConnectionError,47.93143272399902
1786832867.9411685,ERROR:ConnectionError,29.297590255737305
1786832867.9280224,ERROR:ConnectionError,46.47541046142578
1786832867.9421196,ERROR:ConnectionError,32.778263092041016
1786832867.9235017,ERROR:ConnectionError,55.50575256347656
1786832867.9464316,ERROR:ConnectionError,47.61195182800293
1786832867.9503598,ERROR:ConnectionError,45.84932327270508
1786832867.9640565,ERROR:ConnectionError,44.191598892211914
1786832867.9745061,ERROR:ConnectionError,34.030914306640625
1786832867.9643154,ERROR:ConnectionError,48.61569404602051
1786832867.9940531,ERROR:ConnectionError,19.4551944732666
1786832867.9697926,ERROR:ConnectionError,44.37685012817383
1786832867.9704714,ERROR:ConnectionError,45.0444221496582
1786832867.9702525,ERROR:ConnectionError,45.62497138977051
1786832867.9749026,ERROR:ConnectionError,43.28012466430664
1786832867.9790142,ERROR:ConnectionError,46.298980712890625
1786832867.9962187,ERROR:ConnectionError,39.3679141998291
1786832868.0082574,ERROR:ConnectionError,35.86220741271973
1786832868.008543,ERROR:ConnectionError,42.64235496520996
1786832868.013514,ERROR:ConnectionError,38.49673271179199
1786832868.0129383,ERROR:ConnectionError,43.436527252197266
1786832868.0155225,ERROR:ConnectionError,47.966718673706055
1786832868.018189,ERROR:ConnectionError,51.062583923339844
1786832868.0141737,ERROR:ConnectionError,57.14249610900879
1786832868.0158837,ERROR:ConnectionError,63.73023986816406
1786832868.0355952,ERROR:ConnectionError,47.086477279663086
1786832868.0253208,ERROR:ConnectionError,58.443307876586914
1786832868.0441282,ERROR:ConnectionError,42.98806190490723
1786832868.0563822,ERROR:ConnectionError,37.07528114318848
1786832868.0520155,ERROR:ConnectionError,48.185110092163086
1786832868.0511925,ERROR:ConnectionError,69.36812400817871
1786832868.0796258,ERROR:ConnectionError,44.3272590637207
1786832868.083771,ERROR:ConnectionError,42.206764221191406
1786832868.0871234,ERROR:ConnectionError,39.942264556884766
1786832868.0934682,ERROR:ConnectionError,35.86292266845703
1786832868.0634985,ERROR:ConnectionError,66.08462333679199
1786832868.12057,ERROR:ConnectionError,10.860681533813477
1786832868.082688,ERROR:ConnectionError,49.68619346618652
1786832868.071322,ERROR:ConnectionError,66.53404235839844
1786832868.1239617,ERROR:ConnectionError,17.93193817138672
1786832868.0692601,ERROR:ConnectionError,72.99542427062988
1786832868.1002085,ERROR:ConnectionError,49.00979995727539
1786832868.1259844,ERROR:ConnectionError,24.956703186035156
1786832868.1270719,ERROR:ConnectionError,25.590181350708008
1786832868.1293375,ERROR:ConnectionError,27.635812759399414
1786832868.1323793,ERROR:ConnectionError,26.38721466064453
1786832868.1295874,ERROR:ConnectionError,33.455848693847656
1786832868.1314385,ERROR:ConnectionError,55.06277084350586
1786832868.1378634,ERROR:ConnectionError,56.06818199157715
1786832868.1419034,ERROR:ConnectionError,55.336952209472656
1786832868.1509473,ERROR:ConnectionError,49.49474334716797
1786832868.1422594,ERROR:ConnectionError,63.094139099121094
1786832868.1587722,ERROR:ConnectionError,53.991079330444336
1786832868.1526682,ERROR:ConnectionError,66.01619720458984
1786832868.1972473,ERROR:ConnectionError,24.408578872680664
1786832868.2004507,ERROR:ConnectionError,24.22499656677246
1786832868.1630495,ERROR:ConnectionError,61.93947792053223
1786832868.2053623,ERROR:ConnectionError,20.223140716552734
1786832868.2127728,ERROR:ConnectionError,15.682458877563477
1786832868.1569805,ERROR:ConnectionError,73.05169105529785
1786832868.19394,ERROR:ConnectionError,36.98444366455078
1786832868.1492264,ERROR:ConnectionError,88.50526809692383
1786832868.1865098,ERROR:ConnectionError,53.89571189880371
1786832868.2247133,ERROR:ConnectionError,19.984960556030273
1786832868.2186935,ERROR:ConnectionError,28.3048152923584
1786832868.2284617,ERROR:ConnectionError,19.4699764251709
1786832868.2255912,ERROR:ConnectionError,24.680137634277344
1786832868.2249937,ERROR:ConnectionError,36.57245635986328
1786832868.230928,ERROR:ConnectionError,33.41341018676758
1786832868.2216628,ERROR:ConnectionError,46.76198959350586
1786832868.2300367,ERROR:ConnectionError,38.765907287597656
1786832868.2479365,ERROR:ConnectionError,22.192001342773438
1786832868.2447047,ERROR:ConnectionError,28.807401657104492
1786832868.2470052,ERROR:ConnectionError,26.727914810180664
1786832868.2377388,ERROR:ConnectionError,36.39936447143555
1786832868.2404132,ERROR:ConnectionError,37.760257720947266
1786832868.250278,ERROR:ConnectionError,32.47523307800293
1786832868.26435,ERROR:ConnectionError,20.810365676879883
1786832868.2684355,ERROR:ConnectionError,19.196510314941406
1786832868.2615755,ERROR:ConnectionError,30.500173568725586
1786832868.2737381,ERROR:ConnectionError,18.614530563354492
1786832868.2688084,ERROR:ConnectionError,24.495840072631836
1786832868.2782083,ERROR:ConnectionError,69.31757926940918
1786832868.2701325,ERROR:ConnectionError,77.98242568969727
1786832868.2735178,ERROR:ConnectionError,76.55501365661621
1786832868.274147,ERROR:ConnectionError,78.47881317138672
1786832868.2827609,ERROR:ConnectionError,72.72744178771973
1786832868.2851658,ERROR:ConnectionError,72.9818344116211
1786832868.2876415,ERROR:ConnectionError,70.77956199645996
1786832868.292083,ERROR:ConnectionError,72.30257987976074
1786832868.2933087,ERROR:ConnectionError,72.94988632202148
1786832868.3481214,ERROR:ConnectionError,26.015520095825195
1786832868.3500779,ERROR:ConnectionError,26.08633041381836
1786832868.2923589,ERROR:ConnectionError,84.14316177368164
1786832868.347548,ERROR:ConnectionError,30.22003173828125
1786832868.352632,ERROR:ConnectionError,25.554418563842773
1786832868.3643942,ERROR:ConnectionError,20.702600479125977
1786832868.3584263,ERROR:ConnectionError,27.7097225189209
1786832868.3554947,ERROR:ConnectionError,31.175613403320312
1786832868.3662655,ERROR:ConnectionError,23.568153381347656
1786832868.374144,ERROR:ConnectionError,21.21877670288086
1786832868.3777733,ERROR:ConnectionError,21.834611892700195
1786832868.3781898,ERROR:ConnectionError,21.685123443603516
1786832868.376506,ERROR:ConnectionError,27.72068977355957
1786832868.386676,ERROR:ConnectionError,19.0732479095459
1786832868.3851047,ERROR:ConnectionError,22.243499755859375
1786832868.3898413,ERROR:ConnectionError,18.416881561279297
1786832868.3861432,ERROR:ConnectionError,29.65092658996582
1786832868.3581543,ERROR:ConnectionError,58.724403381347656
1786832868.376171,ERROR:ConnectionError,41.889190673828125
1786832868.399616,ERROR:ConnectionError,19.808530807495117
1786832868.395371,ERROR:ConnectionError,24.275541305541992
1786832868.3998792,ERROR:ConnectionError,24.752378463745117
1786832868.4057562,ERROR:ConnectionError,22.4459171295166
1786832868.4073546,ERROR:ConnectionError,21.80337905883789
1786832868.4082637,ERROR:ConnectionError,21.66295051574707
1786832868.415802,ERROR:ConnectionError,16.71290397644043
1786832868.4042332,ERROR:ConnectionError,28.792858123779297
1786832868.4180675,ERROR:ConnectionError,21.156787872314453
1786832868.4168837,ERROR:ConnectionError,22.701740264892578
1786832868.424637,ERROR:ConnectionError,30.844688415527344
1786832868.419432,ERROR:ConnectionError,37.71495819091797
1786832868.4196503,ERROR:ConnectionError,37.78195381164551
1786832868.4282093,ERROR:ConnectionError,29.755830764770508
1786832868.429164,ERROR:ConnectionError,30.450105667114258
1786832868.433032,ERROR:ConnectionError,31.621932983398438
1786832868.4392328,ERROR:ConnectionError,28.038501739501953
1786832868.4325223,ERROR:ConnectionError,41.55302047729492
1786832868.4299326,ERROR:ConnectionError,49.299001693725586
1786832868.4395905,ERROR:ConnectionError,39.98708724975586
1786832868.4571567,ERROR:ConnectionError,22.658348083496094
1786832868.4554925,ERROR:ConnectionError,24.545669555664062
1786832868.4574366,ERROR:ConnectionError,24.880647659301758
1786832868.4579706,ERROR:ConnectionError,29.70719337463379
1786832868.45962,ERROR:ConnectionError,28.339624404907227
1786832868.4672878,ERROR:ConnectionError,28.450727462768555
1786832868.4740906,ERROR:ConnectionError,24.82914924621582
1786832868.4792387,ERROR:ConnectionError,28.542280197143555
1786832868.4646633,ERROR:ConnectionError,43.52521896362305
1786832868.4800427,ERROR:ConnectionError,31.665563583374023
1786832868.4879642,ERROR:ConnectionError,25.287389755249023
1786832868.4823287,ERROR:ConnectionError,37.128448486328125
1786832868.4798205,ERROR:ConnectionError,45.50027847290039
1786832868.4876864,ERROR:ConnectionError,37.97006607055664
1786832868.4795833,ERROR:ConnectionError,54.88109588623047
1786832868.4957488,ERROR:ConnectionError,42.01483726501465
1786832868.4989288,ERROR:ConnectionError,41.3205623626709
1786832868.5117185,ERROR:ConnectionError,31.507253646850586
1786832868.5077932,ERROR:ConnectionError,36.99994087219238
1786832868.5081942,ERROR:ConnectionError,40.470123291015625
1786832868.5256617,ERROR:ConnectionError,26.36861801147461
1786832868.519467,ERROR:ConnectionError,32.814979553222656
1786832868.5344777,ERROR:ConnectionError,21.1794376373291
1786832868.513261,ERROR:ConnectionError,43.431758880615234
1786832868.537771,ERROR:ConnectionError,21.50249481201172
1786832868.5402586,ERROR:ConnectionError,26.23462677001953
1786832868.5486763,ERROR:ConnectionError,30.16519546508789
1786832868.5432544,ERROR:ConnectionError,36.79347038269043
1786832868.5448375,ERROR:ConnectionError,42.04082489013672
1786832868.5520396,ERROR:ConnectionError,36.103010177612305
1786832868.52533,ERROR:ConnectionError,63.227176666259766
1786832868.5566998,ERROR:ConnectionError,33.87093544006348
1786832868.5522866,ERROR:ConnectionError,41.762351989746094
1786832868.5556636,ERROR:ConnectionError,42.23275184631348
1786832868.559282,ERROR:ConnectionError,41.069746017456055
1786832868.5788503,ERROR:ConnectionError,25.36177635192871
1786832868.5665057,ERROR:ConnectionError,38.34939002990723
1786832868.580057,ERROR:ConnectionError,28.44095230102539
1786832868.588149,ERROR:ConnectionError,24.273157119750977
1786832868.586888,ERROR:ConnectionError,28.16462516784668
1786832868.5905778,ERROR:ConnectionError,32.546281814575195
1786832868.5940568,ERROR:ConnectionError,31.406402587890625
1786832868.5885625,ERROR:ConnectionError,40.6796932220459
1786832868.597904,ERROR:ConnectionError,33.42890739440918
1786832868.604862,ERROR:ConnectionError,29.807090759277344
1786832868.6085062,ERROR:ConnectionError,26.508808135986328
1786832868.6124306,ERROR:ConnectionError,23.065567016601562
1786832868.6150608,ERROR:ConnectionError,25.435686111450195
1786832868.600361,ERROR:ConnectionError,55.97352981567383
1786832868.6042194,ERROR:ConnectionError,52.49452590942383
1786832868.6231327,ERROR:ConnectionError,36.30995750427246
1786832868.625471,ERROR:ConnectionError,35.202741622924805
1786832868.6350207,ERROR:ConnectionError,30.045270919799805
1786832868.629252,ERROR:ConnectionError,39.00265693664551
1786832868.6355023,ERROR:ConnectionError,54.96048927307129
1786832868.6346798,ERROR:ConnectionError,62.10041046142578
1786832868.6567192,ERROR:ConnectionError,47.62530326843262
1786832868.659456,ERROR:ConnectionError,46.88429832458496
1786832868.6563442,ERROR:ConnectionError,57.63673782348633
1786832868.6606817,ERROR:ConnectionError,56.107282638549805
1786832868.6313424,ERROR:ConnectionError,86.43126487731934
1786832868.640504,ERROR:ConnectionError,87.62478828430176
1786832868.6650739,ERROR:ConnectionError,64.05830383300781
1786832868.6682656,ERROR:ConnectionError,70.9075927734375
1786832868.6904721,ERROR:ConnectionError,50.95505714416504
1786832868.7043555,ERROR:ConnectionError,38.00392150878906
1786832868.7063506,ERROR:ConnectionError,38.486480712890625
1786832868.696793,ERROR:ConnectionError,51.47981643676758
1786832868.713996,ERROR:ConnectionError,41.738033294677734
1786832868.717783,ERROR:ConnectionError,47.91092872619629
1786832868.7281365,ERROR:ConnectionError,39.41679000854492
1786832868.7167988,ERROR:ConnectionError,54.514408111572266
1786832868.7291398,ERROR:ConnectionError,46.83518409729004
1786832868.7391827,ERROR:ConnectionError,38.910627365112305
1786832868.7414348,ERROR:ConnectionError,43.42079162597656
1786832868.7482817,ERROR:ConnectionError,42.825937271118164
1786832868.7448437,ERROR:ConnectionError,48.40874671936035
1786832868.742367,ERROR:ConnectionError,51.270246505737305
1786832868.7557466,ERROR:ConnectionError,42.1445369720459
1786832868.7713244,ERROR:ConnectionError,30.58457374572754
1786832868.7675674,ERROR:ConnectionError,39.37816619873047
1786832868.7759879,ERROR:ConnectionError,31.400442123413086
1786832868.765706,ERROR:ConnectionError,42.29092597961426
1786832868.7780995,ERROR:ConnectionError,37.735939025878906
1786832868.7911184,ERROR:ConnectionError,27.167797088623047
1786832868.7932613,ERROR:ConnectionError,35.13932228088379
1786832868.7848773,ERROR:ConnectionError,46.02980613708496
1786832868.7978995,ERROR:ConnectionError,47.63221740722656
1786832868.8019238,ERROR:ConnectionError,48.37822914123535
1786832868.8080022,ERROR:ConnectionError,46.11802101135254
1786832868.7936428,ERROR:ConnectionError,63.57741355895996
1786832868.806954,ERROR:ConnectionError,50.64988136291504
1786832868.815848,ERROR:ConnectionError,48.45404624938965
1786832868.818293,ERROR:ConnectionError,55.86981773376465
1786832868.828423,ERROR:ConnectionError,46.08440399169922
1786832868.8073947,ERROR:ConnectionError,70.93310356140137
1786832868.8309145,ERROR:ConnectionError,59.57531929016113
1786832868.8455415,ERROR:ConnectionError,66.81609153747559
1786832868.85413,ERROR:ConnectionError,73.62937927246094
1786832868.864316,ERROR:ConnectionError,66.04456901550293
1786832868.8503144,ERROR:ConnectionError,81.49552345275879
1786832868.8745124,ERROR:ConnectionError,62.247276306152344
1786832868.8576088,ERROR:ConnectionError,79.40149307250977
1786832868.8572283,ERROR:ConnectionError,82.36145973205566
1786832868.8783348,ERROR:ConnectionError,64.90898132324219
1786832868.890503,ERROR:ConnectionError,55.96446990966797
1786832868.9123666,ERROR:ConnectionError,35.31455993652344
1786832868.9277682,ERROR:ConnectionError,21.843910217285156
1786832868.930368,ERROR:ConnectionError,25.166749954223633
1786832868.8741727,ERROR:ConnectionError,82.45706558227539
1786832868.9318178,ERROR:ConnectionError,59.91220474243164
1786832868.9370139,ERROR:ConnectionError,60.532569885253906
1786832868.9432547,ERROR:ConnectionError,56.084394454956055
1786832868.9395955,ERROR:ConnectionError,63.26174736022949
1786832868.9464743,ERROR:ConnectionError,58.58922004699707
1786832868.9476871,ERROR:ConnectionError,57.96408653259277
1786832868.9496179,ERROR:ConnectionError,57.912588119506836
1786832868.9367669,ERROR:ConnectionError,71.5177059173584
1786832868.9555402,ERROR:ConnectionError,56.14113807678223
1786832868.956636,ERROR:ConnectionError,56.255340576171875
1786832868.9975548,ERROR:ConnectionError,21.915912628173828
1786832868.9917784,ERROR:ConnectionError,29.306650161743164
1786832868.9993453,ERROR:ConnectionError,23.763656616210938
1786832869.0028632,ERROR:ConnectionError,52.64687538146973
1786832869.0056553,ERROR:ConnectionError,52.70576477050781
1786832869.0082898,ERROR:ConnectionError,54.190635681152344
1786832869.0050688,ERROR:ConnectionError,59.26322937011719
1786832869.0116882,ERROR:ConnectionError,62.901973724365234
1786832869.012911,ERROR:ConnectionError,62.569379806518555
1786832869.0210912,ERROR:ConnectionError,58.19988250732422
1786832869.0231166,ERROR:ConnectionError,57.601213455200195
1786832869.0584426,ERROR:ConnectionError,22.55535125732422
1786832869.0075362,ERROR:ConnectionError,75.23965835571289
1786832869.06434,ERROR:ConnectionError,19.77992057800293
1786832869.0555212,ERROR:ConnectionError,28.812408447265625
1786832869.062487,ERROR:ConnectionError,25.73370933532715
1786832869.0194793,ERROR:ConnectionError,71.9156265258789
1786832869.0746002,ERROR:ConnectionError,25.742530822753906
1786832869.0792987,ERROR:ConnectionError,24.602413177490234
1786832869.0754862,ERROR:ConnectionError,29.37150001525879
1786832869.0810027,ERROR:ConnectionError,25.461196899414062
1786832869.0807245,ERROR:ConnectionError,30.157089233398438
1786832869.0827818,ERROR:ConnectionError,29.940366744995117
1786832869.0882294,ERROR:ConnectionError,25.496721267700195
1786832869.0914032,ERROR:ConnectionError,24.228334426879883
1786832869.084338,ERROR:ConnectionError,32.89604187011719
1786832869.084126,ERROR:ConnectionError,35.72225570678711
1786832869.1039076,ERROR:ConnectionError,18.93758773803711
1786832869.1003559,ERROR:ConnectionError,22.771835327148438
1786832869.1048622,ERROR:ConnectionError,22.870302200317383
1786832869.106482,ERROR:ConnectionError,22.719621658325195
1786832869.1108887,ERROR:ConnectionError,18.738269805908203
1786832869.1127284,ERROR:ConnectionError,21.216869354248047
1786832869.11564,ERROR:ConnectionError,20.290136337280273
1786832869.1137311,ERROR:ConnectionError,25.28548240661621
1786832869.1172411,ERROR:ConnectionError,29.42633628845215
1786832869.1231332,ERROR:ConnectionError,25.43330192565918
1786832869.1228542,ERROR:ConnectionError,28.202056884765625
1786832869.1277385,ERROR:ConnectionError,25.450468063354492
1786832869.139024,ERROR:ConnectionError,14.922380447387695
1786832869.133953,ERROR:ConnectionError,20.212411880493164
1786832869.119856,ERROR:ConnectionError,38.308143615722656
1786832869.1292086,ERROR:ConnectionError,31.472206115722656
1786832869.1485734,ERROR:ConnectionError,13.479948043823242
1786832869.1510644,ERROR:ConnectionError,12.8326416015625
1786832869.1466768,ERROR:ConnectionError,17.647504806518555
1786832869.1296313,ERROR:ConnectionError,34.891366958618164
1786832869.153196,ERROR:ConnectionError,11.959314346313477
1786832869.135937,ERROR:ConnectionError,36.69309616088867
1786832869.1539524,ERROR:ConnectionError,18.958091735839844
1786832869.1606882,ERROR:ConnectionError,17.949581146240234
1786832869.1541698,ERROR:ConnectionError,25.127410888671875
1786832869.1581714,ERROR:ConnectionError,22.844791412353516
1786832869.16206,ERROR:ConnectionError,20.369768142700195
1786832869.1639035,ERROR:ConnectionError,22.908926010131836
1786832869.164329,ERROR:ConnectionError,23.646116256713867
1786832869.1726377,ERROR:ConnectionError,15.59591293334961
1786832869.1645277,ERROR:ConnectionError,24.152040481567383
1786832869.1651602,ERROR:ConnectionError,24.61385726928711
1786832869.181023,ERROR:ConnectionError,17.235755920410156
1786832869.1786458,ERROR:ConnectionError,22.116422653198242
1786832869.179303,ERROR:ConnectionError,21.779775619506836
1786832869.1729143,ERROR:ConnectionError,28.342008590698242
1786832869.1824353,ERROR:ConnectionError,22.124290466308594
1786832869.1868205,ERROR:ConnectionError,21.11196517944336
1786832869.1882374,ERROR:ConnectionError,20.663976669311523
1786832869.1886847,ERROR:ConnectionError,21.635770797729492
1786832869.1897795,ERROR:ConnectionError,24.5208740234375
1786832869.1982658,ERROR:ConnectionError,16.45517349243164
1786832869.20126,ERROR:ConnectionError,14.83464241027832
1786832869.1879802,ERROR:ConnectionError,28.937101364135742
1786832869.2007806,ERROR:ConnectionError,21.91615104675293
1786832869.201086,ERROR:ConnectionError,25.24256706237793
1786832869.204566,ERROR:ConnectionError,32.541513442993164
1786832869.2103255,ERROR:ConnectionError,31.352519989013672
1786832869.2089062,ERROR:ConnectionError,33.45441818237305
1786832869.2079391,ERROR:ConnectionError,34.62505340576172
1786832869.2160997,ERROR:ConnectionError,27.12225914001465
1786832869.2143078,ERROR:ConnectionError,32.108306884765625
1786832869.2169216,ERROR:ConnectionError,29.976367950439453
1786832869.2147262,ERROR:ConnectionError,33.10871124267578
1786832869.2227046,ERROR:ConnectionError,27.55117416381836
1786832869.2371187,ERROR:ConnectionError,16.201496124267578
1786832869.2263355,ERROR:ConnectionError,30.305862426757812
1786832869.2423677,ERROR:ConnectionError,14.677286148071289
1786832869.2425678,ERROR:ConnectionError,16.98923110961914
1786832869.2416854,ERROR:ConnectionError,20.716428756713867
1786832869.2469022,ERROR:ConnectionError,16.80588722229004
1786832869.257051,ERROR:ConnectionError,9.663581848144531
1786832869.2533247,ERROR:ConnectionError,13.738632202148438
1786832869.2432256,ERROR:ConnectionError,25.467872619628906
1786832869.2502623,ERROR:ConnectionError,18.729686737060547
1786832869.2478404,ERROR:ConnectionError,25.7265567779541
1786832869.2624092,ERROR:ConnectionError,12.678861618041992
1786832869.246424,ERROR:ConnectionError,29.412508010864258
1786832869.2595649,ERROR:ConnectionError,18.28789710998535
1786832869.2566488,ERROR:ConnectionError,22.606611251831055
1786832869.2637138,ERROR:ConnectionError,16.838788986206055
1786832869.268996,ERROR:ConnectionError,17.86637306213379
1786832869.267068,ERROR:ConnectionError,20.25127410888672
1786832869.2686987,ERROR:ConnectionError,20.862102508544922
1786832869.2735748,ERROR:ConnectionError,16.896486282348633
1786832869.2667212,ERROR:ConnectionError,27.010679244995117
1786832869.279274,ERROR:ConnectionError,19.634723663330078
1786832869.2750936,ERROR:ConnectionError,24.111032485961914
1786832869.280558,ERROR:ConnectionError,23.7424373626709
1786832869.2758417,ERROR:ConnectionError,29.936552047729492
1786832869.277859,ERROR:ConnectionError,32.63354301452637
1786832869.2895675,ERROR:ConnectionError,22.73869514465332
1786832869.2873242,ERROR:ConnectionError,25.67911148071289
1786832869.2989342,ERROR:ConnectionError,15.897512435913086
1786832869.2904766,ERROR:ConnectionError,24.939298629760742
1786832869.293738,ERROR:ConnectionError,22.52364158630371
1786832869.2992082,ERROR:ConnectionError,17.325401306152344
1786832869.28687,ERROR:ConnectionError,29.84619140625
1786832869.304309,ERROR:ConnectionError,17.077207565307617
1786832869.3105023,ERROR:ConnectionError,16.976594924926758
1786832869.305786,ERROR:ConnectionError,24.267196655273438
1786832869.3123126,ERROR:ConnectionError,20.853042602539062
1786832869.3162675,ERROR:ConnectionError,18.1732177734375
1786832869.3167198,ERROR:ConnectionError,19.24586296081543
1786832869.3130085,ERROR:ConnectionError,24.44934844970703
1786832869.3148415,ERROR:ConnectionError,26.052236557006836
1786832869.3154209,ERROR:ConnectionError,29.058456420898438
1786832869.327487,ERROR:ConnectionError,19.191980361938477
1786832869.3165371,ERROR:ConnectionError,32.72843360900879
1786832869.3300607,ERROR:ConnectionError,20.85256576538086
1786832869.3213918,ERROR:ConnectionError,31.33702278137207
1786832869.333173,ERROR:ConnectionError,21.564483642578125
1786832869.3344483,ERROR:ConnectionError,202.45122909545898
1786832869.3359718,ERROR:ConnectionError,206.78043365478516
1786832869.349272,ERROR:ConnectionError,204.47683334350586
1786832869.3409019,ERROR:ConnectionError,215.08288383483887
1786832869.346688,ERROR:ConnectionError,215.09861946105957
1786832869.350918,ERROR:ConnectionError,211.86208724975586
1786832869.3444865,ERROR:ConnectionError,227.82301902770996
1786832869.352734,ERROR:ConnectionError,221.34113311767578
1786832869.3547435,ERROR:ConnectionError,223.5739231109619
1786832869.337464,ERROR:ConnectionError,243.3757781982422
1786832869.53691,ERROR:ConnectionError,112.37001419067383
1786832869.5427623,ERROR:ConnectionError,107.63907432556152
1786832869.5537586,ERROR:ConnectionError,116.4703369140625
1786832869.574134,ERROR:ConnectionError,131.41107559204102
1786832869.5723212,ERROR:ConnectionError,140.34771919250488
1786832869.5627878,ERROR:ConnectionError,152.38380432128906
1786832869.5617979,ERROR:ConnectionError,157.97686576843262
1786832869.578328,ERROR:ConnectionError,152.67539024353027
1786832869.5808508,ERROR:ConnectionError,161.9701385498047
1786832869.5559926,ERROR:ConnectionError,209.12456512451172
1786832869.6492908,ERROR:ConnectionError,119.09937858581543
1786832869.67024,ERROR:ConnectionError,100.99005699157715
1786832869.6504097,ERROR:ConnectionError,127.49338150024414
1786832869.7055533,ERROR:ConnectionError,79.23769950866699
1786832869.7310617,ERROR:ConnectionError,60.30106544494629
1786832869.712681,ERROR:ConnectionError,80.70111274719238
1786832869.7151828,ERROR:ConnectionError,79.43940162658691
1786832869.7684011,ERROR:ConnectionError,34.19137001037598
1786832869.7651277,ERROR:ConnectionError,40.24338722229004
1786832869.7428296,ERROR:ConnectionError,64.78548049926758
1786832869.7197914,ERROR:ConnectionError,91.46976470947266
1786832869.7712407,ERROR:ConnectionError,209.564208984375
1786832869.7779145,ERROR:ConnectionError,206.0551643371582
1786832869.7913716,ERROR:ConnectionError,200.4225254058838
1786832869.7848036,ERROR:ConnectionError,209.2573642730713
1786832869.793389,ERROR:ConnectionError,205.6558132171631
1786832869.805379,ERROR:ConnectionError,212.85605430603027
1786832869.8026035,ERROR:ConnectionError,221.4486598968506
1786832869.8112714,ERROR:ConnectionError,213.83261680603027
1786832869.807621,ERROR:ConnectionError,218.91283988952637
1786832869.7946332,ERROR:ConnectionError,233.34312438964844
1786832869.9808142,ERROR:ConnectionError,49.58987236022949
1786832869.9918067,ERROR:ConnectionError,43.60389709472656
1786832869.9940703,ERROR:ConnectionError,45.37343978881836
1786832869.9839807,ERROR:ConnectionError,62.40034103393555
1786832869.9990587,ERROR:ConnectionError,48.31051826477051
1786832870.0182476,ERROR:ConnectionError,31.220674514770508
1786832870.02511,ERROR:ConnectionError,25.229215621948242
1786832870.024061,ERROR:ConnectionError,119.99940872192383
1786832870.0279808,ERROR:ConnectionError,127.6102066040039
1786832870.0304115,ERROR:ConnectionError,127.0151138305664
1786832870.0265398,ERROR:ConnectionError,131.13760948181152
1786832870.0463893,ERROR:ConnectionError,121.15645408630371
1786832870.0354202,ERROR:ConnectionError,132.45224952697754
1786832870.047376,ERROR:ConnectionError,121.36054039001465
1786832870.0494733,ERROR:ConnectionError,122.27535247802734
1786832870.0394514,ERROR:ConnectionError,133.6197853088379
1786832870.1440697,ERROR:ConnectionError,31.748533248901367
1786832870.050345,ERROR:ConnectionError,125.95343589782715
1786832870.1576822,ERROR:ConnectionError,20.55954933166504
1786832870.157432,ERROR:ConnectionError,24.58953857421875
1786832870.167555,ERROR:ConnectionError,16.686201095581055
1786832870.155599,ERROR:ConnectionError,28.90920639038086
1786832870.1687417,ERROR:ConnectionError,21.305561065673828
1786832870.167877,ERROR:ConnectionError,22.493839263916016
1786832870.1717567,ERROR:ConnectionError,23.60677719116211
1786832870.1763148,ERROR:ConnectionError,22.377729415893555
1786832870.1730766,ERROR:ConnectionError,27.686357498168945
1786832870.1820295,ERROR:ConnectionError,20.74599266052246
1786832870.175949,ERROR:ConnectionError,29.161691665649414
1786832870.1782482,ERROR:ConnectionError,27.622461318969727
1786832870.184513,ERROR:ConnectionError,23.77176284790039
1786832870.1842475,ERROR:ConnectionError,28.491735458374023
1786832870.1953712,ERROR:ConnectionError,29.979705810546875
1786832870.1903768,ERROR:ConnectionError,37.08171844482422
1786832870.1987033,ERROR:ConnectionError,36.04245185852051
1786832870.1900582,ERROR:ConnectionError,47.17826843261719
1786832870.2058747,ERROR:ConnectionError,32.72867202758789
1786832870.2007687,ERROR:ConnectionError,38.13886642456055
1786832870.202781,ERROR:ConnectionError,38.82169723510742
1786832870.2051182,ERROR:ConnectionError,38.63024711608887
1786832870.2253606,ERROR:ConnectionError,20.365238189697266
1786832870.212746,ERROR:ConnectionError,33.36787223815918
1786832870.2274656,ERROR:ConnectionError,20.1723575592041
1786832870.208293,ERROR:ConnectionError,41.84460639953613
1786832870.2372448,ERROR:ConnectionError,16.23225212097168
1786832870.2386093,ERROR:ConnectionError,17.783164978027344
1786832870.2347543,ERROR:ConnectionError,25.253772735595703
1786832870.243755,ERROR:ConnectionError,26.374340057373047
1786832870.2389138,ERROR:ConnectionError,31.597137451171875
1786832870.246119,ERROR:ConnectionError,25.976181030273438
1786832870.2416098,ERROR:ConnectionError,31.81743621826172
1786832870.245733,ERROR:ConnectionError,29.99281883239746
1786832870.253484,ERROR:ConnectionError,29.288291931152344
1786832870.2501438,ERROR:ConnectionError,34.52038764953613
1786832870.260017,ERROR:ConnectionError,28.852462768554688
1786832870.2705164,ERROR:ConnectionError,20.030498504638672
1786832870.270152,ERROR:ConnectionError,20.64657211303711
1786832870.2563999,ERROR:ConnectionError,34.620046615600586
1786832870.2476425,ERROR:ConnectionError,43.61248016357422
1786832870.2734327,ERROR:ConnectionError,23.696422576904297
1786832870.272101,ERROR:ConnectionError,25.84528923034668
1786832870.2757325,ERROR:ConnectionError,22.507429122924805
1786832870.2827818,ERROR:ConnectionError,16.32833480834961
1786832870.284672,ERROR:ConnectionError,19.545793533325195
1786832870.2888772,ERROR:ConnectionError,22.1865177154541
1786832870.2905552,ERROR:ConnectionError,55.480003356933594
1786832870.2910244,ERROR:ConnectionError,63.036441802978516
1786832870.2912602,ERROR:ConnectionError,63.21144104003906
1786832870.2908034,ERROR:ConnectionError,66.61367416381836
1786832870.2979512,ERROR:ConnectionError,59.93247032165527
1786832870.2991147,ERROR:ConnectionError,59.70954895019531
1786832870.2971363,ERROR:ConnectionError,66.85805320739746
1786832870.304225,ERROR:ConnectionError,63.260793685913086
1786832870.3460433,ERROR:ConnectionError,22.335052490234375
1786832870.3110747,ERROR:ConnectionError,57.787418365478516
1786832870.2982442,ERROR:ConnectionError,71.02441787719727
1786832870.3540723,ERROR:ConnectionError,26.49521827697754
1786832870.357424,ERROR:ConnectionError,25.30527114868164
1786832870.357888,ERROR:ConnectionError,25.7568359375
1786832870.3588283,ERROR:ConnectionError,28.70035171508789
1786832870.3544781,ERROR:ConnectionError,38.329362869262695
1786832870.368385,ERROR:ConnectionError,36.59868240356445
1786832870.3640058,ERROR:ConnectionError,42.325735092163086
1786832870.3674967,ERROR:ConnectionError,40.897369384765625
1786832870.3692772,ERROR:ConnectionError,43.52116584777832
1786832870.368867,ERROR:ConnectionError,46.73576354980469
1786832870.3805764,ERROR:ConnectionError,36.008358001708984
1786832870.3827353,ERROR:ConnectionError,35.59684753417969
1786832870.3836508,ERROR:ConnectionError,37.239789962768555
1786832870.3875358,ERROR:ConnectionError,34.09719467163086
1786832870.3928158,ERROR:ConnectionError,29.920101165771484
1786832870.406339,ERROR:ConnectionError,18.819808959960938
1786832870.408401,ERROR:ConnectionError,18.662452697753906
1786832870.404994,ERROR:ConnectionError,22.335529327392578
1786832870.412805,ERROR:ConnectionError,15.795707702636719
1786832870.4156103,ERROR:ConnectionError,21.656513214111328
1786832870.4208972,ERROR:ConnectionError,17.96245574951172
1786832870.4183373,ERROR:ConnectionError,20.786523818969727
1786832870.4165905,ERROR:ConnectionError,26.704788208007812
1786832870.4227426,ERROR:ConnectionError,20.875215530395508
1786832870.4216537,ERROR:ConnectionError,28.200387954711914
1786832870.42518,ERROR:ConnectionError,24.989604949951172
1786832870.42707,ERROR:ConnectionError,23.34284782409668
1786832870.4372792,ERROR:ConnectionError,17.736434936523438
1786832870.4273336,ERROR:ConnectionError,29.84476089477539
1786832870.4286044,ERROR:ConnectionError,28.759241104125977
1786832870.439144,ERROR:ConnectionError,20.829200744628906
1786832870.4436367,ERROR:ConnectionError,18.047809600830078
1786832870.4388661,ERROR:ConnectionError,23.05436134338379
1786832870.450417,ERROR:ConnectionError,24.29652214050293
1786832870.4433033,ERROR:ConnectionError,32.300710678100586
1786832870.4501736,ERROR:ConnectionError,27.89759635925293
1786832870.4498625,ERROR:ConnectionError,32.76228904724121
1786832870.4550216,ERROR:ConnectionError,31.643152236938477
1786832870.4571857,ERROR:ConnectionError,34.52730178833008
1786832870.457368,ERROR:ConnectionError,41.82076454162598
1786832870.4599802,ERROR:ConnectionError,44.5706844329834
1786832870.46169,ERROR:ConnectionError,43.889522552490234
1786832870.4619253,ERROR:ConnectionError,48.279762268066406
1786832870.4747655,ERROR:ConnectionError,49.195051193237305
1786832870.475608,ERROR:ConnectionError,54.5046329498291
1786832870.4780777,ERROR:ConnectionError,55.826663970947266
1786832870.4826336,ERROR:ConnectionError,55.37557601928711
1786832870.4866745,ERROR:ConnectionError,60.478925704956055
1786832870.4917228,ERROR:ConnectionError,109.07578468322754
1786832870.5055854,ERROR:ConnectionError,98.70457649230957
1786832870.5239687,ERROR:ConnectionError,85.25681495666504
1786832870.4991987,ERROR:ConnectionError,110.93711853027344
1786832870.5301433,ERROR:ConnectionError,82.0305347442627
1786832870.510213,ERROR:ConnectionError,102.27012634277344
1786832870.5045612,ERROR:ConnectionError,109.6339225769043
1786832870.5339165,ERROR:ConnectionError,84.0611457824707
1786832870.5380177,ERROR:ConnectionError,80.27482032775879
1786832870.5471628,ERROR:ConnectionError,76.89380645751953
1786832870.6042995,ERROR:ConnectionError,20.03169059753418
1786832870.6008098,ERROR:ConnectionError,25.872230529785156
1786832870.609234,ERROR:ConnectionError,21.57282829284668
1786832870.6101415,ERROR:ConnectionError,27.545690536499023
1786832870.6142015,ERROR:ConnectionError,25.386571884155273
1786832870.6124873,ERROR:ConnectionError,27.44460105895996
1786832870.6121812,ERROR:ConnectionError,46.807050704956055
1786832870.6179843,ERROR:ConnectionError,42.891740798950195
1786832870.618297,ERROR:ConnectionError,53.63798141479492
1786832870.624064,ERROR:ConnectionError,52.19721794128418
1786832870.6308544,ERROR:ConnectionError,47.47796058654785
1786832870.624337,ERROR:ConnectionError,55.87005615234375
1786832870.6266885,ERROR:ConnectionError,55.72056770324707
1786832870.6589956,ERROR:ConnectionError,25.52342414855957
1786832870.6608827,ERROR:ConnectionError,24.35779571533203
1786832870.6376987,ERROR:ConnectionError,49.22819137573242
1786832870.6399364,ERROR:ConnectionError,49.65615272521973
1786832870.6395955,ERROR:ConnectionError,53.826332092285156
1786832870.6783383,ERROR:ConnectionError,16.9675350189209
1786832870.6762688,ERROR:ConnectionError,20.379066467285156
1786832870.680214,ERROR:ConnectionError,18.024206161499023
1786832870.6719458,ERROR:ConnectionError,33.97965431213379
1786832870.682415,ERROR:ConnectionError,23.800134658813477
1786832870.6845248,ERROR:ConnectionError,25.751352310180664
1786832870.6852453,ERROR:ConnectionError,30.426740646362305
1786832870.686932,ERROR:ConnectionError,29.77728843688965
1786832870.6953113,ERROR:ReadTimeout,10030.00807762146
1786832870.696655,ERROR:ReadTimeout,10030.301332473755
1786832870.6934469,ERROR:ReadTimeout,10033.83183479309
1786832870.7102838,ERROR:ReadTimeout,10017.253637313843
1786832870.6895995,ERROR:ReadTimeout,10039.637565612793
1786832870.6982427,ERROR:ReadTimeout,10031.89754486084
1786832870.716714,ERROR:ReadTimeout,10043.607711791992
1786832870.7059343,ERROR:ReadTimeout,10054.629564285278
1786832870.7156813,ERROR:ReadTimeout,10045.114994049072
1786832870.7062201,ERROR:ReadTimeout,10054.739952087402
1786832880.760963,ERROR:ReadTimeout,10036.23628616333
1786832880.7603323,ERROR:ReadTimeout,10044.049978256226
1786832880.7253542,ERROR:ReadTimeout,10079.374074935913
1786832880.7269614,ERROR:ReadTimeout,10078.124284744263
1786832880.7292414,ERROR:ReadTimeout,10076.097249984741
1786832880.7607994,ERROR:ReadTimeout,10044.74425315857
1786832880.7272823,ERROR:ReadTimeout,10078.498601913452
1786832880.727541,ERROR:ReadTimeout,10078.500747680664
1786832880.7605696,ERROR:ReadTimeout,10045.984268188477
1786832880.7301455,ERROR:ReadTimeout,10076.66301727295
1786832890.8043919,ERROR:ConnectionError,1320.779800415039
1786832890.7977536,ERROR:ConnectionError,1401.7510414123535
1786832890.8060493,ERROR:ConnectionError,1422.316312789917
1786832890.8057888,ERROR:ConnectionError,1424.574613571167
1786832890.8047402,ERROR:ConnectionError,1448.1701850891113
1786832890.806813,ERROR:ConnectionError,1475.7635593414307
1786832890.8065608,ERROR:ConnectionError,1693.6054229736328
1786832890.8055475,ERROR:ConnectionError,1727.1549701690674
1786832892.125186,ERROR:ConnectionError,414.38794136047363
1786832890.8050954,ERROR:ConnectionError,1760.8182430267334
1786832892.2283769,ERROR:ConnectionError,350.8269786834717
1786832892.1995165,ERROR:ConnectionError,382.7550411224365
1786832892.2303705,ERROR:ConnectionError,353.302001953125
1786832892.2825878,ERROR:ConnectionError,442.71254539489746
1786832892.2529206,ERROR:ConnectionError,481.273889541626
1786832892.5001802,ERROR:ConnectionError,240.86713790893555
1786832892.5327132,ERROR:ConnectionError,475.6462574005127
1786832892.5395827,ERROR:ConnectionError,475.8601188659668
1786832892.5659275,ERROR:ConnectionError,474.1864204406738
1786832892.579214,ERROR:ConnectionError,465.4052257537842
1786832892.582281,ERROR:ConnectionError,514.3642425537109
1786832892.5836842,ERROR:ConnectionError,784.9874496459961
1786832892.725309,ERROR:ConnectionError,654.374361038208
1786832892.734205,ERROR:ConnectionError,654.5782089233398
1786832892.7410614,ERROR:ConnectionError,660.6552600860596
1786832893.0154524,ERROR:ConnectionError,396.09766006469727
1786832893.040124,ERROR:ConnectionError,373.77357482910156
1786832893.0446332,ERROR:ConnectionError,377.34317779541016
1786832893.0966787,ERROR:ConnectionError,328.1588554382324
1786832893.3888042,ERROR:ConnectionError,44.05784606933594
1786832893.3796947,ERROR:ConnectionError,56.381940841674805
1786832893.3686838,ERROR:ConnectionError,71.98619842529297
1786832893.4017286,ERROR:ConnectionError,41.896820068359375
1786832893.008371,ERROR:ConnectionError,441.1354064941406
1786832893.4248488,ERROR:ConnectionError,40.87567329406738
1786832893.4115617,ERROR:ConnectionError,64.0554428100586
1786832893.4328701,ERROR:ConnectionError,43.14732551574707
1786832893.4219868,ERROR:ConnectionError,58.991193771362305
1786832893.4139273,ERROR:ConnectionError,69.4427490234375
1786832893.4407516,ERROR:ConnectionError,129.3034553527832
1786832893.4360857,ERROR:ConnectionError,151.7484188079834
1786832893.4495158,ERROR:ConnectionError,147.10569381713867
1786832893.4436347,ERROR:ConnectionError,171.96893692016602
1786832893.4756277,ERROR:ConnectionError,145.55811882019043
1786832893.4760222,ERROR:ConnectionError,146.49009704589844
1786832893.4657352,ERROR:ConnectionError,157.01603889465332
1786832893.483383,ERROR:ConnectionError,145.86329460144043
1786832893.4809875,ERROR:ConnectionError,159.9726676940918
1786832893.570066,ERROR:ConnectionError,76.60055160522461
1786832893.5966332,ERROR:ConnectionError,74.15032386779785
1786832893.6156101,ERROR:ConnectionError,67.25215911865234
1786832893.6211941,ERROR:ConnectionError,65.91081619262695
1786832893.6225207,ERROR:ConnectionError,75.90317726135254
1786832893.5878465,ERROR:ConnectionError,122.08437919616699
1786832893.622754,ERROR:ConnectionError,97.32174873352051
1786832893.646677,ERROR:ConnectionError,91.68696403503418
1786832893.6707919,ERROR:ConnectionError,68.96734237670898
1786832893.64097,ERROR:ConnectionError,106.38642311096191
1786832893.6871138,ERROR:ConnectionError,61.530351638793945
1786832893.6292543,ERROR:ConnectionError,121.09541893005371
1786832893.709942,ERROR:ConnectionError,50.62389373779297
1786832893.7200892,ERROR:ConnectionError,44.165611267089844
1786832893.6984358,ERROR:ConnectionError,68.72963905334473
1786832893.682878,ERROR:ConnectionError,89.22076225280762
1786832893.7383845,ERROR:ConnectionError,44.005632400512695
1786832893.7397673,ERROR:ConnectionError,49.31497573852539
1786832893.760575,ERROR:ConnectionError,86.93885803222656
1786832893.750358,ERROR:ConnectionError,99.84159469604492
1786832893.7671769,ERROR:ConnectionError,109.48777198791504
1786832893.7642648,ERROR:ConnectionError,113.47365379333496
1786832893.7473702,ERROR:ConnectionError,136.488676071167
1786832893.7486506,ERROR:ConnectionError,138.42296600341797
1786832893.7721066,ERROR:ConnectionError,127.02178955078125
1786832893.7890956,ERROR:ConnectionError,117.7511215209961
1786832893.7823977,ERROR:ConnectionError,124.78184700012207
1786832893.847527,ERROR:ConnectionError,63.88688087463379
1786832893.8502085,ERROR:ConnectionError,64.82100486755371
1786832893.876674,ERROR:ConnectionError,78.2768726348877
1786832893.8838687,ERROR:ConnectionError,77.47483253479004
1786832893.877745,ERROR:ConnectionError,94.28763389587402
1786832893.8991373,ERROR:ConnectionError,80.11054992675781
1786832893.8870826,ERROR:ConnectionError,95.09587287902832
1786832893.911424,ERROR:ConnectionError,76.07507705688477
1786832893.9071836,ERROR:ConnectionError,83.78720283508301
1786832893.961351,ERROR:ConnectionError,36.370277404785156
1786832893.9068575,ERROR:ConnectionError,93.78170967102051
1786832893.9150376,ERROR:ConnectionError,87.30554580688477
1786832893.95496,ERROR:ConnectionError,52.86669731140137
1786832893.9792604,ERROR:ConnectionError,29.427528381347656
1786832893.9720454,ERROR:ConnectionError,40.95792770385742
1786832893.9821851,ERROR:ConnectionError,31.158447265625
1786832893.9875085,ERROR:ConnectionError,43.54405403137207
1786832893.9977317,ERROR:ConnectionError,34.41667556762695
1786832893.9909813,ERROR:ConnectionError,41.374921798706055
1786832894.0023515,ERROR:ConnectionError,36.21864318847656
1786832894.0078373,ERROR:ConnectionError,34.36541557312012
1786832894.0006518,ERROR:ConnectionError,46.69761657714844
1786832894.0321534,ERROR:ConnectionError,106.2631607055664
1786832894.032361,ERROR:ConnectionError,111.57464981079102
1786832894.03108,ERROR:ConnectionError,120.15700340270996
1786832894.0133493,ERROR:ConnectionError,152.39763259887695
1786832894.0086956,ERROR:ConnectionError,172.9271411895752
1786832894.0130146,ERROR:ConnectionError,168.92313957214355
1786832894.0473638,ERROR:ConnectionError,147.86314964294434
1786832894.0385811,ERROR:ConnectionError,167.00196266174316
1786832894.0422127,ERROR:ConnectionError,173.96974563598633
1786832894.1384327,ERROR:ConnectionError,101.2563705444336
1786832894.181635,ERROR:ConnectionError,91.87197685241699
1786832894.1439452,ERROR:ConnectionError,129.86326217651367
1786832894.151248,ERROR:ConnectionError,122.81060218811035
1786832894.1819432,ERROR:ConnectionError,96.27389907836914
1786832894.1657565,ERROR:ConnectionError,113.07168006896973
1786832894.1952388,ERROR:ConnectionError,84.61952209472656
1786832894.2397003,ERROR:ConnectionError,44.95716094970703
1786832894.21619,ERROR:ConnectionError,71.96998596191406
1786832894.2738132,ERROR:ConnectionError,26.74555778503418
1786832894.279864,ERROR:ConnectionError,36.69857978820801
1786832894.2735167,ERROR:ConnectionError,47.81746864318848
1786832894.2782311,ERROR:ConnectionError,43.532609939575195
1786832894.2846653,ERROR:ConnectionError,39.730072021484375
1786832894.2788336,ERROR:ConnectionError,52.90055274963379
1786832894.2056038,ERROR:ConnectionError,130.73492050170898
1786832894.2881675,ERROR:ConnectionError,88.96470069885254
1786832894.274062,ERROR:ConnectionError,424.0560531616211
1786832894.3165703,ERROR:ConnectionError,382.676362991333
1786832894.32177,ERROR:ConnectionError,389.96386528015137
1786832894.3213506,ERROR:ConnectionError,407.87720680236816
1786832894.3244035,ERROR:ConnectionError,406.7800045013428
1786832894.3317423,ERROR:ConnectionError,408.876895904541
1786832894.3005707,ERROR:ConnectionError,467.87500381469727
1786832894.3363485,ERROR:ConnectionError,443.098783493042
1786832894.3771417,ERROR:ConnectionError,418.60246658325195
1786832894.6981287,ERROR:ConnectionError,103.23596000671387
1786832894.7117462,ERROR:ConnectionError,95.21293640136719
1786832894.7311924,ERROR:ConnectionError,85.62588691711426
1786832894.7292385,ERROR:ConnectionError,90.27600288391113
1786832894.699252,ERROR:ConnectionError,121.9630241394043
1786832894.7406366,ERROR:ConnectionError,83.92834663391113
1786832894.768459,ERROR:ConnectionError,57.44528770446777
1786832894.7794583,ERROR:ConnectionError,49.66092109680176
1786832894.7957542,ERROR:ConnectionError,38.81955146789551
1786832894.8069682,ERROR:ConnectionError,33.59079360961914
1786832894.8013713,ERROR:ConnectionError,43.25437545776367
1786832894.8168464,ERROR:ConnectionError,29.07395362854004
1786832894.8212242,ERROR:ConnectionError,31.13269805908203
1786832894.8195581,ERROR:ConnectionError,34.957170486450195
1786832894.8245738,ERROR:ConnectionError,31.791210174560547
1786832894.8259106,ERROR:ConnectionError,30.758142471313477
1786832894.8291273,ERROR:ConnectionError,360.86034774780273
1786832894.8405685,ERROR:ConnectionError,364.74108695983887
1786832894.8345857,ERROR:ConnectionError,372.3616600036621
1786832894.8446343,ERROR:ConnectionError,437.46495246887207
1786832894.8459275,ERROR:ConnectionError,436.72800064086914
1786832894.852366,ERROR:ConnectionError,437.8836154937744
1786832894.8545234,ERROR:ConnectionError,437.22057342529297
1786832894.8563719,ERROR:ConnectionError,443.6008930206299
1786832894.8566737,ERROR:ConnectionError,444.37241554260254
1786832895.1900012,ERROR:ConnectionError,114.22586441040039
1786832895.2053218,ERROR:ConnectionError,101.08757019042969
1786832895.2069557,ERROR:ConnectionError,100.3868579864502
1786832895.2821093,ERROR:ConnectionError,30.403852462768555
1786832895.2826607,ERROR:ConnectionError,31.306028366088867
1786832895.299984,ERROR:ConnectionError,22.51577377319336
1786832895.3010523,ERROR:ConnectionError,24.59430694580078
1786832895.2902684,ERROR:ConnectionError,35.782814025878906
1786832895.2917504,ERROR:ConnectionError,40.81916809082031
1786832895.304234,ERROR:ConnectionError,45.04275321960449
1786832895.307355,ERROR:ConnectionError,47.50370979309082
1786832895.3064213,ERROR:ConnectionError,52.55436897277832
1786832895.313974,ERROR:ConnectionError,50.68230628967285
1786832895.3125217,ERROR:ConnectionError,56.238412857055664
1786832895.322512,ERROR:ConnectionError,51.393985748291016
1786832895.3256552,ERROR:ConnectionError,50.48990249633789
1786832895.326059,ERROR:ConnectionError,55.34863471984863
1786832895.3325794,ERROR:ConnectionError,51.28931999206543
1786832895.354872,ERROR:ConnectionError,31.27455711364746
1786832895.349286,ERROR:ConnectionError,40.08173942565918
1786832895.3646667,ERROR:ConnectionError,25.898218154907227
1786832895.3589842,ERROR:ConnectionError,33.51926803588867
1786832895.3687687,ERROR:ConnectionError,26.425600051879883
1786832895.3761537,ERROR:ConnectionError,19.895076751708984
1786832895.373922,ERROR:ConnectionError,33.387184143066406
1786832895.3814218,ERROR:ConnectionError,28.727054595947266
1786832895.3838744,ERROR:ConnectionError,31.642913818359375
1786832895.3861575,ERROR:ConnectionError,31.650781631469727
1786832895.3893778,ERROR:ConnectionError,30.633926391601562
1786832895.39251,ERROR:ConnectionError,34.0275764465332
1786832895.3905725,ERROR:ConnectionError,40.97127914428711
1786832895.3960552,ERROR:ConnectionError,37.69350051879883
1786832895.4101572,ERROR:ConnectionError,25.569915771484375
1786832895.4155293,ERROR:ConnectionError,28.645038604736328
1786832895.3952024,ERROR:ConnectionError,55.36222457885742
1786832895.4073203,ERROR:ConnectionError,45.18485069274902
1786832895.4178152,ERROR:ConnectionError,48.8123893737793
1786832895.4200215,ERROR:ConnectionError,49.1185188293457
1786832895.426549,ERROR:ConnectionError,45.886993408203125
1786832895.431555,ERROR:ConnectionError,133.17441940307617
1786832895.4337564,ERROR:ConnectionError,135.70666313171387
1786832895.4357343,ERROR:ConnectionError,142.73309707641602
1786832895.444184,ERROR:ConnectionError,144.3476676940918
1786832895.4505756,ERROR:ConnectionError,143.83339881896973
1786832895.4525123,ERROR:ConnectionError,147.2303867340088
1786832895.4666388,ERROR:ConnectionError,134.16290283203125
1786832895.564737,ERROR:ConnectionError,39.52908515930176
1786832895.4724476,ERROR:ConnectionError,132.49444961547852
1786832895.4691484,ERROR:ConnectionError,136.50941848754883
1786832895.5694733,ERROR:ConnectionError,37.44363784790039
1786832895.5784755,ERROR:ConnectionError,38.3152961730957
1786832895.5885446,ERROR:ConnectionError,44.646263122558594
1786832895.5944183,ERROR:ConnectionError,39.28542137145996
1786832895.6008089,ERROR:ConnectionError,35.51220893859863
1786832895.5997508,ERROR:ConnectionError,37.996768951416016
1786832895.6042829,ERROR:ConnectionError,36.7581844329834
1786832895.6069238,ERROR:ConnectionError,37.49656677246094
1786832895.6056635,ERROR:ConnectionError,41.63241386413574
1786832895.6167974,ERROR:ConnectionError,33.36834907531738
1786832895.6049488,ERROR:ConnectionError,46.58961296081543
1786832895.6332011,ERROR:ConnectionError,20.01047134399414
1786832895.6337097,ERROR:ConnectionError,20.15829086303711
1786832895.6377566,ERROR:ConnectionError,20.548105239868164
1786832895.636333,ERROR:ConnectionError,26.543855667114258
1786832895.6410499,ERROR:ConnectionError,26.758432388305664
1786832895.6444283,ERROR:ConnectionError,57.59906768798828
1786832895.6473033,ERROR:ConnectionError,57.02090263366699
1786832895.6532218,ERROR:ConnectionError,65.31810760498047
1786832895.6515477,ERROR:ConnectionError,67.46888160705566
1786832895.6538775,ERROR:ConnectionError,68.07160377502441
1786832895.6628842,ERROR:ConnectionError,61.478376388549805
1786832895.6501765,ERROR:ConnectionError,74.5089054107666
1786832895.66782,ERROR:ConnectionError,58.65812301635742
1786832895.6583185,ERROR:ConnectionError,75.53410530090332
1786832895.7020366,ERROR:ConnectionError,32.590389251708984
1786832895.7043335,ERROR:ConnectionError,30.483484268188477
1786832895.7190204,ERROR:ConnectionError,16.026973724365234
1786832895.7246907,ERROR:ConnectionError,27.462482452392578
1786832895.726485,ERROR:ConnectionError,26.136398315429688
1786832895.7185483,ERROR:ConnectionError,37.937164306640625
1786832895.734821,ERROR:ConnectionError,28.336524963378906
1786832895.7219603,ERROR:ConnectionError,46.76365852355957
1786832895.7243738,ERROR:ConnectionError,45.151472091674805
1786832895.7346323,ERROR:ConnectionError,39.931297302246094
1786832895.7350528,ERROR:ConnectionError,42.124271392822266
1786832895.7338614,ERROR:ConnectionError,43.92123222351074
1786832895.7521636,ERROR:ConnectionError,32.20248222351074
1786832895.756493,ERROR:ConnectionError,31.45432472229004
1786832895.7631667,ERROR:ConnectionError,28.04851531982422
1786832895.752627,ERROR:ConnectionError,40.230512619018555
1786832895.7695308,ERROR:ConnectionError,29.381990432739258
1786832895.768733,ERROR:ConnectionError,32.81545639038086
1786832895.7745733,ERROR:ConnectionError,28.816938400268555
1786832895.777788,ERROR:ConnectionError,51.5286922454834
1786832895.777188,ERROR:ConnectionError,55.07683753967285
1786832895.798926,ERROR:ConnectionError,37.64939308166504
1786832895.7843752,ERROR:ConnectionError,55.77564239501953
1786832895.7879598,ERROR:ConnectionError,54.3520450592041
1786832895.7912247,ERROR:ConnectionError,53.88665199279785
1786832895.7928658,ERROR:ConnectionError,57.12723731994629
1786832895.8033967,ERROR:ConnectionError,48.67959022521973
1786832895.829327,ERROR:ConnectionError,23.511648178100586
1786832895.801557,ERROR:ConnectionError,55.619001388549805
1786832895.832276,ERROR:ConnectionError,26.135683059692383
1786832895.8401594,ERROR:ConnectionError,37.633657455444336
1786832895.8365855,ERROR:ConnectionError,41.5959358215332
1786832895.845118,ERROR:ConnectionError,38.76614570617676
1786832895.8423247,ERROR:ConnectionError,41.825056076049805
1786832895.8571851,ERROR:ConnectionError,30.33590316772461
1786832895.8520837,ERROR:ConnectionError,37.648677825927734
1786832895.8500025,ERROR:ConnectionError,43.45369338989258
1786832895.8528461,ERROR:ConnectionError,42.08946228027344
1786832895.8778036,ERROR:ConnectionError,24.39403533935547
1786832895.8781872,ERROR:ConnectionError,27.417421340942383
1786832895.884154,ERROR:ConnectionError,23.365259170532227
1786832895.8584278,ERROR:ConnectionError,51.596879959106445
1786832895.883892,ERROR:ConnectionError,29.288530349731445
1786832895.887535,ERROR:ConnectionError,28.46527099609375
1786832895.889745,ERROR:ConnectionError,28.933048248291016
1786832895.8934655,ERROR:ConnectionError,28.09309959411621
1786832895.8949447,ERROR:ConnectionError,31.347990036010742
1786832895.9022074,ERROR:ConnectionError,24.46460723876953
1786832895.9075258,ERROR:ConnectionError,26.571035385131836
1786832895.9100327,ERROR:ConnectionError,27.072906494140625
1786832895.9056163,ERROR:ConnectionError,34.6837043762207
1786832895.9131887,ERROR:ConnectionError,29.869794845581055
1786832895.9160104,ERROR:ConnectionError,29.906749725341797
1786832895.918685,ERROR:ConnectionError,27.5423526763916
1786832895.9215693,ERROR:ConnectionError,32.418012619018555
1786832895.9266763,ERROR:ConnectionError,107.43546485900879
1786832895.9263093,ERROR:ConnectionError,110.55493354797363
1786832895.9371126,ERROR:ConnectionError,100.26168823242188
1786832895.934109,ERROR:ConnectionError,106.79197311401367
1786832895.94307,ERROR:ConnectionError,102.04935073852539
1786832895.9403093,ERROR:ConnectionError,106.12225532531738
1786832895.9462328,ERROR:ConnectionError,101.73821449279785
1786832895.9540036,ERROR:ConnectionError,94.39349174499512
1786832896.034128,ERROR:ConnectionError,15.547037124633789
1786832895.9459252,ERROR:ConnectionError,114.56060409545898
1786832896.0373814,ERROR:ConnectionError,27.59099006652832
1786832896.036879,ERROR:ConnectionError,29.59895133972168
1786832896.0409083,ERROR:ConnectionError,28.286218643188477
1786832896.0479815,ERROR:ConnectionError,27.646303176879883
1786832896.0484025,ERROR:ConnectionError,28.93662452697754
1786832896.0464437,ERROR:ConnectionError,36.33236885070801
1786832896.0496845,ERROR:ConnectionError,39.93868827819824
1786832896.045127,ERROR:ConnectionError,45.804738998413086
1786832896.0604978,ERROR:ConnectionError,33.10871124267578
1786832896.0664873,ERROR:ConnectionError,32.17792510986328
1786832896.06498,ERROR:ConnectionError,34.79313850402832
1786832896.069201,ERROR:ConnectionError,31.365633010864258
1786832896.0773473,ERROR:ConnectionError,29.299497604370117
1786832896.0827854,ERROR:ConnectionError,32.182931900024414
1786832896.0896351,ERROR:ConnectionError,28.362512588500977
1786832896.075644,ERROR:ConnectionError,42.66691207885742
1786832896.0909405,ERROR:ConnectionError,27.716398239135742
1786832896.0936136,ERROR:ConnectionError,28.86199951171875
1786832896.0997846,ERROR:ConnectionError,29.881000518798828
1786832896.1005754,ERROR:ConnectionError,29.50453758239746
1786832896.106656,ERROR:ConnectionError,28.705358505249023
1786832896.1149783,ERROR:ConnectionError,23.276329040527344
1786832896.1224844,ERROR:ConnectionError,20.771503448486328
1786832896.0986726,ERROR:ConnectionError,46.66328430175781
1786832896.118007,ERROR:ConnectionError,32.48429298400879
1786832896.118663,ERROR:ConnectionError,36.087751388549805
1786832896.1183155,ERROR:ConnectionError,39.597511291503906
1786832896.1300852,ERROR:ConnectionError,35.18533706665039
1786832896.1505046,ERROR:ConnectionError,18.259763717651367
1786832896.1296744,ERROR:ConnectionError,39.464712142944336
1786832896.138262,ERROR:ConnectionError,34.99865531921387
1786832896.1547642,ERROR:ConnectionError,18.900156021118164
1786832896.1432667,ERROR:ConnectionError,32.25135803222656
1786832896.1579232,ERROR:ConnectionError,24.444103240966797
1786832896.145343,ERROR:ConnectionError,37.49442100524902
1786832896.1654828,ERROR:ConnectionError,18.69034767150879
1786832896.1353698,ERROR:ConnectionError,49.75748062133789
1786832896.1691442,ERROR:ConnectionError,20.770549774169922
1786832896.1687732,ERROR:ConnectionError,33.59103202819824
1786832896.1732705,ERROR:ConnectionError,44.031620025634766
1786832896.173672,ERROR:ConnectionError,45.12286186218262
1786832896.1841807,ERROR:ConnectionError,46.67043685913086
1786832896.1828444,ERROR:ConnectionError,50.47941207885742
1786832896.189925,ERROR:ConnectionError,44.41213607788086
1786832896.1755288,ERROR:ConnectionError,61.333656311035156
1786832896.1851346,ERROR:ConnectionError,56.98680877685547
1786832896.2023723,ERROR:ConnectionError,42.96255111694336
1786832896.1823769,ERROR:ConnectionError,66.66088104248047
1786832896.2188005,ERROR:ConnectionError,33.40792655944824
1786832896.2173133,ERROR:ConnectionError,37.995100021362305
1786832896.2308602,ERROR:ConnectionError,35.94326972961426
1786832896.2368686,ERROR:ConnectionError,31.96096420288086
1786832896.2333336,ERROR:ConnectionError,44.400930404663086
1786832896.2421303,ERROR:ConnectionError,39.03603553771973
1786832896.2490482,ERROR:ConnectionError,33.67257118225098
1786832896.245343,ERROR:ConnectionError,40.422916412353516
1786832896.2343447,ERROR:ConnectionError,51.69963836669922
1786832896.2522175,ERROR:ConnectionError,38.744211196899414
1786832896.2553186,ERROR:ConnectionError,36.32473945617676
1786832896.2688348,ERROR:ConnectionError,32.311201095581055
1786832896.277762,ERROR:ConnectionError,25.511980056762695
1786832896.266813,ERROR:ConnectionError,37.676334381103516
1786832896.2811763,ERROR:ConnectionError,27.43387222290039
1786832896.2827322,ERROR:ConnectionError,29.01911735534668
1786832896.2857728,ERROR:ConnectionError,29.43134307861328
1786832896.2860484,ERROR:ConnectionError,34.1033935546875
1786832896.2916505,ERROR:ConnectionError,32.7298641204834
1786832896.301156,ERROR:ConnectionError,35.81571578979492
1786832896.2909727,ERROR:ConnectionError,49.089908599853516
1786832896.3152132,ERROR:ConnectionError,42.7091121673584
1786832896.303281,ERROR:ConnectionError,57.36255645751953
1786832896.31176,ERROR:ConnectionError,51.70273780822754
1786832896.3044984,ERROR:ConnectionError,59.572458267211914
1786832896.3086257,ERROR:ConnectionError,59.89480018615723
1786832896.3201613,ERROR:ConnectionError,57.21879005432129
1786832896.3400853,ERROR:ConnectionError,39.57343101501465
1786832896.3369799,ERROR:ConnectionError,44.70705986022949
1786832896.357931,ERROR:ConnectionError,24.004220962524414
1786832896.3243904,ERROR:ConnectionError,61.39492988586426
1786832896.3606534,ERROR:ConnectionError,33.545494079589844
1786832896.3634698,ERROR:ConnectionError,32.134294509887695
1786832896.3640785,ERROR:ConnectionError,37.69946098327637
1786832896.3796673,ERROR:ConnectionError,23.221492767333984
1786832896.3819392,ERROR:ConnectionError,28.429746627807617
1786832896.3685293,ERROR:ConnectionError,46.744346618652344
1786832896.3816957,ERROR:ConnectionError,38.56086730957031
1786832896.3773894,ERROR:ConnectionError,44.42167282104492
1786832896.385792,ERROR:ConnectionError,39.20149803161621
1786832896.3956113,ERROR:ConnectionError,31.97622299194336
1786832896.3942077,ERROR:ConnectionError,61.447858810424805
1786832896.4028945,ERROR:ConnectionError,67.50369071960449
1786832896.4017885,ERROR:ConnectionError,75.15406608581543
1786832896.4103816,ERROR:ConnectionError,68.06612014770508
1786832896.4152844,ERROR:ConnectionError,63.820838928222656
1786832896.4218233,ERROR:ConnectionError,59.21339988708496
1786832896.4202647,ERROR:ConnectionError,61.03038787841797
1786832896.4275959,ERROR:ConnectionError,56.79154396057129
1786832896.4250004,ERROR:ConnectionError,63.5528564453125
1786832896.4556692,ERROR:ConnectionError,39.9014949798584
1786832896.4704068,ERROR:ConnectionError,27.697086334228516
1786832896.4784565,ERROR:ConnectionError,29.1900634765625
1786832896.4813,ERROR:ConnectionError,29.711008071899414
1786832896.4810448,ERROR:ConnectionError,32.16361999511719
1786832896.4769547,ERROR:ConnectionError,49.25966262817383
1786832896.4885654,ERROR:ConnectionError,40.70448875427246
1786832896.484395,ERROR:ConnectionError,65.07468223571777
1786832896.498113,ERROR:ConnectionError,53.56574058532715
1786832896.4955776,ERROR:ConnectionError,57.06501007080078
1786832896.4791136,ERROR:ConnectionError,79.20956611633301
1786832896.5262306,ERROR:ConnectionError,33.62274169921875
1786832896.5494795,ERROR:ConnectionError,16.124248504638672
1786832896.529278,ERROR:ConnectionError,41.02969169616699
1786832896.5132163,ERROR:ConnectionError,59.813737869262695
1786832896.5110219,ERROR:ConnectionError,65.04535675048828
1786832896.5516868,ERROR:ConnectionError,24.94025230407715
1786832896.5076585,ERROR:ConnectionError,72.31497764587402
1786832896.5583334,ERROR:ConnectionError,22.968769073486328
1786832896.5598598,ERROR:ConnectionError,21.743059158325195
1786832896.5526483,ERROR:ConnectionError,32.34601020812988
1786832896.5656147,ERROR:ConnectionError,32.657623291015625
1786832896.5703187,ERROR:ConnectionError,37.37974166870117
1786832896.5760825,ERROR:ConnectionError,38.04802894592285
1786832896.5816073,ERROR:ConnectionError,34.67893600463867
1786832896.573046,ERROR:ConnectionError,47.358036041259766
1786832896.5766342,ERROR:ConnectionError,46.921491622924805
1786832896.5850015,ERROR:ConnectionError,48.67267608642578
1786832896.5799804,ERROR:ConnectionError,54.07428741455078
1786832896.5813096,ERROR:ConnectionError,54.643869400024414
1786832896.6077092,ERROR:ConnectionError,35.410404205322266
1786832896.6141388,ERROR:ConnectionError,32.10926055908203
1786832896.5982838,ERROR:ConnectionError,50.058841705322266
1786832896.6162963,ERROR:ConnectionError,36.775827407836914
1786832896.6204143,ERROR:ConnectionError,36.509037017822266
1786832896.6235635,ERROR:ConnectionError,34.85679626464844
1786832896.6340606,ERROR:ConnectionError,24.80149269104004
1786832896.633684,ERROR:ConnectionError,26.339054107666016
1786832896.6359615,ERROR:ConnectionError,28.57494354248047
1786832896.6431286,ERROR:ConnectionError,31.29267692565918
1786832896.64835,ERROR:ConnectionError,39.16597366333008
1786832896.6462557,ERROR:ConnectionError,43.69473457336426
1786832896.6530797,ERROR:ConnectionError,48.69198799133301
1786832896.6584296,ERROR:ConnectionError,54.24070358276367
1786832896.6569417,ERROR:ConnectionError,357.50555992126465
1786832896.6588686,ERROR:ConnectionError,359.47489738464355
1786832896.6645448,ERROR:ConnectionError,357.29336738586426
1786832896.6600296,ERROR:ConnectionError,365.73195457458496
1786832896.6875267,ERROR:ConnectionError,341.8416976928711
1786832896.6744316,ERROR:ConnectionError,360.2335453033447
1786832896.689958,ERROR:ConnectionError,345.38865089416504
1786832896.701795,ERROR:ConnectionError,333.9505195617676
1786832896.7126794,ERROR:ConnectionError,327.6548385620117
1786832897.0183573,ERROR:ConnectionError,26.03316307067871
1786832897.0218503,ERROR:ConnectionError,23.01621437072754
1786832897.0144572,ERROR:ConnectionError,30.99370002746582
1786832897.0257719,ERROR:ConnectionError,25.2988338470459
1786832897.0293787,ERROR:ConnectionError,30.24148941040039
1786832897.0357518,ERROR:ConnectionError,37.60170936584473
1786832897.0353525,ERROR:ConnectionError,43.03884506225586
1786832897.0403445,ERROR:ConnectionError,45.22228240966797
1786832897.0448725,ERROR:ConnectionError,42.891740798950195
1786832897.0596318,ERROR:ConnectionError,29.162168502807617
1786832897.0510812,ERROR:ConnectionError,41.65935516357422
1786832897.0454566,ERROR:ConnectionError,49.399375915527344
1786832897.0733645,ERROR:ConnectionError,21.77286148071289
1786832897.0784006,ERROR:ConnectionError,26.32308006286621
1786832897.0855772,ERROR:ConnectionError,22.817611694335938
1786832897.0346756,ERROR:ConnectionError,74.16725158691406
1786832897.0888019,ERROR:ConnectionError,25.43163299560547
1786832897.087771,ERROR:ConnectionError,31.677961349487305
1786832897.0444033,ERROR:ConnectionError,87.09406852722168
1786832897.0948632,ERROR:ConnectionError,37.95647621154785
1786832897.0927513,ERROR:ConnectionError,41.03231430053711
1786832897.0951416,ERROR:ConnectionError,52.536725997924805
1786832897.1084058,ERROR:ConnectionError,44.85607147216797
1786832897.1047347,ERROR:ConnectionError,48.83384704589844
1786832897.1315067,ERROR:ConnectionError,24.533987045288086
1786832897.1328285,ERROR:ConnectionError,24.122238159179688
1786832897.114246,ERROR:ConnectionError,43.3344841003418
1786832897.1088483,ERROR:ConnectionError,49.11184310913086
1786832897.1337905,ERROR:ConnectionError,27.404308319091797
1786832897.1194594,ERROR:ConnectionError,41.976213455200195
1786832897.1476877,ERROR:ConnectionError,23.581266403198242
1786832897.1532724,ERROR:ConnectionError,22.0334529876709
1786832897.1575873,ERROR:ConnectionError,21.381616592407227
1786832897.1535747,ERROR:ConnectionError,26.715993881225586
1786832897.1579661,ERROR:ConnectionError,39.487361907958984
1786832897.1612017,ERROR:ConnectionError,47.30701446533203
1786832897.1789756,ERROR:ConnectionError,30.53569793701172
1786832897.1614418,ERROR:ConnectionError,49.626827239990234
1786832897.1753962,ERROR:ConnectionError,36.84496879577637
1786832897.1569612,ERROR:ConnectionError,57.08122253417969
1786832897.156053,ERROR:ConnectionError,63.07506561279297
1786832897.1712775,ERROR:ConnectionError,57.58357048034668
1786832897.1802967,ERROR:ConnectionError,54.02708053588867
1786832897.2122476,ERROR:ConnectionError,30.467748641967773
1786832897.1974628,ERROR:ConnectionError,48.444509506225586
1786832897.2110791,ERROR:ConnectionError,37.37187385559082
1786832897.20852,ERROR:ConnectionError,43.09535026550293
1786832897.2095165,ERROR:ConnectionError,43.868064880371094
1786832897.2288718,ERROR:ConnectionError,35.14242172241211
1786832897.2343352,ERROR:ConnectionError,31.035661697387695
1786832897.219138,ERROR:ConnectionError,53.288936614990234
1786832897.21405,ERROR:ConnectionError,62.41655349731445
1786832897.242726,ERROR:ConnectionError,42.58298873901367
1786832897.248459,ERROR:ConnectionError,40.4353141784668
1786832897.251992,ERROR:ConnectionError,41.83673858642578
1786832897.253393,ERROR:ConnectionError,47.81484603881836
1786832897.264025,ERROR:ConnectionError,39.742231369018555
1786832897.2853222,ERROR:ConnectionError,19.656896591186523
1786832897.2653785,ERROR:ConnectionError,43.187618255615234
1786832897.2889035,ERROR:ConnectionError,24.927854537963867
1786832897.2764828,ERROR:ConnectionError,37.71519660949707
1786832897.2938406,ERROR:ConnectionError,26.911020278930664
1786832897.3012216,ERROR:ConnectionError,28.124094009399414
1786832897.2459352,ERROR:ConnectionError,85.63089370727539
1786832897.2724457,ERROR:ConnectionError,61.18154525756836
1786832897.3049846,ERROR:ConnectionError,37.384033203125
1786832897.303775,ERROR:ConnectionError,40.97247123718262
1786832897.3085737,ERROR:ConnectionError,40.22955894470215
1786832897.320758,ERROR:ConnectionError,30.3342342376709
1786832897.3138418,ERROR:ConnectionError,38.785457611083984
1786832897.3315742,ERROR:ConnectionError,23.749113082885742
1786832897.3142025,ERROR:ConnectionError,43.59126091003418
1786832897.3293548,ERROR:ConnectionError,30.627012252807617
1786832897.342378,ERROR:ConnectionError,23.381948471069336
1786832897.3447554,ERROR:ConnectionError,22.21083641052246
1786832897.333635,ERROR:ConnectionError,35.03870964050293
1786832897.3488176,ERROR:ConnectionError,22.753000259399414
1786832897.355333,ERROR:ConnectionError,28.935670852661133
1786832897.3599913,ERROR:ConnectionError,25.33245086669922
1786832897.3578012,ERROR:ConnectionError,30.79509735107422
1786832897.3526359,ERROR:ConnectionError,37.03045845031738
1786832897.365768,ERROR:ConnectionError,24.34086799621582
1786832897.3511004,ERROR:ConnectionError,40.21477699279785
1786832897.368681,ERROR:ConnectionError,26.413679122924805
1786832897.366974,ERROR:ConnectionError,30.68065643310547
1786832897.3842826,ERROR:ConnectionError,23.128032684326172
1786832897.3853562,ERROR:ConnectionError,24.87969398498535
1786832897.3886042,ERROR:ConnectionError,22.04108238220215
1786832897.3715818,ERROR:ConnectionError,43.988704681396484
1786832897.3951044,ERROR:ConnectionError,24.548768997192383
1786832897.3896744,ERROR:ConnectionError,31.12316131591797
1786832897.397667,ERROR:ConnectionError,26.53193473815918
1786832897.3901157,ERROR:ConnectionError,36.17715835571289
1786832897.3913221,ERROR:ConnectionError,45.82715034484863
1786832897.410652,ERROR:ConnectionError,250.33140182495117
1786832897.4102454,ERROR:ConnectionError,252.5951862335205
1786832897.4262993,ERROR:ConnectionError,236.94372177124023
1786832897.4155803,ERROR:ConnectionError,247.93291091918945
1786832897.420803,ERROR:ConnectionError,242.95639991760254
1786832897.4074237,ERROR:ConnectionError,258.2423686981201
1786832897.4196641,ERROR:ConnectionError,248.0316162109375
1786832897.4242163,ERROR:ConnectionError,246.19197845458984
1786832897.6609933,ERROR:ConnectionError,19.011974334716797
1786832897.4371583,ERROR:ConnectionError,247.8184700012207
1786832897.6632495,ERROR:ConnectionError,26.369810104370117
1786832897.662848,ERROR:ConnectionError,39.26348686218262
1786832897.6637633,ERROR:ConnectionError,39.69287872314453
1786832897.6635187,ERROR:ConnectionError,43.16878318786621
1786832897.6677039,ERROR:ConnectionError,39.36362266540527
1786832897.6656713,ERROR:ConnectionError,46.74053192138672
1786832897.6800146,ERROR:ConnectionError,37.13059425354004
1786832897.7021239,ERROR:ConnectionError,30.1055908203125
1786832897.7066987,ERROR:ConnectionError,32.120466232299805
1786832897.7034655,ERROR:ConnectionError,38.26308250427246
1786832897.6896324,ERROR:ConnectionError,63.321590423583984
1786832897.7124228,ERROR:ConnectionError,40.89522361755371
1786832897.684988,ERROR:ConnectionError,68.60733032226562
1786832897.6704125,ERROR:ConnectionError,85.15691757202148
1786832897.73224,ERROR:ConnectionError,28.196334838867188
1786832897.7388282,ERROR:ConnectionError,23.316383361816406
1786832897.717172,ERROR:ConnectionError,48.12812805175781
1786832897.7417395,ERROR:ConnectionError,25.240421295166016
1786832897.7070756,ERROR:ConnectionError,60.26411056518555
1786832897.7536,ERROR:ConnectionError,22.6132869720459
1786832897.7529624,ERROR:ConnectionError,23.869037628173828
1786832897.7533236,ERROR:ConnectionError,32.257080078125
1786832897.7604437,ERROR:ConnectionError,28.58257293701172
1786832897.7621558,ERROR:ConnectionError,35.56990623474121
1786832897.755577,ERROR:ConnectionError,49.02076721191406
1786832897.7768383,ERROR:ConnectionError,28.900623321533203
1786832897.7762225,ERROR:ConnectionError,32.55772590637207
1786832897.7653074,ERROR:ConnectionError,45.81761360168457
1786832897.7669878,ERROR:ConnectionError,44.9223518371582
1786832897.767343,ERROR:ConnectionError,49.230098724365234
1786832897.7855928,ERROR:ConnectionError,34.104347229003906
1786832897.804606,ERROR:ConnectionError,17.03476905822754
1786832897.7890353,ERROR:ConnectionError,35.09378433227539
1786832897.8087885,ERROR:ConnectionError,27.248382568359375
1786832897.8057458,ERROR:ConnectionError,33.21385383605957
1786832897.8119216,ERROR:ConnectionError,31.740427017211914
1786832897.8165824,ERROR:ConnectionError,29.079675674438477
1786832897.8111331,ERROR:ConnectionError,35.01319885253906
1786832897.7977371,ERROR:ConnectionError,53.72738838195801
1786832897.8360457,ERROR:ConnectionError,20.046234130859375
1786832897.8197052,ERROR:ConnectionError,38.939714431762695
1786832897.8216505,ERROR:ConnectionError,40.28010368347168
1786832897.8389685,ERROR:ConnectionError,23.261547088623047
1786832897.824141,ERROR:ConnectionError,51.00083351135254
1786832897.8456757,ERROR:ConnectionError,35.979270935058594
1786832897.8436708,ERROR:ConnectionError,38.427114486694336
1786832897.8461537,ERROR:ConnectionError,38.419246673583984
1786832897.851478,ERROR:ConnectionError,36.23247146606445
1786832897.8586538,ERROR:ConnectionError,33.01668167114258
1786832897.862236,ERROR:ConnectionError,32.679080963134766
1786832897.8619404,ERROR:ConnectionError,33.444881439208984
1786832897.8751576,ERROR:ConnectionError,20.461320877075195
1786832897.856101,ERROR:ConnectionError,42.20080375671387
1786832897.881667,ERROR:ConnectionError,22.786378860473633
1786832897.8821034,ERROR:ConnectionError,25.1157283782959
1786832897.8845813,ERROR:ConnectionError,28.153657913208008
1786832897.8877177,ERROR:ConnectionError,36.4837646484375
1786832897.8916848,ERROR:ConnectionError,50.89545249938965
1786832897.895624,ERROR:ConnectionError,58.65287780761719
1786832897.8949335,ERROR:ConnectionError,68.03536415100098
1786832897.8953907,ERROR:ConnectionError,83.1613540649414
1786832897.8983133,ERROR:ConnectionError,80.58357238769531
1786832897.90723,ERROR:ConnectionError,72.98469543457031
1786832897.9242144,ERROR:ConnectionError,60.57858467102051
1786832897.9127514,ERROR:ConnectionError,75.85597038269043
1786832897.9044611,ERROR:ConnectionError,84.69748497009277
1786832897.978562,ERROR:ConnectionError,14.565229415893555
1786832897.9789014,ERROR:ConnectionError,14.650583267211914
1786832897.9543052,ERROR:ConnectionError,45.96996307373047
1786832897.9425898,ERROR:ConnectionError,57.97696113586426
1786832897.9629784,ERROR:ConnectionError,40.235280990600586
1786832897.9848025,ERROR:ConnectionError,30.440807342529297
1786832897.9886143,ERROR:ConnectionError,28.77974510192871
1786832897.9802196,ERROR:ConnectionError,39.35647010803223
1786832897.9935586,ERROR:ConnectionError,35.71009635925293
1786832897.9891636,ERROR:ConnectionError,42.795658111572266
1786832897.9931335,ERROR:ConnectionError,42.15240478515625
1786832898.000572,ERROR:ConnectionError,37.99629211425781
1786832898.003222,ERROR:ConnectionError,40.60792922973633
1786832898.0195844,ERROR:ConnectionError,31.491518020629883
1786832898.015253,ERROR:ConnectionError,37.95480728149414
1786832898.017403,ERROR:ConnectionError,38.13648223876953
1786832898.0002835,ERROR:ConnectionError,57.31701850891113
1786832898.0292788,ERROR:ConnectionError,32.48763084411621
1786832898.0385768,ERROR:ConnectionError,26.20410919189453
1786832898.0352979,ERROR:ConnectionError,30.313968658447266
1786832898.031968,ERROR:ConnectionError,35.86745262145996
1786832898.0510876,ERROR:ConnectionError,24.51157569885254
1786832898.053216,ERROR:ConnectionError,24.695158004760742
1786832898.055545,ERROR:ConnectionError,32.78970718383789
1786832898.057612,ERROR:ConnectionError,33.63752365112305
1786832898.0647888,ERROR:ConnectionError,29.174327850341797
1786832898.0438395,ERROR:ConnectionError,53.44676971435547
1786832898.061783,ERROR:ConnectionError,37.679433822631836
1786832898.0656192,ERROR:ConnectionError,35.93897819519043
1786832898.0678442,ERROR:ConnectionError,38.82622718811035
1786832898.0756109,ERROR:ConnectionError,37.54067420959473
1786832898.0939755,ERROR:ConnectionError,21.815776824951172
1786832898.0912585,ERROR:ConnectionError,26.50165557861328
1786832898.0883484,ERROR:ConnectionError,31.896591186523438
1786832898.0779192,ERROR:ConnectionError,48.12121391296387
1786832898.0972934,ERROR:ConnectionError,35.11857986450195
1786832898.0994704,ERROR:ConnectionError,35.67242622375488
1786832898.106685,ERROR:ConnectionError,30.318498611450195
1786832898.1015663,ERROR:ConnectionError,37.387847900390625
1786832898.1177676,ERROR:ConnectionError,23.18263053894043
1786832898.126049,ERROR:ConnectionError,19.556283950805664
1786832898.120253,ERROR:ConnectionError,28.37657928466797
1786832898.1324205,ERROR:ConnectionError,20.992517471313477
1786832898.1351554,ERROR:ConnectionError,20.46799659729004
1786832898.113165,ERROR:ConnectionError,49.84593391418457
1786832898.1370244,ERROR:ConnectionError,27.081727981567383
1786832898.1158001,ERROR:ConnectionError,59.61346626281738
1786832898.14562,ERROR:ConnectionError,46.43678665161133
1786832898.1534274,ERROR:ConnectionError,42.415618896484375
1786832898.140963,ERROR:ConnectionError,55.88269233703613
1786832898.138962,ERROR:ConnectionError,63.57884407043457
1786832898.1556308,ERROR:ConnectionError,47.425270080566406
1786832898.1630208,ERROR:ConnectionError,41.780948638916016
1786832898.1754293,ERROR:ConnectionError,33.48875045776367
1786832898.1920714,ERROR:ConnectionError,17.816781997680664
1786832898.1958542,ERROR:ConnectionError,18.337488174438477
1786832898.1968563,ERROR:ConnectionError,19.498348236083984
1786832898.2030666,ERROR:ConnectionError,19.65928077697754
1786832898.1486378,ERROR:ConnectionError,74.39780235290527
1786832898.164114,ERROR:ConnectionError,60.52851676940918
1786832898.2025518,ERROR:ConnectionError,29.63423728942871
1786832898.20481,ERROR:ConnectionError,34.300804138183594
1786832898.209896,ERROR:ConnectionError,32.57489204406738
1786832898.2089267,ERROR:ConnectionError,34.9116325378418
1786832898.2142026,ERROR:ConnectionError,31.946897506713867
1786832898.2163632,ERROR:ConnectionError,35.50910949707031
1786832898.224652,ERROR:ConnectionError,39.316654205322266
1786832898.2227356,ERROR:ConnectionError,41.8095588684082
1786832898.2321959,ERROR:ConnectionError,35.634756088256836
1786832898.2391195,ERROR:ConnectionError,33.77866744995117
1786832898.2230415,ERROR:ConnectionError,55.11927604675293
1786832898.246156,ERROR:ConnectionError,37.630558013916016
1786832898.2518826,ERROR:ConnectionError,34.12055969238281
1786832898.2425485,ERROR:ConnectionError,43.804168701171875
1786832898.2438452,ERROR:ConnectionError,44.547080993652344
1786832898.2639813,ERROR:ConnectionError,30.075550079345703
1786832898.2678382,ERROR:ConnectionError,28.040409088134766
1786832898.2729063,ERROR:ConnectionError,24.16229248046875
1786832898.2645535,ERROR:ConnectionError,34.82794761657715
1786832898.2837973,ERROR:ConnectionError,16.48426055908203
1786832898.278175,ERROR:ConnectionError,22.400856018066406
1786832898.2860115,ERROR:ConnectionError,29.251575469970703
1786832898.2863605,ERROR:ConnectionError,51.42641067504883
1786832898.294065,ERROR:ConnectionError,47.13773727416992
1786832898.2883997,ERROR:ConnectionError,55.23371696472168
1786832898.3005824,ERROR:ConnectionError,51.42474174499512
1786832898.2958877,ERROR:ConnectionError,59.732675552368164
1786832898.2993894,ERROR:ConnectionError,64.89777565002441
1786832898.3377964,ERROR:ConnectionError,28.96261215209961
1786832898.3002868,ERROR:ConnectionError,68.97950172424316
1786832898.3152747,ERROR:ConnectionError,54.98027801513672
1786832898.2970805,ERROR:ConnectionError,79.28752899169922
1786832898.341215,ERROR:ConnectionError,38.34390640258789
1786832898.343642,ERROR:ConnectionError,38.42568397521973
1786832898.3520162,ERROR:ConnectionError,32.536983489990234
1786832898.3556309,ERROR:ConnectionError,41.48221015930176
1786832898.3692753,ERROR:ConnectionError,30.032873153686523
1786832898.3642986,ERROR:ConnectionError,37.084341049194336
1786832898.3667665,ERROR:ConnectionError,37.24360466003418
1786832898.3702624,ERROR:ConnectionError,37.08171844482422
1786832898.3763797,ERROR:ConnectionError,34.036874771118164
1786832898.3795688,ERROR:ConnectionError,33.39791297912598
1786832898.3993163,ERROR:ConnectionError,17.882823944091797
1786832898.3820767,ERROR:ConnectionError,35.50410270690918
1786832898.397123,ERROR:ConnectionError,23.542165756225586
1786832898.3845632,ERROR:ConnectionError,36.74459457397461
1786832898.4073558,ERROR:ConnectionError,19.861698150634766
1786832898.4014082,ERROR:ConnectionError,26.25870704650879
1786832898.4040284,ERROR:ConnectionError,28.50627899169922
1786832898.410427,ERROR:ConnectionError,22.530317306518555
1786832898.4129746,ERROR:ConnectionError,21.744489669799805
1786832898.4172077,ERROR:ConnectionError,21.78645133972168
1786832898.4272475,ERROR:ConnectionError,22.019386291503906
1786832898.4175878,ERROR:ConnectionError,32.178640365600586
1786832898.4347267,ERROR:ConnectionError,15.30599594116211
1786832898.4390018,ERROR:ConnectionError,21.736860275268555
1786832898.4206784,ERROR:ConnectionError,40.6949520111084
1786832898.4325445,ERROR:ConnectionError,32.174110412597656
1786832898.4213142,ERROR:ConnectionError,43.697357177734375
1786832898.427673,ERROR:ConnectionError,39.97445106506348
1786832898.4329617,ERROR:ConnectionError,35.9804630279541
1786832898.4500377,ERROR:ConnectionError,29.79588508605957
1786832898.4497728,ERROR:ConnectionError,32.28116035461426
1786832898.4492774,ERROR:ConnectionError,36.03768348693848
1786832898.4647238,ERROR:ConnectionError,23.025989532470703
1786832898.4607477,ERROR:ConnectionError,58.85004997253418
1786832898.4650154,ERROR:ConnectionError,57.444095611572266
1786832898.4676554,ERROR:ConnectionError,59.13805961608887
1786832898.4613814,ERROR:ConnectionError,69.79656219482422
1786832898.468951,ERROR:ConnectionError,63.45033645629883
1786832898.479843,ERROR:ConnectionError,56.12659454345703
1786832898.482061,ERROR:ConnectionError,56.410789489746094
1786832898.4853258,ERROR:ConnectionError,56.92577362060547
1786832898.4877567,ERROR:ConnectionError,55.001020431518555
1786832898.5224671,ERROR:ConnectionError,24.153470993041992
1786832898.5196064,ERROR:ConnectionError,32.57942199707031
1786832898.5311873,ERROR:ConnectionError,29.2055606842041
1786832898.5359783,ERROR:ConnectionError,26.87549591064453
1786832898.526805,ERROR:ConnectionError,44.70396041870117
1786832898.53241,ERROR:ConnectionError,39.44110870361328
1786832898.5422645,ERROR:ConnectionError,45.058250427246094
1786832898.560406,ERROR:ConnectionError,41.913509368896484
1786832898.5384784,ERROR:ConnectionError,64.24307823181152
1786832898.5715199,ERROR:ConnectionError,33.88047218322754
1786832898.5628624,ERROR:ConnectionError,42.80209541320801
1786832898.5466342,ERROR:ConnectionError,60.15491485595703
1786832898.542763,ERROR:ConnectionError,66.32304191589355
1786832898.571857,ERROR:ConnectionError,53.54642868041992
1786832898.552202,ERROR:ConnectionError,77.64720916748047
1786832898.6027265,ERROR:ConnectionError,27.447938919067383
1786832898.6023326,ERROR:ConnectionError,38.75231742858887
1786832898.5873342,ERROR:ConnectionError,63.75765800476074
1786832898.6067946,ERROR:ConnectionError,50.02093315124512
1786832898.6298609,ERROR:ConnectionError,28.88321876525879
1786832898.625423,ERROR:ConnectionError,37.19782829284668
1786832898.609096,ERROR:ConnectionError,54.94070053100586
1786832898.605671,ERROR:ConnectionError,60.74166297912598
1786832898.641098,ERROR:ConnectionError,25.794267654418945
1786832898.605407,ERROR:ConnectionError,62.05034255981445
1786832898.6301806,ERROR:ConnectionError,40.70401191711426
1786832898.6511014,ERROR:ConnectionError,25.66075325012207
1786832898.6587527,ERROR:ConnectionError,28.724193572998047
1786832898.6568258,ERROR:ConnectionError,40.964365005493164
1786832898.6626363,ERROR:ConnectionError,45.87531089782715
1786832898.6640441,ERROR:ConnectionError,49.88670349121094
1786832898.6664205,ERROR:ConnectionError,55.00006675720215
1786832898.6674623,ERROR:ConnectionError,55.661678314208984
1786832898.676773,ERROR:ConnectionError,50.359249114990234
1786832898.6708922,ERROR:ConnectionError,60.51445007324219
1786832898.7085218,ERROR:ConnectionError,34.708261489868164
1786832898.7139406,ERROR:ConnectionError,35.164833068847656
1786832898.721429,ERROR:ConnectionError,33.19549560546875
1786832898.7231305,ERROR:ConnectionError,33.33091735839844
1786832898.6874852,ERROR:ConnectionError,75.97589492797852
1786832898.7271416,ERROR:ConnectionError,37.13798522949219
1786832898.7314172,ERROR:ConnectionError,35.62211990356445
1786832898.6668992,ERROR:ConnectionError,103.01542282104492
1786832898.6978054,ERROR:ConnectionError,74.03445243835449
1786832898.7432425,ERROR:ConnectionError,29.479503631591797
1786832898.749114,ERROR:ConnectionError,27.08292007446289
1786832898.754634,ERROR:ConnectionError,26.164770126342773
1786832898.7564662,ERROR:ConnectionError,28.174638748168945
1786832898.764287,ERROR:ConnectionError,23.580312728881836
1786832898.763475,ERROR:ConnectionError,31.597137451171875
1786832898.767047,ERROR:ConnectionError,30.73883056640625
1786832898.769925,ERROR:ConnectionError,37.42504119873047
1786832898.7727268,ERROR:ConnectionError,49.45206642150879
1786832898.771845,ERROR:ConnectionError,51.32007598876953
1786832898.7762098,ERROR:ConnectionError,51.419734954833984
1786832898.787878,ERROR:ConnectionError,52.410125732421875
1786832898.797793,ERROR:ConnectionError,42.81759262084961
1786832898.7950857,ERROR:ConnectionError,50.153255462646484
1786832898.807359,ERROR:ConnectionError,38.397789001464844
1786832898.7808073,ERROR:ConnectionError,65.65213203430176
1786832898.8221872,ERROR:ConnectionError,27.672767639160156
1786832898.8276563,ERROR:ConnectionError,25.640010833740234
1786832898.8406157,ERROR:ConnectionError,17.618656158447266
1786832898.8402975,ERROR:ConnectionError,23.318052291870117
1786832898.8498685,ERROR:ConnectionError,22.515535354614258
1786832898.845248,ERROR:ConnectionError,27.49323844909668
1786832898.8464656,ERROR:ConnectionError,31.893491744995117
1786832898.853306,ERROR:ConnectionError,29.7698974609375
1786832898.8231711,ERROR:ConnectionError,62.090396881103516
1786832898.8636312,ERROR:ConnectionError,22.73845672607422
1786832898.8723927,ERROR:ConnectionError,17.64655113220215
1786832898.8457646,ERROR:ConnectionError,44.898271560668945
1786832898.8727484,ERROR:ConnectionError,18.135786056518555
1786832898.8783722,ERROR:ConnectionError,25.533437728881836
1786832898.8582482,ERROR:ConnectionError,54.59475517272949
1786832898.883086,ERROR:ConnectionError,32.72199630737305
1786832898.7846522,ERROR:ConnectionError,131.64854049682617
1786832898.8863783,ERROR:ConnectionError,32.04345703125
1786832898.890351,ERROR:ConnectionError,31.38279914855957
1786832898.8908887,ERROR:ConnectionError,32.48929977416992
1786832898.8852725,ERROR:ConnectionError,46.84591293334961
1786832898.8906667,ERROR:ConnectionError,44.56973075866699
1786832898.9039443,ERROR:ConnectionError,34.57784652709961
1786832898.9128911,ERROR:ConnectionError,28.593063354492188
1786832898.916372,ERROR:ConnectionError,31.932592391967773
1786832898.9158156,ERROR:ConnectionError,33.838748931884766
1786832898.921742,ERROR:ConnectionError,33.9813232421875
1786832898.918428,ERROR:ConnectionError,38.971900939941406
1786832898.9233837,ERROR:ConnectionError,36.127567291259766
1786832898.932128,ERROR:ConnectionError,30.81059455871582
1786832898.9385326,ERROR:ConnectionError,27.196645736694336
1786832898.9496615,ERROR:ConnectionError,19.853591918945312
1786832898.9352438,ERROR:ConnectionError,38.96474838256836
1786832898.9483173,ERROR:ConnectionError,35.451650619506836
1786832898.9414976,ERROR:ConnectionError,44.69704627990723
1786832898.9557316,ERROR:ConnectionError,41.44716262817383
1786832898.9574068,ERROR:ConnectionError,47.50704765319824
1786832898.9595244,ERROR:ConnectionError,48.06041717529297
1786832898.9629483,ERROR:ConnectionError,56.14137649536133
1786832898.9657395,ERROR:ConnectionError,70.71971893310547
1786832898.974216,ERROR:ConnectionError,67.95573234558105
1786832899.0075922,ERROR:ConnectionError,36.96608543395996
1786832899.0049233,ERROR:ConnectionError,42.55247116088867
1786832898.9971879,ERROR:ConnectionError,55.506229400634766
1786832899.0364769,ERROR:ConnectionError,18.68748664855957
1786832899.0191016,ERROR:ConnectionError,37.31131553649902
1786832898.9695256,ERROR:ConnectionError,87.13650703430176
1786832898.983779,ERROR:ConnectionError,77.86870002746582
1786832898.9862027,ERROR:ConnectionError,77.44526863098145
1786832899.0421865,ERROR:ConnectionError,24.325132369995117
1786832899.0474827,ERROR:ConnectionError,23.627758026123047
1786832899.055175,ERROR:ConnectionError,27.680635452270508
1786832899.0527067,ERROR:ConnectionError,34.74926948547363
1786832899.0445719,ERROR:ConnectionError,43.248653411865234
1786832899.0564225,ERROR:ConnectionError,35.105228424072266
1786832899.056667,ERROR:ConnectionError,44.33274269104004
1786832899.0636551,ERROR:ConnectionError,42.4802303314209
1786832899.06652,ERROR:ConnectionError,44.41380500793457
1786832899.0711212,ERROR:ConnectionError,40.389299392700195
1786832899.0616574,ERROR:ConnectionError,71.2428092956543
1786832899.0874665,ERROR:ConnectionError,54.473161697387695
1786832899.0915365,ERROR:ConnectionError,60.48321723937988
1786832899.0828674,ERROR:ConnectionError,72.56770133972168
1786832899.1061454,ERROR:ConnectionError,50.75478553771973
1786832899.1115177,ERROR:ConnectionError,47.64151573181152
1786832899.1010108,ERROR:ConnectionError,58.45236778259277
1786832899.0878305,ERROR:ConnectionError,72.79849052429199
1786832899.1329105,ERROR:ConnectionError,28.540372848510742
1786832899.110943,ERROR:ConnectionError,52.579641342163086
1786832899.1419568,ERROR:ConnectionError,28.89418601989746
1786832899.152028,ERROR:ConnectionError,20.88785171508789
1786832899.1554441,ERROR:ConnectionError,20.196914672851562
1786832899.159167,ERROR:ConnectionError,18.573522567749023
1786832899.159467,ERROR:ConnectionError,20.074844360351562
1786832899.1614559,ERROR:ConnectionError,18.584489822387695
1786832899.1569061,ERROR:ConnectionError,23.51069450378418
1786832899.160638,ERROR:ConnectionError,21.608591079711914
1786832899.1635303,ERROR:ConnectionError,19.199609756469727
1786832899.1708581,ERROR:ConnectionError,15.241146087646484
1786832899.1756487,ERROR:ConnectionError,20.316123962402344
1786832899.1729217,ERROR:ConnectionError,24.088621139526367
1786832899.1777475,ERROR:ConnectionError,19.46401596069336
1786832899.1795473,ERROR:ConnectionError,21.491289138793945
1786832899.1800473,ERROR:ConnectionError,53.61533164978027
1786832899.1861043,ERROR:ConnectionError,51.68771743774414
1786832899.1827629,ERROR:ConnectionError,60.60218811035156
1786832899.1959722,ERROR:ConnectionError,50.69613456726074
1786832899.1970153,ERROR:ConnectionError,51.95951461791992
1786832899.2010467,ERROR:ConnectionError,49.92341995239258
1786832899.1972146,ERROR:ConnectionError,54.154396057128906
1786832899.182253,ERROR:ConnectionError,69.44870948791504
1786832899.2336743,ERROR:ConnectionError,20.167827606201172
1786832899.1804214,ERROR:ConnectionError,90.18278121948242
1786832899.2378056,ERROR:ConnectionError,33.1416130065918
1786832899.2434084,ERROR:ConnectionError,34.53540802001953
1786832899.2466793,ERROR:ConnectionError,38.58757019042969
1786832899.2489827,ERROR:ConnectionError,41.06402397155762
1786832899.250978,ERROR:ConnectionError,41.55468940734863
1786832899.2517066,ERROR:ConnectionError,43.07270050048828
1786832899.2513764,ERROR:ConnectionError,52.17456817626953
1786832899.2538493,ERROR:ConnectionError,50.17995834350586
1786832899.2706132,ERROR:ConnectionError,41.088104248046875
1786832899.277953,ERROR:ConnectionError,37.32705116271973
1786832899.270954,ERROR:ConnectionError,45.221805572509766
1786832899.2852767,ERROR:ConnectionError,37.66942024230957
1786832899.2900555,ERROR:ConnectionError,33.83183479309082
1786832899.2925444,ERROR:ConnectionError,37.09077835083008
1786832899.3035607,ERROR:ConnectionError,26.35955810546875
1786832899.294789,ERROR:ConnectionError,35.38203239440918
1786832899.3161829,ERROR:ConnectionError,18.667936325073242
1786832899.311711,ERROR:ConnectionError,23.744821548461914
1786832899.315295,ERROR:ConnectionError,24.73735809326172
1786832899.3040369,ERROR:ConnectionError,39.59941864013672
1786832899.3229573,ERROR:ConnectionError,25.823116302490234
1786832899.3301756,ERROR:ConnectionError,20.67399024963379
1786832899.3238935,ERROR:ConnectionError,28.078079223632812
1786832899.3299253,ERROR:ConnectionError,26.294231414794922
1786832899.329643,ERROR:ConnectionError,35.868167877197266
1786832899.335462,ERROR:ConnectionError,30.42125701904297
1786832899.3348594,ERROR:ConnectionError,34.97743606567383
1786832899.343648,ERROR:ConnectionError,28.319835662841797
1786832899.3487906,ERROR:ConnectionError,30.763626098632812
1786832899.3508573,ERROR:ConnectionError,31.704425811767578
1786832899.356228,ERROR:ConnectionError,32.364845275878906
1786832899.3655205,ERROR:ConnectionError,26.792526245117188
1786832899.365888,ERROR:ConnectionError,27.637958526611328
1786832899.3519788,ERROR:ConnectionError,55.913448333740234
1786832899.3400383,ERROR:ConnectionError,69.08226013183594
1786832899.3698447,ERROR:ConnectionError,42.53196716308594
1786832899.3719776,ERROR:ConnectionError,42.02008247375488
1786832899.3795745,ERROR:ConnectionError,35.012006759643555
1786832899.3825696,ERROR:ConnectionError,39.99042510986328
1786832899.3935375,ERROR:ConnectionError,30.00783920288086
1786832899.3886034,ERROR:ConnectionError,37.33110427856445
1786832899.3923247,ERROR:ConnectionError,37.15014457702637
1786832899.4079006,ERROR:ConnectionError,25.527238845825195
1786832899.4123855,ERROR:ConnectionError,24.881839752197266
1786832899.4140048,ERROR:ConnectionError,23.638010025024414
1786832899.4091303,ERROR:ConnectionError,38.130760192871094
1786832899.414593,ERROR:ConnectionError,35.57229042053223
1786832899.4235523,ERROR:ConnectionError,29.93488311767578
1786832899.425947,ERROR:ConnectionError,29.822349548339844
1786832899.4225702,ERROR:ConnectionError,36.20171546936035
1786832899.4377291,ERROR:ConnectionError,38.81120681762695
1786832899.4294834,ERROR:ConnectionError,56.3352108001709
1786832899.433437,ERROR:ConnectionError,54.77499961853027
1786832899.4501734,ERROR:ConnectionError,40.37618637084961
1786832899.4472742,ERROR:ConnectionError,44.71182823181152
1786832899.437277,ERROR:ConnectionError,56.14733695983887
1786832899.455781,ERROR:ConnectionError,38.18035125732422
1786832899.458786,ERROR:ConnectionError,42.56081581115723
1786832899.476553,ERROR:ConnectionError,25.164127349853516
1786832899.4534962,ERROR:ConnectionError,49.00622367858887
1786832899.488223,ERROR:ConnectionError,21.18372917175293
1786832899.485829,ERROR:ConnectionError,26.64637565612793
1786832899.4905577,ERROR:ConnectionError,34.18231010437012
1786832899.4939687,ERROR:ConnectionError,35.83240509033203
1786832899.4934368,ERROR:ConnectionError,38.6652946472168
1786832899.491994,ERROR:ConnectionError,42.59634017944336
1786832899.5025098,ERROR:ConnectionError,36.8657112121582
1786832899.5124846,ERROR:ConnectionError,28.635740280151367
1786832899.5017238,ERROR:ConnectionError,40.41337966918945
1786832899.5094159,ERROR:ConnectionError,38.54060173034668
1786832899.5013547,ERROR:ConnectionError,52.08778381347656
1786832899.5247498,ERROR:ConnectionError,31.21161460876465
1786832899.5321097,ERROR:ConnectionError,26.46946907043457
1786832899.5298138,ERROR:ConnectionError,41.08738899230957
1786832899.5393865,ERROR:ConnectionError,35.85243225097656
1786832899.5346012,ERROR:ConnectionError,43.5488224029541
1786832899.5421443,ERROR:ConnectionError,38.44332695007324
1786832899.5479693,ERROR:ConnectionError,40.23933410644531
1786832899.553451,ERROR:ConnectionError,36.25035285949707
1786832899.5411274,ERROR:ConnectionError,50.44412612915039
1786832899.5559733,ERROR:ConnectionError,45.83907127380371
1786832899.570915,ERROR:ConnectionError,34.568071365356445
1786832899.5585873,ERROR:ConnectionError,49.67045783996582
1786832899.5752487,ERROR:ConnectionError,35.54582595825195
1786832899.578159,ERROR:ConnectionError,34.09004211425781
1786832899.5897079,ERROR:ConnectionError,28.884410858154297
1786832899.580594,ERROR:ConnectionError,40.351152420043945
1786832899.5882227,ERROR:ConnectionError,37.21356391906738
1786832899.6108081,ERROR:ConnectionError,15.945672988891602
1786832899.6018221,ERROR:ConnectionError,27.34375
1786832899.6122596,ERROR:ConnectionError,21.95429801940918
1786832899.591582,ERROR:ConnectionError,42.952775955200195
1786832899.6082664,ERROR:ConnectionError,26.6263484954834
1786832899.6054943,ERROR:ConnectionError,40.580034255981445
1786832899.6186023,ERROR:ConnectionError,31.583547592163086
1786832899.6267648,ERROR:ConnectionError,25.61354637145996
1786832899.6345403,ERROR:ConnectionError,18.217086791992188
1786832899.6254454,ERROR:ConnectionError,31.014204025268555
1786832899.6209526,ERROR:ConnectionError,36.145687103271484
1786832899.6342359,ERROR:ConnectionError,23.102760314941406
1786832899.629173,ERROR:ConnectionError,29.052734375
1786832899.64609,ERROR:ConnectionError,17.53830909729004
1786832899.6348996,ERROR:ConnectionError,30.384302139282227
1786832899.6527627,ERROR:ConnectionError,18.37301254272461
1786832899.6501946,ERROR:ConnectionError,21.29983901977539
1786832899.6564693,ERROR:ConnectionError,19.173860549926758
1786832899.6571033,ERROR:ConnectionError,23.1170654296875
1786832899.6523857,ERROR:ConnectionError,30.770063400268555
1786832899.657343,ERROR:ConnectionError,26.11565589904785
1786832899.6652913,ERROR:ConnectionError,22.62592315673828
1786832899.6636384,ERROR:ConnectionError,24.744033813476562
1786832899.6711435,ERROR:ConnectionError,18.416881561279297
1786832899.6582317,ERROR:ConnectionError,31.87274932861328
1786832899.6715016,ERROR:ConnectionError,39.41845893859863
1786832899.675651,ERROR:ConnectionError,36.38863563537598
1786832899.6802323,ERROR:ConnectionError,34.62529182434082
1786832899.6879272,ERROR:ConnectionError,46.17428779602051
1786832899.6883888,ERROR:ConnectionError,49.98898506164551
1786832899.6901102,ERROR:ConnectionError,56.326866149902344
1786832899.6895676,ERROR:ConnectionError,58.228254318237305
1786832899.683465,ERROR:ConnectionError,67.7342414855957
1786832899.6831634,ERROR:ConnectionError,70.33967971801758
1786832899.7120497,ERROR:ConnectionError,46.441078186035156
1786832899.7148688,ERROR:ConnectionError,49.32761192321777
1786832899.7109354,ERROR:ConnectionError,58.15434455871582
1786832899.7341132,ERROR:ConnectionError,42.68646240234375
1786832899.753511,ERROR:ConnectionError,29.537200927734375
1786832899.7585,ERROR:ConnectionError,26.53670310974121
1786832899.7512076,ERROR:ConnectionError,34.81554985046387
1786832899.7478075,ERROR:ConnectionError,38.44881057739258
1786832899.7464483,ERROR:ConnectionError,41.27931594848633
1786832899.7383897,ERROR:ConnectionError,60.40024757385254
1786832899.7642066,ERROR:ConnectionError,35.7968807220459
1786832899.7691011,ERROR:ConnectionError,33.18190574645996
1786832899.7768152,ERROR:ConnectionError,33.28347206115723
1786832899.7830586,ERROR:ConnectionError,34.62052345275879
1786832899.7877355,ERROR:ConnectionError,50.07171630859375
1786832899.8176897,ERROR:ConnectionError,21.477222442626953
1786832899.7860293,ERROR:ConnectionError,55.353641510009766
1786832899.7987995,ERROR:ConnectionError,46.922922134399414
1786832899.7850482,ERROR:ConnectionError,62.60418891906738
1786832899.7862613,ERROR:ConnectionError,63.219547271728516
1786832899.80229,ERROR:ConnectionError,48.87580871582031
1786832899.810115,ERROR:ConnectionError,43.55263710021973
1786832899.8000097,ERROR:ConnectionError,55.30905723571777
1786832899.8378165,ERROR:ConnectionError,55.83333969116211
1786832899.8391788,ERROR:ConnectionError,57.61432647705078
1786832899.8413897,ERROR:ConnectionError,59.66448783874512
1786832899.8511732,ERROR:ConnectionError,59.224843978881836
1786832899.8553245,ERROR:ConnectionError,57.30080604553223
1786832899.8536768,ERROR:ConnectionError,87.73446083068848
1786832899.8476584,ERROR:ConnectionError,94.59710121154785
1786832899.849488,ERROR:ConnectionError,94.03347969055176
1786832899.8457348,ERROR:ConnectionError,100.09336471557617
1786832899.8936644,ERROR:ConnectionError,54.02326583862305
1786832899.9104147,ERROR:ConnectionError,48.645973205566406
1786832899.8968022,ERROR:ConnectionError,74.1879940032959
1786832899.912635,ERROR:ConnectionError,58.861732482910156
1786832899.9010637,ERROR:ConnectionError,72.88408279418945
1786832899.9422607,ERROR:ConnectionError,40.16995429992676
1786832899.9435327,ERROR:ConnectionError,39.32666778564453
1786832899.9414206,ERROR:ConnectionError,46.42438888549805
1786832899.9458392,ERROR:ConnectionError,55.88173866271973
1786832899.9590707,ERROR:ConnectionError,57.45124816894531
1786832899.973956,ERROR:ConnectionError,49.97062683105469
1786832899.970999,ERROR:ConnectionError,60.503244400024414
1786832899.9828706,ERROR:ConnectionError,50.28200149536133
1786832900.001732,ERROR:ConnectionError,34.51395034790039
1786832899.987854,ERROR:ConnectionError,50.17256736755371
1786832899.9715054,ERROR:ConnectionError,69.04911994934082
1786832900.016533,ERROR:ConnectionError,25.136470794677734
1786832899.9476948,ERROR:ConnectionError,102.63371467590332
1786832900.0239518,ERROR:ConnectionError,27.65941619873047
1786832900.0315154,ERROR:ConnectionError,25.223731994628906
1786832899.9824443,ERROR:ConnectionError,74.57590103149414
1786832900.0331645,ERROR:ConnectionError,34.813880920410156
1786832900.0362556,ERROR:ConnectionError,33.048152923583984
1786832900.0405626,ERROR:ConnectionError,32.28640556335449
1786832900.0380354,ERROR:ConnectionError,40.73739051818848
1786832900.050338,ERROR:ConnectionError,31.902551651000977
1786832900.0516176,ERROR:ConnectionError,43.88928413391113
1786832900.0416758,ERROR:ConnectionError,63.09628486633301
1786832900.0567474,ERROR:ConnectionError,50.30322074890137
1786832900.0679934,ERROR:ConnectionError,39.76798057556152
1786832900.0693111,ERROR:ConnectionError,41.91780090332031
1786832900.0787835,ERROR:ConnectionError,37.3537540435791
1786832900.082252,ERROR:ConnectionError,36.40556335449219
1786832900.0570269,ERROR:ConnectionError,61.88249588012695
1786832900.0728617,ERROR:ConnectionError,51.496028900146484
1786832900.0955176,ERROR:ConnectionError,30.374765396118164
1786832900.1047857,ERROR:ConnectionError,24.13201332092285
1786832900.1070573,ERROR:ConnectionError,25.679588317871094
1786832900.1161532,ERROR:ConnectionError,23.762226104736328
1786832900.1077654,ERROR:ConnectionError,32.44590759277344
1786832900.111244,ERROR:ConnectionError,33.20765495300293
1786832900.1189141,ERROR:ConnectionError,29.68001365661621
1786832900.1243649,ERROR:ConnectionError,41.71323776245117
1786832900.125916,ERROR:ConnectionError,43.88856887817383
1786832900.1186652,ERROR:ConnectionError,51.47147178649902
1786832900.128927,ERROR:ConnectionError,44.69871520996094
1786832900.1327448,ERROR:ConnectionError,42.289018630981445
1786832900.1402159,ERROR:ConnectionError,35.10308265686035
1786832900.1399274,ERROR:ConnectionError,39.661407470703125
1786832900.1661005,ERROR:ConnectionError,25.418996810913086
1786832900.1486108,ERROR:ConnectionError,48.2025146484375
1786832900.1444647,ERROR:ConnectionError,52.71649360656738
1786832900.1750422,ERROR:ConnectionError,30.310392379760742
1786832900.1736505,ERROR:ConnectionError,39.782047271728516
1786832900.1971858,ERROR:ConnectionError,33.80417823791504
1786832900.196827,ERROR:ConnectionError,41.207075119018555
1786832900.2134435,ERROR:ConnectionError,24.901390075683594
1786832900.2053654,ERROR:ConnectionError,36.1330509185791
1786832900.231005,ERROR:ConnectionError,12.60828971862793
1786832900.1915293,ERROR:ConnectionError,55.07326126098633
1786832900.2383502,ERROR:ConnectionError,12.998342514038086
1786832900.1701417,ERROR:ConnectionError,85.37507057189941
1786832900.1753242,ERROR:ConnectionError,81.45689964294434
1786832900.1698148,ERROR:ConnectionError,87.3868465423584
1786832900.2380447,ERROR:ConnectionError,21.38972282409668
1786832900.1795986,ERROR:ConnectionError,80.05166053771973
1786832900.2415063,ERROR:ConnectionError,30.74955940246582
1786832900.246635,ERROR:ConnectionError,39.06726837158203
1786832900.243622,ERROR:ConnectionError,56.29992485046387
1786832900.2513568,ERROR:ConnectionError,77.3763656616211
1786832900.2555275,ERROR:ConnectionError,79.96535301208496
1786832900.2596552,ERROR:ConnectionError,80.41977882385254
1786832900.2572083,ERROR:ConnectionError,85.0975513458252
1786832900.25944,ERROR:ConnectionError,83.21118354797363
1786832900.2857103,ERROR:ConnectionError,61.04397773742676
1786832900.2999322,ERROR:ConnectionError,50.54736137390137
1786832900.25679,ERROR:ConnectionError,95.22581100463867
1786832900.3355062,ERROR:ConnectionError,18.369674682617188
1786832900.27227,ERROR:ConnectionError,81.85601234436035
1786832900.3287451,ERROR:ConnectionError,30.186176300048828
1786832900.3401062,ERROR:ConnectionError,19.835710525512695
1786832900.342656,ERROR:ConnectionError,28.491973876953125
1786832900.3423128,ERROR:ConnectionError,30.292272567749023
1786832900.350494,ERROR:ConnectionError,24.752140045166016
1786832900.3467622,ERROR:ConnectionError,33.48827362060547
1786832900.352023,ERROR:ConnectionError,69.72980499267578
1786832900.3538828,ERROR:ConnectionError,70.97291946411133
1786832900.3589404,ERROR:ConnectionError,66.49422645568848
1786832900.3541324,ERROR:ConnectionError,72.1743106842041
1786832900.3599477,ERROR:ConnectionError,70.45292854309082
1786832900.3711593,ERROR:ConnectionError,63.398122787475586
1786832900.3752556,ERROR:ConnectionError,61.60545349121094
1786832900.3726144,ERROR:ConnectionError,68.73750686645508
1786832900.3802612,ERROR:ConnectionError,63.31658363342285
1786832900.4254405,ERROR:ConnectionError,18.500566482543945
1786832900.424864,ERROR:ConnectionError,23.169279098510742
1786832900.434567,ERROR:ConnectionError,14.181375503540039
1786832900.4217646,ERROR:ConnectionError,28.155803680419922
1786832900.4263124,ERROR:ConnectionError,23.878812789916992
1786832900.430409,ERROR:ConnectionError,20.32017707824707
1786832900.4368784,ERROR:ConnectionError,15.068531036376953
1786832900.4439504,ERROR:ConnectionError,19.872188568115234
1786832900.4413629,ERROR:ConnectionError,25.739192962646484
1786832900.448043,ERROR:ConnectionError,21.58808708190918
1786832900.443588,ERROR:ConnectionError,27.8778076171875
1786832900.4487553,ERROR:ConnectionError,26.401758193969727
1786832900.4507334,ERROR:ConnectionError,25.396347045898438
1786832900.4499273,ERROR:ConnectionError,29.865741729736328
1786832900.450197,ERROR:ConnectionError,30.128955841064453
1786832900.451954,ERROR:ConnectionError,28.734683990478516
1786832900.4696407,ERROR:ConnectionError,23.320436477661133
1786832900.4671118,ERROR:ConnectionError,26.352643966674805
1786832900.4751642,ERROR:ConnectionError,20.402193069458008
1786832900.4638348,ERROR:ConnectionError,32.36651420593262
1786832900.480694,ERROR:ConnectionError,21.493196487426758
1786832900.4714751,ERROR:ConnectionError,30.942678451538086
1786832900.480331,ERROR:ConnectionError,28.69582176208496
1786832900.4761357,ERROR:ConnectionError,34.357309341430664
1786832900.4798005,ERROR:ConnectionError,66.18404388427734
1786832900.4929705,ERROR:ConnectionError,69.03958320617676
1786832900.4934697,ERROR:ConnectionError,69.01669502258301
1786832900.4955816,ERROR:ConnectionError,70.68848609924316
1786832900.502517,ERROR:ConnectionError,64.14532661437988
1786832900.5021956,ERROR:ConnectionError,68.48645210266113
1786832900.496209,ERROR:ConnectionError,78.50956916809082
1786832900.5105011,ERROR:ConnectionError,71.78926467895508
1786832900.509035,ERROR:ConnectionError,75.56724548339844
1786832900.545995,ERROR:ConnectionError,43.729305267333984
1786832900.562025,ERROR:ConnectionError,28.140544891357422
1786832900.5662878,ERROR:ConnectionError,26.596784591674805
1786832900.5666676,ERROR:ConnectionError,26.5047550201416
1786832900.5624926,ERROR:ConnectionError,30.940532684326172
1786832900.570692,ERROR:ConnectionError,24.96480941772461
1786832900.5846155,ERROR:ConnectionError,17.93694496154785
1786832900.574727,ERROR:ConnectionError,28.10192108154297
1786832900.582301,ERROR:ConnectionError,23.540019989013672
1786832900.5901732,ERROR:ConnectionError,31.751155853271484
1786832900.592902,ERROR:ConnectionError,31.47292137145996
1786832900.5897357,ERROR:ConnectionError,35.42900085449219
1786832900.5931773,ERROR:ConnectionError,36.47804260253906
1786832900.6025615,ERROR:ConnectionError,31.3107967376709
1786832900.5956662,ERROR:ConnectionError,38.785457611083984
1786832900.5934365,ERROR:ConnectionError,44.29507255554199
1786832900.6243849,ERROR:ConnectionError,19.42586898803711
1786832900.602834,ERROR:ConnectionError,44.914960861206055
1786832900.633882,ERROR:ConnectionError,17.429351806640625
1786832900.625171,ERROR:ConnectionError,26.5200138092041
1786832900.605852,ERROR:ConnectionError,49.73435401916504
1786832900.6344588,ERROR:ConnectionError,26.16429328918457
1786832900.6377418,ERROR:ConnectionError,25.146484375
1786832900.621936,ERROR:ConnectionError,41.460275650024414
1786832900.6296647,ERROR:ConnectionError,34.53969955444336
1786832900.64776,ERROR:ConnectionError,18.224000930786133
1786832900.6438212,ERROR:ConnectionError,22.543668746948242
1786832900.6517,ERROR:ConnectionError,18.738985061645508
1786832900.651325,ERROR:ConnectionError,22.88961410522461
1786832900.6555958,ERROR:ConnectionError,30.968904495239258
1786832900.6628969,ERROR:ConnectionError,28.533458709716797
1786832900.6659908,ERROR:ConnectionError,32.647132873535156
1786832900.6663723,ERROR:ConnectionError,35.29024124145508
1786832900.6642122,ERROR:ConnectionError,42.86050796508789
1786832900.663403,ERROR:ConnectionError,46.11825942993164
1786832900.660634,ERROR:ConnectionError,51.63836479187012
1786832900.6704466,ERROR:ConnectionError,44.90971565246582
1786832900.6742213,ERROR:ConnectionError,47.102928161621094
1786832900.6865747,ERROR:ConnectionError,35.4156494140625
1786832900.6914427,ERROR:ConnectionError,34.63268280029297
1786832900.69866,ERROR:ConnectionError,28.057098388671875
1786832900.7016702,ERROR:ConnectionError,25.953054428100586
1786832900.7122817,ERROR:ConnectionError,20.79916000366211
1786832900.7070823,ERROR:ConnectionError,27.57430076599121
1786832900.7095327,ERROR:ConnectionError,26.96847915649414
1786832900.715366,ERROR:ConnectionError,21.468639373779297
1786832900.721334,ERROR:ConnectionError,21.414518356323242
1786832900.721997,ERROR:ConnectionError,23.929357528686523
1786832900.7260864,ERROR:ConnectionError,33.56647491455078
1786832900.7276304,ERROR:ConnectionError,34.35492515563965
1786832890.805344,ERROR:ReadTimeout,10046.77128791809
1786832900.726723,ERROR:ConnectionError,258.6967945098877
1786832900.736509,ERROR:ConnectionError,252.01749801635742
1786832900.7330947,ERROR:ConnectionError,255.95378875732422
1786832900.736842,ERROR:ConnectionError,257.74145126342773
1786832900.7346642,ERROR:ConnectionError,261.3387107849121
1786832900.7459412,ERROR:ConnectionError,255.14960289001465
1786832900.7427578,ERROR:ConnectionError,259.8562240600586
1786832900.7619972,ERROR:ConnectionError,243.9432144165039
1786832900.9854312,ERROR:ConnectionError,20.915746688842773
1786832900.7596607,ERROR:ConnectionError,249.5577335357666
1786832900.9960127,ERROR:ConnectionError,14.944791793823242
1786832900.9885373,ERROR:ConnectionError,24.31631088256836
1786832900.8521261,ERROR:ConnectionError,161.80157661437988
1786832900.9945939,ERROR:ConnectionError,28.45168113708496
1786832900.9891405,ERROR:ConnectionError,36.484479904174805
1786832901.0011003,ERROR:ConnectionError,32.21774101257324
1786832901.0026221,ERROR:ConnectionError,34.15799140930176
1786832901.0063534,ERROR:ConnectionError,32.530784606933594
1786832901.0059474,ERROR:ConnectionError,35.58707237243652
1786832901.0139337,ERROR:ConnectionError,32.48000144958496
1786832901.0092268,ERROR:ConnectionError,37.70256042480469
1786832901.0109627,ERROR:ConnectionError,40.312767028808594
1786832901.0128648,ERROR:ConnectionError,46.9820499420166
1786832901.0367885,ERROR:ConnectionError,27.635574340820312
1786832901.0388913,ERROR:ConnectionError,26.078462600708008
1786832901.0256312,ERROR:ConnectionError,42.13094711303711
1786832901.0415416,ERROR:ConnectionError,26.549339294433594
1786832901.0230541,ERROR:ConnectionError,45.43042182922363
1786832901.033334,ERROR:ConnectionError,39.934396743774414
1786832901.0469358,ERROR:ConnectionError,28.53679656982422
1786832901.051289,ERROR:ConnectionError,25.838613510131836
1786832901.0464232,ERROR:ConnectionError,31.440258026123047
1786832901.0644338,ERROR:ConnectionError,18.993616104125977
1786832901.0598557,ERROR:ConnectionError,25.1009464263916
1786832901.0649755,ERROR:ConnectionError,24.349212646484375
1786832901.067769,ERROR:ConnectionError,25.12383460998535
1786832901.068097,ERROR:ConnectionError,28.453350067138672
1786832901.0754814,ERROR:ConnectionError,23.07438850402832
1786832901.0732765,ERROR:ConnectionError,25.568008422851562
1786832901.0834544,ERROR:ConnectionError,17.39978790283203
1786832901.0771341,ERROR:ConnectionError,23.96988868713379
1786832901.0684898,ERROR:ConnectionError,35.26449203491211
1786832901.0778706,ERROR:ConnectionError,31.118154525756836
1786832901.084964,ERROR:ConnectionError,25.514602661132812
1786832901.0893347,ERROR:ConnectionError,27.444839477539062
1786832901.0929027,ERROR:ConnectionError,26.20387077331543
1786832901.1011086,ERROR:ConnectionError,25.35247802734375
1786832901.1008625,ERROR:ConnectionError,28.943300247192383
1786832901.0965595,ERROR:ConnectionError,34.15417671203613
1786832901.0988493,ERROR:ConnectionError,36.134958267211914
1786832901.0985775,ERROR:ConnectionError,40.73476791381836
1786832901.1104858,ERROR:ConnectionError,39.13140296936035
1786832901.103762,ERROR:ConnectionError,50.77791213989258
1786832901.1089962,ERROR:ConnectionError,50.15134811401367
1786832901.1191154,ERROR:ConnectionError,43.47944259643555
1786832901.126472,ERROR:ConnectionError,47.20449447631836
1786832901.1167912,ERROR:ConnectionError,58.827877044677734
1786832901.1298156,ERROR:ConnectionError,56.20551109313965
1786832901.1307213,ERROR:ConnectionError,57.373046875
1786832901.1349916,ERROR:ConnectionError,55.7248592376709
1786832901.1393218,ERROR:ConnectionError,70.8155632019043
1786832901.154548,ERROR:ConnectionError,57.86466598510742
1786832901.159158,ERROR:ConnectionError,54.67677116394043
1786832901.1756253,ERROR:ConnectionError,44.25454139709473
1786832901.1736896,ERROR:ConnectionError,48.52795600891113
1786832901.1496365,ERROR:ConnectionError,72.87430763244629
1786832901.1626084,ERROR:ConnectionError,63.59577178955078
1786832901.2138433,ERROR:ConnectionError,15.949249267578125
1786832901.188102,ERROR:ConnectionError,47.27602005004883
1786832901.2101476,ERROR:ConnectionError,26.43609046936035
1786832901.18603,ERROR:ConnectionError,51.01943016052246
1786832901.2198887,ERROR:ConnectionError,18.252849578857422
1786832901.1907258,ERROR:ConnectionError,50.59957504272461
1786832901.2124228,ERROR:ConnectionError,30.032873153686523
1786832901.2225153,ERROR:ConnectionError,22.907257080078125
1786832901.2222266,ERROR:ConnectionError,26.87692642211914
1786832901.2262144,ERROR:ConnectionError,25.58422088623047
1786832901.2298086,ERROR:ConnectionError,26.518583297729492
1786832901.235387,ERROR:ConnectionError,24.96051788330078
1786832901.2365904,ERROR:ConnectionError,37.885427474975586
1786832901.2381475,ERROR:ConnectionError,38.32054138183594
1786832901.245434,ERROR:ConnectionError,31.341075897216797
1786832901.241333,ERROR:ConnectionError,38.6502742767334
1786832901.2370558,ERROR:ConnectionError,49.083709716796875
1786832901.2518141,ERROR:ConnectionError,40.04812240600586
1786832901.2491128,ERROR:ConnectionError,48.509836196899414
1786832901.2563367,ERROR:ConnectionError,44.704437255859375
1786832901.2603588,ERROR:ConnectionError,41.01729393005371
1786832901.2424605,ERROR:ConnectionError,59.195756912231445
1786832901.2767808,ERROR:ConnectionError,29.280900955200195
1786832901.2744882,ERROR:ConnectionError,34.70873832702637
1786832901.2799923,ERROR:ConnectionError,29.45256233215332
1786832901.276474,ERROR:ConnectionError,41.94498062133789
1786832901.2976356,ERROR:ConnectionError,28.6867618560791
1786832901.286149,ERROR:ConnectionError,40.509700775146484
1786832901.3013823,ERROR:ConnectionError,28.61952781677246
1786832901.301662,ERROR:ConnectionError,29.44636344909668
1786832901.3060691,ERROR:ConnectionError,32.659053802490234
1786832901.2918751,ERROR:ConnectionError,47.92165756225586
1786832901.301052,ERROR:ConnectionError,41.678667068481445
1786832901.3092046,ERROR:ConnectionError,41.98265075683594
1786832901.3094497,ERROR:ConnectionError,47.01566696166992
1786832901.3184283,ERROR:ConnectionError,41.068315505981445
1786832901.3266637,ERROR:ConnectionError,39.60919380187988
1786832901.3398044,ERROR:ConnectionError,29.723167419433594
1786832901.3300095,ERROR:ConnectionError,39.862871170043945
1786832901.3387363,ERROR:ConnectionError,31.559228897094727
1786832901.326331,ERROR:ConnectionError,44.189453125
1786832901.3311162,ERROR:ConnectionError,41.04280471801758
1786832901.3511972,ERROR:ConnectionError,27.02951431274414
1786832901.3427374,ERROR:ConnectionError,36.04435920715332
1786832901.356473,ERROR:ConnectionError,25.94470977783203
1786832901.359505,ERROR:ConnectionError,29.466629028320312
1786832901.3695378,ERROR:ConnectionError,25.347471237182617
1786832901.3662827,ERROR:ConnectionError,38.35415840148926
1786832901.3705244,ERROR:ConnectionError,34.49392318725586
1786832901.3698776,ERROR:ConnectionError,36.57078742980957
1786832901.370301,ERROR:ConnectionError,38.87820243835449
1786832901.382428,ERROR:ConnectionError,31.679391860961914
1786832901.3889828,ERROR:ConnectionError,28.502702713012695
1786832901.3721652,ERROR:ConnectionError,45.828819274902344
1786832901.3782358,ERROR:ConnectionError,44.78788375854492
1786832901.3949115,ERROR:ConnectionError,29.477596282958984
1786832901.4050238,ERROR:ConnectionError,21.14725112915039
1786832901.3787913,ERROR:ConnectionError,48.33388328552246
1786832901.4046469,ERROR:ConnectionError,24.655818939208984
1786832901.409186,ERROR:ConnectionError,23.7274169921875
1786832901.4064548,ERROR:ConnectionError,28.760910034179688
1786832901.4174953,ERROR:ConnectionError,20.769596099853516
1786832901.4141173,ERROR:ConnectionError,29.681921005249023
1786832901.4243982,ERROR:ConnectionError,20.845651626586914
1786832901.418004,ERROR:ConnectionError,31.485557556152344
1786832901.427131,ERROR:ConnectionError,23.094892501831055
1786832901.4261773,ERROR:ConnectionError,24.471521377563477
1786832901.429313,ERROR:ConnectionError,28.658151626586914
1786832901.4352238,ERROR:ConnectionError,23.354291915893555
1786832901.4382744,ERROR:ConnectionError,20.57337760925293
1786832901.4329228,ERROR:ConnectionError,26.431798934936523
1786832901.423031,ERROR:ConnectionError,39.35837745666504
1786832901.4438066,ERROR:ConnectionError,24.332046508789062
1786832901.4452572,ERROR:ConnectionError,27.27341651916504
1786832901.450234,ERROR:ConnectionError,26.543617248535156
1786832901.4495037,ERROR:ConnectionError,28.16033363342285
1786832901.4506557,ERROR:ConnectionError,37.04667091369629
1786832901.4579844,ERROR:ConnectionError,247.82681465148926
1786832901.4585836,ERROR:ConnectionError,249.25637245178223
1786832901.4593623,ERROR:ConnectionError,249.53174591064453
1786832901.46241,ERROR:ConnectionError,247.75218963623047
1786832901.4725401,ERROR:ConnectionError,238.19375038146973
1786832901.4776707,ERROR:ConnectionError,234.21549797058105
1786832901.4588547,ERROR:ConnectionError,253.90028953552246
1786832901.4681456,ERROR:ConnectionError,245.39732933044434
1786832901.476787,ERROR:ConnectionError,245.04756927490234
1786832901.705822,ERROR:ConnectionError,16.35575294494629
1786832901.4877129,ERROR:ConnectionError,234.8029613494873
1786832901.7078495,ERROR:ConnectionError,18.814802169799805
1786832901.7107396,ERROR:ConnectionError,24.194955825805664
1786832901.7089007,ERROR:ConnectionError,26.494264602661133
1786832901.7101688,ERROR:ConnectionError,25.498628616333008
1786832901.7127626,ERROR:ConnectionError,26.886463165283203
1786832901.7135482,ERROR:ConnectionError,28.68819236755371
1786832901.7118928,ERROR:ConnectionError,36.25941276550293
1786832901.7266724,ERROR:ConnectionError,32.88531303405762
1786832901.7218447,ERROR:ConnectionError,38.60759735107422
1786832901.7225194,ERROR:ConnectionError,38.53464126586914
1786832901.7353992,ERROR:ConnectionError,28.169631958007812
1786832901.7221842,ERROR:ConnectionError,42.90175437927246
1786832901.742256,ERROR:ConnectionError,30.68709373474121
1786832901.7396572,ERROR:ConnectionError,33.67733955383301
1786832901.734943,ERROR:ConnectionError,42.73390769958496
1786832901.7356758,ERROR:ConnectionError,42.571067810058594
1786832901.748162,ERROR:ConnectionError,30.47800064086914
1786832901.7595665,ERROR:ConnectionError,22.528409957885742
1786832901.763578,ERROR:ConnectionError,24.07073974609375
1786832901.7604568,ERROR:ConnectionError,31.449079513549805
1786832901.761059,ERROR:ConnectionError,37.911415100097656
1786832901.7650928,ERROR:ConnectionError,40.56978225708008
1786832901.7733407,ERROR:ConnectionError,34.03782844543457
1786832901.7776847,ERROR:ConnectionError,33.476829528808594
1786832901.7729511,ERROR:ConnectionError,41.203975677490234
1786832901.782103,ERROR:ConnectionError,35.463809967041016
1786832901.778644,ERROR:ConnectionError,42.257070541381836
1786832901.7876585,ERROR:ConnectionError,35.88056564331055
1786832901.7919195,ERROR:ConnectionError,35.64882278442383
1786832901.7782538,ERROR:ConnectionError,49.591779708862305
1786832901.8073866,ERROR:ConnectionError,21.486282348632812
1786832901.7989802,ERROR:ConnectionError,31.049251556396484
1786832901.8111713,ERROR:ConnectionError,19.78778839111328
1786832901.805672,ERROR:ConnectionError,28.363466262817383
1786832901.814164,ERROR:ConnectionError,21.894454956054688
1786832901.8175828,ERROR:ConnectionError,19.076824188232422
1786832901.8209085,ERROR:ConnectionError,28.012990951538086
1786832901.823549,ERROR:ConnectionError,38.446664810180664
1786832901.8309662,ERROR:ConnectionError,34.4538688659668
1786832901.827851,ERROR:ConnectionError,40.02857208251953
1786832901.8300388,ERROR:ConnectionError,39.19506072998047
1786832901.836064,ERROR:ConnectionError,34.616947174072266
1786832901.8340423,ERROR:ConnectionError,37.97507286071777
1786832901.836665,ERROR:ConnectionError,35.9654426574707
1786832901.8288786,ERROR:ConnectionError,45.73655128479004
1786832901.8275766,ERROR:ConnectionError,49.475669860839844
1786832901.8489316,ERROR:ConnectionError,32.71222114562988
1786832901.8620048,ERROR:ConnectionError,22.36485481262207
1786832901.865431,ERROR:ConnectionError,27.08292007446289
1786832901.8678873,ERROR:ConnectionError,27.223825454711914
1786832901.8692434,ERROR:ConnectionError,30.931711196899414
1786832901.8710377,ERROR:ConnectionError,35.94160079956055
1786832901.8746247,ERROR:ConnectionError,32.67049789428711
1786832901.881652,ERROR:ConnectionError,27.102231979370117
1786832901.8726358,ERROR:ConnectionError,37.58692741394043
1786832901.8925228,ERROR:ConnectionError,20.460128784179688
1786832901.8770611,ERROR:ConnectionError,36.29755973815918
1786832901.872024,ERROR:ConnectionError,41.86868667602539
1786832901.8843777,ERROR:ConnectionError,30.686616897583008
1786832901.9001877,ERROR:ConnectionError,21.6219425201416
1786832901.895119,ERROR:ConnectionError,27.117013931274414
1786832901.913366,ERROR:ConnectionError,29.447078704833984
1786832901.9102302,ERROR:ConnectionError,37.58549690246582
1786832901.90699,ERROR:ConnectionError,49.48759078979492
1786832901.9222407,ERROR:ConnectionError,38.36631774902344
1786832901.9087589,ERROR:ConnectionError,52.32048034667969
1786832901.9139044,ERROR:ConnectionError,52.2160530090332
1786832901.9073,ERROR:ConnectionError,65.1707649230957
1786832901.912991,ERROR:ConnectionError,63.324689865112305
1786832901.915071,ERROR:ConnectionError,63.47227096557617
1786832901.921837,ERROR:ConnectionError,57.14893341064453
1786832901.942826,ERROR:ConnectionError,41.22114181518555
1786832901.9564888,ERROR:ConnectionError,29.72888946533203
1786832901.9610848,ERROR:ConnectionError,33.68973731994629
1786832901.9606144,ERROR:ConnectionError,42.443275451660156
1786832901.97899,ERROR:ConnectionError,24.72090721130371
1786832901.9763238,ERROR:ConnectionError,28.51104736328125
1786832901.9785507,ERROR:ConnectionError,27.316570281982422
1786832901.96613,ERROR:ConnectionError,49.69978332519531
1786832901.9947855,ERROR:ConnectionError,21.52252197265625
1786832901.9724777,ERROR:ConnectionError,48.67410659790039
1786832902.0048416,ERROR:ConnectionError,26.46040916442871
1786832902.005876,ERROR:ConnectionError,25.83003044128418
1786832901.9862256,ERROR:ConnectionError,51.60093307495117
1786832901.9478347,ERROR:ConnectionError,92.11039543151855
1786832902.0030696,ERROR:ConnectionError,39.1688346862793
1786832901.9840553,ERROR:ConnectionError,61.296701431274414
1786832902.0163152,ERROR:ConnectionError,32.674551010131836
1786832902.021162,ERROR:ConnectionError,34.54232215881348
1786832902.0158508,ERROR:ConnectionError,45.30215263366699
1786832902.0313148,ERROR:ConnectionError,31.055212020874023
1786832902.0317125,ERROR:ConnectionError,35.875558853149414
1786832902.0037174,ERROR:ConnectionError,71.1061954498291
1786832902.0399547,ERROR:ConnectionError,35.9349250793457
1786832902.0378358,ERROR:ConnectionError,42.32358932495117
1786832902.0422485,ERROR:ConnectionError,41.78762435913086
1786832902.0453615,ERROR:ConnectionError,44.80719566345215
1786832902.0490224,ERROR:ConnectionError,42.635202407836914
1786832902.0611646,ERROR:ConnectionError,34.9881649017334
1786832902.0557127,ERROR:ConnectionError,41.754961013793945
1786832902.0623758,ERROR:ConnectionError,41.38636589050293
1786832902.0750625,ERROR:ConnectionError,36.47446632385254
1786832902.067601,ERROR:ConnectionError,51.529645919799805
1786832902.0758996,ERROR:ConnectionError,45.42803764343262
1786832902.0801687,ERROR:ConnectionError,43.138742446899414
1786832902.0916708,ERROR:ConnectionError,40.381431579589844
1786832902.0974793,ERROR:ConnectionError,35.02488136291504
1786832902.0901775,ERROR:ConnectionError,48.24519157409668
1786832902.1037722,ERROR:ConnectionError,35.34555435180664
1786832902.0840483,ERROR:ConnectionError,55.39226531982422
1786832902.1115456,ERROR:ConnectionError,38.919687271118164
1786832902.096166,ERROR:ConnectionError,55.124521255493164
1786832902.1213346,ERROR:ConnectionError,44.77715492248535
1786832902.1191463,ERROR:ConnectionError,47.989606857299805
1786832902.123315,ERROR:ConnectionError,59.91530418395996
1786832902.1325102,ERROR:ConnectionError,53.74622344970703
1786832902.1320653,ERROR:ConnectionError,85.05010604858398
1786832902.1394458,ERROR:ConnectionError,114.79687690734863
1786832902.1391246,ERROR:ConnectionError,119.95410919189453
1786832902.1504807,ERROR:ConnectionError,110.9611988067627
1786832902.166124,ERROR:ConnectionError,97.90492057800293
1786832902.1512966,ERROR:ConnectionError,115.64779281616211
1786832902.1384547,ERROR:ConnectionError,131.66356086730957
1786832902.1671433,ERROR:ConnectionError,107.81645774841309
1786832902.1862676,ERROR:ConnectionError,91.04204177856445
1786832902.2171254,ERROR:ConnectionError,62.05177307128906
1786832902.1832423,ERROR:ConnectionError,103.46031188964844
1786832902.2590914,ERROR:ConnectionError,32.17649459838867
1786832902.2542574,ERROR:ConnectionError,40.669918060302734
1786832902.2614503,ERROR:ConnectionError,33.78105163574219
1786832902.2669542,ERROR:ConnectionError,40.26389122009277
1786832902.2701292,ERROR:ConnectionError,42.014360427856445
1786832902.264042,ERROR:ConnectionError,55.856943130493164
1786832902.2749715,ERROR:ConnectionError,55.77349662780762
1786832902.286713,ERROR:ConnectionError,46.234130859375
1786832902.2791834,ERROR:ConnectionError,55.30810356140137
1786832902.2912812,ERROR:ConnectionError,78.20463180541992
1786832902.277318,ERROR:ConnectionError,94.59543228149414
1786832902.2949367,ERROR:ConnectionError,85.4344367980957
1786832902.3072317,ERROR:ConnectionError,78.00960540771484
1786832902.319918,ERROR:ConnectionError,73.64392280578613
1786832902.3121583,ERROR:ConnectionError,84.40470695495605
1786832902.295235,ERROR:ConnectionError,101.7451286315918
1786832902.334499,ERROR:ConnectionError,117.77591705322266
1786832902.3719218,ERROR:ConnectionError,86.0905647277832
1786832902.3694966,ERROR:ConnectionError,93.20926666259766
1786832902.380388,ERROR:ConnectionError,85.74557304382324
1786832902.3852518,ERROR:ConnectionError,81.77042007446289
1786832902.3935728,ERROR:ConnectionError,74.18990135192871
1786832902.3329542,ERROR:ConnectionError,138.58699798583984
1786832902.396986,ERROR:ConnectionError,100.28386116027832
1786832902.396574,ERROR:ConnectionError,110.09979248046875
1786832902.330758,ERROR:ConnectionError,179.39162254333496
1786832902.4522843,ERROR:ConnectionError,70.34540176391602
1786832902.462718,ERROR:ConnectionError,69.20003890991211
1786832902.4580238,ERROR:ConnectionError,83.60171318054199
1786832902.4661672,ERROR:ConnectionError,84.85817909240723
1786832902.46777,ERROR:ConnectionError,133.40520858764648
1786832902.4670324,ERROR:ConnectionError,146.16131782531738
1786832902.4972806,ERROR:ConnectionError,122.1776008605957
1786832902.5066822,ERROR:ConnectionError,123.64554405212402
1786832902.4715478,ERROR:ConnectionError,163.7442111968994
1786832902.5319262,ERROR:ConnectionError,115.48852920532227
1786832902.5416358,ERROR:ConnectionError,107.60021209716797
1786832902.510161,ERROR:ConnectionError,139.52016830444336
1786832902.5226378,ERROR:ConnectionError,129.85873222351074
1786832902.5510364,ERROR:ConnectionError,102.60653495788574
1786832902.6011868,ERROR:ConnectionError,60.919761657714844
1786832902.6132035,ERROR:ConnectionError,68.76206398010254
1786832902.619467,ERROR:ConnectionError,76.64775848388672
1786832902.6353014,ERROR:ConnectionError,110.5494499206543
1786832902.6492457,ERROR:ConnectionError,98.54745864868164
1786832902.6525054,ERROR:ConnectionError,106.19139671325684
1786832902.6303413,ERROR:ConnectionError,134.42206382751465
1786832902.649686,ERROR:ConnectionError,123.66008758544922
1786832902.647428,ERROR:ConnectionError,133.85534286499023
1786832902.6621182,ERROR:ConnectionError,200.14691352844238
1786832902.6536522,ERROR:ConnectionError,208.8942527770996
1786832902.7478032,ERROR:ConnectionError,118.85476112365723
1786832902.7587085,ERROR:ConnectionError,111.18102073669434
1786832902.6961246,ERROR:ConnectionError,176.48935317993164
1786832902.7733574,ERROR:ConnectionError,104.31981086730957
1786832902.7458599,ERROR:ConnectionError,133.84389877319336
1786832902.7647767,ERROR:ConnectionError,116.35470390319824
1786832902.6819801,ERROR:ConnectionError,201.37643814086914
1786832902.7813003,ERROR:ConnectionError,112.1208667755127
1786832902.862551,ERROR:ConnectionError,40.160417556762695
1786832902.8622725,ERROR:ConnectionError,45.64046859741211
1786832902.8699005,ERROR:ConnectionError,52.07490921020508
1786832902.8776863,ERROR:ConnectionError,45.27401924133301
1786832902.8726232,ERROR:ConnectionError,59.49044227600098
1786832902.8666677,ERROR:ConnectionError,69.70620155334473
1786832902.921986,ERROR:ConnectionError,51.98550224304199
1786832902.8833635,ERROR:ConnectionError,90.99864959716797
1786832902.8934317,ERROR:ConnectionError,94.25091743469238
1786832902.8811433,ERROR:ConnectionError,110.71491241455078
1786832902.902723,ERROR:ConnectionError,91.86887741088867
1786832902.9229665,ERROR:ConnectionError,72.04437255859375
1786832902.8797104,ERROR:ConnectionError,116.97793006896973
1786832902.9321322,ERROR:ConnectionError,79.72335815429688
1786832902.9743729,ERROR:ConnectionError,44.56186294555664
1786832902.936383,ERROR:ConnectionError,84.28812026977539
1786832902.9079223,ERROR:ConnectionError,114.54129219055176
1786832902.9876993,ERROR:ConnectionError,35.8579158782959
1786832902.995019,ERROR:ConnectionError,41.61572456359863
1786832902.9946046,ERROR:ConnectionError,42.540550231933594
1786832902.9740028,ERROR:ConnectionError,66.44654273986816
1786832902.9966948,ERROR:ConnectionError,46.86427116394043
1786832903.0118656,ERROR:ConnectionError,37.33015060424805
1786832902.9918687,ERROR:ConnectionError,57.62171745300293
1786832903.0189574,ERROR:ConnectionError,52.05225944519043
1786832903.0371504,ERROR:ConnectionError,42.665958404541016
1786832903.0206778,ERROR:ConnectionError,61.67292594909668
1786832903.0224702,ERROR:ConnectionError,60.32276153564453
1786832903.0235624,ERROR:ConnectionError,61.72442436218262
1786832903.0404575,ERROR:ConnectionError,49.19624328613281
1786832903.0366547,ERROR:ConnectionError,53.80964279174805
1786832903.0494952,ERROR:ConnectionError,44.8453426361084
1786832903.0712795,ERROR:ConnectionError,25.803089141845703
1786832903.049208,ERROR:ConnectionError,63.5676383972168
1786832903.0435712,ERROR:ConnectionError,76.38835906982422
1786832903.0798912,ERROR:ConnectionError,66.95055961608887
1786832903.0823622,ERROR:ConnectionError,77.21495628356934
1786832903.0943527,ERROR:ConnectionError,65.80066680908203
1786832903.0896623,ERROR:ConnectionError,77.11625099182129
1786832903.0828018,ERROR:ConnectionError,95.70837020874023
1786832903.0904703,ERROR:ConnectionError,92.68760681152344
1786832903.0852952,ERROR:ConnectionError,100.62241554260254
1786832903.1127884,ERROR:ConnectionError,73.86660575866699
1786832903.1199725,ERROR:ConnectionError,94.19608116149902
1786832903.1468534,ERROR:ConnectionError,70.60527801513672
1786832903.1667895,ERROR:ConnectionError,53.73716354370117
1786832903.1601632,ERROR:ConnectionError,62.75653839111328
1786832903.0970902,ERROR:ConnectionError,127.5482177734375
1786832903.1785183,ERROR:ConnectionError,62.31689453125
1786832903.185928,ERROR:ConnectionError,55.27043342590332
1786832903.2174716,ERROR:ConnectionError,28.07760238647461
1786832903.2205353,ERROR:ConnectionError,25.330543518066406
1786832903.2141786,ERROR:ConnectionError,33.255577087402344
1786832903.1866753,ERROR:ConnectionError,60.99295616149902
1786832903.18317,ERROR:ConnectionError,68.79878044128418
1786832903.159587,ERROR:ConnectionError,94.64716911315918
1786832903.2246468,ERROR:ConnectionError,37.352800369262695
1786832903.2408433,ERROR:ConnectionError,25.168418884277344
1786832903.2412026,ERROR:ConnectionError,29.668092727661133
1786832903.2229285,ERROR:ConnectionError,62.5154972076416
1786832903.2455578,ERROR:ConnectionError,47.130584716796875
1786832903.2476733,ERROR:ConnectionError,47.76167869567871
1786832903.2519763,ERROR:ConnectionError,46.67472839355469
1786832903.2542417,ERROR:ConnectionError,54.15630340576172
1786832903.2474418,ERROR:ConnectionError,66.40195846557617
1786832903.2660253,ERROR:ConnectionError,57.2962760925293
1786832903.2458718,ERROR:ConnectionError,77.74233818054199
1786832903.2620084,ERROR:ConnectionError,61.87748908996582
1786832903.292701,ERROR:ConnectionError,35.60137748718262
1786832903.2854574,ERROR:ConnectionError,43.17617416381836
1786832903.3138564,ERROR:ConnectionError,15.393733978271484
1786832903.3084083,ERROR:ConnectionError,21.143674850463867
1786832903.295444,ERROR:ConnectionError,35.11476516723633
1786832903.2708795,ERROR:ConnectionError,67.9311752319336
1786832903.2986612,ERROR:ConnectionError,41.376590728759766
1786832903.323618,ERROR:ConnectionError,19.68550682067871
1786832903.3238904,ERROR:ConnectionError,30.21073341369629
1786832903.329255,ERROR:ConnectionError,25.16770362854004
1786832903.3233306,ERROR:ConnectionError,34.92927551269531
1786832903.328309,ERROR:ConnectionError,30.747175216674805
1786832903.329557,ERROR:ConnectionError,32.23609924316406
1786832903.3433118,ERROR:ConnectionError,19.401073455810547
1786832903.3388174,ERROR:ConnectionError,28.856277465820312
1786832903.3400466,ERROR:ConnectionError,28.92470359802246
1786832903.3286376,ERROR:ConnectionError,44.64411735534668
1786832903.330566,ERROR:ConnectionError,53.218841552734375
1786832903.3541098,ERROR:ConnectionError,32.43088722229004
1786832903.354427,ERROR:ConnectionError,33.5390567779541
1786832903.358268,ERROR:ConnectionError,35.669803619384766
1786832903.3627195,ERROR:ConnectionError,33.211708068847656
1786832903.3590617,ERROR:ConnectionError,37.866830825805664
1786832903.3618007,ERROR:ConnectionError,44.34657096862793
1786832903.3676815,ERROR:ConnectionError,41.94951057434082
1786832903.3689806,ERROR:ConnectionError,41.57114028930664
1786832903.3732903,ERROR:ConnectionError,48.45690727233887
1786832903.3865545,ERROR:ConnectionError,38.27357292175293
1786832903.3837945,ERROR:ConnectionError,43.00999641418457
1786832903.3879752,ERROR:ConnectionError,56.60724639892578
1786832903.3939493,ERROR:ConnectionError,64.26692008972168
1786832903.3969357,ERROR:ConnectionError,61.58185005187988
1786832903.3959382,ERROR:ConnectionError,64.79787826538086
1786832903.4061563,ERROR:ConnectionError,55.91607093811035
1786832903.40964,ERROR:ConnectionError,67.48151779174805
1786832903.4105592,ERROR:ConnectionError,68.2673454284668
1786832903.4217672,ERROR:ConnectionError,60.52875518798828
1786832903.4268143,ERROR:ConnectionError,60.39714813232422
1786832903.4445915,ERROR:ConnectionError,52.99949645996094
1786832903.424835,ERROR:ConnectionError,76.4610767364502
1786832903.4585245,ERROR:ConnectionError,46.37503623962402
1786832903.462081,ERROR:ConnectionError,49.5913028717041
1786832903.4823115,ERROR:ConnectionError,31.026840209960938
1786832903.4582288,ERROR:ConnectionError,57.1291446685791
1786832903.4607425,ERROR:ConnectionError,58.45379829406738
1786832903.4788327,ERROR:ConnectionError,42.81020164489746
1786832903.4771304,ERROR:ConnectionError,45.45092582702637
1786832903.487221,ERROR:ConnectionError,42.707204818725586
1786832903.5049093,ERROR:ConnectionError,47.94454574584961
1786832903.5133455,ERROR:ConnectionError,40.51852226257324
1786832903.4975998,ERROR:ConnectionError,58.48264694213867
1786832903.5116813,ERROR:ConnectionError,46.862125396728516
1786832903.5153673,ERROR:ConnectionError,50.68635940551758
1786832903.5192068,ERROR:ConnectionError,52.06561088562012
1786832903.5013056,ERROR:ConnectionError,70.26839256286621
1786832903.5216508,ERROR:ConnectionError,68.45331192016602
1786832903.5528662,ERROR:ConnectionError,46.680450439453125
1786832903.5299366,ERROR:ConnectionError,70.06168365478516
1786832903.5538704,ERROR:ConnectionError,52.17313766479492
1786832903.5585506,ERROR:ConnectionError,49.03578758239746
1786832903.5225868,ERROR:ConnectionError,139.42551612854004
1786832903.566062,ERROR:ConnectionError,143.1252956390381
1786832903.5712821,ERROR:ConnectionError,184.8471164703369
1786832903.590113,ERROR:ConnectionError,190.42134284973145
1786832903.5715783,ERROR:ConnectionError,220.9157943725586
1786832903.6060503,ERROR:ConnectionError,200.4232406616211
1786832903.5560896,ERROR:ConnectionError,250.65279006958008
1786832903.607593,ERROR:ConnectionError,202.19993591308594
1786832903.6000044,ERROR:ConnectionError,211.17234230041504
1786832903.599562,ERROR:ConnectionError,220.27111053466797
1786832903.6620195,ERROR:ConnectionError,202.86059379577637
1786832903.7091956,ERROR:ConnectionError,156.0523509979248
1786832903.792503,ERROR:ConnectionError,77.44216918945312
1786832903.7561393,ERROR:ConnectionError,128.44538688659668
1786832903.7805455,ERROR:ConnectionError,108.94656181335449
1786832903.8067465,ERROR:ConnectionError,114.97640609741211
1786832903.8064814,ERROR:ConnectionError,119.53186988830566
1786832903.8111823,ERROR:ConnectionError,152.1010398864746
1786832903.8097994,ERROR:ConnectionError,155.95126152038574
1786832903.8198516,ERROR:ConnectionError,162.2450351715088
1786832903.865259,ERROR:ConnectionError,117.28715896606445
1786832903.965762,ERROR:ConnectionError,26.791095733642578
1786832903.926021,ERROR:ConnectionError,68.19581985473633
1786832903.8845937,ERROR:ConnectionError,112.17308044433594
1786832903.8699543,ERROR:ConnectionError,129.35757637023926
1786832903.921732,ERROR:ConnectionError,82.54599571228027
1786832903.889499,ERROR:ConnectionError,119.63725090026855
1786832903.9632912,ERROR:ConnectionError,62.78038024902344
1786832903.9821084,ERROR:ConnectionError,55.10711669921875
1786832903.9825535,ERROR:ConnectionError,56.44345283508301
1786832903.9925609,ERROR:ConnectionError,60.150146484375
1786832903.86489,ERROR:ConnectionError,191.80965423583984
1786832903.9942229,ERROR:ConnectionError,69.6249008178711
1786832903.9993217,ERROR:ConnectionError,75.12760162353516
1786832904.0091448,ERROR:ConnectionError,69.15926933288574
1786832904.0260806,ERROR:ConnectionError,54.26669120788574
1786832903.9967744,ERROR:ConnectionError,85.45160293579102
1786832904.039006,ERROR:ConnectionError,51.660776138305664
1786832904.004284,ERROR:ConnectionError,89.4169807434082
1786832904.0372307,ERROR:ConnectionError,58.992862701416016
1786832904.0638673,ERROR:ConnectionError,45.68767547607422
1786832904.056708,ERROR:ConnectionError,56.989431381225586
1786832904.0527267,ERROR:ConnectionError,61.68961524963379
1786832904.0783162,ERROR:ConnectionError,41.7938232421875
1786832904.0744593,ERROR:ConnectionError,51.366567611694336
1786832904.0803554,ERROR:ConnectionError,85.05535125732422
1786832904.0822332,ERROR:ConnectionError,93.61886978149414
1786832904.0906785,ERROR:ConnectionError,89.49494361877441
1786832904.0937107,ERROR:ConnectionError,101.88102722167969
1786832904.0962331,ERROR:ConnectionError,103.1196117401123
1786832904.1144202,ERROR:ConnectionError,101.0293960571289
1786832904.109565,ERROR:ConnectionError,114.22443389892578
1786832904.1258354,ERROR:ConnectionError,109.75360870361328
1786832904.1137042,ERROR:ConnectionError,123.95882606506348
1786832904.1654193,ERROR:ConnectionError,73.32730293273926
1786832904.2237988,ERROR:ConnectionError,19.438505172729492
1786832904.1801877,ERROR:ConnectionError,64.74900245666504
1786832904.1201186,ERROR:ConnectionError,125.0312328338623
1786832904.1993628,ERROR:ConnectionError,56.823015213012695
1786832904.1956012,ERROR:ConnectionError,61.86938285827637
1786832904.1758633,ERROR:ConnectionError,81.88796043395996
1786832904.2154603,ERROR:ConnectionError,44.487953186035156
1786832904.235599,ERROR:ConnectionError,30.9445858001709
1786832904.2387528,ERROR:ConnectionError,35.91156005859375
1786832904.2452164,ERROR:ConnectionError,37.61887550354004
1786832904.2432456,ERROR:ConnectionError,44.59667205810547
1786832904.2449422,ERROR:ConnectionError,44.24715042114258
1786832904.2574759,ERROR:ConnectionError,31.95500373840332
1786832904.2577565,ERROR:ConnectionError,35.82596778869629
1786832904.2376707,ERROR:ConnectionError,57.74331092834473
1786832904.2561958,ERROR:ConnectionError,42.6638126373291
1786832904.2599561,ERROR:ConnectionError,40.52424430847168
1786832904.274675,ERROR:ConnectionError,33.24437141418457
1786832904.2828526,ERROR:ConnectionError,27.10556983947754
1786832904.2878518,ERROR:ConnectionError,24.98769760131836
1786832904.2665546,ERROR:ConnectionError,46.59438133239746
1786832904.2894356,ERROR:ConnectionError,33.667802810668945
1786832904.289195,ERROR:ConnectionError,38.92350196838379
1786832904.2935917,ERROR:ConnectionError,38.842201232910156
1786832904.2988675,ERROR:ConnectionError,35.088300704956055
1786832904.2954237,ERROR:ConnectionError,41.321516036987305
1786832904.3099642,ERROR:ConnectionError,27.573823928833008
1786832904.3004882,ERROR:ConnectionError,39.3221378326416
1786832904.307928,ERROR:ConnectionError,33.09273719787598
1786832904.3131535,ERROR:ConnectionError,30.74479103088379
1786832904.3128476,ERROR:ConnectionError,41.794538497924805
1786832904.3231158,ERROR:ConnectionError,44.5408821105957
1786832904.3281271,ERROR:ConnectionError,42.75679588317871
1786832904.3367534,ERROR:ConnectionError,37.05549240112305
1786832904.3339646,ERROR:ConnectionError,46.39840126037598
1786832904.3324416,ERROR:ConnectionError,54.41737174987793
1786832904.3375447,ERROR:ConnectionError,71.6240406036377
1786832904.3547013,ERROR:ConnectionError,61.33580207824707
1786832904.343907,ERROR:ConnectionError,73.48990440368652
1786832904.3676715,ERROR:ConnectionError,54.11100387573242
1786832904.3410273,ERROR:ConnectionError,82.7035903930664
1786832904.339817,ERROR:ConnectionError,86.20643615722656
1786832904.3708963,ERROR:ConnectionError,55.674076080322266
1786832904.3738158,ERROR:ConnectionError,52.964210510253906
1786832904.3803723,ERROR:ConnectionError,77.39877700805664
1786832904.409179,ERROR:ConnectionError,51.029205322265625
1786832904.4217918,ERROR:ConnectionError,39.727210998535156
1786832904.42374,ERROR:ConnectionError,41.07975959777832
1786832904.4265757,ERROR:ConnectionError,38.56992721557617
1786832904.4260306,ERROR:ConnectionError,44.521331787109375
1786832904.3868692,ERROR:ConnectionError,86.35497093200684
1786832904.416049,ERROR:ConnectionError,57.511329650878906
1786832904.4267852,ERROR:ConnectionError,52.489280700683594
1786832904.4577816,ERROR:ConnectionError,21.87347412109375
1786832904.4174063,ERROR:ConnectionError,66.42723083496094
1786832904.4615288,ERROR:ConnectionError,59.96346473693848
1786832904.4602165,ERROR:ConnectionError,61.59639358520508
1786832904.4651504,ERROR:ConnectionError,60.53948402404785
1786832904.464828,ERROR:ConnectionError,61.25020980834961
1786832904.473567,ERROR:ConnectionError,56.20861053466797
1786832904.4796603,ERROR:ConnectionError,52.286624908447266
1786832904.4838464,ERROR:ConnectionError,48.575401306152344
1786832904.4732523,ERROR:ConnectionError,63.48252296447754
1786832904.5215037,ERROR:ConnectionError,15.880107879638672
1786832904.5218177,ERROR:ConnectionError,17.138004302978516
1786832904.4792829,ERROR:ConnectionError,62.816619873046875
1786832904.5256977,ERROR:ConnectionError,17.03476905822754
1786832904.470563,ERROR:ConnectionError,74.00989532470703
1786832904.5260825,ERROR:ConnectionError,18.73612403869629
1786832904.5297873,ERROR:ConnectionError,23.014068603515625
1786832904.5319548,ERROR:ConnectionError,25.91538429260254
1786832904.5324256,ERROR:ConnectionError,25.91109275817871
1786832904.5373907,ERROR:ConnectionError,26.304244995117188
1786832904.5389655,ERROR:ConnectionError,25.325775146484375
1786832904.5427382,ERROR:ConnectionError,28.993606567382812
1786832904.536743,ERROR:ConnectionError,36.581993103027344
1786832904.544824,ERROR:ConnectionError,39.05987739562988
1786832904.5421064,ERROR:ConnectionError,46.306610107421875
1786832904.5445797,ERROR:ConnectionError,47.70541191101074
1786832904.5528152,ERROR:ConnectionError,41.90421104431152
1786832904.5578787,ERROR:ConnectionError,54.08024787902832
1786832904.5642993,ERROR:ConnectionError,48.046112060546875
1786832904.573337,ERROR:ConnectionError,42.67144203186035
1786832904.5839007,ERROR:ConnectionError,35.43996810913086
1786832904.5583568,ERROR:ConnectionError,61.380863189697266
1786832904.5922933,ERROR:ConnectionError,31.764745712280273
1786832904.5884223,ERROR:ConnectionError,38.63787651062012
1786832904.563708,ERROR:ConnectionError,65.54675102233887
1786832904.6119735,ERROR:ConnectionError,20.92432975769043
1786832904.6123526,ERROR:ConnectionError,26.93939208984375
1786832904.5717475,ERROR:ConnectionError,76.49517059326172
1786832904.6160169,ERROR:ConnectionError,38.512229919433594
1786832904.619349,ERROR:ConnectionError,49.474239349365234
1786832904.6197436,ERROR:ConnectionError,50.38142204284668
1786832904.594728,ERROR:ConnectionError,75.68144798278809
1786832904.624067,ERROR:ConnectionError,53.75337600708008
1786832904.6270702,ERROR:ConnectionError,54.02326583862305
1786832904.6393077,ERROR:ConnectionError,46.4479923248291
1786832904.6482508,ERROR:ConnectionError,48.0189323425293
1786832904.6329048,ERROR:ConnectionError,65.05227088928223
1786832904.6292644,ERROR:ConnectionError,78.78708839416504
1786832904.6688342,ERROR:ConnectionError,85.00981330871582
1786832904.6704137,ERROR:ConnectionError,86.6537094116211
1786832904.6701317,ERROR:ConnectionError,92.89073944091797
1786832904.6979632,ERROR:ConnectionError,72.1433162689209
1786832904.6545484,ERROR:ConnectionError,126.78074836730957
1786832904.67783,ERROR:ConnectionError,112.6244068145752
1786832904.6811023,ERROR:ConnectionError,114.20607566833496
1786832904.685765,ERROR:ConnectionError,117.8591251373291
1786832904.7570763,ERROR:ConnectionError,46.89455032348633
1786832904.6962795,ERROR:ConnectionError,115.72766304016113
1786832904.7080603,ERROR:ConnectionError,109.0090274810791
1786832904.7701173,ERROR:ConnectionError,56.05959892272949
1786832904.7538571,ERROR:ConnectionError,73.04978370666504
1786832904.7630327,ERROR:ConnectionError,64.7892951965332
1786832904.7953174,ERROR:ConnectionError,59.62848663330078
1786832904.803992,ERROR:ConnectionError,56.64515495300293
1786832904.781339,ERROR:ConnectionError,83.76312255859375
1786832904.8261883,ERROR:ConnectionError,53.67779731750488
1786832904.803635,ERROR:ConnectionError,81.22396469116211
1786832904.8278284,ERROR:ConnectionError,59.00907516479492
1786832904.8170793,ERROR:ConnectionError,70.05739212036133
1786832904.790466,ERROR:ConnectionError,97.82886505126953
1786832904.8269138,ERROR:ConnectionError,67.68465042114258
1786832904.812016,ERROR:ConnectionError,83.26339721679688
1786832904.865116,ERROR:ConnectionError,41.02373123168945
1786832904.8606572,ERROR:ConnectionError,46.8294620513916
1786832904.8798757,ERROR:ConnectionError,27.904033660888672
1786832904.8871434,ERROR:ConnectionError,29.514789581298828
1786832904.8883014,ERROR:ConnectionError,30.48539161682129
1786832904.8868442,ERROR:ConnectionError,38.61880302429199
1786832904.8946078,ERROR:ConnectionError,59.93843078613281
1786832904.8549569,ERROR:ConnectionError,104.49624061584473
1786832904.8848689,ERROR:ConnectionError,75.55174827575684
1786832904.907494,ERROR:ConnectionError,58.440446853637695
1786832904.8952873,ERROR:ConnectionError,74.7671127319336
1786832904.916669,ERROR:ConnectionError,54.14152145385742
1786832904.9077837,ERROR:ConnectionError,63.578128814697266
1786832904.9061544,ERROR:ConnectionError,70.72067260742188
1786832904.9254737,ERROR:ConnectionError,51.93352699279785
1786832904.9545562,ERROR:ConnectionError,36.78154945373535
1786832904.9187958,ERROR:ConnectionError,89.31827545166016
1786832904.9700668,ERROR:ConnectionError,74.44310188293457
1786832904.959465,ERROR:ConnectionError,91.91656112670898
1786832904.9659433,ERROR:ConnectionError,86.64417266845703
1786832904.9713664,ERROR:ConnectionError,81.56108856201172
1786832905.008125,ERROR:ConnectionError,65.24252891540527
1786832904.9604275,ERROR:ConnectionError,121.18148803710938
1786832904.9708169,ERROR:ConnectionError,111.71388626098633
1786832905.0445194,ERROR:ConnectionError,40.23623466491699
1786832904.9913502,ERROR:ConnectionError,99.88570213317871
1786832904.9774144,ERROR:ConnectionError,115.37432670593262
1786832905.0525968,ERROR:ConnectionError,40.69685935974121
1786832904.9769573,ERROR:ConnectionError,123.42715263366699
1786832905.052932,ERROR:ConnectionError,52.443742752075195
1786832905.0513945,ERROR:ConnectionError,60.7912540435791
1786832905.0733783,ERROR:ConnectionError,39.12854194641113
1786832905.081619,ERROR:ConnectionError,38.77997398376465
1786832905.0825362,ERROR:ConnectionError,50.713300704956055
1786832905.0847685,ERROR:ConnectionError,79.2837142944336
1786832905.0912464,ERROR:ConnectionError,74.91683959960938
1786832905.1125114,ERROR:ConnectionError,55.61661720275879
1786832905.0932982,ERROR:ConnectionError,78.36198806762695
1786832905.1003973,ERROR:ConnectionError,72.7853775024414
1786832905.092797,ERROR:ConnectionError,82.80754089355469
1786832905.1332583,ERROR:ConnectionError,45.18532752990723
1786832905.1121964,ERROR:ConnectionError,67.31772422790527
1786832905.1204078,ERROR:ConnectionError,62.47305870056152
1786832905.1640654,ERROR:ConnectionError,23.936033248901367
1786832905.105386,ERROR:ConnectionError,87.29195594787598
1786832905.171674,ERROR:ConnectionError,26.06511116027832
1786832905.1731899,ERROR:ConnectionError,26.87215805053711
1786832905.1661696,ERROR:ConnectionError,34.4698429107666
1786832905.1681552,ERROR:ConnectionError,38.14840316772461
1786832905.1784554,ERROR:ConnectionError,36.8044376373291
1786832905.175612,ERROR:ConnectionError,41.959524154663086
1786832905.179522,ERROR:ConnectionError,116.65606498718262
1786832905.1880133,ERROR:ConnectionError,110.50915718078613
1786832905.2006462,ERROR:ConnectionError,99.77173805236816
1786832905.1926856,ERROR:ConnectionError,110.05401611328125
1786832905.2063124,ERROR:ConnectionError,99.06888008117676
1786832905.2152693,ERROR:ConnectionError,93.20616722106934
1786832905.1977499,ERROR:ConnectionError,116.00494384765625
1786832905.1828873,ERROR:ConnectionError,131.78372383117676
1786832905.2961903,ERROR:ConnectionError,18.817901611328125
1786832905.2000709,ERROR:ConnectionError,115.16499519348145
1786832905.2175772,ERROR:ConnectionError,103.05285453796387
1786832905.3004239,ERROR:ConnectionError,30.887842178344727
1786832905.2985413,ERROR:ConnectionError,34.955739974975586
1786832905.3027496,ERROR:ConnectionError,31.278610229492188
1786832905.308486,ERROR:ConnectionError,25.968074798583984
1786832905.305397,ERROR:ConnectionError,29.356718063354492
1786832905.313768,ERROR:ConnectionError,28.468847274780273
1786832905.31468,ERROR:ConnectionError,28.083324432373047
1786832905.3150144,ERROR:ConnectionError,31.458616256713867
1786832905.3152397,ERROR:ConnectionError,31.538963317871094
1786832905.3206403,ERROR:ConnectionError,28.232336044311523
1786832905.3313217,ERROR:ConnectionError,23.6361026763916
1786832905.3347614,ERROR:ConnectionError,24.49965476989746
1786832905.3344638,ERROR:ConnectionError,29.04033660888672
1786832905.3335037,ERROR:ConnectionError,32.42301940917969
1786832905.3340366,ERROR:ConnectionError,35.596370697021484
1786832905.3427699,ERROR:ConnectionError,35.37583351135254
1786832905.3488793,ERROR:ConnectionError,29.61254119873047
1786832905.3464806,ERROR:ConnectionError,36.19527816772461
1786832905.3549695,ERROR:ConnectionError,28.020858764648438
1786832905.3592694,ERROR:ConnectionError,25.983333587646484
1786832905.342245,ERROR:ConnectionError,47.0881462097168
1786832905.3467827,ERROR:ConnectionError,46.135902404785156
1786832905.3659341,ERROR:ConnectionError,36.52667999267578
1786832905.3635132,ERROR:ConnectionError,127.83408164978027
1786832905.3696425,ERROR:ConnectionError,122.00760841369629
1786832905.3826838,ERROR:ConnectionError,110.36968231201172
1786832905.3829963,ERROR:ConnectionError,112.6401424407959
1786832905.3781557,ERROR:ConnectionError,117.84577369689941
1786832905.3784976,ERROR:ConnectionError,119.5223331451416
1786832905.3852613,ERROR:ConnectionError,121.39368057250977
1786832905.3929265,ERROR:ConnectionError,116.51992797851562
1786832905.402477,ERROR:ConnectionError,115.2353286743164
1786832905.4930618,ERROR:ConnectionError,32.398223876953125
1786832905.4913578,ERROR:ConnectionError,34.43193435668945
1786832905.4956427,ERROR:ConnectionError,33.46419334411621
1786832905.4916553,ERROR:ConnectionError,39.994239807128906
1786832905.389348,ERROR:ConnectionError,143.2015895843506
1786832905.496007,ERROR:ConnectionError,54.494380950927734
1786832905.4980278,ERROR:ConnectionError,56.48398399353027
1786832905.5066633,ERROR:ConnectionError,54.43596839904785
1786832905.5094528,ERROR:ConnectionError,68.05133819580078
1786832905.5177221,ERROR:ConnectionError,61.88821792602539
1786832905.5254695,ERROR:ConnectionError,56.82206153869629
1786832905.5257938,ERROR:ConnectionError,64.32557106018066
1786832905.5291183,ERROR:ConnectionError,90.12651443481445
1786832905.5316575,ERROR:ConnectionError,118.12806129455566
1786832905.5325541,ERROR:ConnectionError,119.70877647399902
1786832905.5505111,ERROR:ConnectionError,107.59878158569336
1786832905.5611103,ERROR:ConnectionError,98.89698028564453
1786832905.5545237,ERROR:ConnectionError,108.11042785644531
1786832905.5775135,ERROR:ConnectionError,85.60824394226074
1786832905.579621,ERROR:ConnectionError,88.32502365112305
1786832905.582299,ERROR:ConnectionError,87.65602111816406
1786832905.5901277,ERROR:ConnectionError,82.31019973754883
1786832905.6192772,ERROR:ConnectionError,53.43818664550781
1786832905.6522756,ERROR:ConnectionError,23.158788681030273
1786832905.6497922,ERROR:ConnectionError,26.952505111694336
1786832905.658123,ERROR:ConnectionError,19.12689208984375
1786832905.660015,ERROR:ConnectionError,22.07183837890625
1786832905.663126,ERROR:ConnectionError,31.93068504333496
1786832905.6699622,ERROR:ConnectionError,27.72235870361328
1786832905.6679559,ERROR:ConnectionError,36.382198333740234
1786832905.6727197,ERROR:ConnectionError,35.796403884887695
1786832905.6626432,ERROR:ConnectionError,47.9586124420166
1786832905.6772554,ERROR:ConnectionError,36.04578971862793
1786832905.6767511,ERROR:ConnectionError,36.870479583740234
1786832905.6724463,ERROR:ConnectionError,41.402578353881836
1786832905.695068,ERROR:ConnectionError,24.515628814697266
1786832905.6976933,ERROR:ConnectionError,24.893522262573242
1786832905.7043471,ERROR:ConnectionError,23.294925689697266
1786832905.6754415,ERROR:ConnectionError,57.41071701049805
1786832905.682095,ERROR:ConnectionError,52.236080169677734
1786832905.7085238,ERROR:ConnectionError,26.857614517211914
1786832905.7136261,ERROR:ConnectionError,26.196718215942383
1786832905.7106087,ERROR:ConnectionError,30.359983444213867
1786832905.7138526,ERROR:ConnectionError,31.092166900634766
1786832905.7133098,ERROR:ConnectionError,34.65390205383301
1786832905.7195954,ERROR:ConnectionError,35.59231758117676
1786832905.727653,ERROR:ConnectionError,30.411243438720703
1786832905.7328656,ERROR:ConnectionError,27.32563018798828
1786832905.734339,ERROR:ConnectionError,27.79865264892578
1786832905.722597,ERROR:ConnectionError,40.352821350097656
1786832905.7353904,ERROR:ConnectionError,29.09088134765625
1786832905.73983,ERROR:ConnectionError,29.17170524597168
1786832905.7409794,ERROR:ConnectionError,37.24217414855957
1786832905.7449512,ERROR:ConnectionError,46.42462730407715
1786832905.747968,ERROR:ConnectionError,47.83010482788086
1786832905.7580707,ERROR:ConnectionError,39.64352607727051
1786832905.7551973,ERROR:ConnectionError,43.25222969055176
1786832905.7601993,ERROR:ConnectionError,43.482065200805664
1786832905.762144,ERROR:ConnectionError,44.26908493041992
1786832905.7629535,ERROR:ConnectionError,44.40879821777344
1786832905.7913866,ERROR:ConnectionError,18.938302993774414
1786832905.7644877,ERROR:ConnectionError,46.33283615112305
1786832905.7782266,ERROR:ConnectionError,35.633087158203125
1786832905.7690146,ERROR:ConnectionError,47.112226486206055
1786832905.7977211,ERROR:ConnectionError,26.332855224609375
1786832905.798454,ERROR:ConnectionError,25.879383087158203
1786832905.8036916,ERROR:ConnectionError,32.801151275634766
1786832905.7958076,ERROR:ConnectionError,66.22195243835449
1786832905.80737,ERROR:ConnectionError,54.857492446899414
1786832905.8064222,ERROR:ConnectionError,67.03805923461914
1786832905.8103333,ERROR:ConnectionError,63.41552734375
1786832905.813871,ERROR:ConnectionError,60.63652038574219
1786832905.8161333,ERROR:ConnectionError,66.73002243041992
1786832905.824063,ERROR:ConnectionError,59.09228324890137
1786832905.8108292,ERROR:ConnectionError,72.73435592651367
1786832905.8243382,ERROR:ConnectionError,60.52041053771973
1786832905.8365092,ERROR:ConnectionError,50.21071434020996
1786832905.8620343,ERROR:ConnectionError,29.664039611816406
1786832905.8622298,ERROR:ConnectionError,37.96029090881348
1786832905.8828697,ERROR:ConnectionError,18.431901931762695
1786832905.8848639,ERROR:ConnectionError,17.472028732299805
1786832905.8737524,ERROR:ConnectionError,28.88774871826172
1786832905.873467,ERROR:ConnectionError,29.54697608947754
1786832905.874511,ERROR:ConnectionError,33.42151641845703
1786832905.891707,ERROR:ConnectionError,18.23115348815918
1786832905.8867328,ERROR:ConnectionError,25.098800659179688
1786832905.8831584,ERROR:ConnectionError,30.614376068115234
1786832905.8835685,ERROR:ConnectionError,30.491352081298828
1786832905.9013083,ERROR:ConnectionError,26.083707809448242
1786832905.9023423,ERROR:ConnectionError,26.3059139251709
1786832905.909944,ERROR:ConnectionError,19.2563533782959
1786832905.903019,ERROR:ConnectionError,26.381731033325195
1786832905.911841,ERROR:ConnectionError,22.455930709838867
1786832905.9140632,ERROR:ConnectionError,24.001359939575195
1786832905.902646,ERROR:ConnectionError,37.44697570800781
1786832905.9001992,ERROR:ConnectionError,45.56727409362793
1786832905.9137785,ERROR:ConnectionError,32.32598304748535
1786832905.9294052,ERROR:ConnectionError,16.98923110961914
1786832905.9273984,ERROR:ConnectionError,21.841049194335938
1786832905.9343028,ERROR:ConnectionError,16.393423080444336
1786832905.9286535,ERROR:ConnectionError,27.0843505859375
1786832905.9079387,ERROR:ConnectionError,48.548221588134766
1786832905.9380755,ERROR:ConnectionError,19.90032196044922
1786832905.9401014,ERROR:ConnectionError,23.10466766357422
1786832905.9463983,ERROR:ConnectionError,19.3173885345459
1786832905.9461098,ERROR:ConnectionError,20.124197006225586
1786832905.9564927,ERROR:ConnectionError,18.14723014831543
1786832905.955746,ERROR:ConnectionError,23.50640296936035
1786832905.9579794,ERROR:ConnectionError,21.483421325683594
1786832905.9492466,ERROR:ConnectionError,32.49168395996094
1786832905.9292092,ERROR:ConnectionError,59.40842628479004
1786832905.9662397,ERROR:ConnectionError,22.753238677978516
1786832905.945775,ERROR:ConnectionError,49.97086524963379
1786832905.963213,ERROR:ConnectionError,39.095401763916016
1786832905.9794662,ERROR:ConnectionError,25.382518768310547
1786832905.9792602,ERROR:ConnectionError,26.91173553466797
1786832905.9817436,ERROR:ConnectionError,25.54941177368164
1786832905.9746487,ERROR:ConnectionError,33.04100036621094
1786832905.950703,ERROR:ConnectionError,60.19926071166992
1786832905.9657204,ERROR:ConnectionError,45.54915428161621
1786832905.9886367,ERROR:ConnectionError,23.5137939453125
1786832905.9889965,ERROR:ConnectionError,26.498079299926758
1786832905.9957573,ERROR:ConnectionError,21.70729637145996
1786832906.0061796,ERROR:ConnectionError,83.1446647644043
1786832906.0023186,ERROR:ConnectionError,89.02502059936523
1786832906.004857,ERROR:ConnectionError,91.6438102722168
1786832906.012154,ERROR:ConnectionError,102.93078422546387
1786832906.0155034,ERROR:ConnectionError,108.7496280670166
1786832906.0893319,ERROR:ConnectionError,55.20462989807129
1786832906.0109107,ERROR:ConnectionError,134.29784774780273
1786832906.0073001,ERROR:ConnectionError,148.79226684570312
1786832906.0174696,ERROR:ConnectionError,138.90814781188965
1786832906.011274,ERROR:ConnectionError,147.71223068237305
1786832906.007694,ERROR:ConnectionError,152.16445922851562
1786832906.1150963,ERROR:ConnectionError,57.69038200378418
1786832906.1242576,ERROR:ConnectionError,49.57389831542969
1786832906.1452112,ERROR:ConnectionError,30.74169158935547
1786832906.1561012,ERROR:ConnectionError,21.73781394958496
1786832906.1589923,ERROR:ConnectionError,20.82061767578125
1786832906.1445444,ERROR:ConnectionError,38.35129737854004
1786832906.1563818,ERROR:ConnectionError,26.963233947753906
1786832906.1598632,ERROR:ConnectionError,24.21712875366211
1786832906.0913477,ERROR:ConnectionError,100.65126419067383
1786832906.172797,ERROR:ConnectionError,26.74245834350586
1786832906.1759596,ERROR:ConnectionError,29.74081039428711
1786832906.1798182,ERROR:ConnectionError,38.205623626708984
1786832906.1840866,ERROR:ConnectionError,34.423112869262695
1786832906.173838,ERROR:ConnectionError,47.334909439086914
1786832906.1833508,ERROR:ConnectionError,40.56906700134277
1786832906.0965097,ERROR:ConnectionError,129.30822372436523
1786832906.2057118,ERROR:ConnectionError,20.34783363342285
1786832906.1829228,ERROR:ConnectionError,44.42548751831055
1786832906.1920078,ERROR:ConnectionError,40.7717227935791
1786832906.1778455,ERROR:ConnectionError,55.17721176147461
1786832906.199547,ERROR:ConnectionError,39.93988037109375
1786832906.218516,ERROR:ConnectionError,22.345542907714844
1786832906.2180321,ERROR:ConnectionError,26.5047550201416
1786832906.2211785,ERROR:ConnectionError,25.218963623046875
1786832906.2239296,ERROR:ConnectionError,22.8579044342041
1786832906.2260625,ERROR:ConnectionError,27.50849723815918
1786832906.227354,ERROR:ConnectionError,32.96780586242676
1786832906.2330263,ERROR:ConnectionError,40.70711135864258
1786832906.232785,ERROR:ConnectionError,45.40896415710449
1786832906.2394974,ERROR:ConnectionError,42.13571548461914
1786832906.225824,ERROR:ConnectionError,60.9440803527832
1786832906.2467914,ERROR:ConnectionError,43.65706443786621
1786832906.2603285,ERROR:ConnectionError,33.61868858337402
1786832906.2445445,ERROR:ConnectionError,50.62985420227051
1786832906.2816427,ERROR:ConnectionError,15.077352523803711
1786832906.2464054,ERROR:ConnectionError,54.22830581665039
1786832906.2737434,ERROR:ConnectionError,36.08512878417969
1786832906.2904568,ERROR:ConnectionError,20.491838455200195
1786832906.2782052,ERROR:ConnectionError,35.80927848815918
1786832906.2867799,ERROR:ConnectionError,31.622886657714844
1786832906.2535853,ERROR:ConnectionError,69.56100463867188
1786832906.2408686,ERROR:ConnectionError,98.08802604675293
1786832906.293974,ERROR:ConnectionError,45.5167293548584
1786832906.2967257,ERROR:ConnectionError,44.30556297302246
1786832906.3140254,ERROR:ConnectionError,32.04822540283203
1786832906.3006413,ERROR:ConnectionError,47.61910438537598
1786832906.323155,ERROR:ConnectionError,26.053428649902344
1786832906.309841,ERROR:ConnectionError,39.966583251953125
1786832906.3184125,ERROR:ConnectionError,37.80245780944824
1786832906.2951803,ERROR:ConnectionError,77.35157012939453
1786832906.3109536,ERROR:ConnectionError,62.41464614868164
1786832906.3394978,ERROR:ConnectionError,37.04214096069336
1786832906.3389719,ERROR:ConnectionError,41.57233238220215
1786832906.3460817,ERROR:ConnectionError,37.68515586853027
1786832906.3498101,ERROR:ConnectionError,39.90054130554199
1786832906.3482683,ERROR:ConnectionError,42.42253303527832
1786832906.3410375,ERROR:ConnectionError,54.046630859375
1786832906.3492136,ERROR:ConnectionError,50.24147033691406
1786832906.3562248,ERROR:ConnectionError,46.37765884399414
1786832906.3725426,ERROR:ConnectionError,44.64244842529297
1786832906.373376,ERROR:ConnectionError,51.89919471740723
1786832906.3765483,ERROR:ConnectionError,49.080848693847656
1786832906.3805537,ERROR:ConnectionError,50.12106895446777
1786832906.3837738,ERROR:ConnectionError,49.29471015930176
1786832906.3897288,ERROR:ConnectionError,55.79185485839844
1786832906.3906972,ERROR:ConnectionError,58.53462219238281
1786832906.3950937,ERROR:ConnectionError,55.93442916870117
1786832906.4026124,ERROR:ConnectionError,52.95419692993164
1786832906.3994617,ERROR:ConnectionError,58.69150161743164
1786832906.4171934,ERROR:ConnectionError,42.87457466125488
1786832906.4256332,ERROR:ConnectionError,44.70539093017578
1786832906.4252844,ERROR:ConnectionError,52.75774002075195
1786832906.4330742,ERROR:ConnectionError,67.96097755432129
1786832906.4455314,ERROR:ConnectionError,56.96225166320801
1786832906.4510326,ERROR:ConnectionError,60.101985931396484
1786832906.4492407,ERROR:ConnectionError,66.10321998596191
1786832906.455578,ERROR:ConnectionError,63.80033493041992
1786832906.4306817,ERROR:ConnectionError,101.02224349975586
1786832906.4581633,ERROR:ConnectionError,75.67954063415527
1786832906.4600754,ERROR:ConnectionError,76.06768608093262
1786832906.4703538,ERROR:ConnectionError,72.49736785888672
1786832906.5111406,ERROR:ConnectionError,38.55252265930176
1786832906.51535,ERROR:ConnectionError,36.27920150756836
1786832906.5025017,ERROR:ConnectionError,64.89825248718262
1786832906.4780517,ERROR:ConnectionError,102.75769233703613
1786832906.5193894,ERROR:ConnectionError,68.43900680541992
1786832906.5338514,ERROR:ConnectionError,54.41641807556152
1786832906.501043,ERROR:ConnectionError,90.61551094055176
1786832906.542862,ERROR:ConnectionError,49.10683631896973
1786832906.531743,ERROR:ConnectionError,60.84108352661133
1786832906.5361524,ERROR:ConnectionError,56.589365005493164
1786832906.5674086,ERROR:ConnectionError,32.39941596984863
1786832906.5516324,ERROR:ConnectionError,48.50029945373535
1786832906.549699,ERROR:ConnectionError,52.55842208862305
1786832906.5882742,ERROR:ConnectionError,28.101205825805664
1786832906.5808187,ERROR:ConnectionError,40.932416915893555
1786832906.5919726,ERROR:ConnectionError,37.59646415710449
1786832906.591666,ERROR:ConnectionError,39.1535758972168
1786832906.5878386,ERROR:ConnectionError,44.81005668640137
1786832906.602265,ERROR:ConnectionError,43.49398612976074
1786832906.5998156,ERROR:ConnectionError,49.79896545410156
1786832906.592588,ERROR:ConnectionError,58.750152587890625
1786832906.5927455,ERROR:ConnectionError,58.83002281188965
1786832906.6163807,ERROR:ConnectionError,35.364389419555664
1786832906.600137,ERROR:ConnectionError,55.58586120605469
1786832906.6217606,ERROR:ConnectionError,37.008047103881836
1786832906.6295798,ERROR:ConnectionError,30.150890350341797
1786832906.6326547,ERROR:ConnectionError,27.26435661315918
1786832906.645769,ERROR:ConnectionError,32.1958065032959
1786832906.6496205,ERROR:ConnectionError,31.679153442382812
1786832906.6515808,ERROR:ConnectionError,32.645225524902344
1786832906.630829,ERROR:ConnectionError,57.66105651855469
1786832906.651749,ERROR:ConnectionError,39.23344612121582
1786832906.6513445,ERROR:ConnectionError,53.17831039428711
1786832906.6599238,ERROR:ConnectionError,47.20020294189453
1786832906.6813068,ERROR:ConnectionError,26.113271713256836
1786832906.6779783,ERROR:ConnectionError,41.853904724121094
1786832906.6884987,ERROR:ConnectionError,32.07588195800781
1786832906.6597345,ERROR:ConnectionError,61.97190284729004
1786832906.6842325,ERROR:ConnectionError,41.23282432556152
1786832906.6587772,ERROR:ConnectionError,69.73862648010254
1786832906.7045336,ERROR:ConnectionError,24.943113327026367
1786832906.6909919,ERROR:ConnectionError,47.181129455566406
1786832906.7074256,ERROR:ConnectionError,31.923770904541016
1786832906.707132,ERROR:ConnectionError,36.554813385009766
1786832906.65573,ERROR:ConnectionError,91.26424789428711
1786832906.7205837,ERROR:ConnectionError,27.76169776916504
1786832906.7198448,ERROR:ConnectionError,28.95808219909668
1786832906.7217124,ERROR:ConnectionError,29.325246810913086
1786832906.729481,ERROR:ConnectionError,26.392459869384766
1786832906.725477,ERROR:ConnectionError,30.722618103027344
1786832906.7285242,ERROR:ConnectionError,28.39517593383789
1786832906.7381847,ERROR:ConnectionError,22.294998168945312
1786832906.7393565,ERROR:ConnectionError,22.303342819213867
1786832906.7484486,ERROR:ConnectionError,16.015052795410156
1786832906.7436938,ERROR:ConnectionError,21.43120765686035
1786832906.7470047,ERROR:ConnectionError,20.216941833496094
1786832906.748807,ERROR:ConnectionError,20.201444625854492
1786832906.7562056,ERROR:ConnectionError,26.030540466308594
1786832906.7558832,ERROR:ConnectionError,43.459177017211914
1786832906.7510426,ERROR:ConnectionError,51.71990394592285
1786832906.756925,ERROR:ConnectionError,53.53951454162598
1786832906.761667,ERROR:ConnectionError,58.65883827209473
1786832906.7651324,ERROR:ConnectionError,56.982994079589844
1786832906.767228,ERROR:ConnectionError,56.021690368652344
1786832906.7644732,ERROR:ConnectionError,61.377525329589844
1786832906.7690127,ERROR:ConnectionError,58.89248847961426
1786832906.782241,ERROR:ConnectionError,47.86348342895508
1786832906.799348,ERROR:ConnectionError,31.785249710083008
1786832906.802771,ERROR:ConnectionError,32.39798545837402
1786832906.8104722,ERROR:ConnectionError,33.82062911987305
1786832906.7604897,ERROR:ConnectionError,84.1374397277832
1786832906.8203382,ERROR:ConnectionError,27.901172637939453
1786832906.823256,ERROR:ConnectionError,27.297258377075195
1786832906.8221245,ERROR:ConnectionError,34.37542915344238
1786832906.8279145,ERROR:ConnectionError,30.048370361328125
1786832906.8258586,ERROR:ConnectionError,33.310890197753906
1786832906.8301115,ERROR:ConnectionError,32.59706497192383
1786832906.831139,ERROR:ConnectionError,31.890869140625
1786832906.8446324,ERROR:ConnectionError,19.871950149536133
1786832906.8482478,ERROR:ConnectionError,16.547679901123047
1786832906.844303,ERROR:ConnectionError,22.891521453857422
1786832906.8351786,ERROR:ConnectionError,34.51037406921387
1786832906.8505578,ERROR:ConnectionError,25.36487579345703
1786832906.8565092,ERROR:ConnectionError,26.241302490234375
1786832906.8579707,ERROR:ConnectionError,25.646209716796875
1786832906.8630335,ERROR:ConnectionError,46.517372131347656
1786832906.8627164,ERROR:ConnectionError,49.77869987487793
1786832906.8645115,ERROR:ConnectionError,50.165653228759766
1786832906.859177,ERROR:ConnectionError,65.15169143676758
1786832906.8671985,ERROR:ConnectionError,59.06963348388672
1786832906.8697,ERROR:ConnectionError,63.22884559631348
1786832906.8759308,ERROR:ConnectionError,61.16127967834473
1786832906.864801,ERROR:ConnectionError,80.80291748046875
1786832906.8827593,ERROR:ConnectionError,63.472747802734375
1786832906.8836203,ERROR:ConnectionError,62.79349327087402
1786832906.9095635,ERROR:ConnectionError,39.928436279296875
1786832906.9125054,ERROR:ConnectionError,38.22660446166992
1786832906.924345,ERROR:ConnectionError,30.939102172851562
1786832906.9262872,ERROR:ConnectionError,32.75299072265625
1786832906.914689,ERROR:ConnectionError,44.89445686340332
1786832906.932934,ERROR:ConnectionError,33.74624252319336
1786832906.9464169,ERROR:ConnectionError,31.930923461914062
1786832906.9371042,ERROR:ConnectionError,47.3179817199707
1786832906.9495003,ERROR:ConnectionError,36.01694107055664
1786832906.946237,ERROR:ConnectionError,39.76893424987793
1786832906.9552941,ERROR:ConnectionError,37.287235260009766
1786832906.9456134,ERROR:ConnectionError,49.30543899536133
1786832906.9666896,ERROR:ConnectionError,28.46074104309082
1786832906.9507406,ERROR:ConnectionError,47.5001335144043
1786832906.9783583,ERROR:ConnectionError,23.7271785736084
1786832906.959049,ERROR:ConnectionError,43.26009750366211
1786832906.9595883,ERROR:ConnectionError,47.62983322143555
1786832906.9855213,ERROR:ConnectionError,25.828838348388672
1786832906.9844334,ERROR:ConnectionError,27.376890182495117
1786832906.98601,ERROR:ConnectionError,28.604745864868164
1786832906.992596,ERROR:ConnectionError,22.473812103271484
1786832906.9951546,ERROR:ConnectionError,29.838085174560547
1786832906.9949276,ERROR:ConnectionError,41.55230522155762
1786832907.0023127,ERROR:ConnectionError,35.02631187438965
1786832906.9982493,ERROR:ConnectionError,42.36483573913574
1786832907.0020895,ERROR:ConnectionError,50.23074150085449
1786832907.0072274,ERROR:ConnectionError,51.30958557128906
1786832907.0118158,ERROR:ConnectionError,48.80523681640625
1786832907.0113585,ERROR:ConnectionError,53.77006530761719
1786832907.0146222,ERROR:ConnectionError,57.26361274719238
1786832907.0150745,ERROR:ConnectionError,60.94527244567871
1786832907.0249987,ERROR:ConnectionError,51.262617111206055
1786832907.0364895,ERROR:ConnectionError,44.00825500488281
1786832907.0373492,ERROR:ConnectionError,46.20695114135742
1786832907.0406218,ERROR:ConnectionError,58.63642692565918
1786832907.05233,ERROR:ConnectionError,51.97620391845703
1786832907.058552,ERROR:ConnectionError,48.723459243774414
1786832907.0606298,ERROR:ConnectionError,46.91481590270996
1786832907.0651402,ERROR:ConnectionError,48.84934425354004
1786832907.0718977,ERROR:ConnectionError,44.6629524230957
1786832907.0760262,ERROR:ConnectionError,43.1363582611084
1786832907.0805068,ERROR:ConnectionError,39.040565490722656
1786832907.0835652,ERROR:ConnectionError,40.34066200256348
1786832907.1043205,ERROR:ConnectionError,19.99068260192871
1786832907.1075494,ERROR:ConnectionError,20.503997802734375
1786832907.0762672,ERROR:ConnectionError,53.49159240722656
1786832907.107283,ERROR:ConnectionError,24.00374412536621
1786832907.1165717,ERROR:ConnectionError,18.441438674926758
1786832907.0993416,ERROR:ConnectionError,37.10460662841797
1786832907.1195729,ERROR:ConnectionError,21.27361297607422
1786832907.1139994,ERROR:ConnectionError,28.9003849029541
1786832907.119171,ERROR:ConnectionError,24.942874908447266
1786832907.124319,ERROR:ConnectionError,24.84273910522461
1786832907.1239164,ERROR:ConnectionError,26.70574188232422
1786832907.129766,ERROR:ConnectionError,24.9631404876709
1786832907.1408544,ERROR:ConnectionError,19.176006317138672
1786832907.1350272,ERROR:ConnectionError,27.544498443603516
1786832907.128062,ERROR:ConnectionError,35.26782989501953
1786832907.1312926,ERROR:ConnectionError,33.735036849975586
1786832907.1364565,ERROR:ConnectionError,30.292987823486328
1786832907.144119,ERROR:ConnectionError,23.80824089050293
1786832907.142915,ERROR:ConnectionError,29.151439666748047
1786832907.14917,ERROR:ConnectionError,25.444507598876953
1786832907.1506324,ERROR:ConnectionError,25.39992332458496
1786832907.1600394,ERROR:ConnectionError,20.064830780029297
1786832907.154745,ERROR:ConnectionError,29.76512908935547
1786832907.1625779,ERROR:ConnectionError,22.526025772094727
1786832907.1650355,ERROR:ConnectionError,27.014732360839844
1786832907.1667583,ERROR:ConnectionError,28.812885284423828
1786832907.167937,ERROR:ConnectionError,32.26137161254883
1786832907.1720753,ERROR:ConnectionError,28.888463973999023
1786832907.1746213,ERROR:ConnectionError,29.761552810668945
1786832907.1760397,ERROR:ConnectionError,29.924869537353516
1786832907.1633365,ERROR:ConnectionError,44.51489448547363
1786832907.18511,ERROR:ConnectionError,25.604724884033203
1786832907.1801114,ERROR:ConnectionError,34.18588638305664
1786832907.1845179,ERROR:ConnectionError,30.060529708862305
1786832907.1921,ERROR:ConnectionError,26.491641998291016
1786832907.2009718,ERROR:ConnectionError,18.2497501373291
1786832907.195578,ERROR:ConnectionError,24.219512939453125
1786832907.2002082,ERROR:ConnectionError,24.353742599487305
1786832907.2059743,ERROR:ConnectionError,24.309873580932617
1786832907.204398,ERROR:ConnectionError,30.542850494384766
1786832907.2078583,ERROR:ConnectionError,29.362201690673828
1786832907.2145827,ERROR:ConnectionError,25.901317596435547
1786832907.2198057,ERROR:ConnectionError,22.9494571685791
1786832907.2185998,ERROR:ConnectionError,27.425050735473633
1786832907.2245698,ERROR:ConnectionError,21.95262908935547
1786832907.2107317,ERROR:ConnectionError,36.07916831970215
1786832907.2302928,ERROR:ConnectionError,16.71767234802246
1786832907.2192276,ERROR:ConnectionError,28.07021141052246
1786832907.214305,ERROR:ConnectionError,39.24727439880371
1786832907.2349486,ERROR:ConnectionError,22.680997848510742
1786832907.2372298,ERROR:ConnectionError,22.578001022338867
1786832907.2404952,ERROR:ConnectionError,27.626752853393555
1786832907.2427638,ERROR:ConnectionError,37.17803955078125
1786832907.2470152,ERROR:ConnectionError,38.51199150085449
1786832907.2473037,ERROR:ConnectionError,44.771432876586914
1786832907.2465856,ERROR:ConnectionError,50.065040588378906
1786832907.246033,ERROR:ConnectionError,53.476572036743164
1786832907.2468154,ERROR:ConnectionError,66.15281105041504
1786832907.25356,ERROR:ConnectionError,60.53876876831055
1786832907.268128,ERROR:ConnectionError,49.079179763793945
1786832907.2855334,ERROR:ConnectionError,32.06825256347656
1786832907.2995172,ERROR:ConnectionError,19.15574073791504
1786832907.2966604,ERROR:ConnectionError,22.351741790771484
1786832907.2576354,ERROR:ConnectionError,64.43977355957031
1786832907.2799556,ERROR:ConnectionError,49.37338829040527
1786832907.2598157,ERROR:ConnectionError,76.54142379760742
1786832907.3129804,ERROR:ConnectionError,23.68330955505371
1786832907.3220937,ERROR:ConnectionError,18.297910690307617
1786832907.314105,ERROR:ConnectionError,27.789831161499023
1786832907.2920868,ERROR:ConnectionError,53.14779281616211
1786832907.318679,ERROR:ConnectionError,30.08270263671875
1786832907.319017,ERROR:ConnectionError,30.228137969970703
1786832907.3176074,ERROR:ConnectionError,31.876325607299805
1786832907.3293386,ERROR:ConnectionError,23.088932037353516
1786832907.336367,ERROR:ConnectionError,17.595291137695312
1786832907.3366685,ERROR:ConnectionError,21.76690101623535
1786832907.3172147,ERROR:ConnectionError,45.479774475097656
1786832907.3494885,ERROR:ConnectionError,17.307758331298828
1786832907.3419037,ERROR:ConnectionError,33.564090728759766
1786832907.3452435,ERROR:ConnectionError,35.01081466674805
1786832907.3404007,ERROR:ConnectionError,41.84460639953613
1786832907.3492506,ERROR:ConnectionError,35.50314903259277
1786832907.3487706,ERROR:ConnectionError,45.264244079589844
1786832907.3524344,ERROR:ConnectionError,48.46048355102539
1786832907.3627028,ERROR:ConnectionError,46.32306098937988
1786832907.3584487,ERROR:ConnectionError,53.0548095703125
1786832907.3539734,ERROR:ConnectionError,57.77454376220703
1786832907.3754866,ERROR:ConnectionError,36.88812255859375
1786832907.3668096,ERROR:ConnectionError,46.721458435058594
1786832907.3822527,ERROR:ConnectionError,33.77532958984375
1786832907.4009078,ERROR:ConnectionError,16.63947105407715
1786832907.3847637,ERROR:ConnectionError,33.0653190612793
1786832907.3802648,ERROR:ConnectionError,37.71471977233887
1786832907.3940504,ERROR:ConnectionError,25.639772415161133
1786832907.4117527,ERROR:ConnectionError,19.40178871154785
1786832907.4090364,ERROR:ConnectionError,22.712230682373047
1786832907.411511,ERROR:ConnectionError,24.621963500976562
1786832907.417982,ERROR:ConnectionError,18.795251846313477
1786832907.4178317,ERROR:ConnectionError,20.24555206298828
1786832907.4123812,ERROR:ConnectionError,26.661396026611328
1786832907.419707,ERROR:ConnectionError,23.758888244628906
1786832907.4135377,ERROR:ConnectionError,32.724618911743164
1786832907.431163,ERROR:ConnectionError,18.32747459411621
1786832907.4175537,ERROR:ConnectionError,32.46879577636719
1786832907.4160352,ERROR:ConnectionError,36.502838134765625
1786832907.4367838,ERROR:ConnectionError,18.65363121032715
1786832907.4317555,ERROR:ConnectionError,26.30305290222168
1786832907.4361405,ERROR:ConnectionError,24.069547653198242
1786832907.4390533,ERROR:ConnectionError,21.37613296508789
1786832907.438087,ERROR:ConnectionError,27.28748321533203
1786832907.450029,ERROR:ConnectionError,16.00170135498047
1786832907.4462698,ERROR:ConnectionError,25.818824768066406
1786832907.4434743,ERROR:ConnectionError,29.76059913635254
1786832907.449499,ERROR:ConnectionError,24.29962158203125
1786832907.4580739,ERROR:ConnectionError,21.021127700805664
1786832907.4554503,ERROR:ConnectionError,24.006128311157227
1786832907.452543,ERROR:ConnectionError,27.890682220458984
1786832907.4660373,ERROR:ConnectionError,20.161867141723633
1786832907.4602182,ERROR:ConnectionError,28.931856155395508
1786832907.4604354,ERROR:ConnectionError,31.09598159790039
1786832907.465382,ERROR:ConnectionError,26.6873836517334
1786832907.4721003,ERROR:ConnectionError,24.340152740478516
1786832907.4732487,ERROR:ConnectionError,28.101205825805664
1786832907.4791038,ERROR:ConnectionError,24.288177490234375
1786832907.4738045,ERROR:ConnectionError,30.27820587158203
1786832907.4804406,ERROR:ConnectionError,27.904510498046875
1786832907.486207,ERROR:ConnectionError,23.088693618774414
1786832907.479461,ERROR:ConnectionError,30.711650848388672
1786832907.489168,ERROR:ConnectionError,21.90852165222168
1786832907.4915402,ERROR:ConnectionError,19.81663703918457
1786832907.4964476,ERROR:ConnectionError,22.27783203125
1786832907.5013568,ERROR:ConnectionError,19.330501556396484
1786832907.5040894,ERROR:ConnectionError,19.22440528869629
1786832907.5033991,ERROR:ConnectionError,20.230770111083984
1786832907.4920754,ERROR:ConnectionError,36.60750389099121
1786832907.509301,ERROR:ConnectionError,21.686315536499023
1786832907.5110812,ERROR:ConnectionError,32.87386894226074
1786832907.5083518,ERROR:ConnectionError,35.919189453125
1786832907.5187323,ERROR:ConnectionError,32.67717361450195
1786832907.5113618,ERROR:ConnectionError,40.30656814575195
1786832907.5233243,ERROR:ConnectionError,32.99307823181152
1786832907.5236356,ERROR:ConnectionError,35.35652160644531
1786832907.510178,ERROR:ConnectionError,55.646419525146484
1786832907.5206919,ERROR:ConnectionError,47.540903091430664
1786832907.5442762,ERROR:ConnectionError,29.145002365112305
1786832907.5439649,ERROR:ConnectionError,30.91263771057129
1786832907.5516725,ERROR:ConnectionError,23.507118225097656
1786832907.5309942,ERROR:ConnectionError,47.16181755065918
1786832907.52869,ERROR:ConnectionError,49.748897552490234
1786832907.5563242,ERROR:ConnectionError,31.40115737915039
1786832907.565838,ERROR:ConnectionError,26.89671516418457
1786832907.559008,ERROR:ConnectionError,38.58828544616699
1786832907.5682392,ERROR:ConnectionError,29.765844345092773
1786832907.5734315,ERROR:ConnectionError,27.465105056762695
1786832907.5751853,ERROR:ConnectionError,30.206918716430664
1786832907.5514169,ERROR:ConnectionError,56.48088455200195
1786832907.5781646,ERROR:ConnectionError,35.08949279785156
1786832907.5784428,ERROR:ConnectionError,36.10944747924805
1786832907.587741,ERROR:ConnectionError,29.906749725341797
1786832907.5927398,ERROR:ConnectionError,25.722026824951172
1786832907.59801,ERROR:ConnectionError,22.832393646240234
1786832907.5976057,ERROR:ConnectionError,25.42567253112793
1786832907.574884,ERROR:ConnectionError,48.985958099365234
1786832907.6009023,ERROR:ConnectionError,27.4507999420166
1786832907.6054044,ERROR:ConnectionError,25.460004806518555
1786832907.6079063,ERROR:ConnectionError,28.3353328704834
1786832907.613264,ERROR:ConnectionError,27.79388427734375
1786832907.6145597,ERROR:ConnectionError,29.83999252319336
1786832907.6176612,ERROR:ConnectionError,32.93967247009277
1786832907.620849,ERROR:ConnectionError,32.49359130859375
1786832907.6184673,ERROR:ConnectionError,39.85714912414551
1786832907.6238775,ERROR:ConnectionError,38.44881057739258
1786832907.6230388,ERROR:ConnectionError,44.2805290222168
1786832907.6283638,ERROR:ConnectionError,48.95830154418945
1786832907.677329,ERROR:ConnectionError,18.69678497314453
1786832907.6444092,ERROR:ConnectionError,52.55722999572754
1786832907.636253,ERROR:ConnectionError,62.95943260192871
1786832907.6583333,ERROR:ConnectionError,44.7542667388916
1786832907.6410666,ERROR:ConnectionError,64.08977508544922
1786832907.6533868,ERROR:ConnectionError,53.25508117675781
1786832907.6673322,ERROR:ConnectionError,39.893388748168945
1786832907.6308725,ERROR:ConnectionError,77.79288291931152
1786832907.6506085,ERROR:ConnectionError,61.966896057128906
1786832907.662337,ERROR:ConnectionError,53.20310592651367
1786832907.6992183,ERROR:ConnectionError,18.9359188079834
1786832907.7051673,ERROR:ConnectionError,14.252424240112305
1786832907.7067103,ERROR:ConnectionError,12.97616958618164
1786832907.6960342,ERROR:ConnectionError,23.903608322143555
1786832907.7072318,ERROR:ConnectionError,16.178369522094727
1786832907.6969914,ERROR:ConnectionError,28.01966667175293
1786832907.7030923,ERROR:ConnectionError,25.250673294067383
1786832907.712586,ERROR:ConnectionError,18.83864402770996
1786832907.7086728,ERROR:ConnectionError,23.604631423950195
1786832907.718159,ERROR:ConnectionError,17.63129234313965
1786832907.7199419,ERROR:ConnectionError,17.597436904907227
1786832907.7155528,ERROR:ConnectionError,23.382186889648438
1786832907.7194264,ERROR:ConnectionError,24.61385726928711
1786832907.7250166,ERROR:ConnectionError,28.3050537109375
1786832907.7234178,ERROR:ConnectionError,37.003517150878906
1786832907.7196913,ERROR:ConnectionError,50.58169364929199
1786832907.7283518,ERROR:ConnectionError,42.26541519165039
1786832907.7314332,ERROR:ConnectionError,43.15781593322754
1786832907.732283,ERROR:ConnectionError,43.98798942565918
1786832907.7357998,ERROR:ConnectionError,43.22052001953125
1786832907.73894,ERROR:ConnectionError,42.68002510070801
1786832907.7703078,ERROR:ConnectionError,13.09061050415039
1786832907.7375464,ERROR:ConnectionError,48.18129539489746
1786832907.7706213,ERROR:ConnectionError,26.40533447265625
1786832907.753329,ERROR:ConnectionError,52.64449119567871
1786832907.7762785,ERROR:ConnectionError,31.716346740722656
1786832907.7604294,ERROR:ConnectionError,48.00224304199219
1786832907.7746017,ERROR:ConnectionError,34.01541709899902
1786832907.7790275,ERROR:ConnectionError,29.784679412841797
1786832907.7834046,ERROR:ConnectionError,31.93354606628418
1786832907.74405,ERROR:ConnectionError,74.81837272644043
1786832907.7857332,ERROR:ConnectionError,38.146257400512695
1786832907.797037,ERROR:ConnectionError,32.38320350646973
1786832907.8088176,ERROR:ConnectionError,25.719881057739258
1786832907.8086207,ERROR:ConnectionError,28.89537811279297
1786832907.8080049,ERROR:ConnectionError,36.92054748535156
1786832907.8060188,ERROR:ConnectionError,40.943145751953125
1786832907.8084357,ERROR:ConnectionError,43.219566345214844
1786832907.7816267,ERROR:ConnectionError,78.63211631774902
1786832907.8238885,ERROR:ConnectionError,42.469024658203125
1786832907.8153455,ERROR:ConnectionError,51.320552825927734
1786832907.8188772,ERROR:ConnectionError,55.65333366394043
1786832907.8294287,ERROR:ConnectionError,63.50207328796387
1786832907.8449364,ERROR:ConnectionError,48.93612861633301
1786832907.837522,ERROR:ConnectionError,62.306880950927734
1786832907.846972,ERROR:ConnectionError,60.1496696472168
1786832907.8345456,ERROR:ConnectionError,74.57184791564941
1786832907.8516653,ERROR:ConnectionError,69.36454772949219
1786832907.8663661,ERROR:ConnectionError,56.6561222076416
1786832907.8602712,ERROR:ConnectionError,64.72587585449219
1786832907.8745396,ERROR:ConnectionError,50.71091651916504
1786832907.8666706,ERROR:ConnectionError,61.18917465209961
1786832907.8938766,ERROR:ConnectionError,36.666154861450195
1786832907.8929508,ERROR:ConnectionError,66.74528121948242
1786832907.9092803,ERROR:ConnectionError,51.4521598815918
1786832907.907134,ERROR:ConnectionError,54.89373207092285
1786832907.8998454,ERROR:ConnectionError,70.12677192687988
1786832907.9210396,ERROR:ConnectionError,54.37922477722168
1786832907.9250062,ERROR:ConnectionError,66.57552719116211
1786832907.9754272,ERROR:ConnectionError,31.089305877685547
1786832907.9620318,ERROR:ConnectionError,52.669525146484375
1786832907.925254,ERROR:ConnectionError,90.27504920959473
1786832907.923031,ERROR:ConnectionError,100.61144828796387
1786832907.927868,ERROR:ConnectionError,96.4503288269043
1786832907.9607399,ERROR:ConnectionError,64.73803520202637
1786832907.9915917,ERROR:ConnectionError,36.398887634277344
1786832907.9305534,ERROR:ConnectionError,99.88617897033691
1786832907.969979,ERROR:ConnectionError,68.40300559997559
1786832907.9597201,ERROR:ConnectionError,79.02836799621582
1786832908.0065255,ERROR:ConnectionError,37.691593170166016
1786832908.014709,ERROR:ConnectionError,31.939983367919922
1786832908.0243247,ERROR:ConnectionError,22.795915603637695
1786832908.0279949,ERROR:ConnectionError,33.84733200073242
1786832908.0155346,ERROR:ConnectionError,50.14204978942871
1786832908.0254812,ERROR:ConnectionError,44.42167282104492
1786832908.0442276,ERROR:ConnectionError,31.22854232788086
1786832908.0304456,ERROR:ConnectionError,45.28236389160156
1786832908.0618467,ERROR:ConnectionError,14.126062393188477
1786832908.0383935,ERROR:ConnectionError,39.36052322387695
1786832908.0471258,ERROR:ConnectionError,30.846357345581055
1786832908.0236545,ERROR:ConnectionError,56.165218353271484
1786832908.0466607,ERROR:ConnectionError,38.42878341674805
1786832908.0656822,ERROR:ConnectionError,25.17843246459961
1786832908.038753,ERROR:ConnectionError,54.5496940612793
1786832908.0699112,ERROR:ConnectionError,32.041311264038086
1786832908.0759768,ERROR:ConnectionError,26.979446411132812
1786832908.0779765,ERROR:ConnectionError,26.191234588623047
1786832908.0757325,ERROR:ConnectionError,32.34219551086426
1786832908.0798223,ERROR:ConnectionError,29.21748161315918
1786832908.0777621,ERROR:ConnectionError,38.46883773803711
1786832908.0850976,ERROR:ConnectionError,46.424150466918945
1786832908.09331,ERROR:ConnectionError,39.488792419433594
1786832908.10196,ERROR:ConnectionError,32.068490982055664
1786832908.102961,ERROR:ConnectionError,31.200647354125977
1786832908.1041713,ERROR:ConnectionError,35.55941581726074
1786832908.10809,ERROR:ConnectionError,34.67965126037598
1786832908.0754657,ERROR:ConnectionError,70.85299491882324
1786832908.0908747,ERROR:ConnectionError,58.10356140136719
1786832908.1162388,ERROR:ConnectionError,45.905351638793945
1786832908.1315296,ERROR:ConnectionError,34.032583236694336
1786832908.1090462,ERROR:ConnectionError,68.42470169067383
1786832908.1341636,ERROR:ConnectionError,58.66289138793945
1786832908.1328037,ERROR:ConnectionError,84.50984954833984
1786832908.134032,ERROR:ConnectionError,89.15066719055176
1786832908.1397803,ERROR:ConnectionError,83.6796760559082
1786832908.1489832,ERROR:ConnectionError,76.77960395812988
1786832908.146328,ERROR:ConnectionError,79.56790924072266
1786832908.1655703,ERROR:ConnectionError,64.25905227661133
1786832908.1774774,ERROR:ConnectionError,53.42364311218262
1786832908.1928346,ERROR:ConnectionError,40.17472267150879
1786832908.1427772,ERROR:ConnectionError,90.41905403137207
1786832908.2173178,ERROR:ConnectionError,16.116857528686523
1786832908.1621547,ERROR:ConnectionError,71.91681861877441
1786832908.2231917,ERROR:ConnectionError,17.88783073425293
1786832908.2258983,ERROR:ConnectionError,15.48147201538086
1786832908.229838,ERROR:ConnectionError,17.10677146911621
1786832908.230908,ERROR:ConnectionError,16.333341598510742
1786832908.2234638,ERROR:ConnectionError,24.43838119506836
1786832908.225767,ERROR:ConnectionError,27.004718780517578
1786832908.2331994,ERROR:ConnectionError,21.63076400756836
1786832908.2340746,ERROR:ConnectionError,23.251771926879883
1786832908.2330165,ERROR:ConnectionError,29.955148696899414
1786832908.233438,ERROR:ConnectionError,30.61079978942871
1786832908.2472484,ERROR:ConnectionError,38.71512413024902
1786832908.2410877,ERROR:ConnectionError,67.38018989562988
1786832908.2527769,ERROR:ConnectionError,72.16906547546387
1786832908.2479048,ERROR:ConnectionError,86.30490303039551
1786832908.2688093,ERROR:ConnectionError,69.41604614257812
1786832908.2413833,ERROR:ConnectionError,97.1229076385498
1786832908.2629824,ERROR:ConnectionError,77.38780975341797
1786832908.2859695,ERROR:ConnectionError,57.42335319519043
1786832908.254837,ERROR:ConnectionError,90.8658504486084
1786832908.3249571,ERROR:ConnectionError,22.597074508666992
1786832908.334215,ERROR:ConnectionError,19.59514617919922
1786832908.3084824,ERROR:ConnectionError,52.991390228271484
1786832908.2469513,ERROR:ConnectionError,116.39666557312012
1786832908.257335,ERROR:ConnectionError,107.67936706542969
1786832908.338511,ERROR:ConnectionError,47.76334762573242
1786832908.3382356,ERROR:ConnectionError,65.4301643371582
1786832908.340377,ERROR:ConnectionError,63.57002258300781
1786832908.3433971,ERROR:ConnectionError,74.81241226196289
1786832908.34756,ERROR:ConnectionError,101.7301082611084
1786832908.3538182,ERROR:ConnectionError,118.99876594543457
1786832908.3614798,ERROR:ConnectionError,119.61555480957031
1786832908.3862817,ERROR:ConnectionError,111.99831962585449
1786832908.3633523,ERROR:ConnectionError,171.73194885253906
1786832908.4982924,ERROR:ConnectionError,39.617061614990234
1786832908.4492998,ERROR:ConnectionError,94.47669982910156
1786832908.4182236,ERROR:ConnectionError,126.44028663635254
1786832908.4728308,ERROR:ConnectionError,76.83372497558594
1786832908.4039524,ERROR:ConnectionError,146.073579788208
1786832908.3650181,ERROR:ConnectionError,186.11812591552734
1786832908.3457067,ERROR:ConnectionError,212.16344833374023
1786832908.5350938,ERROR:ConnectionError,26.018857955932617
1786832908.481109,ERROR:ConnectionError,93.10054779052734
1786832908.4036765,ERROR:ConnectionError,202.94880867004395
1786832908.5379133,ERROR:ConnectionError,81.03203773498535
1786832908.550032,ERROR:ConnectionError,108.16359519958496
1786832908.5437868,ERROR:ConnectionError,117.02084541320801
1786832908.6189535,ERROR:ConnectionError,48.8741397857666
1786832908.5611212,ERROR:ConnectionError,106.8880558013916
1786832908.5578816,ERROR:ConnectionError,115.98944664001465
1786832908.5511396,ERROR:ConnectionError,123.5814094543457
1786832908.6066358,ERROR:ConnectionError,70.8155632019043
1786832908.5496726,ERROR:ConnectionError,129.62627410888672
1786832908.574221,ERROR:ConnectionError,105.5138111114502
1786832908.5446692,ERROR:ConnectionError,138.71026039123535
1786832908.6678336,ERROR:ConnectionError,28.32341194152832
1786832908.683387,ERROR:ConnectionError,22.088050842285156
1786832908.6582062,ERROR:ConnectionError,54.80146408081055
1786832908.6774595,ERROR:ConnectionError,38.50603103637695
1786832908.673885,ERROR:ConnectionError,42.97208786010742
1786832908.6747282,ERROR:ConnectionError,44.39496994018555
1786832908.6797433,ERROR:ConnectionError,40.87257385253906
1786832908.6608143,ERROR:ConnectionError,60.61220169067383
1786832908.6680114,ERROR:ConnectionError,53.72738838195801
1786832908.6961672,ERROR:ConnectionError,28.093576431274414
1786832908.7130187,ERROR:ConnectionError,33.34975242614746
1786832908.6793053,ERROR:ConnectionError,71.47502899169922
1786832908.705482,ERROR:ConnectionError,49.95536804199219
1786832908.715976,ERROR:ConnectionError,39.66927528381348
1786832908.7206233,ERROR:ConnectionError,49.93319511413574
1786832908.716863,ERROR:ConnectionError,56.9610595703125
1786832908.7243164,ERROR:ConnectionError,50.03809928894043
1786832908.7463815,ERROR:ConnectionError,29.26039695739746
1786832908.7217557,ERROR:ConnectionError,58.05158615112305
1786832908.7191303,ERROR:ConnectionError,61.90800666809082
1786832908.7507913,ERROR:ConnectionError,31.67557716369629
1786832908.7556493,ERROR:ConnectionError,32.032012939453125
1786832908.7554452,ERROR:ConnectionError,33.16068649291992
1786832908.7214305,ERROR:ConnectionError,68.22824478149414
1786832908.7705617,ERROR:ConnectionError,21.376609802246094
1786832908.7743666,ERROR:ConnectionError,19.053936004638672
1786832908.7756474,ERROR:ConnectionError,19.322872161865234
1786832908.7738397,ERROR:ConnectionError,24.992942810058594
1786832908.7798169,ERROR:ConnectionError,68.06731224060059
1786832908.7876906,ERROR:ConnectionError,60.92429161071777
1786832908.7824721,ERROR:ConnectionError,66.65492057800293
1786832908.7810454,ERROR:ConnectionError,68.2218074798584
1786832908.7886107,ERROR:ConnectionError,60.79554557800293
1786832908.789668,ERROR:ConnectionError,71.29263877868652
1786832908.7934272,ERROR:ConnectionError,70.953369140625
1786832908.79498,ERROR:ConnectionError,90.0266170501709
1786832908.8478887,ERROR:ConnectionError,50.267934799194336
1786832908.7919464,ERROR:ConnectionError,114.227294921875
1786832908.8494086,ERROR:ConnectionError,65.76251983642578
1786832908.848618,ERROR:ConnectionError,72.19648361206055
1786832908.7988405,ERROR:ConnectionError,122.88093566894531
1786832908.8491294,ERROR:ConnectionError,77.53562927246094
1786832908.8643868,ERROR:ConnectionError,63.748836517333984
1786832908.8492694,ERROR:ConnectionError,79.03289794921875
1786832908.885014,ERROR:ConnectionError,48.25329780578613
1786832908.9151776,ERROR:ConnectionError,35.74013710021973
1786832908.8609684,ERROR:ConnectionError,92.13399887084961
1786832908.898167,ERROR:ConnectionError,59.73362922668457
1786832908.9061809,ERROR:ConnectionError,67.05117225646973
1786832908.9217255,ERROR:ConnectionError,52.31595039367676
1786832908.9208226,ERROR:ConnectionError,53.40123176574707
1786832908.928305,ERROR:ConnectionError,49.17120933532715
1786832908.9332721,ERROR:ConnectionError,46.144962310791016
1786832908.9579072,ERROR:ConnectionError,28.08833122253418
1786832908.9266732,ERROR:ConnectionError,59.54408645629883
1786832908.9732404,ERROR:ConnectionError,26.244401931762695
1786832908.9742267,ERROR:ConnectionError,30.636072158813477
1786832908.9281418,ERROR:ConnectionError,78.7360668182373
1786832908.9531083,ERROR:ConnectionError,54.718971252441406
1786832908.9509254,ERROR:ConnectionError,62.6215934753418
1786832908.9740462,ERROR:ConnectionError,40.60935974121094
1786832909.006881,ERROR:ConnectionError,501.58047676086426
1786832908.9994926,ERROR:ConnectionError,527.0020961761475
1786832908.9860022,ERROR:ConnectionError,540.8444404602051
1786832909.007831,ERROR:ConnectionError,526.7112255096436
1786832908.977482,ERROR:ConnectionError,569.1592693328857
1786832909.0135517,ERROR:ConnectionError,537.4636650085449
1786832908.9862225,ERROR:ConnectionError,567.5370693206787
1786832908.9794245,ERROR:ConnectionError,574.5849609375
1786832909.526505,ERROR:ConnectionError,30.219316482543945
1786832909.5084708,ERROR:ConnectionError,48.53701591491699
1786832909.0146585,ERROR:ConnectionError,549.7622489929199
1786832909.0048695,ERROR:ConnectionError,562.9093647003174
1786832909.5268526,ERROR:ConnectionError,51.44453048706055
1786832909.5466483,ERROR:ConnectionError,42.26112365722656
1786832909.556731,ERROR:ConnectionError,37.56976127624512
1786832909.5644267,ERROR:ConnectionError,31.81934356689453
1786832909.5510204,ERROR:ConnectionError,46.113014221191406
1786832909.554013,ERROR:ConnectionError,43.40553283691406
1786832909.5345469,ERROR:ConnectionError,73.92048835754395
1786832909.5570123,ERROR:ConnectionError,52.98209190368652
1786832909.5783126,ERROR:ConnectionError,32.63258934020996
1786832909.5677843,ERROR:ConnectionError,45.04990577697754
1786832909.5889158,ERROR:ConnectionError,27.440309524536133
1786832909.5943062,ERROR:ConnectionError,38.858652114868164
1786832909.6084795,ERROR:ConnectionError,38.56205940246582
1786832909.5962505,ERROR:ConnectionError,63.4765625
1786832909.609998,ERROR:ConnectionError,51.63097381591797
1786832909.6109502,ERROR:ConnectionError,53.80606651306152
1786832909.5537672,ERROR:ConnectionError,112.30826377868652
1786832909.612839,ERROR:ConnectionError,61.39683723449707
1786832909.6163611,ERROR:ConnectionError,58.11429023742676
1786832909.5971396,ERROR:ConnectionError,84.259033203125
1786832909.633174,ERROR:ConnectionError,50.83179473876953
1786832909.6470466,ERROR:ConnectionError,37.975311279296875
1786832909.6660802,ERROR:ConnectionError,22.065162658691406
1786832909.6597366,ERROR:ConnectionError,32.66334533691406
1786832909.6742425,ERROR:ConnectionError,18.705129623413086
1786832909.681408,ERROR:ConnectionError,14.372110366821289
1786832909.6744788,ERROR:ConnectionError,23.02718162536621
1786832909.6616335,ERROR:ConnectionError,37.422895431518555
1786832909.6647656,ERROR:ConnectionError,34.5609188079834
1786832909.5974226,ERROR:ConnectionError,104.44998741149902
1786832909.6929545,ERROR:ConnectionError,50.748348236083984
1786832909.692432,ERROR:ConnectionError,52.22010612487793
1786832909.6975129,ERROR:ConnectionError,56.93626403808594
1786832909.6881528,ERROR:ConnectionError,73.83060455322266
1786832909.6840138,ERROR:ConnectionError,80.37185668945312
1786832909.7018778,ERROR:ConnectionError,65.09757041931152
1786832909.685029,ERROR:ConnectionError,82.26490020751953
1786832909.6957867,ERROR:ConnectionError,78.40752601623535
1786832909.6990623,ERROR:ConnectionError,102.24604606628418
1786832909.7437155,ERROR:ConnectionError,58.21084976196289
1786832909.7446566,ERROR:ConnectionError,71.23565673828125
1786832909.69933,ERROR:ConnectionError,118.29710006713867
1786832909.7672973,ERROR:ConnectionError,55.26328086853027
1786832909.754458,ERROR:ConnectionError,69.95439529418945
1786832909.7619922,ERROR:ConnectionError,62.60561943054199
1786832909.8159034,ERROR:ConnectionError,15.64335823059082
1786832909.8244174,ERROR:ConnectionError,18.938541412353516
1786832909.7669828,ERROR:ConnectionError,76.61700248718262
1786832909.7742069,ERROR:ConnectionError,70.52850723266602
1786832909.8019295,ERROR:ConnectionError,43.32900047302246
1786832909.817631,ERROR:ConnectionError,28.110980987548828
1786832909.8225687,ERROR:ConnectionError,35.92228889465332
1786832909.8013165,ERROR:ConnectionError,61.188459396362305
1786832909.8246017,ERROR:ConnectionError,39.91413116455078
1786832909.8436038,ERROR:ConnectionError,25.773286819458008
1786832909.7643924,ERROR:ConnectionError,107.11669921875
1786832909.843364,ERROR:ConnectionError,28.93352508544922
1786832909.8457448,ERROR:ConnectionError,31.7533016204834
1786832909.8452616,ERROR:ConnectionError,32.69481658935547
1786832909.8584967,ERROR:ConnectionError,21.404504776000977
1786832909.862512,ERROR:ConnectionError,20.98226547241211
1786832909.8645208,ERROR:ConnectionError,20.871400833129883
1786832909.8693836,ERROR:ConnectionError,21.1946964263916
1786832909.872303,ERROR:ConnectionError,21.52705192565918
1786832909.844741,ERROR:ConnectionError,58.37273597717285
1786832909.8779633,ERROR:ConnectionError,28.32508087158203
1786832909.8906183,ERROR:ConnectionError,21.541118621826172
1786832909.8834991,ERROR:ConnectionError,29.537200927734375
1786832909.8315547,ERROR:ConnectionError,83.92786979675293
1786832909.893839,ERROR:ConnectionError,23.323535919189453
1786832909.8775127,ERROR:ConnectionError,39.9327278137207
1786832909.8715165,ERROR:ConnectionError,48.17843437194824
1786832909.8853965,ERROR:ConnectionError,34.85465049743652
1786832909.90312,ERROR:ConnectionError,18.07236671447754
1786832909.879905,ERROR:ConnectionError,44.59524154663086
1786832909.9062958,ERROR:ConnectionError,19.23084259033203
1786832909.912168,ERROR:ConnectionError,27.374267578125
1786832909.9154868,ERROR:ConnectionError,24.979114532470703
1786832909.9174495,ERROR:ConnectionError,29.22511100769043
1786832909.917169,ERROR:ConnectionError,30.32207489013672
1786832909.91304,ERROR:ConnectionError,38.22040557861328
1786832909.9196994,ERROR:ConnectionError,33.00881385803223
1786832909.920254,ERROR:ConnectionError,35.32695770263672
1786832909.9211962,ERROR:ConnectionError,113.88087272644043
1786832909.9245093,ERROR:ConnectionError,111.04297637939453
1786832909.9555857,ERROR:ConnectionError,86.0142707824707
1786832909.9527147,ERROR:ConnectionError,90.70014953613281
1786832909.9466805,ERROR:ConnectionError,99.8375415802002
1786832909.9255326,ERROR:ConnectionError,123.05212020874023
1786832909.940469,ERROR:ConnectionError,109.59029197692871
1786832909.9512665,ERROR:ConnectionError,99.02620315551758
1786832909.9395504,ERROR:ConnectionError,129.2262077331543
1786832910.0355546,ERROR:ConnectionError,40.69709777832031
1786832909.9474938,ERROR:ConnectionError,135.41126251220703
1786832910.0416083,ERROR:ConnectionError,46.48995399475098
1786832910.050063,ERROR:ConnectionError,49.53932762145996
1786832910.0350816,ERROR:ConnectionError,87.75782585144043
1786832910.050295,ERROR:ConnectionError,73.93145561218262
1786832910.088106,ERROR:ConnectionError,40.35687446594238
1786832910.04342,ERROR:ConnectionError,92.13423728942871
1786832910.046525,ERROR:ConnectionError,102.5688648223877
1786832910.0687828,ERROR:ConnectionError,85.08777618408203
1786832910.0762577,ERROR:ConnectionError,78.00698280334473
1786832910.0485942,ERROR:ConnectionError,106.68826103210449
1786832910.082909,ERROR:ConnectionError,73.5785961151123
1786832910.0996075,ERROR:ConnectionError,60.387611389160156
1786832910.1228485,ERROR:ConnectionError,52.22296714782715
1786832910.128471,ERROR:ConnectionError,59.60893630981445
1786832910.1355615,ERROR:ConnectionError,65.63425064086914
1786832910.154269,ERROR:ConnectionError,49.0262508392334
1786832910.1538787,ERROR:ConnectionError,53.673744201660156
1786832910.1490993,ERROR:ConnectionError,67.55995750427246
1786832910.1600027,ERROR:ConnectionError,58.635711669921875
1786832910.1552882,ERROR:ConnectionError,66.08271598815918
1786832910.1242309,ERROR:ConnectionError,105.59892654418945
1786832910.2033,ERROR:ConnectionError,28.986215591430664
1786832910.2075613,ERROR:ConnectionError,25.97188949584961
1786832910.1564922,ERROR:ConnectionError,79.91671562194824
1786832910.2213767,ERROR:ConnectionError,16.971588134765625
1786832910.1880898,ERROR:ConnectionError,53.94101142883301
1786832910.2166693,ERROR:ConnectionError,25.843143463134766
1786832910.2298412,ERROR:ConnectionError,15.19322395324707
1786832910.2335362,ERROR:ConnectionError,13.003110885620117
1786832910.2322917,ERROR:ConnectionError,17.238140106201172
1786832910.236418,ERROR:ConnectionError,14.782428741455078
1786832910.2012095,ERROR:ConnectionError,54.25596237182617
1786832910.1750793,ERROR:ConnectionError,84.1526985168457
1786832910.218646,ERROR:ConnectionError,40.84324836730957
1786832910.2383552,ERROR:ConnectionError,25.512218475341797
1786832910.2450407,ERROR:ConnectionError,19.950389862060547
1786832910.2420392,ERROR:ConnectionError,23.673295974731445
1786832910.2495375,ERROR:ConnectionError,21.46291732788086
1786832910.2425184,ERROR:ConnectionError,28.784513473510742
1786832910.2465453,ERROR:ConnectionError,26.862144470214844
1786832910.2554765,ERROR:ConnectionError,21.870136260986328
1786832910.2594929,ERROR:ConnectionError,20.740270614624023
1786832910.2592397,ERROR:ConnectionError,22.483110427856445
1786832910.264998,ERROR:ConnectionError,16.983747482299805
1786832910.2638772,ERROR:ConnectionError,20.84517478942871
1786832910.2657156,ERROR:ConnectionError,20.656585693359375
1786832910.2710087,ERROR:ConnectionError,15.595674514770508
1786832910.2713068,ERROR:ConnectionError,18.291473388671875
1786832910.251205,ERROR:ConnectionError,38.610219955444336
1786832910.2802417,ERROR:ConnectionError,16.692399978637695
1786832910.2734144,ERROR:ConnectionError,25.756120681762695
1786832910.2773545,ERROR:ConnectionError,22.4151611328125
1786832910.281985,ERROR:ConnectionError,19.296646118164062
1786832910.2863784,ERROR:ConnectionError,19.02031898498535
1786832910.2817523,ERROR:ConnectionError,27.029037475585938
1786832910.2847283,ERROR:ConnectionError,24.249792098999023
1786832910.2866094,ERROR:ConnectionError,22.63951301574707
1786832910.2898188,ERROR:ConnectionError,21.379947662353516
1786832910.2896075,ERROR:ConnectionError,22.68218994140625
1786832910.2969432,ERROR:ConnectionError,21.84891700744629
1786832910.2997746,ERROR:ConnectionError,31.870603561401367
1786832910.2991786,ERROR:ConnectionError,32.85551071166992
1786832910.3012888,ERROR:ConnectionError,44.70205307006836
1786832910.308787,ERROR:ConnectionError,39.366722106933594
1786832910.305406,ERROR:ConnectionError,46.17166519165039
1786832910.3089817,ERROR:ConnectionError,50.201416015625
1786832910.3092523,ERROR:ConnectionError,66.39814376831055
1786832910.3112056,ERROR:ConnectionError,65.56844711303711
1786832910.3320382,ERROR:ConnectionError,47.57428169250488
1786832910.3122952,ERROR:ConnectionError,68.94278526306152
1786832910.3316555,ERROR:ConnectionError,51.33771896362305
1786832910.3187997,ERROR:ConnectionError,65.17696380615234
1786832910.346002,ERROR:ConnectionError,45.41969299316406
1786832910.3756642,ERROR:ConnectionError,18.39137077331543
1786832910.3481603,ERROR:ConnectionError,48.5384464263916
1786832910.3796191,ERROR:ConnectionError,17.462491989135742
1786832910.3515887,ERROR:ConnectionError,46.35143280029297
1786832910.3591986,ERROR:ConnectionError,39.49284553527832
1786832910.3839808,ERROR:ConnectionError,18.824338912963867
1786832910.381247,ERROR:ConnectionError,25.573015213012695
1786832910.3767776,ERROR:ConnectionError,31.698226928710938
1786832910.3914309,ERROR:ConnectionError,20.48945426940918
1786832910.382997,ERROR:ConnectionError,35.764217376708984
1786832910.396707,ERROR:ConnectionError,23.476600646972656
1786832910.3970866,ERROR:ConnectionError,24.390697479248047
1786832910.3979468,ERROR:ConnectionError,24.252653121948242
1786832910.3986974,ERROR:ConnectionError,29.06060218811035
1786832910.394064,ERROR:ConnectionError,34.02519226074219
1786832910.4028103,ERROR:ConnectionError,26.126623153686523
1786832910.4068298,ERROR:ConnectionError,26.145219802856445
1786832910.4084845,ERROR:ConnectionError,26.57294273376465
1786832910.4119308,ERROR:ConnectionError,24.41716194152832
1786832910.4201875,ERROR:ConnectionError,16.744136810302734
1786832910.4187684,ERROR:ConnectionError,18.30148696899414
1786832910.421481,ERROR:ConnectionError,18.68724822998047
1786832910.4222023,ERROR:ConnectionError,24.923324584960938
1786832910.427769,ERROR:ConnectionError,20.496368408203125
1786832910.428093,ERROR:ConnectionError,22.228240966796875
1786832910.4289398,ERROR:ConnectionError,26.909828186035156
1786832910.4329824,ERROR:ConnectionError,23.576736450195312
1786832910.4369345,ERROR:ConnectionError,32.00531005859375
1786832910.4363515,ERROR:ConnectionError,33.64276885986328
1786832910.437072,ERROR:ConnectionError,47.728776931762695
1786832910.4471343,ERROR:ConnectionError,37.88018226623535
1786832910.440173,ERROR:ConnectionError,47.1651554107666
1786832910.4482713,ERROR:ConnectionError,42.97804832458496
1786832910.4350638,ERROR:ConnectionError,57.643890380859375
1786832910.450329,ERROR:ConnectionError,44.47460174560547
1786832910.4565625,ERROR:ConnectionError,42.19460487365723
1786832910.4558566,ERROR:ConnectionError,45.4401969909668
1786832910.468953,ERROR:ConnectionError,36.43345832824707
1786832910.4848175,ERROR:ConnectionError,35.741567611694336
1786832910.4699984,ERROR:ConnectionError,53.67636680603027
1786832910.4850173,ERROR:ConnectionError,44.91901397705078
1786832910.49126,ERROR:ConnectionError,45.26638984680176
1786832910.4873462,ERROR:ConnectionError,51.42068862915039
1786832910.492718,ERROR:ConnectionError,51.53703689575195
1786832910.4948106,ERROR:ConnectionError,49.77250099182129
1786832910.4987643,ERROR:ConnectionError,62.6070499420166
1786832910.5013041,ERROR:ConnectionError,67.52347946166992
1786832910.5053935,ERROR:ConnectionError,69.65255737304688
1786832910.5205677,ERROR:ConnectionError,55.46760559082031
1786832910.5236826,ERROR:ConnectionError,66.99180603027344
1786832910.5387712,ERROR:ConnectionError,54.39901351928711
1786832910.5299428,ERROR:ConnectionError,66.25652313232422
1786832910.5365345,ERROR:ConnectionError,61.083078384399414
1786832910.5442636,ERROR:ConnectionError,54.67677116394043
1786832910.5613852,ERROR:ConnectionError,37.81604766845703
1786832910.568839,ERROR:ConnectionError,34.95478630065918
1786832910.5445879,ERROR:ConnectionError,72.05462455749512
1786832910.5760407,ERROR:ConnectionError,41.788339614868164
1786832910.5750558,ERROR:ConnectionError,46.239376068115234
1786832910.5906801,ERROR:ConnectionError,31.218767166137695
1786832910.593183,ERROR:ConnectionError,32.721519470214844
1786832910.599206,ERROR:ConnectionError,26.979446411132812
1786832910.5976267,ERROR:ConnectionError,35.277605056762695
1786832910.6038022,ERROR:ConnectionError,32.80830383300781
1786832910.6166546,ERROR:ConnectionError,22.79186248779297
1786832910.596211,ERROR:ConnectionError,43.640851974487305
1786832910.5989468,ERROR:ConnectionError,43.54500770568848
1786832910.617835,ERROR:ConnectionError,31.045913696289062
1786832910.6261911,ERROR:ConnectionError,23.13232421875
1786832910.6219044,ERROR:ConnectionError,29.222965240478516
1786832910.6213057,ERROR:ConnectionError,35.796165466308594
1786832910.6366174,ERROR:ConnectionError,20.86949348449707
1786832910.6329155,ERROR:ConnectionError,25.944948196411133
1786832910.6259136,ERROR:ConnectionError,33.6306095123291
1786832910.639457,ERROR:ConnectionError,24.33323860168457
1786832910.6425035,ERROR:ConnectionError,25.25782585144043
1786832910.6398578,ERROR:ConnectionError,30.29036521911621
1786832910.64889,ERROR:ConnectionError,22.609472274780273
1786832910.6493301,ERROR:ConnectionError,22.62139320373535
1786832910.6511343,ERROR:ConnectionError,21.080732345581055
1786832910.6595595,ERROR:ConnectionError,22.432804107666016
1786832910.6588683,ERROR:ConnectionError,23.549795150756836
1786832910.6677713,ERROR:ConnectionError,32.33814239501953
1786832910.6574922,ERROR:ConnectionError,44.36969757080078
1786832910.6715038,ERROR:ConnectionError,36.27777099609375
1786832910.6701682,ERROR:ConnectionError,40.27104377746582
1786832910.6638012,ERROR:ConnectionError,46.97465896606445
1786832910.6820016,ERROR:ConnectionError,32.74345397949219
1786832910.6571097,ERROR:ConnectionError,58.78758430480957
1786832910.6722183,ERROR:ConnectionError,47.266244888305664
1786832910.6824234,ERROR:ConnectionError,39.46185111999512
1786832910.6719553,ERROR:ConnectionError,50.699472427368164
1786832910.7001207,ERROR:ConnectionError,22.82857894897461
1786832910.7077909,ERROR:ConnectionError,21.059274673461914
1786832910.7104497,ERROR:ConnectionError,21.1794376373291
1786832910.7159052,ERROR:ConnectionError,24.219274520874023
1786832910.719492,ERROR:ConnectionError,21.108627319335938
1786832910.7107804,ERROR:ConnectionError,30.198097229003906
1786832910.7147539,ERROR:ConnectionError,26.84164047241211
1786832910.7018683,ERROR:ConnectionError,48.15030097961426
1786832910.7229538,ERROR:ConnectionError,30.225276947021484
1786832910.722663,ERROR:ConnectionError,33.4930419921875
1786832910.7218966,ERROR:ConnectionError,37.7049446105957
1786832910.7288594,ERROR:ConnectionError,31.162738800048828
1786832910.731642,ERROR:ConnectionError,28.923511505126953
1786832910.7416008,ERROR:ConnectionError,26.48329734802246
1786832910.740984,ERROR:ConnectionError,34.00254249572754
1786832910.7406077,ERROR:ConnectionError,38.33150863647461
1786832910.7500286,ERROR:ConnectionError,29.30307388305664
1786832910.7401483,ERROR:ConnectionError,39.48783874511719
1786832910.753189,ERROR:ConnectionError,26.888370513916016
1786832910.7561684,ERROR:ConnectionError,33.27441215515137
1786832910.76003,ERROR:ConnectionError,35.59303283691406
1786832910.760573,ERROR:ConnectionError,41.26310348510742
1786832910.768093,ERROR:ConnectionError,35.52818298339844
1786832910.774997,ERROR:ConnectionError,32.073020935058594
1786832910.75961,ERROR:ConnectionError,48.61783981323242
1786832910.7789493,ERROR:ConnectionError,32.63449668884277
1786832910.7793365,ERROR:ConnectionError,36.13591194152832
1786832910.780087,ERROR:ConnectionError,37.36424446105957
1786832910.7796433,ERROR:ConnectionError,47.4390983581543
1786832910.7894535,ERROR:ConnectionError,39.03007507324219
1786832910.801846,ERROR:ConnectionError,32.20057487487793
1786832910.7956367,ERROR:ConnectionError,39.35956954956055
1786832910.8036313,ERROR:ConnectionError,33.087730407714844
1786832910.8070781,ERROR:ConnectionError,29.92844581604004
1786832910.8116422,ERROR:ConnectionError,26.819467544555664
1786832910.8082335,ERROR:ConnectionError,30.45964241027832
1786832910.817461,ERROR:ConnectionError,27.693748474121094
1786832910.8284938,ERROR:ConnectionError,18.339872360229492
1786832910.8154814,ERROR:ConnectionError,31.924724578857422
1786832910.827097,ERROR:ConnectionError,28.593063354492188
1786832910.8340585,ERROR:ConnectionError,22.202014923095703
1786832910.836726,ERROR:ConnectionError,21.70729637145996
1786832910.8386974,ERROR:ConnectionError,28.341293334960938
1786832910.8350036,ERROR:ConnectionError,32.62901306152344
1786832910.8370123,ERROR:ConnectionError,32.114505767822266
1786832910.8474138,ERROR:ConnectionError,22.218704223632812
1786832910.8384686,ERROR:ConnectionError,35.15005111694336
1786832910.8451653,ERROR:ConnectionError,30.104637145996094
1786832910.8562691,ERROR:ConnectionError,22.8884220123291
1786832910.858443,ERROR:ConnectionError,21.009206771850586
1786832910.8468409,ERROR:ConnectionError,33.815860748291016
1786832910.8556993,ERROR:ConnectionError,25.38585662841797
1786832910.869638,ERROR:ConnectionError,31.853914260864258
1786832910.8670506,ERROR:ConnectionError,36.4222526550293
1786832910.8691337,ERROR:ConnectionError,34.60693359375
1786832910.880662,ERROR:ConnectionError,36.42106056213379
1786832910.881093,ERROR:ConnectionError,36.50856018066406
1786832910.8676393,ERROR:ConnectionError,51.373958587646484
1786832910.8752768,ERROR:ConnectionError,44.09456253051758
1786832910.8794575,ERROR:ConnectionError,45.84813117980957
1786832910.8791661,ERROR:ConnectionError,47.54972457885742
1786832910.8736289,ERROR:ConnectionError,55.27067184448242
1786832910.9034815,ERROR:ConnectionError,31.583309173583984
1786832910.9037442,ERROR:ConnectionError,31.86631202697754
1786832910.917092,ERROR:ConnectionError,31.302690505981445
1786832910.9176083,ERROR:ConnectionError,38.29050064086914
1786832910.9253137,ERROR:ConnectionError,33.83231163024902
1786832910.901505,ERROR:ConnectionError,58.915138244628906
1786832910.9190185,ERROR:ConnectionError,45.14646530151367
1786832910.926727,ERROR:ConnectionError,38.9552116394043
1786832910.9356177,ERROR:ConnectionError,33.28394889831543
1786832910.928909,ERROR:ConnectionError,45.06039619445801
1786832910.9350717,ERROR:ConnectionError,39.807796478271484
1786832910.9484057,ERROR:ConnectionError,31.525373458862305
1786832910.95591,ERROR:ConnectionError,25.641441345214844
1786832910.9604266,ERROR:ConnectionError,25.50506591796875
1786832910.9193769,ERROR:ConnectionError,67.95859336853027
1786832910.9641767,ERROR:ConnectionError,27.71735191345215
1786832910.9591534,ERROR:ConnectionError,33.115386962890625
1786832910.9689107,ERROR:ConnectionError,29.952526092529297
1786832910.9656916,ERROR:ConnectionError,35.45546531677246
1786832910.9739778,ERROR:ConnectionError,29.852628707885742
1786832910.9799428,ERROR:ConnectionError,25.1162052154541
1786832910.9748917,ERROR:ConnectionError,32.84311294555664
1786832910.9815605,ERROR:ConnectionError,26.47113800048828
1786832910.9873424,ERROR:ConnectionError,27.32253074645996
1786832910.9919028,ERROR:ConnectionError,25.472164154052734
1786832910.98594,ERROR:ConnectionError,33.78701210021973
1786832910.9922743,ERROR:ConnectionError,27.76312828063965
1786832911.0011563,ERROR:ConnectionError,21.07071876525879
1786832910.998879,ERROR:ConnectionError,26.825666427612305
1786832911.0038376,ERROR:ConnectionError,26.697397232055664
1786832911.007743,ERROR:ConnectionError,27.642250061035156
1786832911.008036,ERROR:ConnectionError,27.949094772338867
1786832911.0050664,ERROR:ConnectionError,35.077810287475586
1786832911.0200417,ERROR:ConnectionError,22.273540496826172
1786832911.014674,ERROR:ConnectionError,31.98409080505371
1786832911.0197334,ERROR:ConnectionError,31.54754638671875
1786832911.01738,ERROR:ConnectionError,44.30365562438965
1786832911.022233,ERROR:ConnectionError,42.233943939208984
1786832911.0305433,ERROR:ConnectionError,36.4995002746582
1786832911.02571,ERROR:ConnectionError,43.36261749267578
1786832911.035991,ERROR:ConnectionError,45.5937385559082
1786832911.0401525,ERROR:ConnectionError,43.822288513183594
1786832911.0353985,ERROR:ConnectionError,54.01802062988281
1786832911.0423226,ERROR:ConnectionError,48.244476318359375
1786832911.061697,ERROR:ConnectionError,31.159639358520508
1786832911.046667,ERROR:ConnectionError,46.58961296081543
1786832911.05129,ERROR:ConnectionError,51.169633865356445
1786832911.064481,ERROR:ConnectionError,40.31968116760254
1786832911.0816104,ERROR:ConnectionError,26.154041290283203
1786832911.067051,ERROR:ConnectionError,42.48499870300293
1786832911.0690777,ERROR:ConnectionError,42.94276237487793
1786832911.0839806,ERROR:ConnectionError,28.336286544799805
1786832911.092867,ERROR:ConnectionError,27.67205238342285
1786832911.102469,ERROR:ConnectionError,22.039413452148438
1786832911.0894272,ERROR:ConnectionError,36.52167320251465
1786832911.104811,ERROR:ConnectionError,26.508808135986328
1786832911.0905745,ERROR:ConnectionError,43.442726135253906
1786832911.1077726,ERROR:ConnectionError,27.016162872314453
1786832911.093263,ERROR:ConnectionError,41.77999496459961
1786832911.112322,ERROR:ConnectionError,24.849891662597656
1786832911.109543,ERROR:ConnectionError,29.424667358398438
1786832911.1120284,ERROR:ConnectionError,30.155658721923828
1786832911.1205504,ERROR:ConnectionError,28.919219970703125
1786832911.1245213,ERROR:ConnectionError,26.772022247314453
1786832911.1313334,ERROR:ConnectionError,32.6075553894043
1786832911.138977,ERROR:ConnectionError,26.967525482177734
1786832911.1347954,ERROR:ConnectionError,32.7916145324707
1786832911.1340604,ERROR:ConnectionError,39.79158401489258
1786832911.125955,ERROR:ConnectionError,50.77195167541504
1786832911.1371803,ERROR:ConnectionError,43.84756088256836
1786832911.135047,ERROR:ConnectionError,48.19226264953613
1786832911.1494792,ERROR:ConnectionError,45.26114463806152
1786832911.1659513,ERROR:ConnectionError,30.32088279724121
1786832911.1513019,ERROR:ConnectionError,48.15673828125
1786832911.163954,ERROR:ConnectionError,35.81690788269043
1786832911.167594,ERROR:ConnectionError,33.15377235412598
1786832911.1421916,ERROR:ConnectionError,58.80403518676758
1786832911.1738598,ERROR:ConnectionError,28.172969818115234
1786832911.1767335,ERROR:ConnectionError,32.59468078613281
1786832911.181043,ERROR:ConnectionError,28.784513473510742
1786832911.1962817,ERROR:ConnectionError,14.517545700073242
1786832911.19475,ERROR:ConnectionError,16.557693481445312
1786832911.1832464,ERROR:ConnectionError,35.387516021728516
1786832911.1994658,ERROR:ConnectionError,19.718408584594727
1786832911.2010014,ERROR:ConnectionError,22.44281768798828
1786832911.200753,ERROR:ConnectionError,23.19622039794922
1786832911.2098324,ERROR:ConnectionError,22.513628005981445
1786832911.2020376,ERROR:ConnectionError,31.660079956054688
1786832911.1997762,ERROR:ConnectionError,37.20593452453613
1786832911.2093382,ERROR:ConnectionError,28.206586837768555
1786832911.2108097,ERROR:ConnectionError,31.4028263092041
1786832911.2191904,ERROR:ConnectionError,23.87547492980957
1786832911.211314,ERROR:ConnectionError,33.215999603271484
1786832911.2234535,ERROR:ConnectionError,26.350736618041992
1786832911.218643,ERROR:ConnectionError,39.298295974731445
1786832911.2323563,ERROR:ConnectionError,27.279376983642578
1786832911.2337046,ERROR:ConnectionError,26.891469955444336
1786832911.2239585,ERROR:ConnectionError,42.519330978393555
1786832911.2369905,ERROR:ConnectionError,42.0680046081543
1786832911.2375498,ERROR:ConnectionError,42.26255416870117
1786832911.249879,ERROR:ConnectionError,37.929534912109375
1786832911.244539,ERROR:ConnectionError,60.30631065368652
1786832911.243073,ERROR:ConnectionError,62.11256980895996
1786832911.257951,ERROR:ConnectionError,48.426151275634766
1786832911.260605,ERROR:ConnectionError,54.883718490600586
1786832911.266485,ERROR:ConnectionError,49.517154693603516
1786832911.279818,ERROR:ConnectionError,36.448001861572266
1786832911.2422218,ERROR:ConnectionError,74.62763786315918
1786832911.2596416,ERROR:ConnectionError,59.06796455383301
1786832911.279072,ERROR:ConnectionError,41.16511344909668
1786832911.2878168,ERROR:ConnectionError,40.1463508605957
1786832911.3048556,ERROR:ConnectionError,25.408506393432617
1786832911.3051918,ERROR:ConnectionError,27.409791946411133
1786832911.318717,ERROR:ConnectionError,22.565841674804688
1786832911.3160095,ERROR:ConnectionError,27.881383895874023
1786832911.306384,ERROR:ConnectionError,37.83822059631348
1786832911.330273,ERROR:ConnectionError,21.421194076538086
1786832911.316857,ERROR:ConnectionError,38.56015205383301
1786832911.316272,ERROR:ConnectionError,47.25980758666992
1786832911.3154974,ERROR:ConnectionError,51.488399505615234
1786832911.3279772,ERROR:ConnectionError,42.719125747680664
1786832911.320244,ERROR:ConnectionError,53.71999740600586
1786832911.332609,ERROR:ConnectionError,42.30141639709473
1786832911.3442268,ERROR:ConnectionError,40.1303768157959
1786832911.3412926,ERROR:ConnectionError,49.26013946533203
1786832911.3439007,ERROR:ConnectionError,46.94032669067383
1786832911.3517034,ERROR:ConnectionError,41.12553596496582
1786832911.3554273,ERROR:ConnectionError,39.76869583129883
1786832911.3635433,ERROR:ConnectionError,34.36088562011719
1786832911.3669946,ERROR:ConnectionError,31.46076202392578
1786832911.3707018,ERROR:ConnectionError,31.280994415283203
1786832911.3749163,ERROR:ConnectionError,49.65329170227051
1786832911.3739722,ERROR:ConnectionError,51.00512504577637
1786832911.3843675,ERROR:ConnectionError,47.50227928161621
1786832911.3908472,ERROR:ConnectionError,43.63250732421875
1786832911.3905623,ERROR:ConnectionError,62.314510345458984
1786832911.392833,ERROR:ConnectionError,64.43142890930176
1786832911.397917,ERROR:ConnectionError,59.55219268798828
1786832911.3952067,ERROR:ConnectionError,68.24207305908203
1786832911.3984632,ERROR:ConnectionError,66.45607948303223
1786832911.424581,ERROR:ConnectionError,42.336225509643555
1786832911.4019918,ERROR:ConnectionError,65.19842147827148
1786832911.425074,ERROR:ConnectionError,47.61791229248047
1786832911.4318862,ERROR:ConnectionError,41.393280029296875
1786832911.4344895,ERROR:ConnectionError,44.42429542541504
1786832911.452886,ERROR:ConnectionError,28.515100479125977
1786832911.4634602,ERROR:ConnectionError,22.144317626953125
1786832911.4572687,ERROR:ConnectionError,30.85494041442871
1786832911.4574726,ERROR:ConnectionError,40.35830497741699
1786832911.4649339,ERROR:ConnectionError,35.81047058105469
1786832911.4671946,ERROR:ConnectionError,34.15822982788086
1786832911.4732864,ERROR:ConnectionError,29.741287231445312
1786832911.472703,ERROR:ConnectionError,30.562162399291992
1786832911.4881346,ERROR:ConnectionError,18.83077621459961
1786832911.4789236,ERROR:ConnectionError,28.377294540405273
1786832911.4856126,ERROR:ConnectionError,21.918773651123047
1786832911.4814086,ERROR:ConnectionError,30.996084213256836
1786832911.4669232,ERROR:ConnectionError,46.181678771972656
1786832911.4978483,ERROR:ConnectionError,18.858909606933594
1786832911.5013576,ERROR:ConnectionError,16.393423080444336
1786832911.5030348,ERROR:ConnectionError,17.58575439453125
1786832911.5075345,ERROR:ConnectionError,16.735076904296875
1786832911.5032697,ERROR:ConnectionError,21.39139175415039
1786832911.5069711,ERROR:ConnectionError,18.017053604125977
1786832911.5073044,ERROR:ConnectionError,20.40839195251465
1786832911.500752,ERROR:ConnectionError,28.235435485839844
1786832911.512412,ERROR:ConnectionError,17.21644401550293
1786832911.5167131,ERROR:ConnectionError,16.707181930541992
1786832911.5131094,ERROR:ConnectionError,24.709701538085938
1786832911.5242777,ERROR:ConnectionError,17.746686935424805
1786832911.5177577,ERROR:ConnectionError,24.908781051635742
1786832911.5206277,ERROR:ConnectionError,27.89020538330078
1786832911.5296357,ERROR:ConnectionError,19.168853759765625
1786832911.5277252,ERROR:ConnectionError,35.167694091796875
1786832911.5289948,ERROR:ConnectionError,34.293413162231445
1786832911.5246665,ERROR:ConnectionError,45.290470123291016
1786832911.5334282,ERROR:ConnectionError,38.36512565612793
1786832911.5420325,ERROR:ConnectionError,29.991865158081055
1786832911.5488076,ERROR:ConnectionError,24.910449981689453
1786832911.5249946,ERROR:ConnectionError,49.66402053833008
1786832911.5485237,ERROR:ConnectionError,26.79133415222168
1786832911.5426714,ERROR:ConnectionError,38.07854652404785
1786832911.537826,ERROR:ConnectionError,43.251752853393555
1786832911.5632973,ERROR:ConnectionError,18.130779266357422
1786832911.5720294,ERROR:ConnectionError,15.037775039672852
1786832911.5699673,ERROR:ConnectionError,21.303415298461914
1786832911.571801,ERROR:ConnectionError,20.526647567749023
1786832911.5753198,ERROR:ConnectionError,21.661043167114258
1786832911.5737233,ERROR:ConnectionError,23.943185806274414
1786832911.5810814,ERROR:ConnectionError,16.92032814025879
1786832911.574663,ERROR:ConnectionError,24.20353889465332
1786832911.5629172,ERROR:ConnectionError,36.15856170654297
1786832911.5807598,ERROR:ConnectionError,24.431705474853516
1786832911.5814319,ERROR:ConnectionError,24.03092384338379
1786832911.5923338,ERROR:ConnectionError,25.896310806274414
1786832911.5870736,ERROR:ConnectionError,32.13095664978027
1786832911.5912805,ERROR:ConnectionError,30.251502990722656
1786832911.5990791,ERROR:ConnectionError,23.447513580322266
1786832911.597673,ERROR:ConnectionError,27.103662490844727
1786832911.59887,ERROR:ConnectionError,26.352405548095703
1786832911.5969918,ERROR:ConnectionError,31.09431266784668
1786832911.598006,ERROR:ConnectionError,35.39013862609863
1786832911.6054676,ERROR:ConnectionError,29.667139053344727
1786832911.61921,ERROR:ConnectionError,17.200469970703125
1786832911.6182384,ERROR:ConnectionError,19.134044647216797
1786832911.622565,ERROR:ConnectionError,15.751361846923828
1786832911.6051989,ERROR:ConnectionError,33.32662582397461
1786832911.6215382,ERROR:ConnectionError,18.85223388671875
1786832911.6252284,ERROR:ConnectionError,23.58269691467285
1786832911.6280968,ERROR:ConnectionError,22.762537002563477
1786832911.633407,ERROR:ConnectionError,19.20342445373535
1786832911.6247835,ERROR:ConnectionError,30.188322067260742
1786832911.6383233,ERROR:ConnectionError,18.473148345947266
1786832911.6385293,ERROR:ConnectionError,20.2178955078125
1786832911.6351418,ERROR:ConnectionError,24.213552474975586
1786832911.6488202,ERROR:ConnectionError,11.873245239257812
1786832911.640395,ERROR:ConnectionError,22.95398712158203
1786832911.6508667,ERROR:ConnectionError,13.521671295166016
1786832911.6364162,ERROR:ConnectionError,35.17651557922363
1786832911.6373785,ERROR:ConnectionError,34.44194793701172
1786832911.6526227,ERROR:ConnectionError,19.799232482910156
1786832911.6549785,ERROR:ConnectionError,19.492387771606445
1786832911.656803,ERROR:ConnectionError,23.60844612121582
1786832911.6606987,ERROR:ConnectionError,22.293806076049805
1786832911.659381,ERROR:ConnectionError,23.834228515625
1786832911.658753,ERROR:ConnectionError,24.7805118560791
1786832911.6633563,ERROR:ConnectionError,31.493663787841797
1786832911.6643949,ERROR:ConnectionError,34.01494026184082
1786832911.6718254,ERROR:ConnectionError,26.866436004638672
1786832911.672427,ERROR:ConnectionError,29.088497161865234
1786832911.6715999,ERROR:ConnectionError,32.09877014160156
1786832911.6830008,ERROR:ConnectionError,23.459196090698242
1786832911.6804233,ERROR:ConnectionError,26.276111602783203
1786832911.6744773,ERROR:ConnectionError,32.4254035949707
1786832911.683218,ERROR:ConnectionError,30.01546859741211
1786832911.6984203,ERROR:ConnectionError,19.06275749206543
1786832911.7015228,ERROR:ConnectionError,17.50946044921875
1786832911.6835375,ERROR:ConnectionError,35.9804630279541
1786832911.7037075,ERROR:ConnectionError,16.830921173095703
1786832911.6948636,ERROR:ConnectionError,26.617765426635742
1786832911.6986976,ERROR:ConnectionError,28.1527042388916
1786832911.7132413,ERROR:ConnectionError,18.05257797241211
1786832911.7067056,ERROR:ConnectionError,25.310039520263672
1786832911.7064674,ERROR:ConnectionError,25.789737701416016
1786832911.7069063,ERROR:ConnectionError,28.401851654052734
1786832911.7214868,ERROR:ConnectionError,44.46220397949219
1786832911.7174926,ERROR:ConnectionError,54.87656593322754
1786832911.7320216,ERROR:ConnectionError,54.25858497619629
1786832911.7195244,ERROR:ConnectionError,71.30098342895508
1786832911.7313077,ERROR:ConnectionError,61.26093864440918
1786832911.7322628,ERROR:ConnectionError,63.32969665527344
1786832911.765971,ERROR:ConnectionError,31.580686569213867
1786832911.719042,ERROR:ConnectionError,83.07647705078125
1786832911.7206144,ERROR:ConnectionError,82.34763145446777
1786832911.772377,ERROR:ConnectionError,34.6376895904541
1786832911.7268612,ERROR:ConnectionError,80.81293106079102
1786832911.735317,ERROR:ConnectionError,73.80962371826172
1786832911.7862902,ERROR:ConnectionError,24.203777313232422
1786832911.7908323,ERROR:ConnectionError,20.322322845458984
1786832911.7975602,ERROR:ConnectionError,18.501996994018555
1786832911.795606,ERROR:ConnectionError,21.5609073638916
1786832911.7925756,ERROR:ConnectionError,30.89761734008789
1786832911.8021283,ERROR:ConnectionError,24.835824966430664
1786832911.8091357,ERROR:ConnectionError,18.589019775390625
1786832911.8076835,ERROR:ConnectionError,21.575450897216797
1786832911.8111606,ERROR:ConnectionError,23.182153701782227
1786832911.8070254,ERROR:ConnectionError,49.4537353515625
1786832911.8171732,ERROR:ConnectionError,51.36609077453613
1786832911.8029695,ERROR:ConnectionError,67.88039207458496
1786832911.8269722,ERROR:ConnectionError,45.270681381225586
1786832911.823484,ERROR:ConnectionError,49.118995666503906
1786832911.8343506,ERROR:ConnectionError,38.9714241027832
1786832911.829267,ERROR:ConnectionError,44.34013366699219
1786832911.8105018,ERROR:ConnectionError,64.96882438659668
1786832911.8277326,ERROR:ConnectionError,47.91975021362305
1786832911.816074,ERROR:ConnectionError,61.53368949890137
1786832911.8564901,ERROR:ConnectionError,28.452634811401367
1786832911.868549,ERROR:ConnectionError,28.382301330566406
1786832911.8733304,ERROR:ConnectionError,35.704851150512695
1786832911.8726094,ERROR:ConnectionError,44.96598243713379
1786832911.8722506,ERROR:ConnectionError,54.67534065246582
1786832911.8776212,ERROR:ConnectionError,58.68792533874512
1786832911.8708582,ERROR:ConnectionError,67.23237037658691
1786832911.8849554,ERROR:ConnectionError,79.2844295501709
1786832911.8754756,ERROR:ConnectionError,88.97089958190918
1786832911.8736126,ERROR:ConnectionError,95.89552879333496
1786832911.8969374,ERROR:ConnectionError,81.47835731506348
1786832911.875655,ERROR:ConnectionError,102.98776626586914
1786832911.9175844,ERROR:ConnectionError,63.446760177612305
1786832911.9090452,ERROR:ConnectionError,86.10200881958008
1786832911.9363153,ERROR:ConnectionError,65.37246704101562
1786832911.9380963,ERROR:ConnectionError,64.79430198669434
1786832911.926934,ERROR:ConnectionError,76.17521286010742
1786832911.9642491,ERROR:ConnectionError,64.28980827331543
1786832911.9644496,ERROR:ConnectionError,65.23942947387695
1786832911.9695141,ERROR:ConnectionError,60.32967567443848
1786832911.9810362,ERROR:ConnectionError,50.499916076660156
1786832911.995154,ERROR:ConnectionError,46.689510345458984
1786832912.003114,ERROR:ConnectionError,60.32228469848633
1786832911.9786477,ERROR:ConnectionError,87.71514892578125
1786832911.978421,ERROR:ConnectionError,88.09375762939453
1786832912.0296938,ERROR:ConnectionError,47.18661308288574
1786832912.0298464,ERROR:ConnectionError,60.63270568847656
1786832912.002895,ERROR:ConnectionError,88.85312080383301
1786832912.0418508,ERROR:ConnectionError,50.04072189331055
1786832912.0016978,ERROR:ConnectionError,95.66330909729004
1786832912.0315413,ERROR:ConnectionError,67.06118583679199
1786832912.06637,ERROR:ConnectionError,33.27369689941406
1786832912.0665169,ERROR:ConnectionError,36.107778549194336
1786832912.0634463,ERROR:ConnectionError,40.756940841674805
1786832912.028547,ERROR:ConnectionError,83.58454704284668
1786832912.076886,ERROR:ConnectionError,37.217140197753906
1786832912.0917513,ERROR:ConnectionError,41.89348220825195
1786832912.0973673,ERROR:ConnectionError,37.24789619445801
1786832912.0918934,ERROR:ConnectionError,47.562360763549805
1786832912.0996475,ERROR:ConnectionError,49.004554748535156
1786832912.0904858,ERROR:ConnectionError,58.53414535522461
1786832912.1121433,ERROR:ConnectionError,45.29213905334473
1786832912.1394644,ERROR:ConnectionError,27.096271514892578
1786832912.1490235,ERROR:ConnectionError,31.419038772583008
1786832912.0986056,ERROR:ConnectionError,86.44533157348633
1786832912.1026287,ERROR:ConnectionError,82.89790153503418
1786832912.1141093,ERROR:ConnectionError,77.05426216125488
1786832912.133653,ERROR:ConnectionError,73.36783409118652
1786832912.157445,ERROR:ConnectionError,55.29356002807617
1786832912.1804519,ERROR:ConnectionError,39.68501091003418
1786832912.1486695,ERROR:ConnectionError,77.20565795898438
1786832912.1855333,ERROR:ConnectionError,41.31650924682617
1786832912.1850598,ERROR:ConnectionError,45.407772064208984
1786832912.2127557,ERROR:ConnectionError,20.298242568969727
1786832912.1665704,ERROR:ConnectionError,71.22039794921875
1786832912.1346214,ERROR:ConnectionError,106.58526420593262
1786832912.2201457,ERROR:ConnectionError,22.752046585083008
1786832912.191171,ERROR:ConnectionError,52.88815498352051
1786832912.2304773,ERROR:ConnectionError,17.992019653320312
1786832912.1042085,ERROR:ConnectionError,145.12038230895996
1786832912.2258832,ERROR:ConnectionError,28.75661849975586
1786832912.233063,ERROR:ConnectionError,22.138357162475586
1786832912.2378018,ERROR:ConnectionError,28.593063354492188
1786832912.2429056,ERROR:ConnectionError,26.021242141723633
1786832912.2412157,ERROR:ConnectionError,29.781579971313477
1786832912.2440658,ERROR:ConnectionError,32.744646072387695
1786832912.2546487,ERROR:ConnectionError,31.110286712646484
1786832912.2493374,ERROR:ConnectionError,39.537668228149414
1786832912.2070272,ERROR:ConnectionError,94.78139877319336
1786832912.2268558,ERROR:ConnectionError,78.71055603027344
1786832912.2552083,ERROR:ConnectionError,59.58080291748047
1786832912.2664123,ERROR:ConnectionError,56.90479278564453
1786832912.301816,ERROR:ConnectionError,22.067546844482422
1786832912.276818,ERROR:ConnectionError,48.92253875732422
1786832912.2710044,ERROR:ConnectionError,55.03368377685547
1786832912.2689345,ERROR:ConnectionError,57.721614837646484
1786832912.2857697,ERROR:ConnectionError,40.98773002624512
1786832912.288886,ERROR:ConnectionError,38.3906364440918
1786832912.2484818,ERROR:ConnectionError,78.97520065307617
1786832912.3147995,ERROR:ConnectionError,21.71182632446289
1786832912.3233254,ERROR:ConnectionError,17.545461654663086
1786832912.3257446,ERROR:ConnectionError,17.09270477294922
1786832912.3267593,ERROR:ConnectionError,18.490314483642578
1786832912.3266582,ERROR:ConnectionError,20.07913589477539
1786832912.3274593,ERROR:ConnectionError,21.6062068939209
1786832912.3055775,ERROR:ConnectionError,47.68848419189453
1786832912.3365192,ERROR:ConnectionError,21.14248275756836
1786832912.32728,ERROR:ConnectionError,31.568050384521484
1786832912.3408813,ERROR:ConnectionError,19.718408584594727
1786832912.3238883,ERROR:ConnectionError,42.19365119934082
1786832912.3260405,ERROR:ConnectionError,40.93003273010254
1786832912.3428423,ERROR:ConnectionError,30.18641471862793
1786832912.346749,ERROR:ConnectionError,29.174327850341797
1786832912.3532717,ERROR:ConnectionError,22.895097732543945
1786832912.349079,ERROR:ConnectionError,28.605222702026367
1786832912.3588598,ERROR:ConnectionError,21.09813690185547
1786832912.357671,ERROR:ConnectionError,26.45707130432129
1786832912.345261,ERROR:ConnectionError,48.514366149902344
1786832912.3606071,ERROR:ConnectionError,41.16320610046387
1786832912.3669777,ERROR:ConnectionError,53.45964431762695
1786832912.3730397,ERROR:ConnectionError,49.9110221862793
1786832912.3799682,ERROR:ConnectionError,51.0258674621582
1786832912.37617,ERROR:ConnectionError,59.42201614379883
1786832912.3776886,ERROR:ConnectionError,67.37089157104492
1786832912.3661964,ERROR:ConnectionError,82.1678638458252
1786832912.3841379,ERROR:ConnectionError,67.92211532592773
1786832912.3759315,ERROR:ConnectionError,86.20357513427734
1786832912.4310017,ERROR:ConnectionError,34.17181968688965
1786832912.401815,ERROR:ConnectionError,64.77856636047363
1786832912.4356022,ERROR:ConnectionError,32.84621238708496
1786832912.4229622,ERROR:ConnectionError,47.14822769165039
1786832912.462151,ERROR:ConnectionError,10.62464714050293
1786832912.4483728,ERROR:ConnectionError,26.86333656311035
1786832912.3937871,ERROR:ConnectionError,84.45358276367188
1786832912.4450731,ERROR:ConnectionError,33.72550010681152
1786832912.4204478,ERROR:ConnectionError,65.38915634155273
1786832912.4701178,ERROR:ConnectionError,18.810033798217773
1786832912.4727824,ERROR:ConnectionError,19.102096557617188
1786832912.4666016,ERROR:ConnectionError,27.8165340423584
1786832912.4684567,ERROR:ConnectionError,30.471324920654297
1786832912.4752457,ERROR:ConnectionError,30.844688415527344
1786832912.4520683,ERROR:ConnectionError,58.31766128540039
1786832912.478249,ERROR:ConnectionError,32.35220909118652
1786832912.4858484,ERROR:ConnectionError,30.743122100830078
1786832912.488938,ERROR:ConnectionError,36.607980728149414
1786832912.4788055,ERROR:ConnectionError,48.14267158508301
1786832912.4944253,ERROR:ConnectionError,34.169912338256836
1786832912.4919674,ERROR:ConnectionError,44.34013366699219
1786832912.4989383,ERROR:ConnectionError,39.28947448730469
1786832912.5103915,ERROR:ConnectionError,32.87363052368164
1786832912.465183,ERROR:ConnectionError,84.61761474609375
1786832912.5106056,ERROR:ConnectionError,43.769121170043945
1786832912.5061,ERROR:ConnectionError,50.64511299133301
1786832912.5255558,ERROR:ConnectionError,36.416053771972656
1786832912.5269558,ERROR:ConnectionError,38.78378868103027
1786832912.5286047,ERROR:ConnectionError,44.54445838928223
1786832912.536319,ERROR:ConnectionError,39.89100456237793
1786832912.538234,ERROR:ConnectionError,40.79389572143555
1786832912.556754,ERROR:ConnectionError,29.345273971557617
1786832912.543276,ERROR:ConnectionError,43.96247863769531
1786832912.5619822,ERROR:ConnectionError,31.169891357421875
1786832912.5498552,ERROR:ConnectionError,44.07095909118652
1786832912.573157,ERROR:ConnectionError,23.192644119262695
1786832912.5166066,ERROR:ConnectionError,83.03594589233398
1786832912.5543826,ERROR:ConnectionError,48.2029914855957
1786832912.5762186,ERROR:ConnectionError,27.53901481628418
1786832912.5939302,ERROR:ConnectionError,11.780977249145508
1786832912.5931573,ERROR:ConnectionError,16.824960708618164
1786832912.5872438,ERROR:ConnectionError,31.174421310424805
1786832912.5963583,ERROR:ConnectionError,29.268503189086914
1786832912.599651,ERROR:ConnectionError,27.521610260009766
1786832912.5790575,ERROR:ConnectionError,54.88157272338867
1786832912.6025999,ERROR:ConnectionError,34.140825271606445
1786832912.605718,ERROR:ConnectionError,33.267974853515625
1786832912.6099904,ERROR:ConnectionError,32.85336494445801
1786832912.6037633,ERROR:ConnectionError,40.08054733276367
1786832912.618429,ERROR:ConnectionError,29.736995697021484
1786832912.5657554,ERROR:ConnectionError,85.09039878845215
1786832912.62718,ERROR:ConnectionError,26.621580123901367
1786832912.63675,ERROR:ConnectionError,28.055191040039062
1786832912.6339486,ERROR:ConnectionError,31.575441360473633
1786832912.6389945,ERROR:ConnectionError,31.992435455322266
1786832912.5861063,ERROR:ConnectionError,90.93141555786133
1786832912.6256323,ERROR:ConnectionError,54.99839782714844
1786832912.6438491,ERROR:ConnectionError,41.005849838256836
1786832912.650854,ERROR:ConnectionError,42.48237609863281
1786832912.65381,ERROR:ConnectionError,41.54229164123535
1786832912.642854,ERROR:ConnectionError,58.82835388183594
1786832912.6648173,ERROR:ConnectionError,37.1701717376709
1786832912.6481757,ERROR:ConnectionError,57.42216110229492
1786832912.677045,ERROR:ConnectionError,32.980918884277344
1786832912.6709971,ERROR:ConnectionError,39.27302360534668
1786832912.6655285,ERROR:ConnectionError,48.52867126464844
1786832912.7019928,ERROR:ConnectionError,24.415016174316406
1786832912.6848657,ERROR:ConnectionError,41.839599609375
1786832912.701692,ERROR:ConnectionError,37.866830825805664
1786832912.710033,ERROR:ConnectionError,45.26257514953613
1786832912.6933484,ERROR:ConnectionError,63.63821029663086
1786832912.6953628,ERROR:ConnectionError,64.31269645690918
1786832912.7267096,ERROR:ConnectionError,33.20455551147461
1786832912.726417,ERROR:ConnectionError,34.53993797302246
1786832912.7395682,ERROR:ConnectionError,21.732330322265625
1786832912.6806436,ERROR:ConnectionError,84.38253402709961
1786832912.7102742,ERROR:ConnectionError,55.95588684082031
1786832912.7553015,ERROR:ConnectionError,12.814044952392578
1786832912.7569947,ERROR:ConnectionError,15.01607894897461
1786832912.7056057,ERROR:ConnectionError,68.2227611541748
1786832912.7140665,ERROR:ConnectionError,67.90804862976074
1786832912.7599192,ERROR:ConnectionError,33.76626968383789
1786832912.7613056,ERROR:ConnectionError,37.91928291320801
1786832912.7596831,ERROR:ConnectionError,39.948463439941406
1786832912.7662404,ERROR:ConnectionError,40.27247428894043
1786832912.772019,ERROR:ConnectionError,35.86459159851074
1786832912.7681227,ERROR:ConnectionError,40.21477699279785
1786832912.7936945,ERROR:ConnectionError,16.745805740356445
1786832912.765034,ERROR:ConnectionError,45.66359519958496
1786832912.7819824,ERROR:ConnectionError,29.513835906982422
1786832912.7738402,ERROR:ConnectionError,41.61691665649414
1786832912.7609637,ERROR:ConnectionError,58.58421325683594
1786832912.7992384,ERROR:ConnectionError,23.296117782592773
1786832912.8065228,ERROR:ConnectionError,16.500234603881836
1786832912.7996385,ERROR:ConnectionError,26.895523071289062
1786832912.8104463,ERROR:ConnectionError,24.550199508666992
1786832912.8078902,ERROR:ConnectionError,37.40358352661133
1786832912.8083427,ERROR:ConnectionError,39.569854736328125
1786832912.8115008,ERROR:ConnectionError,42.89507865905762
1786832912.8230278,ERROR:ConnectionError,33.329010009765625
1786832912.8107016,ERROR:ConnectionError,49.43084716796875
1786832912.847923,ERROR:ConnectionError,12.566804885864258
1786832912.8195555,ERROR:ConnectionError,41.93568229675293
1786832912.8453038,ERROR:ConnectionError,19.206762313842773
1786832912.8225417,ERROR:ConnectionError,45.31574249267578
1786832912.8350155,ERROR:ConnectionError,35.724639892578125
1786832912.826542,ERROR:ConnectionError,44.75760459899902
1786832912.8544056,ERROR:ConnectionError,20.665645599365234
1786832912.860495,ERROR:ConnectionError,15.358209609985352
1786832912.8154652,ERROR:ConnectionError,65.70553779602051
1786832912.8563666,ERROR:ConnectionError,27.310609817504883
1786832912.8645186,ERROR:ConnectionError,24.361133575439453
1786832912.8614957,ERROR:ConnectionError,27.822494506835938
1786832912.860141,ERROR:ConnectionError,33.68830680847168
1786832912.871306,ERROR:ConnectionError,22.888660430908203
1786832912.8707476,ERROR:ConnectionError,23.667335510253906
1786832912.8678656,ERROR:ConnectionError,30.606985092163086
1786832912.87586,ERROR:ConnectionError,25.317907333374023
1786832912.8751009,ERROR:ConnectionError,27.13489532470703
1786832912.881182,ERROR:ConnectionError,24.417877197265625
1786832912.8836896,ERROR:ConnectionError,22.216081619262695
1786832912.8938358,ERROR:ConnectionError,25.435686111450195
1786832912.888892,ERROR:ConnectionError,31.539440155029297
1786832912.8984833,ERROR:ConnectionError,31.885385513305664
1786832912.8941994,ERROR:ConnectionError,44.457435607910156
1786832912.9059112,ERROR:ConnectionError,33.896684646606445
1786832912.9204385,ERROR:ConnectionError,22.27497100830078
1786832912.9011872,ERROR:ConnectionError,43.07198524475098
1786832912.930401,ERROR:ConnectionError,16.54839515686035
1786832912.9193091,ERROR:ConnectionError,31.641483306884766
1786832912.889324,ERROR:ConnectionError,62.89553642272949
1786832912.8944197,ERROR:ConnectionError,62.77298927307129
1786832912.905608,ERROR:ConnectionError,52.71625518798828
1786832912.9398174,ERROR:ConnectionError,18.800735473632812
1786832912.9022925,ERROR:ConnectionError,65.76848030090332
1786832912.9386675,ERROR:ConnectionError,30.7466983795166
1786832912.9442658,ERROR:ConnectionError,29.8612117767334
1786832912.9522276,ERROR:ConnectionError,26.718616485595703
1786832912.9469554,ERROR:ConnectionError,34.481048583984375
1786832912.942723,ERROR:ConnectionError,49.08347129821777
1786832912.957218,ERROR:ConnectionError,44.30413246154785
1786832912.9586232,ERROR:ConnectionError,47.15442657470703
1786832912.9694216,ERROR:ConnectionError,38.922786712646484
1786832912.9583342,ERROR:ConnectionError,52.642822265625
1786832912.9680717,ERROR:ConnectionError,43.268680572509766
1786832912.9509618,ERROR:ConnectionError,68.37296485900879
1786832913.0015318,ERROR:ConnectionError,18.854379653930664
1786832912.9814467,ERROR:ConnectionError,39.28208351135254
1786832913.0057893,ERROR:ConnectionError,19.55723762512207
1786832912.9789565,ERROR:ConnectionError,48.538923263549805
1786832912.9918141,ERROR:ConnectionError,35.9647274017334
1786832913.0113437,ERROR:ConnectionError,27.790069580078125
1786832913.020735,ERROR:ConnectionError,18.70274543762207
1786832913.0109854,ERROR:ConnectionError,29.425621032714844
1786832912.9741366,ERROR:ConnectionError,69.51498985290527
1786832913.0193446,ERROR:ConnectionError,25.597572326660156
1786832913.0083556,ERROR:ConnectionError,48.81167411804199
1786832913.027504,ERROR:ConnectionError,30.020952224731445
1786832913.025355,ERROR:ConnectionError,35.939931869506836
1786832913.039442,ERROR:ConnectionError,25.98428726196289
1786832913.0203927,ERROR:ConnectionError,45.7463264465332
1786832913.0277843,ERROR:ConnectionError,40.4667854309082
1786832913.0436597,ERROR:ConnectionError,29.45256233215332
1786832913.0404162,ERROR:ConnectionError,36.26847267150879
1786832913.039142,ERROR:ConnectionError,37.89877891540527
1786832913.0613086,ERROR:ConnectionError,25.790691375732422
1786832913.0571792,ERROR:ConnectionError,30.176639556884766
1786832913.065436,ERROR:ConnectionError,23.651838302612305
1786832913.0575318,ERROR:ConnectionError,32.61399269104004
1786832913.0766914,ERROR:ConnectionError,24.550199508666992
1786832913.0661473,ERROR:ConnectionError,42.4342155456543
1786832913.0449486,ERROR:ConnectionError,63.89427185058594
1786832913.068264,ERROR:ConnectionError,46.95320129394531
1786832913.0731254,ERROR:ConnectionError,42.95206069946289
1786832913.077048,ERROR:ConnectionError,39.66259956359863
1786832913.0873613,ERROR:ConnectionError,33.922672271728516
1786832913.0871081,ERROR:ConnectionError,39.89267349243164
1786832913.0890949,ERROR:ConnectionError,38.25545310974121
1786832913.0901535,ERROR:ConnectionError,37.41765022277832
1786832913.1012518,ERROR:ConnectionError,37.152767181396484
1786832913.108591,ERROR:ConnectionError,34.827232360839844
1786832913.1152277,ERROR:ConnectionError,28.491497039794922
1786832913.1088476,ERROR:ConnectionError,36.33832931518555
1786832913.116083,ERROR:ConnectionError,29.42657470703125
1786832913.116715,ERROR:ConnectionError,34.375905990600586
1786832913.1212919,ERROR:ConnectionError,36.22579574584961
1786832913.1270082,ERROR:ConnectionError,34.54923629760742
1786832913.127576,ERROR:ConnectionError,34.57331657409668
1786832913.1437242,ERROR:ConnectionError,19.048452377319336
1786832913.1273577,ERROR:ConnectionError,40.54427146911621
1786832913.143425,ERROR:ConnectionError,27.867794036865234
1786832913.1384127,ERROR:ConnectionError,35.67194938659668
1786832913.1511002,ERROR:ConnectionError,24.33013916015625
1786832913.1451924,ERROR:ConnectionError,30.56192398071289
1786832913.1455145,ERROR:ConnectionError,43.714046478271484
1786832913.157525,ERROR:ConnectionError,33.11634063720703
1786832913.162154,ERROR:ConnectionError,32.263994216918945
1786832913.1627786,ERROR:ConnectionError,34.4843864440918
1786832913.1713002,ERROR:ConnectionError,32.87768363952637
1786832913.167911,ERROR:ConnectionError,42.78993606567383
1786832913.1754413,ERROR:ConnectionError,39.99638557434082
1786832913.1615648,ERROR:ConnectionError,54.19301986694336
1786832913.1740923,ERROR:ConnectionError,47.020912170410156
1786832913.1757598,ERROR:ConnectionError,46.51165008544922
1786832913.1892438,ERROR:ConnectionError,34.6837043762207
1786832913.1906464,ERROR:ConnectionError,38.84434700012207
1786832913.194426,ERROR:ConnectionError,35.933732986450195
1786832913.1972716,ERROR:ConnectionError,36.180734634399414
1786832913.2041862,ERROR:ConnectionError,29.56414222717285
1786832913.2107112,ERROR:ConnectionError,23.515939712524414
1786832913.2211223,ERROR:ConnectionError,18.346548080444336
1786832913.2239347,ERROR:ConnectionError,17.301559448242188
1786832913.2222788,ERROR:ConnectionError,25.54035186767578
1786832913.2154472,ERROR:ConnectionError,33.12492370605469
1786832913.2157629,ERROR:ConnectionError,34.47389602661133
1786832913.2303681,ERROR:ConnectionError,23.62513542175293
1786832913.2394772,ERROR:ConnectionError,19.800901412963867
1786832913.2342339,ERROR:ConnectionError,25.925874710083008
1786832913.2295034,ERROR:ConnectionError,33.88047218322754
1786832913.233473,ERROR:ConnectionError,35.97569465637207
1786832913.2412782,ERROR:ConnectionError,28.72920036315918
1786832913.2337546,ERROR:ConnectionError,36.5452766418457
1786832913.2478278,ERROR:ConnectionError,29.31690216064453
1786832913.250244,ERROR:ConnectionError,27.994632720947266
1786832913.248578,ERROR:ConnectionError,42.41299629211426
1786832913.2539988,ERROR:ConnectionError,47.441720962524414
1786832913.2601666,ERROR:ConnectionError,54.87394332885742
1786832913.2694564,ERROR:ConnectionError,50.28080940246582
1786832913.270306,ERROR:ConnectionError,50.06098747253418
1786832913.2909977,ERROR:ConnectionError,29.65545654296875
1786832913.2700138,ERROR:ConnectionError,51.72848701477051
1786832913.2771552,ERROR:ConnectionError,44.80910301208496
1786832913.301458,ERROR:ConnectionError,21.308183670043945
1786832913.2633963,ERROR:ConnectionError,61.731815338134766
1786832913.2782443,ERROR:ConnectionError,47.52326011657715
1786832913.2592893,ERROR:ConnectionError,67.38877296447754
1786832913.315052,ERROR:ConnectionError,24.27220344543457
1786832913.3197463,ERROR:ConnectionError,22.356748580932617
1786832913.3203747,ERROR:ConnectionError,25.659561157226562
1786832913.3206637,ERROR:ConnectionError,25.80857276916504
1786832913.3227715,ERROR:ConnectionError,30.474185943603516
1786832913.3219676,ERROR:ConnectionError,32.97543525695801
1786832913.326684,ERROR:ConnectionError,31.244277954101562
1786832913.3257744,ERROR:ConnectionError,33.07795524597168
1786832913.325135,ERROR:ConnectionError,45.716047286987305
1786832913.3217466,ERROR:ConnectionError,51.2697696685791
1786832913.3393335,ERROR:ConnectionError,35.378456115722656
1786832913.3464797,ERROR:ConnectionError,32.004356384277344
1786832913.342115,ERROR:ConnectionError,36.847829818725586
1786832913.346045,ERROR:ConnectionError,39.34311866760254
1786832913.3549533,ERROR:ConnectionError,30.998706817626953
1786832913.3588572,ERROR:ConnectionError,35.63117980957031
1786832913.3730237,ERROR:ConnectionError,21.958351135253906
1786832913.357936,ERROR:ConnectionError,37.29248046875
1786832913.370861,ERROR:ConnectionError,24.739742279052734
1786832913.3532543,ERROR:ConnectionError,42.59467124938965
1786832913.3789682,ERROR:ConnectionError,25.61640739440918
1786832913.3784916,ERROR:ConnectionError,26.45587921142578
1786832913.3747633,ERROR:ConnectionError,32.31930732727051
1786832913.385959,ERROR:ConnectionError,23.43606948852539
1786832913.3956058,ERROR:ConnectionError,18.4934139251709
1786832913.395233,ERROR:ConnectionError,19.783973693847656
1786832913.394987,ERROR:ConnectionError,20.984411239624023
1786832913.3944988,ERROR:ConnectionError,21.9728946685791
1786832913.3853953,ERROR:ConnectionError,39.22629356384277
1786832913.3958528,ERROR:ConnectionError,29.062747955322266
1786832913.404597,ERROR:ConnectionError,25.283336639404297
1786832913.4070895,ERROR:ConnectionError,24.271011352539062
1786832913.4049516,ERROR:ConnectionError,26.671409606933594
1786832913.4150224,ERROR:ConnectionError,16.818761825561523
1786832913.4141111,ERROR:ConnectionError,22.724628448486328
1786832913.4094045,ERROR:ConnectionError,28.557777404785156
1786832913.4159772,ERROR:ConnectionError,22.519350051879883
1786832913.4164777,ERROR:ConnectionError,22.28093147277832
1786832913.4249194,ERROR:ConnectionError,18.895626068115234
1786832913.4246314,ERROR:ConnectionError,21.712303161621094
1786832913.4313686,ERROR:ConnectionError,17.16160774230957
1786832913.4298906,ERROR:ConnectionError,24.228811264038086
1786832913.436842,ERROR:ConnectionError,18.238067626953125
1786832913.4316266,ERROR:ConnectionError,24.996519088745117
1786832913.4318466,ERROR:ConnectionError,26.007652282714844
1786832913.438504,ERROR:ConnectionError,24.569988250732422
1786832913.4387653,ERROR:ConnectionError,24.619340896606445
1786832913.4379687,ERROR:ConnectionError,27.76789665222168
1786832913.4485369,ERROR:ConnectionError,18.156766891479492
1786832913.4438274,ERROR:ConnectionError,23.19025993347168
1786832913.4578624,ERROR:ConnectionError,13.950586318969727
1786832913.45663,ERROR:ConnectionError,16.000747680664062
1786832913.4550903,ERROR:ConnectionError,17.783641815185547
1786832913.4541287,ERROR:ConnectionError,22.72319793701172
1786832913.4630792,ERROR:ConnectionError,14.964580535888672
1786832913.4463515,ERROR:ConnectionError,32.07802772521973
1786832913.4657412,ERROR:ConnectionError,13.208389282226562
1786832913.467022,ERROR:ConnectionError,17.582416534423828
1786832913.4633908,ERROR:ConnectionError,23.291826248168945
1786832913.4728792,ERROR:ConnectionError,14.159202575683594
1786832913.471822,ERROR:ConnectionError,18.092632293701172
1786832913.4780505,ERROR:ConnectionError,12.120485305786133
1786832913.4726365,ERROR:ConnectionError,17.777442932128906
1786832913.466698,ERROR:ConnectionError,23.958683013916016
1786832913.4789538,ERROR:ConnectionError,14.298200607299805
1786832913.4784338,ERROR:ConnectionError,18.80168914794922
1786832913.4768608,ERROR:ConnectionError,24.559497833251953
1786832913.4870439,ERROR:ConnectionError,15.560626983642578
1786832913.4846108,ERROR:ConnectionError,21.342039108276367
1786832913.490173,ERROR:ConnectionError,23.157358169555664
1786832913.4906604,ERROR:ConnectionError,23.730754852294922
1786832913.486687,ERROR:ConnectionError,27.905941009521484
1786832913.4932585,ERROR:ConnectionError,22.187232971191406
1786832913.4904213,ERROR:ConnectionError,26.7488956451416
1786832913.4972436,ERROR:ConnectionError,21.86131477355957
1786832913.4899209,ERROR:ConnectionError,31.579017639160156
1786832913.5014312,ERROR:ConnectionError,21.110057830810547
1786832913.5059593,ERROR:ConnectionError,17.154455184936523
1786832913.5026119,ERROR:ConnectionError,23.155689239501953
1786832913.5133414,ERROR:ConnectionError,15.878915786743164
1786832913.5143976,ERROR:ConnectionError,16.232728958129883
1786832913.5154498,ERROR:ConnectionError,18.190860748291016
1786832913.514596,ERROR:ConnectionError,20.94101905822754
1786832913.517176,ERROR:ConnectionError,19.788026809692383
1786832913.521504,ERROR:ConnectionError,16.472816467285156
1786832913.5191278,ERROR:ConnectionError,21.993398666381836
1786832913.5231197,ERROR:ConnectionError,19.50550079345703
1786832913.5225515,ERROR:ConnectionError,23.806333541870117
1786832913.529228,ERROR:ConnectionError,20.105600357055664
1786832913.530656,ERROR:ConnectionError,22.214412689208984
1786832913.5336494,ERROR:ConnectionError,20.534276962280273
1786832913.525772,ERROR:ConnectionError,29.904603958129883
1786832913.5379822,ERROR:ConnectionError,22.62711524963379
1786832913.5355442,ERROR:ConnectionError,25.49147605895996
1786832913.54263,ERROR:ConnectionError,27.33302116394043
1786832913.5463655,ERROR:ConnectionError,24.858474731445312
1786832913.541127,ERROR:ConnectionError,31.352996826171875
1786832913.5369697,ERROR:ConnectionError,36.38792037963867
1786832913.549344,ERROR:ConnectionError,27.30274200439453
1786832913.5541906,ERROR:ConnectionError,24.927139282226562
1786832913.555685,ERROR:ConnectionError,26.337623596191406
1786832913.5528831,ERROR:ConnectionError,29.39748764038086
1786832913.5610402,ERROR:ConnectionError,23.507118225097656
1786832913.5700326,ERROR:ConnectionError,17.004013061523438
1786832913.5712316,ERROR:ConnectionError,18.423080444335938
1786832913.5724862,ERROR:ConnectionError,17.461776733398438
1786832913.573362,ERROR:ConnectionError,24.0020751953125
1786832913.5791268,ERROR:ConnectionError,29.221057891845703
1786832913.560617,ERROR:ConnectionError,48.29001426696777
1786832913.576653,ERROR:ConnectionError,35.82262992858887
1786832913.5820293,ERROR:ConnectionError,30.742168426513672
1786832913.5822842,ERROR:ConnectionError,35.4616641998291
1786832913.589951,ERROR:ConnectionError,29.610872268676758
1786832913.5845516,ERROR:ConnectionError,35.50148010253906
1786832913.5870452,ERROR:ConnectionError,33.223867416381836
1786832913.5896618,ERROR:ConnectionError,31.010866165161133
1786832913.6089122,ERROR:ConnectionError,13.225793838500977
1786832913.5973725,ERROR:ConnectionError,26.546239852905273
1786832913.608357,ERROR:ConnectionError,18.56827735900879
1786832913.6127756,ERROR:ConnectionError,18.439531326293945
1786832913.6177533,ERROR:ConnectionError,15.643119812011719
1786832913.6202738,ERROR:ConnectionError,13.33928108215332
1786832913.6195703,ERROR:ConnectionError,23.572683334350586
1786832913.6200573,ERROR:ConnectionError,23.984909057617188
1786832913.6239254,ERROR:ConnectionError,30.556678771972656
1786832913.6206775,ERROR:ConnectionError,49.61133003234863
1786832913.626933,ERROR:ConnectionError,44.4483757019043
1786832913.6312234,ERROR:ConnectionError,40.49873352050781
1786832913.633617,ERROR:ConnectionError,46.41270637512207
1786832913.6124828,ERROR:ConnectionError,68.9997673034668
1786832913.6334026,ERROR:ConnectionError,56.140899658203125
1786832913.6431499,ERROR:ConnectionError,47.09982872009277
1786832913.6221418,ERROR:ConnectionError,73.4715461730957
1786832913.6702936,ERROR:ConnectionError,48.0349063873291
1786832913.6713874,ERROR:ConnectionError,49.22008514404297
1786832913.671726,ERROR:ConnectionError,49.837589263916016
1786832913.6544876,ERROR:ConnectionError,67.24905967712402
1786832913.6814926,ERROR:ConnectionError,46.906471252441406
1786832913.6440458,ERROR:ConnectionError,86.60149574279785
1786832913.6902537,ERROR:ConnectionError,40.66061973571777
1786832913.6956375,ERROR:ConnectionError,36.62681579589844
1786832913.6895516,ERROR:ConnectionError,42.9987907409668
1786832913.680041,ERROR:ConnectionError,62.79182434082031
1786832913.7206159,ERROR:ConnectionError,23.98395538330078
1786832913.718339,ERROR:ConnectionError,26.631593704223633
1786832913.7215674,ERROR:ConnectionError,25.571823120117188
1786832913.7309172,ERROR:ConnectionError,18.093585968017578
1786832913.7306535,ERROR:ConnectionError,20.72882652282715
1786832913.72174,ERROR:ConnectionError,35.036325454711914
1786832913.7284083,ERROR:ConnectionError,30.841350555419922
1786832913.7325547,ERROR:ConnectionError,27.616262435913086
1786832913.7322712,ERROR:ConnectionError,30.094146728515625
1786832913.742841,ERROR:ConnectionError,19.888877868652344
1786832913.747146,ERROR:ConnectionError,16.949892044067383
1786832913.7449741,ERROR:ConnectionError,21.02828025817871
1786832913.751389,ERROR:ConnectionError,19.809961318969727
1786832913.749017,ERROR:ConnectionError,22.892475128173828
1786832913.756784,ERROR:ConnectionError,16.297578811645508
1786832913.7446063,ERROR:ConnectionError,29.818296432495117
1786832913.7592566,ERROR:ConnectionError,16.010284423828125
1786832913.7601771,ERROR:ConnectionError,22.818326950073242
1786832913.7627342,ERROR:ConnectionError,25.839805603027344
1786832913.7641594,ERROR:ConnectionError,26.47256851196289
1786832913.7623723,ERROR:ConnectionError,36.90838813781738
1786832913.7752733,ERROR:ConnectionError,36.043405532836914
1786832913.7744334,ERROR:ConnectionError,43.398141860961914
1786832913.773087,ERROR:ConnectionError,49.46446418762207
1786832913.7830067,ERROR:ConnectionError,39.89553451538086
1786832913.7885828,ERROR:ConnectionError,35.465240478515625
1786832913.7712064,ERROR:ConnectionError,57.06501007080078
1786832913.7719164,ERROR:ConnectionError,60.990095138549805
1786832913.7660115,ERROR:ConnectionError,82.70835876464844
1786832913.79064,ERROR:ConnectionError,58.44998359680176
1786832913.7992904,ERROR:ConnectionError,52.34527587890625
1786832913.8229077,ERROR:ConnectionError,34.520864486694336
1786832913.82256,ERROR:ConnectionError,36.62395477294922
1786832913.811325,ERROR:ConnectionError,48.18534851074219
1786832913.8240547,ERROR:ConnectionError,40.10653495788574
1786832913.828279,ERROR:ConnectionError,38.306236267089844
1786832913.8329248,ERROR:ConnectionError,33.88214111328125
1786832913.848737,ERROR:ConnectionError,22.11475372314453
1786832913.8490953,ERROR:ConnectionError,23.82063865661621
1786832913.8516412,ERROR:ConnectionError,25.448083877563477
1786832913.817842,ERROR:ConnectionError,64.96453285217285
1786832913.8574393,ERROR:ConnectionError,28.224945068359375
1786832913.859518,ERROR:ConnectionError,26.635408401489258
1786832913.8665905,ERROR:ConnectionError,23.82493019104004
1786832913.864171,ERROR:ConnectionError,29.776334762573242
1786832913.8591933,ERROR:ConnectionError,35.08782386779785
1786832913.8668106,ERROR:ConnectionError,33.884525299072266
1786832913.8828197,ERROR:ConnectionError,20.98870277404785
1786832913.8708608,ERROR:ConnectionError,34.03663635253906
1786832913.8771,ERROR:ConnectionError,28.49602699279785
1786832913.872924,ERROR:ConnectionError,33.85496139526367
1786832913.885678,ERROR:ConnectionError,39.28375244140625
1786832913.890426,ERROR:ConnectionError,35.60638427734375
1786832913.8942873,ERROR:ConnectionError,52.74701118469238
1786832913.8861623,ERROR:ConnectionError,66.16330146789551
1786832913.9007046,ERROR:ConnectionError,52.35123634338379
1786832913.9038181,ERROR:ConnectionError,53.356170654296875
1786832913.8939574,ERROR:ConnectionError,68.20797920227051
1786832913.9049032,ERROR:ConnectionError,59.911489486694336
1786832913.9056022,ERROR:ConnectionError,60.16206741333008
1786832913.9067893,ERROR:ConnectionError,60.0128173828125
1786832913.9249723,ERROR:ConnectionError,48.89655113220215
1786832913.9470453,ERROR:ConnectionError,27.177095413208008
1786832913.926041,ERROR:ConnectionError,49.51643943786621
1786832913.9571855,ERROR:ConnectionError,18.57137680053711
1786832913.9530618,ERROR:ConnectionError,22.9034423828125
1786832913.9621875,ERROR:ConnectionError,20.905256271362305
1786832913.9523342,ERROR:ConnectionError,32.34696388244629
1786832913.9657717,ERROR:ConnectionError,22.324800491333008
1786832913.9668083,ERROR:ConnectionError,28.743505477905273
1786832913.9648232,ERROR:ConnectionError,31.043291091918945
1786832913.9759684,ERROR:ConnectionError,23.792028427124023
1786832913.9755626,ERROR:ConnectionError,27.8475284576416
1786832913.9757607,ERROR:ConnectionError,48.19059371948242
1786832913.974226,ERROR:ConnectionError,49.99423027038574
1786832913.9831011,ERROR:ConnectionError,51.83696746826172
1786832913.9738772,ERROR:ConnectionError,68.36676597595215
1786832913.9846902,ERROR:ConnectionError,59.43942070007324
1786832913.9958723,ERROR:ConnectionError,55.13167381286621
1786832913.9881113,ERROR:ConnectionError,67.0936107635498
1786832913.9997678,ERROR:ConnectionError,56.00452423095703
1786832914.0034184,ERROR:ConnectionError,53.519487380981445
1786832913.9955602,ERROR:ConnectionError,62.51859664916992
1786832914.023961,ERROR:ConnectionError,36.09037399291992
1786832914.024224,ERROR:ConnectionError,39.8409366607666
1786832914.0349472,ERROR:ConnectionError,34.60192680358887
1786832914.0422523,ERROR:ConnectionError,29.489994049072266
1786832914.0441382,ERROR:ConnectionError,31.165599822998047
1786832914.0510125,ERROR:ConnectionError,33.18619728088379
1786832914.055777,ERROR:ConnectionError,30.095815658569336
1786832914.0569444,ERROR:ConnectionError,29.667139053344727
1786832914.0552132,ERROR:ConnectionError,36.56911849975586
1786832914.058084,ERROR:ConnectionError,34.1036319732666
1786832914.0600567,ERROR:ConnectionError,35.22992134094238
1786832914.0640783,ERROR:ConnectionError,40.52925109863281
1786832914.0695596,ERROR:ConnectionError,36.420583724975586
1786832914.0717478,ERROR:ConnectionError,34.581661224365234
1786832914.08588,ERROR:ConnectionError,23.725032806396484
1786832914.0842125,ERROR:ConnectionError,39.786338806152344
1786832914.0866158,ERROR:ConnectionError,46.56219482421875
1786832914.091791,ERROR:ConnectionError,41.777610778808594
1786832914.0921934,ERROR:ConnectionError,42.79136657714844
1786832914.0953116,ERROR:ConnectionError,47.08528518676758
1786832914.1046183,ERROR:ConnectionError,38.77449035644531
1786832914.0753112,ERROR:ConnectionError,71.56562805175781
1786832914.1240146,ERROR:ConnectionError,25.79188346862793
1786832914.1063337,ERROR:ConnectionError,47.132015228271484
1786832914.109611,ERROR:ConnectionError,46.106576919555664
1786832914.1335747,ERROR:ConnectionError,30.162334442138672
1786832914.1349907,ERROR:ConnectionError,36.34500503540039
1786832914.1059892,ERROR:ConnectionError,72.45898246765137
1786832914.13319,ERROR:ConnectionError,45.64690589904785
1786832914.1424084,ERROR:ConnectionError,36.71002388000488
1786832914.143399,ERROR:ConnectionError,45.4556941986084
1786832914.1498148,ERROR:ConnectionError,43.39599609375
1786832914.1534817,ERROR:ConnectionError,40.16900062561035
1786832914.1468852,ERROR:ConnectionError,54.72612380981445
1786832914.1557252,ERROR:ConnectionError,46.40078544616699
1786832914.1637468,ERROR:ConnectionError,61.264991760253906
1786832914.1713521,ERROR:ConnectionError,61.31720542907715
1786832914.1788445,ERROR:ConnectionError,54.979562759399414
1786832914.1784577,ERROR:ConnectionError,59.720754623413086
1786832914.1791248,ERROR:ConnectionError,65.19889831542969
1786832914.1888633,ERROR:ConnectionError,64.38875198364258
1786832914.1936562,ERROR:ConnectionError,63.501834869384766
1786832914.193221,ERROR:ConnectionError,79.89311218261719
1786832914.2250211,ERROR:ConnectionError,60.265302658081055
1786832914.2021341,ERROR:ConnectionError,97.73063659667969
1786832914.2338305,ERROR:ConnectionError,70.22523880004883
1786832914.2016206,ERROR:ConnectionError,102.90646553039551
1786832914.2326834,ERROR:ConnectionError,75.23870468139648
1786832914.2998762,ERROR:ConnectionError,16.757726669311523
1786832914.2383103,ERROR:ConnectionError,85.25252342224121
1786832914.2443326,ERROR:ConnectionError,81.05826377868652
1786832914.257169,ERROR:ConnectionError,79.81014251708984
1786832914.3040671,ERROR:ConnectionError,36.512136459350586
1786832914.253261,ERROR:ConnectionError,93.04141998291016
1786832914.285298,ERROR:ConnectionError,62.9732608795166
1786832914.3045323,ERROR:ConnectionError,48.989057540893555
1786832914.27313,ERROR:ConnectionError,88.87910842895508
1786832914.3079324,ERROR:ConnectionError,68.35222244262695
1786832914.3235729,ERROR:ConnectionError,101.6852855682373
1786832914.325396,ERROR:ConnectionError,105.19766807556152
1786832914.34631,ERROR:ConnectionError,87.09239959716797
1786832914.336993,ERROR:ConnectionError,97.37157821655273
1786832914.3166428,ERROR:ConnectionError,123.46887588500977
1786832914.3535333,ERROR:ConnectionError,86.90404891967773
1786832914.3482828,ERROR:ConnectionError,100.63457489013672
1786832914.3405898,ERROR:ConnectionError,114.98498916625977
1786832914.3620214,ERROR:ConnectionError,95.51358222961426
1786832914.376294,ERROR:ConnectionError,97.11027145385742
1786832914.4306037,ERROR:ConnectionError,45.142412185668945
1786832914.4252713,ERROR:ConnectionError,51.43022537231445
1786832914.433411,ERROR:ConnectionError,59.271812438964844
1786832914.4343712,ERROR:ConnectionError,97.74088859558105
1786832914.4734142,ERROR:ConnectionError,59.84973907470703
1786832914.4489295,ERROR:ConnectionError,84.49149131774902
1786832914.4757547,ERROR:ConnectionError,72.1290111541748
1786832914.4555874,ERROR:ConnectionError,97.1672534942627
1786832914.4404438,ERROR:ConnectionError,116.90878868103027
1786832914.4401205,ERROR:ConnectionError,119.34471130371094
1786832914.4767082,ERROR:ConnectionError,89.5843505859375
1786832914.533424,ERROR:ConnectionError,34.697771072387695
1786832914.4575424,ERROR:ConnectionError,110.71324348449707
1786832914.5332685,ERROR:ConnectionError,40.68398475646973
1786832914.5478916,ERROR:ConnectionError,28.33724021911621
1786832914.492691,ERROR:ConnectionError,85.5557918548584
1786832914.5321262,ERROR:ConnectionError,49.118757247924805
1786832914.5527642,ERROR:ConnectionError,53.10344696044922
1786832914.559474,ERROR:ConnectionError,54.2449951171875
1786832914.568258,ERROR:ConnectionError,48.54631423950195
1786832914.5681262,ERROR:ConnectionError,49.706220626831055
1786832914.5782537,ERROR:ConnectionError,42.03677177429199
1786832914.5739625,ERROR:ConnectionError,46.736717224121094
1786832914.5663023,ERROR:ConnectionError,56.16283416748047
1786832914.5573611,ERROR:ConnectionError,66.1923885345459
1786832914.576237,ERROR:ConnectionError,51.32007598876953
1786832914.6058753,ERROR:ConnectionError,23.94843101501465
1786832914.5812533,ERROR:ConnectionError,49.81637001037598
1786832914.6137302,ERROR:ConnectionError,23.909807205200195
1786832914.617836,ERROR:ConnectionError,31.4939022064209
1786832914.616813,ERROR:ConnectionError,34.8813533782959
1786832914.6202984,ERROR:ConnectionError,47.533512115478516
1786832914.6207054,ERROR:ConnectionError,49.56340789794922
1786832914.6224713,ERROR:ConnectionError,49.050092697143555
1786832914.6235611,ERROR:ConnectionError,49.311161041259766
1786832914.6275651,ERROR:ConnectionError,48.80928993225098
1786832914.6298285,ERROR:ConnectionError,47.08600044250488
1786832914.6310737,ERROR:ConnectionError,46.07057571411133
1786832914.6493473,ERROR:ConnectionError,28.942346572875977
1786832914.6376498,ERROR:ConnectionError,43.263912200927734
1786832914.6678393,ERROR:ConnectionError,23.326396942138672
1786832914.6517003,ERROR:ConnectionError,40.34256935119629
1786832914.6702783,ERROR:ConnectionError,32.509565353393555
1786832914.671533,ERROR:ConnectionError,32.69791603088379
1786832914.6728945,ERROR:ConnectionError,35.83955764770508
1786832914.6769202,ERROR:ConnectionError,48.32267761230469
1786832914.676382,ERROR:ConnectionError,49.92866516113281
1786832914.6771479,ERROR:ConnectionError,68.64666938781738
1786832914.678293,ERROR:ConnectionError,81.24613761901855
1786832914.6920476,ERROR:ConnectionError,76.17545127868652
1786832914.6809185,ERROR:ConnectionError,87.82315254211426
1786832914.7027962,ERROR:ConnectionError,67.4123764038086
1786832914.6911762,ERROR:ConnectionError,81.45713806152344
1786832914.704238,ERROR:ConnectionError,69.5195198059082
1786832914.7252538,ERROR:ConnectionError,50.7509708404541
1786832914.7087421,ERROR:ConnectionError,69.08369064331055
1786832914.7595458,ERROR:ConnectionError,31.776905059814453
1786832914.7458038,ERROR:ConnectionError,45.8683967590332
1786832914.7682338,ERROR:ConnectionError,24.83987808227539
1786832914.7687476,ERROR:ConnectionError,27.321815490722656
1786832914.7263162,ERROR:ConnectionError,71.02274894714355
1786832914.7702203,ERROR:ConnectionError,28.908252716064453
1786832914.7737644,ERROR:ConnectionError,40.209293365478516
1786832914.7726405,ERROR:ConnectionError,45.92609405517578
1786832914.7760134,ERROR:ConnectionError,44.712066650390625
1786832914.7778358,ERROR:ConnectionError,49.49450492858887
1786832914.7916765,ERROR:ConnectionError,45.10617256164551
1786832914.7913375,ERROR:ConnectionError,47.19233512878418
1786832914.7960763,ERROR:ConnectionError,43.129920959472656
1786832914.7973447,ERROR:ConnectionError,42.972564697265625
1786832914.79308,ERROR:ConnectionError,47.8518009185791
1786832914.8207343,ERROR:ConnectionError,20.666837692260742
1786832914.8139815,ERROR:ConnectionError,28.264284133911133
1786832914.8185763,ERROR:ConnectionError,28.122901916503906
1786832914.7991347,ERROR:ConnectionError,48.02870750427246
1786832914.8273368,ERROR:ConnectionError,26.582717895507812
1786832914.8367949,ERROR:ConnectionError,30.4718017578125
1786832914.8403256,ERROR:ConnectionError,29.624462127685547
1786832914.8392117,ERROR:ConnectionError,33.95819664001465
1786832914.8409386,ERROR:ConnectionError,39.57319259643555
1786832914.8422532,ERROR:ConnectionError,43.33972930908203
1786832914.8471656,ERROR:ConnectionError,44.24691200256348
1786832914.8414056,ERROR:ConnectionError,52.66380310058594
1786832914.8539279,ERROR:ConnectionError,40.44818878173828
1786832914.8385375,ERROR:ConnectionError,58.014631271362305
1786832914.8467066,ERROR:ConnectionError,65.1707649230957
1786832914.8672755,ERROR:ConnectionError,46.01263999938965
1786832914.8805163,ERROR:ConnectionError,59.38124656677246
1786832914.8914206,ERROR:ConnectionError,50.51064491271973
1786832914.8856063,ERROR:ConnectionError,61.313629150390625
1786832914.8699691,ERROR:ConnectionError,77.3308277130127
1786832914.8731785,ERROR:ConnectionError,74.55897331237793
1786832914.894381,ERROR:ConnectionError,58.902740478515625
1786832914.9118874,ERROR:ConnectionError,66.61605834960938
1786832914.894078,ERROR:ConnectionError,86.05360984802246
1786832914.8965585,ERROR:ConnectionError,84.99264717102051
1786832914.9399083,ERROR:ConnectionError,41.882991790771484
1786832914.9132977,ERROR:ConnectionError,71.78688049316406
1786832914.9477456,ERROR:ConnectionError,46.93150520324707
1786832914.9473057,ERROR:ConnectionError,49.727439880371094
1786832914.9419408,ERROR:ConnectionError,62.039852142333984
1786832914.9532905,ERROR:ConnectionError,52.13165283203125
1786832914.9785135,ERROR:ConnectionError,39.07346725463867
1786832914.9815578,ERROR:ConnectionError,44.13247108459473
1786832914.9817972,ERROR:ConnectionError,48.377037048339844
1786832915.0039916,ERROR:ConnectionError,37.56070137023926
1786832914.9946854,ERROR:ConnectionError,47.55115509033203
1786832914.9469285,ERROR:ConnectionError,95.57938575744629
1786832914.9850943,ERROR:ConnectionError,58.29262733459473
1786832914.9970415,ERROR:ConnectionError,46.57769203186035
1786832914.98014,ERROR:ConnectionError,63.689231872558594
1786832915.0257006,ERROR:ConnectionError,26.086807250976562
1786832915.0175998,ERROR:ConnectionError,34.67869758605957
1786832915.0301826,ERROR:ConnectionError,22.363662719726562
1786832915.0425124,ERROR:ConnectionError,21.747112274169922
1786832915.0054286,ERROR:ConnectionError,62.51025199890137
1786832915.0422547,ERROR:ConnectionError,37.90879249572754
1786832915.0433934,ERROR:ConnectionError,37.13798522949219
1786832915.0525515,ERROR:ConnectionError,32.13906288146973
1786832915.0415604,ERROR:ConnectionError,45.89033126831055
1786832915.051797,ERROR:ConnectionError,36.62276268005371
1786832915.052285,ERROR:ConnectionError,38.64479064941406
1786832915.0438342,ERROR:ConnectionError,47.68657684326172
1786832915.0679467,ERROR:ConnectionError,28.386831283569336
1786832915.0805378,ERROR:ConnectionError,16.507387161254883
1786832915.0801866,ERROR:ConnectionError,17.29607582092285
1786832915.0846963,ERROR:ConnectionError,16.683101654052734
1786832915.0642748,ERROR:ConnectionError,39.57843780517578
1786832915.087458,ERROR:ConnectionError,19.67167854309082
1786832915.0884256,ERROR:ConnectionError,20.74742317199707
1786832915.091526,ERROR:ConnectionError,20.2481746673584
1786832915.0909379,ERROR:ConnectionError,22.220373153686523
1786832915.09705,ERROR:ConnectionError,18.36991310119629
1786832915.1013842,ERROR:ConnectionError,16.63041114807129
1786832915.096343,ERROR:ConnectionError,22.633790969848633
1786832915.0436244,ERROR:ConnectionError,75.62637329101562
1786832915.0974886,ERROR:ConnectionError,24.60455894470215
1786832915.1038613,ERROR:ConnectionError,19.933462142944336
1786832915.111785,ERROR:ConnectionError,17.947912216186523
1786832915.107141,ERROR:ConnectionError,23.524999618530273
1786832915.1091812,ERROR:ConnectionError,26.64494514465332
1786832915.115427,ERROR:ConnectionError,23.75197410583496
1786832915.1189826,ERROR:ConnectionError,22.400379180908203
1786832915.1192563,ERROR:ConnectionError,27.387619018554688
1786832915.1220996,ERROR:ConnectionError,28.513431549072266
1786832915.1238022,ERROR:ConnectionError,40.16828536987305
1786832915.113166,ERROR:ConnectionError,62.35170364379883
1786832915.129742,ERROR:ConnectionError,46.13780975341797
1786832915.1180246,ERROR:ConnectionError,58.12239646911621
1786832915.135832,ERROR:ConnectionError,50.209999084472656
1786832915.1413944,ERROR:ConnectionError,57.96027183532715
1786832915.139187,ERROR:ConnectionError,66.29538536071777
1786832915.1506803,ERROR:ConnectionError,55.850982666015625
1786832915.1755285,ERROR:ConnectionError,33.392906188964844
1786832915.1758847,ERROR:ConnectionError,33.30636024475098
1786832915.1761518,ERROR:ConnectionError,33.28061103820801
1786832915.1306741,ERROR:ConnectionError,83.13918113708496
1786832915.1639855,ERROR:ConnectionError,50.34923553466797
1786832915.1860578,ERROR:ConnectionError,28.411388397216797
1786832915.1993697,ERROR:ConnectionError,16.480684280395508
1786832915.1466517,ERROR:ConnectionError,69.43869590759277
1786832915.2054913,ERROR:ConnectionError,16.583919525146484
1786832915.2065392,ERROR:ConnectionError,18.31221580505371
1786832915.2094367,ERROR:ConnectionError,17.462968826293945
1786832915.2144718,ERROR:ConnectionError,15.587806701660156
1786832915.2160943,ERROR:ConnectionError,14.472723007202148
1786832915.213818,ERROR:ConnectionError,17.833471298217773
1786832915.2091966,ERROR:ConnectionError,23.46944808959961
1786832915.20893,ERROR:ConnectionError,24.118661880493164
1786832915.2220824,ERROR:ConnectionError,16.5250301361084
1786832915.2158575,ERROR:ConnectionError,26.710987091064453
1786832915.2143376,ERROR:ConnectionError,33.45894813537598
1786832915.2269073,ERROR:ConnectionError,21.373271942138672
1786832915.2330527,ERROR:ConnectionError,16.68572425842285
1786832915.2326727,ERROR:ConnectionError,21.511077880859375
1786832915.2248585,ERROR:ConnectionError,31.881093978881836
1786832915.238617,ERROR:ConnectionError,18.36681365966797
1786832915.2305727,ERROR:ConnectionError,29.837369918823242
1786832915.2300656,ERROR:ConnectionError,32.3030948638916
1786832915.2425785,ERROR:ConnectionError,21.388530731201172
1786832915.231658,ERROR:ConnectionError,33.829689025878906
1786832915.2478063,ERROR:ConnectionError,25.562286376953125
1786832915.249745,ERROR:ConnectionError,25.749921798706055
1786832915.2604184,ERROR:ConnectionError,18.38207244873047
1786832915.2541957,ERROR:ConnectionError,31.87108039855957
1786832915.256988,ERROR:ConnectionError,29.53052520751953
1786832915.2567463,ERROR:ConnectionError,31.193971633911133
1786832915.2654963,ERROR:ConnectionError,24.63078498840332
1786832915.262377,ERROR:ConnectionError,32.03082084655762
1786832915.2639742,ERROR:ConnectionError,30.786514282226562
1786832915.27338,ERROR:ConnectionError,22.57251739501953
1786832915.2755017,ERROR:ConnectionError,27.525901794433594
1786832915.2861178,ERROR:ConnectionError,20.325422286987305
1786832915.2879457,ERROR:ConnectionError,19.538164138793945
1786832915.2482848,ERROR:ConnectionError,64.66555595397949
1786832915.2959583,ERROR:ConnectionError,18.245697021484375
1786832915.278809,ERROR:ConnectionError,36.57388687133789
1786832915.2944167,ERROR:ConnectionError,27.3134708404541
1786832915.290134,ERROR:ConnectionError,35.60042381286621
1786832915.2947667,ERROR:ConnectionError,38.3906364440918
1786832915.2865229,ERROR:ConnectionError,48.967838287353516
1786832915.30749,ERROR:ConnectionError,31.180620193481445
1786832915.3030632,ERROR:ConnectionError,42.330265045166016
1786832915.3129568,ERROR:ConnectionError,34.096479415893555
1786832915.315386,ERROR:ConnectionError,33.13565254211426
1786832915.3142118,ERROR:ConnectionError,35.292625427246094
1786832915.321739,ERROR:ConnectionError,31.009912490844727
1786832915.333173,ERROR:ConnectionError,20.205259323120117
1786832915.3257434,ERROR:ConnectionError,30.36022186279297
1786832915.3355,ERROR:ConnectionError,27.310848236083984
1786832915.3386817,ERROR:ConnectionError,47.683000564575195
1786832915.3454008,ERROR:ConnectionError,41.43953323364258
1786832915.3064523,ERROR:ConnectionError,80.6889533996582
1786832915.3495111,ERROR:ConnectionError,58.12692642211914
1786832915.356111,ERROR:ConnectionError,64.49294090270996
1786832915.347059,ERROR:ConnectionError,74.1126537322998
1786832915.386848,ERROR:ConnectionError,35.558462142944336
1786832915.4076438,ERROR:ConnectionError,20.249366760253906
1786832915.3527572,ERROR:ConnectionError,76.22671127319336
1786832915.420633,ERROR:ConnectionError,12.786865234375
1786832915.3871455,ERROR:ConnectionError,54.06928062438965
1786832915.3533883,ERROR:ConnectionError,92.27204322814941
1786832915.3863754,ERROR:ConnectionError,61.31601333618164
1786832915.3485255,ERROR:ConnectionError,106.73332214355469
1786832915.3628201,ERROR:ConnectionError,97.44691848754883
1786832915.4476964,ERROR:ConnectionError,15.163898468017578
1786832915.4552658,ERROR:ConnectionError,8.074045181274414
1786832915.4289892,ERROR:ConnectionError,37.827253341674805
1786832915.4412215,ERROR:ConnectionError,27.43387222290039
1786832915.4211779,ERROR:ConnectionError,52.31428146362305
1786832915.433434,ERROR:ConnectionError,41.852712631225586
1786832915.422412,ERROR:ConnectionError,59.50021743774414
1786832915.4602737,ERROR:ConnectionError,34.20305252075195
1786832915.481921,ERROR:ConnectionError,21.834850311279297
1786832915.4668267,ERROR:ConnectionError,38.408517837524414
1786832915.463343,ERROR:ConnectionError,43.557167053222656
1786832915.4628658,ERROR:ConnectionError,45.6998348236084
1786832915.4686615,ERROR:ConnectionError,41.17751121520996
1786832915.4944844,ERROR:ConnectionError,15.913724899291992
1786832915.5052388,ERROR:ConnectionError,31.615734100341797
1786832915.5069046,ERROR:ConnectionError,36.52048110961914
1786832915.5037646,ERROR:ConnectionError,40.23146629333496
1786832915.473499,ERROR:ConnectionError,74.78475570678711
1786832915.509863,ERROR:ConnectionError,42.17100143432617
1786832915.4279075,ERROR:ConnectionError,135.69998741149902
1786832915.4456704,ERROR:ConnectionError,118.14212799072266
1786832915.5368612,ERROR:ConnectionError,32.449960708618164
1786832915.5104012,ERROR:ConnectionError,60.3029727935791
1786832915.5440009,ERROR:ConnectionError,28.003692626953125
1786832915.5482888,ERROR:ConnectionError,65.55342674255371
1786832915.5520422,ERROR:ConnectionError,81.91037178039551
1786832915.5085719,ERROR:ConnectionError,125.8077621459961
1786832915.5434306,ERROR:ConnectionError,92.10324287414551
1786832915.475292,ERROR:ConnectionError,160.38823127746582
1786832915.5636158,ERROR:ConnectionError,74.92280006408691
1786832915.5638158,ERROR:ConnectionError,81.2842845916748
1786832915.5693183,ERROR:ConnectionError,76.03144645690918
1786832915.5707095,ERROR:ConnectionError,77.7287483215332
1786832915.5720096,ERROR:ConnectionError,78.55582237243652
1786832915.6138482,ERROR:ConnectionError,43.746232986450195
1786832915.633962,ERROR:ConnectionError,26.685476303100586
1786832915.6355395,ERROR:ConnectionError,30.643701553344727
1786832915.6451077,ERROR:ConnectionError,30.06291389465332
1786832915.6356823,ERROR:ConnectionError,39.778709411621094
1786832915.645354,ERROR:ConnectionError,44.64912414550781
1786832915.6505733,ERROR:ConnectionError,39.97802734375
1786832915.6484468,ERROR:ConnectionError,42.84501075744629
1786832915.6576,ERROR:ConnectionError,35.7816219329834
1786832915.6343849,ERROR:ConnectionError,60.58502197265625
1786832915.638543,ERROR:ConnectionError,57.222604751586914
1786832915.6606545,ERROR:ConnectionError,49.492597579956055
1786832915.690554,ERROR:ConnectionError,24.66130256652832
1786832915.690009,ERROR:ConnectionError,26.389122009277344
1786832915.6751795,ERROR:ConnectionError,43.352603912353516
1786832915.6754665,ERROR:ConnectionError,43.56956481933594
1786832915.6912942,ERROR:ConnectionError,29.56247329711914
1786832915.666194,ERROR:ConnectionError,62.7293586730957
1786832915.7101529,ERROR:ConnectionError,20.55978775024414
1786832915.693387,ERROR:ConnectionError,37.54281997680664
1786832915.694976,ERROR:ConnectionError,36.153316497802734
1786832915.7152245,ERROR:ConnectionError,23.700952529907227
1786832915.716405,ERROR:ConnectionError,22.722482681274414
1786832915.718543,ERROR:ConnectionError,22.24135398864746
1786832915.719042,ERROR:ConnectionError,22.485733032226562
1786832915.7208674,ERROR:ConnectionError,22.593021392822266
1786832915.69577,ERROR:ConnectionError,48.07782173156738
1786832915.7309349,ERROR:ConnectionError,19.385814666748047
1786832915.728932,ERROR:ConnectionError,23.005962371826172
1786832915.7311327,ERROR:ConnectionError,21.956205368041992
1786832915.7307186,ERROR:ConnectionError,24.389266967773438
1786832915.739132,ERROR:ConnectionError,16.581296920776367
1786832915.7389312,ERROR:ConnectionError,18.479108810424805
1786832915.7407892,ERROR:ConnectionError,18.0361270904541
1786832915.741532,ERROR:ConnectionError,19.303560256958008
1786832915.7519464,ERROR:ConnectionError,12.421369552612305
1786832915.7503293,ERROR:ConnectionError,14.430046081542969
1786832915.7438538,ERROR:ConnectionError,21.35181427001953
1786832915.7434661,ERROR:ConnectionError,22.408008575439453
1786832915.755114,ERROR:ConnectionError,17.099380493164062
1786832915.7574196,ERROR:ConnectionError,15.016555786132812
1786832915.7557204,ERROR:ConnectionError,20.47872543334961
1786832915.7530951,ERROR:ConnectionError,32.94181823730469
1786832915.7588305,ERROR:ConnectionError,31.393766403198242
1786832915.760839,ERROR:ConnectionError,31.252622604370117
1786832915.7643754,ERROR:ConnectionError,28.17988395690918
1786832915.765211,ERROR:ConnectionError,27.719736099243164
1786832915.7647674,ERROR:ConnectionError,28.750181198120117
1786832915.765881,ERROR:ConnectionError,28.280973434448242
1786832915.7722187,ERROR:ConnectionError,24.710655212402344
1786832915.786052,ERROR:ConnectionError,13.823747634887695
1786832915.790234,ERROR:ConnectionError,13.085365295410156
1786832915.7762077,ERROR:ConnectionError,37.114620208740234
1786832915.772439,ERROR:ConnectionError,66.57814979553223
1786832915.7925603,ERROR:ConnectionError,47.25456237792969
1786832915.7969363,ERROR:ConnectionError,54.36253547668457
1786832915.792936,ERROR:ConnectionError,58.65812301635742
1786832915.7920992,ERROR:ConnectionError,61.23852729797363
1786832915.7998836,ERROR:ConnectionError,56.586265563964844
1786832915.8033266,ERROR:ConnectionError,54.17227745056152
1786832915.793522,ERROR:ConnectionError,64.91661071777344
1786832915.7941675,ERROR:ConnectionError,69.01907920837402
1786832915.8133273,ERROR:ConnectionError,54.49342727661133
1786832915.8398194,ERROR:ConnectionError,35.82882881164551
1786832915.8390248,ERROR:ConnectionError,44.56663131713867
1786832915.8513083,ERROR:ConnectionError,42.21034049987793
1786832915.8515997,ERROR:ConnectionError,50.65512657165527
1786832915.8533463,ERROR:ConnectionError,49.73101615905762
1786832915.8564775,ERROR:ConnectionError,46.73361778259277
1786832915.8575034,ERROR:ConnectionError,53.36451530456543
1786832915.867831,ERROR:ConnectionError,44.30556297302246
1786832915.8584437,ERROR:ConnectionError,54.080963134765625
1786832915.86319,ERROR:ConnectionError,52.85477638244629
1786832915.8835998,ERROR:ConnectionError,33.61034393310547
1786832915.8756557,ERROR:ConnectionError,41.79239273071289
1786832915.9022648,ERROR:ConnectionError,35.433292388916016
1786832915.8935242,ERROR:ConnectionError,48.10595512390137
1786832915.9030812,ERROR:ConnectionError,43.72835159301758
1786832915.903213,ERROR:ConnectionError,49.06272888183594
1786832915.9108753,ERROR:ConnectionError,42.23918914794922
1786832915.91214,ERROR:ConnectionError,45.540809631347656
1786832915.917217,ERROR:ConnectionError,47.881364822387695
1786832915.9125276,ERROR:ConnectionError,66.29610061645508
1786832915.9174519,ERROR:ConnectionError,61.835289001464844
1786832915.9160519,ERROR:ConnectionError,63.50111961364746
1786832915.9377093,ERROR:ConnectionError,44.8763370513916
1786832915.9416373,ERROR:ConnectionError,44.116973876953125
1786832915.9468157,ERROR:ConnectionError,43.16306114196777
1786832915.9531186,ERROR:ConnectionError,42.012691497802734
1786832915.9522836,ERROR:ConnectionError,44.716596603393555
1786832915.957689,ERROR:ConnectionError,50.049781799316406
1786832915.9651098,ERROR:ConnectionError,44.76046562194824
1786832915.9788496,ERROR:ConnectionError,43.1368350982666
1786832915.9792926,ERROR:ConnectionError,43.14851760864258
1786832915.982622,ERROR:ConnectionError,41.42928123474121
1786832915.9951394,ERROR:ConnectionError,34.82818603515625
1786832915.997008,ERROR:ConnectionError,33.87570381164551
1786832916.0077486,ERROR:ConnectionError,25.60257911682129
1786832916.0219955,ERROR:ConnectionError,13.116121292114258
1786832915.9899879,ERROR:ConnectionError,52.10113525390625
1786832916.022448,ERROR:ConnectionError,25.32792091369629
1786832915.985764,ERROR:ConnectionError,65.25707244873047
1786832916.0098763,ERROR:ConnectionError,43.741703033447266
1786832915.9795585,ERROR:ConnectionError,75.15501976013184
1786832916.0240579,ERROR:ConnectionError,33.331871032714844
1786832916.0299768,ERROR:ConnectionError,27.77838706970215
1786832916.0308905,ERROR:ConnectionError,30.676603317260742
1786832916.033374,ERROR:ConnectionError,29.038667678833008
1786832916.0351176,ERROR:ConnectionError,47.21188545227051
1786832916.0477839,ERROR:ConnectionError,48.589468002319336
1786832916.0510323,ERROR:ConnectionError,52.79278755187988
1786832916.0421019,ERROR:ConnectionError,68.33600997924805
1786832916.053626,ERROR:ConnectionError,63.73238563537598
1786832916.0577605,ERROR:ConnectionError,70.75166702270508
1786832916.057397,ERROR:ConnectionError,71.44641876220703
1786832916.0624201,ERROR:ConnectionError,73.50897789001465
1786832916.1173663,ERROR:ConnectionError,31.856775283813477
1786832916.0963836,ERROR:ConnectionError,54.288387298583984
1786832916.103837,ERROR:ConnectionError,47.04761505126953
1786832916.1104522,ERROR:ConnectionError,47.409772872924805
1786832916.1288483,ERROR:ConnectionError,35.416364669799805
1786832916.08234,ERROR:ConnectionError,84.25426483154297
1786832916.135943,ERROR:ConnectionError,32.42206573486328
1786832916.1578739,ERROR:ConnectionError,11.604070663452148
1786832916.1285217,ERROR:ConnectionError,41.473388671875
1786832916.1506789,ERROR:ConnectionError,24.4293212890625
1786832916.1492343,ERROR:ConnectionError,30.781269073486328
1786832916.1508882,ERROR:ConnectionError,33.18023681640625
1786832916.0615754,ERROR:ConnectionError,122.83706665039062
1786832916.164277,ERROR:ConnectionError,23.763656616210938
1786832916.0547178,ERROR:ConnectionError,143.13840866088867
1786832916.166602,ERROR:ConnectionError,33.765316009521484
1786832916.1700008,ERROR:ConnectionError,39.40439224243164
1786832916.169486,ERROR:ConnectionError,46.38051986694336
1786832916.168373,ERROR:ConnectionError,53.88021469116211
1786832916.1751196,ERROR:ConnectionError,49.35002326965332
1786832916.180024,ERROR:ConnectionError,44.70396041870117
1786832916.1844196,ERROR:ConnectionError,45.617103576660156
1786832916.184077,ERROR:ConnectionError,46.36192321777344
1786832916.2003767,ERROR:ConnectionError,31.163454055786133
1786832916.188052,ERROR:ConnectionError,45.42207717895508
1786832916.2158973,ERROR:ConnectionError,20.84207534790039
1786832916.2094162,ERROR:ConnectionError,35.373687744140625
1786832916.222263,ERROR:ConnectionError,23.686647415161133
1786832916.2244756,ERROR:ConnectionError,26.257753372192383
1786832916.2300496,ERROR:ConnectionError,21.82769775390625
1786832916.2247329,ERROR:ConnectionError,31.905412673950195
1786832916.2315466,ERROR:ConnectionError,32.99283981323242
1786832916.2304437,ERROR:ConnectionError,37.92715072631836
1786832916.1978683,ERROR:ConnectionError,72.9832649230957
1786832916.2334793,ERROR:ConnectionError,39.65282440185547
1786832916.2367506,ERROR:ConnectionError,59.47065353393555
1786832916.2447982,ERROR:ConnectionError,61.13004684448242
1786832916.2507424,ERROR:ConnectionError,56.774139404296875
1786832916.2645485,ERROR:ConnectionError,46.57173156738281
1786832916.2731376,ERROR:ConnectionError,41.8698787689209
1786832916.2708578,ERROR:ConnectionError,47.81079292297363
1786832916.26838,ERROR:ConnectionError,51.580190658569336
1786832916.2518835,ERROR:ConnectionError,68.36295127868652
1786832916.2459564,ERROR:ConnectionError,77.6665210723877
1786832916.2962315,ERROR:ConnectionError,34.316301345825195
1786832916.3059366,ERROR:ConnectionError,25.003433227539062
1786832916.3075223,ERROR:ConnectionError,23.83899688720703
1786832916.3150194,ERROR:ConnectionError,17.18592643737793
1786832916.3111298,ERROR:ConnectionError,21.331310272216797
1786832916.25665,ERROR:ConnectionError,84.8846435546875
1786832916.3236306,ERROR:ConnectionError,20.291566848754883
1786832916.3199744,ERROR:ConnectionError,27.251720428466797
1786832916.3186812,ERROR:ConnectionError,31.006574630737305
1786832916.3202524,ERROR:ConnectionError,30.432462692260742
1786832916.3305573,ERROR:ConnectionError,32.96494483947754
1786832916.3322122,ERROR:ConnectionError,34.413814544677734
1786832916.3313675,ERROR:ConnectionError,38.228511810302734
1786832916.332466,ERROR:ConnectionError,37.485599517822266
1786832916.3472335,ERROR:ConnectionError,31.846284866333008
1786832916.3496954,ERROR:ConnectionError,30.570268630981445
1786832916.3415463,ERROR:ConnectionError,38.944244384765625
1786832916.343931,ERROR:ConnectionError,41.26691818237305
1786832916.350692,ERROR:ConnectionError,34.82222557067871
1786832916.3309445,ERROR:ConnectionError,58.55107307434082
1786832916.363535,ERROR:ConnectionError,28.92899513244629
1786832916.3666332,ERROR:ConnectionError,26.269912719726562
1786832916.3790934,ERROR:ConnectionError,17.79484748840332
1786832916.3699584,ERROR:ConnectionError,27.774572372436523
1786832916.3804944,ERROR:ConnectionError,17.612218856811523
1786832916.380274,ERROR:ConnectionError,18.117666244506836
1786832916.3852062,ERROR:ConnectionError,18.697023391723633
1786832916.3855186,ERROR:ConnectionError,20.46060562133789
1786832916.389507,ERROR:ConnectionError,18.758773803710938
1786832916.3696048,ERROR:ConnectionError,41.6417121887207
1786832916.3929098,ERROR:ConnectionError,20.439863204956055
1786832916.3924723,ERROR:ConnectionError,26.564598083496094
1786832916.3968964,ERROR:ConnectionError,23.952484130859375
1786832916.3977394,ERROR:ConnectionError,24.05571937561035
1786832916.3984,ERROR:ConnectionError,23.921489715576172
1786832916.3981116,ERROR:ConnectionError,24.619340896606445
1786832916.4082763,ERROR:ConnectionError,20.406246185302734
1786832916.413357,ERROR:ConnectionError,19.251585006713867
1786832916.4039137,ERROR:ConnectionError,35.07065773010254
1786832916.4059932,ERROR:ConnectionError,33.53738784790039
1786832916.4190428,ERROR:ConnectionError,24.08003807067871
1786832916.4112577,ERROR:ConnectionError,32.460689544677734
1786832916.422329,ERROR:ConnectionError,24.729013442993164
1786832916.4227362,ERROR:ConnectionError,24.730920791625977
1786832916.4208539,ERROR:ConnectionError,27.55451202392578
1786832916.4218025,ERROR:ConnectionError,29.228687286376953
1786832916.432616,ERROR:ConnectionError,22.986888885498047
1786832916.4286914,ERROR:ConnectionError,27.497529983520508
1786832916.4389968,ERROR:ConnectionError,22.46880531311035
1786832916.4437263,ERROR:ConnectionError,23.993730545043945
1786832916.4431388,ERROR:ConnectionError,28.293132781982422
1786832916.4474735,ERROR:ConnectionError,28.357267379760742
1786832916.4395359,ERROR:ConnectionError,36.923885345458984
1786832916.4470892,ERROR:ConnectionError,32.875776290893555
1786832916.455612,ERROR:ConnectionError,27.298688888549805
1786832916.4510396,ERROR:ConnectionError,33.265113830566406
1786832916.4484146,ERROR:ConnectionError,40.069580078125
1786832916.4561944,ERROR:ConnectionError,40.82608222961426
1786832916.4677281,ERROR:ConnectionError,36.90600395202637
1786832916.4714417,ERROR:ConnectionError,38.30909729003906
1786832916.4764662,ERROR:ConnectionError,34.4386100769043
1786832916.475847,ERROR:ConnectionError,40.11678695678711
1786832916.4799736,ERROR:ConnectionError,37.659406661987305
1786832916.4884925,ERROR:ConnectionError,31.23784065246582
1786832916.5097613,ERROR:ConnectionError,12.779951095581055
1786832916.4829202,ERROR:ConnectionError,40.24147987365723
1786832916.4614756,ERROR:ConnectionError,64.47291374206543
1786832916.497034,ERROR:ConnectionError,32.46140480041504
1786832916.5109096,ERROR:ConnectionError,21.281719207763672
1786832916.5159757,ERROR:ConnectionError,16.795635223388672
1786832916.522549,ERROR:ConnectionError,12.092351913452148
1786832916.5231655,ERROR:ConnectionError,14.399051666259766
1786832916.517644,ERROR:ConnectionError,20.187854766845703
1786832916.5259576,ERROR:ConnectionError,18.384456634521484
1786832916.529505,ERROR:ConnectionError,17.290592193603516
1786832916.532199,ERROR:ConnectionError,15.023946762084961
1786832916.532778,ERROR:ConnectionError,17.0896053314209
1786832916.5346475,ERROR:ConnectionError,16.318798065185547
1786832916.5378351,ERROR:ConnectionError,14.45317268371582
1786832916.537575,ERROR:ConnectionError,14.88041877746582
1786832916.5443563,ERROR:ConnectionError,15.607118606567383
1786832916.5197344,ERROR:ConnectionError,40.970802307128906
1786832916.546804,ERROR:ConnectionError,15.350103378295898
1786832916.5046487,ERROR:ConnectionError,61.5839958190918
1786832916.549875,ERROR:ConnectionError,18.454313278198242
1786832916.4843113,ERROR:ConnectionError,84.38849449157715
1786832916.5509725,ERROR:ConnectionError,26.604652404785156
1786832916.5522938,ERROR:ConnectionError,26.111602783203125
1786832916.552458,ERROR:ConnectionError,26.273012161254883
1786832916.559975,ERROR:ConnectionError,18.947362899780273
1786832916.5683374,ERROR:ConnectionError,11.354446411132812
1786832916.5607119,ERROR:ConnectionError,19.20175552368164
1786832916.5687075,ERROR:ConnectionError,12.62664794921875
1786832916.562161,ERROR:ConnectionError,20.068883895874023
1786832916.5775893,ERROR:ConnectionError,13.734102249145508
1786832916.5789258,ERROR:ConnectionError,16.81208610534668
1786832916.5787394,ERROR:ConnectionError,21.53944969177246
1786832916.5472279,ERROR:ConnectionError,56.11300468444824
1786832916.5799177,ERROR:ConnectionError,25.15435218811035
1786832916.5784125,ERROR:ConnectionError,27.428627014160156
1786832916.5813394,ERROR:ConnectionError,24.686813354492188
1786832916.5796964,ERROR:ConnectionError,26.534318923950195
1786832916.5913358,ERROR:ConnectionError,15.436410903930664
1786832916.595752,ERROR:ConnectionError,17.892122268676758
1786832916.5822341,ERROR:ConnectionError,34.24644470214844
1786832916.6002848,ERROR:ConnectionError,16.826629638671875
1786832916.6033719,ERROR:ConnectionError,14.899730682373047
1786832916.60508,ERROR:ConnectionError,20.53689956665039
1786832916.6060288,ERROR:ConnectionError,24.170398712158203
1786832916.5662396,ERROR:ConnectionError,65.65213203430176
1786832916.605845,ERROR:ConnectionError,33.95390510559082
1786832916.6067777,ERROR:ConnectionError,33.43486785888672
1786832916.6171172,ERROR:ConnectionError,35.42065620422363
1786832916.61649,ERROR:ConnectionError,43.297529220581055
1786832916.6256323,ERROR:ConnectionError,40.261030197143555
1786832916.6182785,ERROR:ConnectionError,49.25370216369629
1786832916.606235,ERROR:ConnectionError,66.93267822265625
1786832916.6136534,ERROR:ConnectionError,60.67657470703125
1786832916.6318955,ERROR:ConnectionError,42.61040687561035
1786832916.639813,ERROR:ConnectionError,40.20810127258301
1786832916.6402187,ERROR:ConnectionError,41.73684120178223
1786832916.6525526,ERROR:ConnectionError,29.592275619506836
1786832916.659797,ERROR:ConnectionError,26.92890167236328
1786832916.665909,ERROR:ConnectionError,22.365570068359375
1786832916.6675396,ERROR:ConnectionError,21.11363410949707
1786832916.6731777,ERROR:ConnectionError,20.340442657470703
1786832916.6743376,ERROR:ConnectionError,21.82769775390625
1786832916.6745088,ERROR:ConnectionError,22.809267044067383
1786832916.6800268,ERROR:ConnectionError,17.66204833984375
1786832916.6821473,ERROR:ConnectionError,22.609949111938477
1786832916.6819615,ERROR:ConnectionError,27.158498764038086
1786832916.6302092,ERROR:ConnectionError,94.74611282348633
1786832916.6867402,ERROR:ConnectionError,55.127620697021484
1786832916.693524,ERROR:ConnectionError,48.662424087524414
1786832916.6961734,ERROR:ConnectionError,53.59649658203125
1786832916.6886601,ERROR:ConnectionError,76.29752159118652
1786832916.6973252,ERROR:ConnectionError,74.90277290344238
1786832916.6976943,ERROR:ConnectionError,75.84142684936523
1786832916.7047696,ERROR:ConnectionError,69.07033920288086
1786832916.7091277,ERROR:ConnectionError,67.32463836669922
1786832916.7418804,ERROR:ConnectionError,39.50381278991699
1786832916.7249656,ERROR:ConnectionError,56.720733642578125
1786832916.7421913,ERROR:ConnectionError,39.69931602478027
1786832916.6882832,ERROR:ConnectionError,99.3497371673584
1786832916.7649653,ERROR:ConnectionError,24.787425994873047
1786832916.7497761,ERROR:ConnectionError,46.20027542114258
1786832916.772245,ERROR:ConnectionError,25.885820388793945
1786832916.7735424,ERROR:ConnectionError,30.254125595092773
1786832916.7738473,ERROR:ConnectionError,32.048940658569336
1786832916.7764573,ERROR:ConnectionError,31.508445739746094
1786832916.7818942,ERROR:ConnectionError,27.21691131591797
1786832916.7813954,ERROR:ConnectionError,29.41131591796875
1786832916.781693,ERROR:ConnectionError,31.62670135498047
1786832916.787643,ERROR:ConnectionError,32.35268592834473
1786832916.7897675,ERROR:ConnectionError,36.57793998718262
1786832916.7981384,ERROR:ConnectionError,80.10435104370117
1786832916.795986,ERROR:ConnectionError,84.64860916137695
1786832916.8079755,ERROR:ConnectionError,73.03023338317871
1786832916.8108168,ERROR:ConnectionError,82.6108455657959
1786832916.8133273,ERROR:ConnectionError,82.17763900756836
1786832916.8059042,ERROR:ConnectionError,97.62978553771973
1786832916.8038123,ERROR:ConnectionError,105.44705390930176
1786832916.8263543,ERROR:ConnectionError,98.78325462341309
1786832916.8782551,ERROR:ConnectionError,47.22404479980469
1786832916.8200064,ERROR:ConnectionError,105.84473609924316
1786832916.880645,ERROR:ConnectionError,46.0209846496582
1786832916.8091183,ERROR:ConnectionError,122.86615371704102
1786832916.893439,ERROR:ConnectionError,39.711713790893555
1786832916.8810112,ERROR:ConnectionError,52.43730545043945
1786832916.8955107,ERROR:ConnectionError,42.999267578125
1786832916.9092681,ERROR:ConnectionError,29.816150665283203
1786832916.925878,ERROR:ConnectionError,20.45416831970215
1786832916.925484,ERROR:ConnectionError,21.82936668395996
1786832916.903539,ERROR:ConnectionError,45.064687728881836
1786832916.9331555,ERROR:ConnectionError,17.9135799407959
1786832916.9319963,ERROR:ConnectionError,19.304990768432617
1786832916.9251494,ERROR:ConnectionError,26.868581771850586
1786832916.933452,ERROR:ConnectionError,25.510072708129883
1786832916.926671,ERROR:ConnectionError,37.03498840332031
1786832916.9390907,ERROR:ConnectionError,39.63923454284668
1786832916.9385233,ERROR:ConnectionError,41.937828063964844
1786832916.9473195,ERROR:ConnectionError,40.89093208312988
1786832916.9486122,ERROR:ConnectionError,41.808366775512695
1786832916.9510763,ERROR:ConnectionError,44.06619071960449
1786832916.95897,ERROR:ConnectionError,36.6826057434082
1786832916.963715,ERROR:ConnectionError,37.97483444213867
1786832916.9520242,ERROR:ConnectionError,50.44817924499512
1786832916.9787412,ERROR:ConnectionError,27.489900588989258
1786832916.98047,ERROR:ConnectionError,26.045799255371094
1786832916.946342,ERROR:ConnectionError,66.19381904602051
1786832916.9882214,ERROR:ConnectionError,27.318477630615234
1786832916.9513056,ERROR:ConnectionError,64.61930274963379
1786832916.9951506,ERROR:ConnectionError,25.451183319091797
1786832916.9904268,ERROR:ConnectionError,31.88467025756836
1786832916.9956596,ERROR:ConnectionError,29.672861099243164
1786832917.0016983,ERROR:ConnectionError,30.333518981933594
1786832917.0024803,ERROR:ConnectionError,33.50687026977539
1786832917.0065193,ERROR:ConnectionError,29.82926368713379
1786832917.0125544,ERROR:ConnectionError,26.628971099853516
1786832917.0155463,ERROR:ConnectionError,27.751445770263672
1786832917.006239,ERROR:ConnectionError,37.81747817993164
1786832917.0159285,ERROR:ConnectionError,37.08934783935547
1786832917.0206482,ERROR:ConnectionError,39.95227813720703
1786832917.0359952,ERROR:ConnectionError,25.127172470092773
1786832917.0253456,ERROR:ConnectionError,37.12153434753418
1786832917.022319,ERROR:ConnectionError,44.255733489990234
1786832917.0363536,ERROR:ConnectionError,30.519485473632812
1786832917.032045,ERROR:ConnectionError,36.13615036010742
1786832917.0391917,ERROR:ConnectionError,29.88409996032715
1786832917.0433059,ERROR:ConnectionError,26.389122009277344
1786832917.044064,ERROR:ConnectionError,32.811641693115234
1786832917.0611274,ERROR:ConnectionError,22.304296493530273
1786832917.0606184,ERROR:ConnectionError,44.298648834228516
1786832917.0665843,ERROR:ConnectionError,40.47036170959473
1786832917.0530314,ERROR:ConnectionError,56.383609771728516
1786832917.0624745,ERROR:ConnectionError,53.53736877441406
1786832917.0681884,ERROR:ConnectionError,49.730539321899414
1786832917.069083,ERROR:ConnectionError,54.31532859802246
1786832917.066877,ERROR:ConnectionError,58.17413330078125
1786832917.0768857,ERROR:ConnectionError,55.188655853271484
1786832917.069699,ERROR:ConnectionError,70.67155838012695
1786832917.08344,ERROR:ConnectionError,58.08877944946289
1786832917.1049306,ERROR:ConnectionError,52.727460861206055
1786832917.1160226,ERROR:ConnectionError,54.57186698913574
1786832917.109422,ERROR:ConnectionError,64.05806541442871
1786832917.1070633,ERROR:ConnectionError,66.80798530578613
1786832917.1234047,ERROR:ConnectionError,61.881303787231445
1786832917.1320848,ERROR:ConnectionError,54.36372756958008
1786832917.1576684,ERROR:ConnectionError,35.378217697143555
1786832917.140381,ERROR:ConnectionError,54.92401123046875
1786832917.1250587,ERROR:ConnectionError,70.69540023803711
1786832917.141536,ERROR:ConnectionError,54.677486419677734
1786832917.1179235,ERROR:ConnectionError,78.54962348937988
1786832917.1707537,ERROR:ConnectionError,26.42822265625
1786832917.1738775,ERROR:ConnectionError,36.55266761779785
1786832917.1734903,ERROR:ConnectionError,40.14325141906738
1786832917.186458,ERROR:ConnectionError,28.028249740600586
1786832917.1930556,ERROR:ConnectionError,24.55878257751465
1786832917.185297,ERROR:ConnectionError,32.97543525695801
1786832917.195314,ERROR:ConnectionError,33.354759216308594
1786832917.1957595,ERROR:ConnectionError,55.20462989807129
1786832917.1964774,ERROR:ConnectionError,57.45840072631836
1786832917.1971867,ERROR:ConnectionError,57.01017379760742
1786832917.213642,ERROR:ConnectionError,41.045188903808594
1786832917.2104545,ERROR:ConnectionError,45.84312438964844
1786832917.2144914,ERROR:ConnectionError,46.502113342285156
1786832917.2182786,ERROR:ConnectionError,43.981075286865234
1786832917.2286782,ERROR:ConnectionError,34.37662124633789
1786832917.2176216,ERROR:ConnectionError,45.725107192993164
1786832917.2509732,ERROR:ConnectionError,19.704103469848633
1786832917.2542017,ERROR:ConnectionError,22.802114486694336
1786832917.2546918,ERROR:ConnectionError,26.456356048583984
1786832917.253944,ERROR:ConnectionError,28.076648712158203
1786832917.2563047,ERROR:ConnectionError,27.454853057861328
1786832917.2622654,ERROR:ConnectionError,21.94952964782715
1786832917.2630606,ERROR:ConnectionError,22.41349220275879
1786832917.2610056,ERROR:ConnectionError,25.829076766967773
1786832917.1962216,ERROR:ConnectionError,95.30520439147949
1786832917.2633502,ERROR:ConnectionError,36.41104698181152
1786832917.2770128,ERROR:ConnectionError,23.46014976501465
1786832917.2811565,ERROR:ConnectionError,27.930021286010742
1786832917.2820275,ERROR:ConnectionError,28.92446517944336
1786832917.2854803,ERROR:ConnectionError,28.44548225402832
1786832917.2842205,ERROR:ConnectionError,38.37227821350098
1786832917.2837658,ERROR:ConnectionError,43.15471649169922
1786832917.3139346,ERROR:ConnectionError,33.8902473449707
1786832917.2915366,ERROR:ConnectionError,58.23850631713867
1786832917.3090978,ERROR:ConnectionError,42.23799705505371
1786832917.3109612,ERROR:ConnectionError,40.622711181640625
1786832917.2868419,ERROR:ConnectionError,67.23713874816895
1786832917.3004823,ERROR:ConnectionError,53.86805534362793
1786832917.270685,ERROR:ConnectionError,89.89405632019043
1786832917.3226035,ERROR:ConnectionError,42.414188385009766
1786832917.2997713,ERROR:ConnectionError,66.17903709411621
1786832917.326932,ERROR:ConnectionError,40.66777229309082
1786832917.347843,ERROR:ConnectionError,21.120071411132812
1786832917.3497825,ERROR:ConnectionError,20.80059051513672
1786832917.354355,ERROR:ConnectionError,24.886131286621094
1786832917.3515906,ERROR:ConnectionError,33.40554237365723
1786832917.365026,ERROR:ConnectionError,23.214340209960938
1786832917.3540852,ERROR:ConnectionError,35.10332107543945
1786832917.3513474,ERROR:ConnectionError,46.4625358581543
1786832917.3705974,ERROR:ConnectionError,34.04545783996582
1786832917.3605895,ERROR:ConnectionError,54.23116683959961
1786832917.3676088,ERROR:ConnectionError,61.99145317077637
1786832917.3659565,ERROR:ConnectionError,70.34945487976074
1786832917.3689718,ERROR:ConnectionError,71.33102416992188
1786832917.3850036,ERROR:ConnectionError,63.47966194152832
1786832917.4148312,ERROR:ConnectionError,35.91799736022949
1786832917.3891952,ERROR:ConnectionError,63.735008239746094
1786832917.4296174,ERROR:ConnectionError,24.05691146850586
1786832917.436316,ERROR:ConnectionError,18.670082092285156
1786832917.3882492,ERROR:ConnectionError,67.9481029510498
1786832917.3793294,ERROR:ConnectionError,82.61656761169434
1786832917.39782,ERROR:ConnectionError,69.67687606811523
1786832917.4507563,ERROR:ConnectionError,22.910594940185547
1786832917.440312,ERROR:ConnectionError,33.86569023132324
1786832917.4046512,ERROR:ConnectionError,80.08122444152832
1786832917.4536855,ERROR:ConnectionError,42.842864990234375
1786832917.4549913,ERROR:ConnectionError,41.86582565307617
1786832917.4529386,ERROR:ConnectionError,44.173240661621094
1786832917.4484956,ERROR:ConnectionError,48.8893985748291
1786832917.4562097,ERROR:ConnectionError,42.838096618652344
1786832917.4741845,ERROR:ConnectionError,49.14569854736328
1786832917.4619596,ERROR:ConnectionError,65.54126739501953
1786832917.4847467,ERROR:ConnectionError,54.540157318115234
1786832917.499056,ERROR:ConnectionError,41.33296012878418
1786832917.4971159,ERROR:ConnectionError,46.70429229736328
1786832917.4965377,ERROR:ConnectionError,51.262855529785156
1786832917.473683,ERROR:ConnectionError,77.8806209564209
1786832917.467504,ERROR:ConnectionError,84.90133285522461
1786832917.5233397,ERROR:ConnectionError,33.173561096191406
1786832917.4973893,ERROR:ConnectionError,60.67228317260742
1786832917.5275126,ERROR:ConnectionError,32.585859298706055
1786832917.5392978,ERROR:ConnectionError,21.32391929626465
1786832917.4968622,ERROR:ConnectionError,64.11528587341309
1786832917.5438313,ERROR:ConnectionError,19.641399383544922
1786832917.5403945,ERROR:ConnectionError,28.498411178588867
1786832917.551618,ERROR:ConnectionError,23.38719367980957
1786832917.5478108,ERROR:ConnectionError,29.968976974487305
1786832917.5524108,ERROR:ConnectionError,27.588844299316406
1786832917.5601056,ERROR:ConnectionError,25.78258514404297
1786832917.5609813,ERROR:ConnectionError,29.178142547607422
1786832917.5634804,ERROR:ConnectionError,28.88035774230957
1786832917.5565217,ERROR:ConnectionError,36.38315200805664
1786832917.56894,ERROR:ConnectionError,32.36746788024902
1786832917.558073,ERROR:ConnectionError,45.378923416137695
1786832917.5606263,ERROR:ConnectionError,44.20638084411621
1786832917.5777874,ERROR:ConnectionError,28.304576873779297
1786832917.5800083,ERROR:ConnectionError,31.311511993408203
1786832917.59017,ERROR:ConnectionError,26.67546272277832
1786832917.5858972,ERROR:ConnectionError,31.26835823059082
1786832917.5923712,ERROR:ConnectionError,33.96010398864746
1786832917.5750139,ERROR:ConnectionError,51.656484603881836
1786832917.6048477,ERROR:ConnectionError,25.905847549438477
1786832917.6013174,ERROR:ConnectionError,30.187129974365234
1786832917.6061015,ERROR:ConnectionError,28.0611515045166
1786832917.6168818,ERROR:ConnectionError,19.3631649017334
1786832917.6113322,ERROR:ConnectionError,25.361061096191406
1786832917.6171694,ERROR:ConnectionError,22.823095321655273
1786832917.6034617,ERROR:ConnectionError,37.627458572387695
1786832917.5929086,ERROR:ConnectionError,53.68328094482422
1786832917.626677,ERROR:ConnectionError,26.63707733154297
1786832917.630761,ERROR:ConnectionError,23.34904670715332
1786832917.634173,ERROR:ConnectionError,23.538589477539062
1786832917.6315105,ERROR:ConnectionError,26.558637619018555
1786832917.6263418,ERROR:ConnectionError,37.34588623046875
1786832917.640001,ERROR:ConnectionError,24.039506912231445
1786832917.6367,ERROR:ConnectionError,27.653932571411133
1786832917.6362565,ERROR:ConnectionError,28.866291046142578
1786832917.6410992,ERROR:ConnectionError,24.510622024536133
1786832917.6466014,ERROR:ConnectionError,19.29497718811035
1786832917.6580772,ERROR:ConnectionError,12.839078903198242
1786832917.6541162,ERROR:ConnectionError,25.552749633789062
1786832917.6533258,ERROR:ConnectionError,26.636362075805664
1786832917.6651275,ERROR:ConnectionError,21.64769172668457
1786832917.663698,ERROR:ConnectionError,27.425289154052734
1786832917.6640456,ERROR:ConnectionError,28.397560119628906
1786832917.6656153,ERROR:ConnectionError,29.559850692749023
1786832917.6643593,ERROR:ConnectionError,37.05406188964844
1786832917.67093,ERROR:ConnectionError,34.28363800048828
1786832917.6659014,ERROR:ConnectionError,50.462961196899414
1786832917.6577191,ERROR:ConnectionError,61.17653846740723
1786832917.6799674,ERROR:ConnectionError,39.77036476135254
1786832917.6796794,ERROR:ConnectionError,47.46127128601074
1786832917.691136,ERROR:ConnectionError,39.572954177856445
1786832917.6867852,ERROR:ConnectionError,53.68971824645996
1786832917.6924505,ERROR:ConnectionError,49.173831939697266
1786832917.6951926,ERROR:ConnectionError,50.23646354675293
1786832917.7014232,ERROR:ConnectionError,44.28911209106445
1786832917.7052245,ERROR:ConnectionError,44.93093490600586
1786832917.7197804,ERROR:ConnectionError,32.38391876220703
1786832917.7163706,ERROR:ConnectionError,36.12160682678223
1786832917.7189064,ERROR:ConnectionError,34.69657897949219
1786832917.7271526,ERROR:ConnectionError,26.789426803588867
1786832917.7307177,ERROR:ConnectionError,24.148941040039062
1786832917.7404869,ERROR:ConnectionError,23.62656593322754
1786832917.7457192,ERROR:ConnectionError,22.09758758544922
1786832917.741816,ERROR:ConnectionError,30.614137649536133
1786832917.745439,ERROR:ConnectionError,30.163049697875977
1786832917.7501636,ERROR:ConnectionError,27.063608169555664
1786832917.7539463,ERROR:ConnectionError,25.07805824279785
1786832917.7548745,ERROR:ConnectionError,24.46603775024414
1786832917.7521734,ERROR:ConnectionError,28.697967529296875
1786832917.764121,ERROR:ConnectionError,18.245458602905273
1786832917.7536118,ERROR:ConnectionError,29.75177764892578
1786832917.7524981,ERROR:ConnectionError,37.4760627746582
1786832917.7678268,ERROR:ConnectionError,22.675275802612305
1786832917.772444,ERROR:ConnectionError,25.368690490722656
1786832917.7793481,ERROR:ConnectionError,21.880626678466797
1786832917.7833695,ERROR:ConnectionError,22.016048431396484
1786832917.7756197,ERROR:ConnectionError,30.478477478027344
1786832917.7790313,ERROR:ConnectionError,32.247304916381836
1786832917.7808776,ERROR:ConnectionError,33.83994102478027
1786832917.7772343,ERROR:ConnectionError,41.66913032531738
1786832917.7823715,ERROR:ConnectionError,37.13035583496094
1786832917.7978213,ERROR:ConnectionError,27.872562408447266
1786832917.790016,ERROR:ConnectionError,39.0620231628418
1786832917.7905102,ERROR:ConnectionError,41.1372184753418
1786832917.8053946,ERROR:ConnectionError,27.681350708007812
1786832917.8112907,ERROR:ConnectionError,26.323556900024414
1786832917.8061209,ERROR:ConnectionError,33.246517181396484
1786832917.8189383,ERROR:ConnectionError,23.827791213989258
1786832917.8195126,ERROR:ConnectionError,23.592233657836914
1786832917.8257034,ERROR:ConnectionError,22.002458572387695
1786832917.829089,ERROR:ConnectionError,24.378299713134766
1786832917.8393774,ERROR:ConnectionError,24.5358943939209
1786832917.8431094,ERROR:ConnectionError,23.243427276611328
1786832917.833084,ERROR:ConnectionError,34.738779067993164
1786832917.8376245,ERROR:ConnectionError,30.744314193725586
1786832917.8012395,ERROR:ConnectionError,68.98260116577148
1786832917.8427744,ERROR:ConnectionError,32.379865646362305
1786832917.8147264,ERROR:ConnectionError,60.69445610046387
1786832917.831658,ERROR:ConnectionError,45.102834701538086
1786832917.8477168,ERROR:ConnectionError,41.089773178100586
1786832917.8534815,ERROR:ConnectionError,40.15612602233887
1786832917.866365,ERROR:ConnectionError,30.0142765045166
1786832917.8678293,ERROR:ConnectionError,34.601449966430664
1786832917.8639255,ERROR:ConnectionError,50.63176155090332
1786832917.8683746,ERROR:ConnectionError,47.3179817199707
1786832917.8767717,ERROR:ConnectionError,45.847177505493164
1786832917.875427,ERROR:ConnectionError,49.01552200317383
1786832917.87023,ERROR:ConnectionError,61.97857856750488
1786832917.8751628,ERROR:ConnectionError,59.433698654174805
1786832917.8888154,ERROR:ConnectionError,50.74667930603027
1786832917.8936472,ERROR:ConnectionError,46.73433303833008
1786832917.902446,ERROR:ConnectionError,39.067983627319336
1786832917.9156983,ERROR:ConnectionError,26.71217918395996
1786832917.8963876,ERROR:ConnectionError,47.675132751464844
1786832917.9145715,ERROR:ConnectionError,29.843568801879883
1786832917.9244487,ERROR:ConnectionError,28.2745361328125
1786832917.9226298,ERROR:ConnectionError,33.72669219970703
1786832917.9322183,ERROR:ConnectionError,27.107715606689453
1786832917.9346173,ERROR:ConnectionError,27.241945266723633
1786832917.9415202,ERROR:ConnectionError,23.94843101501465
1786832917.9395711,ERROR:ConnectionError,26.705503463745117
1786832917.9444203,ERROR:ConnectionError,22.937774658203125
1786832917.956368,ERROR:ConnectionError,13.025760650634766
1786832917.9440694,ERROR:ConnectionError,27.809858322143555
1786832917.940389,ERROR:ConnectionError,33.9658260345459
1786832917.9424164,ERROR:ConnectionError,33.313751220703125
1786832917.9527345,ERROR:ConnectionError,33.78629684448242
1786832917.9593346,ERROR:ConnectionError,29.952287673950195
1786832917.9618683,ERROR:ConnectionError,28.010129928588867
1786832917.9693995,ERROR:ConnectionError,26.375770568847656
1786832917.9654772,ERROR:ConnectionError,31.952857971191406
1786832917.9718988,ERROR:ConnectionError,27.89449691772461
1786832917.966283,ERROR:ConnectionError,42.814016342163086
1786832917.9743629,ERROR:ConnectionError,35.878896713256836
1786832917.9673657,ERROR:ConnectionError,60.38212776184082
1786832917.9893048,ERROR:ConnectionError,39.02101516723633
1786832917.9898837,ERROR:ConnectionError,41.65482521057129
1786832917.9757385,ERROR:ConnectionError,58.74204635620117
1786832917.9957836,ERROR:ConnectionError,45.34411430358887
1786832918.010248,ERROR:ConnectionError,31.287193298339844
1786832917.9865303,ERROR:ConnectionError,55.753469467163086
1786832917.9974384,ERROR:ConnectionError,49.57771301269531
1786832917.9998028,ERROR:ConnectionError,47.97673225402832
1786832918.0091078,ERROR:ConnectionError,42.613983154296875
1786832918.0283465,ERROR:ConnectionError,29.874801635742188
1786832918.0277596,ERROR:ConnectionError,35.03561019897461
1786832918.0315466,ERROR:ConnectionError,31.567811965942383
1786832918.0344887,ERROR:ConnectionError,31.8605899810791
1786832918.0411382,ERROR:ConnectionError,27.341127395629883
1786832918.0422876,ERROR:ConnectionError,31.341552734375
1786832918.0470219,ERROR:ConnectionError,28.615713119506836
1786832918.0628042,ERROR:ConnectionError,13.643264770507812
1786832918.05179,ERROR:ConnectionError,25.6960391998291
1786832918.0582266,ERROR:ConnectionError,21.993398666381836
1786832918.0415387,ERROR:ConnectionError,39.0017032623291
1786832918.047784,ERROR:ConnectionError,34.88922119140625
1786832918.0631182,ERROR:ConnectionError,21.191835403442383
1786832918.068486,ERROR:ConnectionError,16.24441146850586
1786832918.075644,ERROR:ConnectionError,33.08606147766113
1786832918.0663571,ERROR:ConnectionError,47.19734191894531
1786832918.0736415,ERROR:ConnectionError,42.479753494262695
1786832918.076451,ERROR:ConnectionError,40.72856903076172
1786832918.0774913,ERROR:ConnectionError,39.83592987060547
1786832918.0805464,ERROR:ConnectionError,41.04900360107422
1786832918.0826797,ERROR:ConnectionError,45.13883590698242
1786832918.08026,ERROR:ConnectionError,48.71964454650879
1786832918.0843177,ERROR:ConnectionError,45.26090621948242
1786832918.1087372,ERROR:ConnectionError,23.136615753173828
1786832918.0847352,ERROR:ConnectionError,48.393964767456055
1786832918.11357,ERROR:ConnectionError,21.71492576599121
1786832918.1161304,ERROR:ConnectionError,23.84209632873535
1786832918.117331,ERROR:ConnectionError,24.297714233398438
1786832918.117183,ERROR:ConnectionError,26.559829711914062
1786832918.1289861,ERROR:ConnectionError,21.108627319335938
1786832918.1216097,ERROR:ConnectionError,29.830217361450195
1786832918.1318822,ERROR:ConnectionError,24.40190315246582
1786832918.133137,ERROR:ConnectionError,23.493528366088867
1786832918.129584,ERROR:ConnectionError,28.99646759033203
1786832918.135294,ERROR:ConnectionError,28.69415283203125
1786832918.1399796,ERROR:ConnectionError,24.32537078857422
1786832918.1278293,ERROR:ConnectionError,39.7801399230957
1786832918.1514485,ERROR:ConnectionError,20.36309242248535
1786832918.1562948,ERROR:ConnectionError,16.111373901367188
1786832918.141637,ERROR:ConnectionError,31.1582088470459
1786832918.143752,ERROR:ConnectionError,29.41417694091797
1786832918.1501088,ERROR:ConnectionError,24.79720115661621
1786832918.1585891,ERROR:ConnectionError,20.721435546875
1786832918.1643097,ERROR:ConnectionError,34.253835678100586
1786832918.1676154,ERROR:ConnectionError,40.459394454956055
1786832918.1639981,ERROR:ConnectionError,44.53420639038086
1786832918.1749144,ERROR:ConnectionError,37.072181701660156
1786832918.156636,ERROR:ConnectionError,55.69291114807129
1786832918.1718216,ERROR:ConnectionError,50.23503303527832
1786832918.1728017,ERROR:ConnectionError,50.388336181640625
1786832918.1724133,ERROR:ConnectionError,56.63108825683594
1786832918.1793191,ERROR:ConnectionError,51.98550224304199
1786832918.1731708,ERROR:ConnectionError,59.25869941711426
1786832918.1985724,ERROR:ConnectionError,35.253286361694336
1786832918.208094,ERROR:ConnectionError,29.319286346435547
1786832918.2085378,ERROR:ConnectionError,29.246807098388672
1786832918.222068,ERROR:ConnectionError,21.05998992919922
1786832918.2119954,ERROR:ConnectionError,35.92228889465332
1786832918.2231977,ERROR:ConnectionError,24.945974349975586
1786832918.2123353,ERROR:ConnectionError,39.8256778717041
1786832918.2290554,ERROR:ConnectionError,26.651620864868164
1786832918.2313128,ERROR:ConnectionError,24.69158172607422
1786832918.2338333,ERROR:ConnectionError,41.1374568939209
1786832918.2374237,ERROR:ConnectionError,40.07101058959961
1786832918.2324393,ERROR:ConnectionError,47.45960235595703
1786832918.2377896,ERROR:ConnectionError,42.40012168884277
1786832918.2431357,ERROR:ConnectionError,38.61641883850098
1786832918.2479246,ERROR:ConnectionError,42.17720031738281
1786832918.2481472,ERROR:ConnectionError,44.84152793884277
1786832918.2521691,ERROR:ConnectionError,42.8004264831543
1786832918.255719,ERROR:ConnectionError,41.21112823486328
1786832918.2749865,ERROR:ConnectionError,23.885011672973633
1786832918.256009,ERROR:ConnectionError,45.433998107910156
1786832918.280195,ERROR:ConnectionError,22.022247314453125
1786832918.28176,ERROR:ConnectionError,23.941755294799805
1786832918.2775037,ERROR:ConnectionError,31.25739097595215
1786832918.2799053,ERROR:ConnectionError,32.71675109863281
1786832918.2901137,ERROR:ConnectionError,26.170730590820312
1786832918.293001,ERROR:ConnectionError,29.58083152770996
1786832918.2949781,ERROR:ConnectionError,30.579805374145508
1786832918.296938,ERROR:ConnectionError,31.82220458984375
1786832918.298881,ERROR:ConnectionError,30.256271362304688
1786832918.3014524,ERROR:ConnectionError,29.665470123291016
1786832918.3022215,ERROR:ConnectionError,29.11853790283203
1786832918.3057075,ERROR:ConnectionError,27.689218521118164
1786832918.3087804,ERROR:ConnectionError,24.861574172973633
1786832918.3126316,ERROR:ConnectionError,31.657934188842773
1786832918.316292,ERROR:ConnectionError,32.04345703125
1786832918.322591,ERROR:ConnectionError,28.55062484741211
1786832918.32557,ERROR:ConnectionError,27.812957763671875
1786832918.3287687,ERROR:ConnectionError,25.01654624938965
1786832918.3291423,ERROR:ConnectionError,26.807069778442383
1786832918.3311238,ERROR:ConnectionError,33.92767906188965
1786832918.3336449,ERROR:ConnectionError,33.33616256713867
1786832918.3334029,ERROR:ConnectionError,35.803794860839844
1786832918.3313432,ERROR:ConnectionError,41.11790657043457
1786832918.3442998,ERROR:ConnectionError,34.256935119628906
1786832918.3483443,ERROR:ConnectionError,32.087087631225586
1786832918.353793,ERROR:ConnectionError,27.76312828063965
1786832918.3559635,ERROR:ConnectionError,29.762744903564453
1786832918.3511505,ERROR:ConnectionError,34.87730026245117
1786832918.365064,ERROR:ConnectionError,22.272109985351562
1786832918.353392,ERROR:ConnectionError,36.18979454040527
1786832918.3669872,ERROR:ConnectionError,23.006916046142578
1786832918.3785675,ERROR:ConnectionError,15.307188034057617
1786832918.3724716,ERROR:ConnectionError,24.367809295654297
1786832918.3692133,ERROR:ConnectionError,30.543804168701172
1786832918.3860333,ERROR:ConnectionError,17.755985260009766
1786832918.380438,ERROR:ConnectionError,26.45707130432129
1786832918.381562,ERROR:ConnectionError,28.583765029907227
1786832918.387342,ERROR:ConnectionError,23.37646484375
1786832918.3857374,ERROR:ConnectionError,26.309728622436523
1786832918.3895893,ERROR:ConnectionError,28.31244468688965
1786832918.393884,ERROR:ConnectionError,25.240421295166016
1786832918.3899996,ERROR:ConnectionError,33.73980522155762
1786832918.396848,ERROR:ConnectionError,36.62753105163574
1786832918.3997655,ERROR:ConnectionError,34.42049026489258
1786832918.4038022,ERROR:ConnectionError,34.88302230834961
1786832918.4107258,ERROR:ConnectionError,30.46560287475586
1786832918.4069033,ERROR:ConnectionError,37.509918212890625
1786832918.4120553,ERROR:ConnectionError,35.10284423828125
1786832918.410163,ERROR:ConnectionError,40.56429862976074
1786832918.4237509,ERROR:ConnectionError,29.393434524536133
1786832918.4341948,ERROR:ConnectionError,23.70166778564453
1786832918.4191313,ERROR:ConnectionError,39.91389274597168
1786832918.417912,ERROR:ConnectionError,41.45359992980957
1786832918.433489,ERROR:ConnectionError,31.98838233947754
1786832918.4412,ERROR:ConnectionError,24.53899383544922
1786832918.4387016,ERROR:ConnectionError,30.060529708862305
1786832918.4444225,ERROR:ConnectionError,24.567842483520508
1786832918.4471662,ERROR:ConnectionError,22.063016891479492
1786832918.4507382,ERROR:ConnectionError,20.444393157958984
1786832918.4531515,ERROR:ConnectionError,27.2977352142334
1786832918.4593701,ERROR:ConnectionError,25.229930877685547
1786832918.4590573,ERROR:ConnectionError,26.087045669555664
1786832918.4711921,ERROR:ConnectionError,22.35865592956543
1786832918.4579067,ERROR:ConnectionError,38.225412368774414
1786832918.465745,ERROR:ConnectionError,30.668973922729492
1786832918.4654849,ERROR:ConnectionError,35.27402877807617
1786832918.4687686,ERROR:ConnectionError,35.57872772216797
1786832918.4804575,ERROR:ConnectionError,32.529354095458984
1786832918.469233,ERROR:ConnectionError,48.31886291503906
1786832918.4689941,ERROR:ConnectionError,52.05130577087402
1786832918.48461,ERROR:ConnectionError,40.247440338134766
1786832918.4851494,ERROR:ConnectionError,41.231632232666016
1786832918.4935658,ERROR:ConnectionError,40.66181182861328
1786832918.4964194,ERROR:ConnectionError,40.13824462890625
1786832918.496143,ERROR:ConnectionError,44.188499450683594
1786832918.5007672,ERROR:ConnectionError,42.391061782836914
1786832918.5175626,ERROR:ConnectionError,26.098966598510742
1786832918.504366,ERROR:ConnectionError,42.62208938598633
1786832918.5129962,ERROR:ConnectionError,36.539554595947266
1786832918.5248697,ERROR:ConnectionError,28.749465942382812
1786832918.5210612,ERROR:ConnectionError,32.840728759765625
1786832918.5431879,ERROR:ConnectionError,13.511896133422852
1786832918.5436666,ERROR:ConnectionError,13.60940933227539
1786832918.5263922,ERROR:ConnectionError,32.32383728027344
1786832918.5342371,ERROR:ConnectionError,25.060653686523438
1786832918.536564,ERROR:ConnectionError,24.180173873901367
1786832918.5403411,ERROR:ConnectionError,21.692276000976562
1786832918.5495455,ERROR:ConnectionError,23.92411231994629
1786832918.5539072,ERROR:ConnectionError,23.505210876464844
1786832918.5572822,ERROR:ConnectionError,27.834415435791016
1786832918.5469956,ERROR:ConnectionError,38.92660140991211
1786832918.558723,ERROR:ConnectionError,35.350799560546875
1786832918.562041,ERROR:ConnectionError,32.36031532287598
1786832918.5536273,ERROR:ConnectionError,46.5693473815918
1786832918.5734804,ERROR:ConnectionError,30.358552932739258
1786832918.5593243,ERROR:ConnectionError,50.68016052246094
1786832918.5567076,ERROR:ConnectionError,55.92846870422363
1786832918.5774214,ERROR:ConnectionError,38.185834884643555
1786832918.5851707,ERROR:ConnectionError,33.22100639343262
1786832918.5944061,ERROR:ConnectionError,26.068449020385742
1786832918.6002054,ERROR:ConnectionError,22.139549255371094
1786832918.603848,ERROR:ConnectionError,20.937442779541016
1786832918.560755,ERROR:ConnectionError,67.27862358093262
1786832918.594086,ERROR:ConnectionError,39.11590576171875
1786832918.5859282,ERROR:ConnectionError,48.67434501647949
1786832918.610014,ERROR:ConnectionError,31.62550926208496
1786832918.612645,ERROR:ConnectionError,36.43918037414551
1786832918.6156137,ERROR:ConnectionError,40.44938087463379
1786832918.6204817,ERROR:ConnectionError,38.7883186340332
1786832918.628043,ERROR:ConnectionError,40.6804084777832
1786832918.6183999,ERROR:ConnectionError,51.276206970214844
1786832918.6247983,ERROR:ConnectionError,47.93405532836914
1786832918.622354,ERROR:ConnectionError,54.41617965698242
1786832918.6332135,ERROR:ConnectionError,45.542240142822266
1786832918.6416512,ERROR:ConnectionError,41.69797897338867
1786832918.6490955,ERROR:ConnectionError,36.94486618041992
1786832918.669682,ERROR:ConnectionError,17.124652862548828
1786832918.6592839,ERROR:ConnectionError,27.8475284576416
1786832918.6687338,ERROR:ConnectionError,26.036739349365234
1786832918.634611,ERROR:ConnectionError,62.790870666503906
1786832918.672738,ERROR:ConnectionError,25.0546932220459
1786832918.6560738,ERROR:ConnectionError,42.29235649108887
1786832918.676777,ERROR:ConnectionError,30.581951141357422
1786832918.6833587,ERROR:ConnectionError,26.67236328125
1786832918.6787636,ERROR:ConnectionError,31.685829162597656
1786832918.6871371,ERROR:ConnectionError,24.630069732666016
1786832918.686815,ERROR:ConnectionError,25.187253952026367
1786832918.6860561,ERROR:ConnectionError,27.1298885345459
1786832918.6977983,ERROR:ConnectionError,20.022869110107422
1786832918.694781,ERROR:ConnectionError,26.556015014648438
1786832918.6983721,ERROR:ConnectionError,23.521900177001953
1786832918.69741,ERROR:ConnectionError,29.643774032592773
1786832918.7073693,ERROR:ConnectionError,21.3625431060791
1786832918.711773,ERROR:ConnectionError,20.012378692626953
1786832918.7120078,ERROR:ConnectionError,26.92699432373047
1786832918.7131906,ERROR:ConnectionError,26.795625686645508
1786832918.710043,ERROR:ConnectionError,31.71086311340332
1786832918.7104542,ERROR:ConnectionError,32.31358528137207
1786832918.7213502,ERROR:ConnectionError,22.22466468811035
1786832918.7178285,ERROR:ConnectionError,27.65059471130371
1786832918.72191,ERROR:ConnectionError,34.70492362976074
1786832918.7287424,ERROR:ConnectionError,31.75830841064453
1786832918.7270796,ERROR:ConnectionError,34.86967086791992
1786832918.742774,ERROR:ConnectionError,21.5151309967041
1786832918.7317934,ERROR:ConnectionError,33.904314041137695
1786832918.7417638,ERROR:ConnectionError,25.302648544311523
1786832918.7454863,ERROR:ConnectionError,25.158405303955078
1786832918.739994,ERROR:ConnectionError,34.198760986328125
1786832918.7435827,ERROR:ConnectionError,35.31527519226074
1786832918.7605088,ERROR:ConnectionError,20.612716674804688
1786832918.7389512,ERROR:ConnectionError,46.05865478515625
1786832918.756626,ERROR:ConnectionError,28.61928939819336
1786832918.7642977,ERROR:ConnectionError,25.923490524291992
1786832918.7619588,ERROR:ConnectionError,34.06572341918945
1786832918.770651,ERROR:ConnectionError,29.274463653564453
1786832918.7657046,ERROR:ConnectionError,36.38601303100586
1786832918.7670777,ERROR:ConnectionError,35.36701202392578
1786832918.778907,ERROR:ConnectionError,24.67823028564453
1786832918.7852488,ERROR:ConnectionError,23.21028709411621
1786832918.774204,ERROR:ConnectionError,35.4001522064209
1786832918.7850184,ERROR:ConnectionError,29.686450958251953
1786832918.7811282,ERROR:ConnectionError,36.67712211608887
1786832918.7960343,ERROR:ConnectionError,22.955656051635742
1786832918.7902317,ERROR:ConnectionError,31.903743743896484
1786832918.8021,ERROR:ConnectionError,22.759675979614258
1786832918.7999353,ERROR:ConnectionError,25.248050689697266
1786832918.8024673,ERROR:ConnectionError,33.08987617492676
1786832918.809611,ERROR:ConnectionError,28.280973434448242
1786832918.8035908,ERROR:ConnectionError,40.11821746826172
1786832918.8084652,ERROR:ConnectionError,36.38648986816406
1786832918.8147132,ERROR:ConnectionError,33.03170204162598
1786832918.8189962,ERROR:ConnectionError,36.35287284851074
1786832918.8221493,ERROR:ConnectionError,36.06915473937988
1786832918.817813,ERROR:ConnectionError,44.9831485748291
1786832918.8379045,ERROR:ConnectionError,27.185678482055664
1786832918.82519,ERROR:ConnectionError,44.870615005493164
1786832918.8355687,ERROR:ConnectionError,44.864654541015625
1786832918.84372,ERROR:ConnectionError,37.16588020324707
1786832918.8248692,ERROR:ConnectionError,57.74998664855957
1786832918.8477538,ERROR:ConnectionError,38.57874870300293
1786832918.844859,ERROR:ConnectionError,41.74447059631348
1786832918.858229,ERROR:ConnectionError,32.805681228637695
1786832918.855366,ERROR:ConnectionError,38.309574127197266
1786832918.8650992,ERROR:ConnectionError,32.091379165649414
1786832918.870072,ERROR:ConnectionError,28.493404388427734
1786832918.862806,ERROR:ConnectionError,38.11311721801758
1786832918.8808925,ERROR:ConnectionError,21.80624008178711
1786832918.8826287,ERROR:ConnectionError,21.541833877563477
1786832918.886341,ERROR:ConnectionError,18.100261688232422
1786832918.8804445,ERROR:ConnectionError,26.921510696411133
1786832918.8866081,ERROR:ConnectionError,27.350187301635742
1786832918.8910425,ERROR:ConnectionError,24.164199829101562
1786832918.8971984,ERROR:ConnectionError,19.299030303955078
1786832918.9009268,ERROR:ConnectionError,20.63608169555664
1786832918.9044466,ERROR:ConnectionError,20.959138870239258
1786832918.898572,ERROR:ConnectionError,27.459144592285156
1786832918.9041748,ERROR:ConnectionError,22.330760955810547
1786832918.9027085,ERROR:ConnectionError,25.79808235168457
1786832918.8936837,ERROR:ConnectionError,36.632537841796875
1786832918.907376,ERROR:ConnectionError,26.93462371826172
1786832918.9165065,ERROR:ConnectionError,23.000478744506836
1786832918.915213,ERROR:ConnectionError,27.224302291870117
1786832918.9215968,ERROR:ConnectionError,26.944875717163086
1786832918.9139667,ERROR:ConnectionError,37.83559799194336
1786832918.9265134,ERROR:ConnectionError,27.36067771911621
1786832918.9260375,ERROR:ConnectionError,28.31411361694336
1786832918.9285154,ERROR:ConnectionError,29.349327087402344
1786832918.9254198,ERROR:ConnectionError,36.9870662689209
1786832918.9395156,ERROR:ConnectionError,23.22244644165039
1786832918.9343197,ERROR:ConnectionError,29.19459342956543
1786832918.9303246,ERROR:ConnectionError,36.76772117614746
1786832918.9485493,ERROR:ConnectionError,20.670652389526367
1786832918.9578724,ERROR:ConnectionError,14.33110237121582
1786832918.9543545,ERROR:ConnectionError,20.161151885986328
1786832918.9538817,ERROR:ConnectionError,21.20065689086914
1786832918.9424455,ERROR:ConnectionError,34.833431243896484
1786832918.9518092,ERROR:ConnectionError,34.5158576965332
1786832918.9627426,ERROR:ConnectionError,28.049707412719727
1786832918.9624155,ERROR:ConnectionError,28.853654861450195
1786832918.9722176,ERROR:ConnectionError,19.678831100463867
1786832918.9635217,ERROR:ConnectionError,28.745174407958984
1786832918.9671028,ERROR:ConnectionError,25.766372680664062
1786832918.9745245,ERROR:ConnectionError,20.833253860473633
1786832918.969229,ERROR:ConnectionError,32.60302543640137
1786832918.9772859,ERROR:ConnectionError,24.889230728149414
1786832918.9863322,ERROR:ConnectionError,19.224882125854492
1786832918.9750907,ERROR:ConnectionError,31.275272369384766
1786832918.9912736,ERROR:ConnectionError,24.182796478271484
1786832918.991902,ERROR:ConnectionError,23.86617660522461
1786832918.9922724,ERROR:ConnectionError,27.25815773010254
1786832918.9928768,ERROR:ConnectionError,27.070999145507812
1786832919.0021806,ERROR:ConnectionError,21.895170211791992
1786832919.0055697,ERROR:ConnectionError,23.247241973876953
1786832919.0063758,ERROR:ConnectionError,22.7506160736084
1786832919.0154648,ERROR:ConnectionError,16.71624183654785
1786832918.9908059,ERROR:ConnectionError,41.910648345947266
1786832919.015774,ERROR:ConnectionError,17.328977584838867
1786832919.0018415,ERROR:ConnectionError,31.919479370117188
1786832918.9953668,ERROR:ConnectionError,39.48616981506348
1786832919.0195382,ERROR:ConnectionError,21.632671356201172
1786832919.0199547,ERROR:ConnectionError,22.188663482666016
1786832919.0291314,ERROR:ConnectionError,17.36617088317871
1786832919.024086,ERROR:ConnectionError,23.46181869506836
1786832919.0288253,ERROR:ConnectionError,22.86243438720703
1786832919.0327222,ERROR:ConnectionError,20.1718807220459
1786832919.0331087,ERROR:ConnectionError,20.236492156982422
1786832919.0337667,ERROR:ConnectionError,20.778179168701172
1786832919.0348604,ERROR:ConnectionError,22.490501403808594
1786832919.0322623,ERROR:ConnectionError,29.284238815307617
1786832919.041179,ERROR:ConnectionError,22.932052612304688
1786832919.046505,ERROR:ConnectionError,19.768714904785156
1786832919.0421503,ERROR:ConnectionError,24.846553802490234
1786832919.0475547,ERROR:ConnectionError,25.509119033813477
1786832919.0529013,ERROR:ConnectionError,23.10490608215332
1786832919.0573573,ERROR:ConnectionError,19.733905792236328
1786832919.05455,ERROR:ConnectionError,23.952007293701172
1786832919.0533485,ERROR:ConnectionError,27.546167373657227
1786832919.051695,ERROR:ConnectionError,29.956340789794922
1786832919.0615573,ERROR:ConnectionError,26.34596824645996
1786832919.0670035,ERROR:ConnectionError,21.53635025024414
1786832919.0785139,ERROR:ConnectionError,13.087272644042969
1786832919.0662832,ERROR:ConnectionError,26.313304901123047
1786832919.073073,ERROR:ConnectionError,19.7601318359375
1786832919.06412,ERROR:ConnectionError,30.92026710510254
1786832919.0816581,ERROR:ConnectionError,17.87590980529785
1786832919.076014,ERROR:ConnectionError,25.980234146118164
1786832919.0885475,ERROR:ConnectionError,13.811111450195312
1786832919.0770996,ERROR:ConnectionError,26.149272918701172
1786832919.0879095,ERROR:ConnectionError,20.159244537353516
1786832919.0809035,ERROR:ConnectionError,29.35051918029785
1786832919.0916128,ERROR:ConnectionError,20.21956443786621
1786832919.092837,ERROR:ConnectionError,22.12977409362793
1786832919.0950482,ERROR:ConnectionError,20.909786224365234
1786832919.092603,ERROR:ConnectionError,27.624845504760742
1786832919.0995426,ERROR:ConnectionError,24.096250534057617
1786832919.1023626,ERROR:ConnectionError,23.166418075561523
1786832919.103254,ERROR:ConnectionError,24.810314178466797
1786832919.1019998,ERROR:ConnectionError,27.97675132751465
1786832919.1118405,ERROR:ConnectionError,22.804737091064453
1786832919.110262,ERROR:ConnectionError,26.547670364379883
1786832919.115965,ERROR:ConnectionError,23.82683753967285
1786832919.1202338,ERROR:ConnectionError,22.941112518310547
1786832919.1149764,ERROR:ConnectionError,28.9309024810791
1786832919.108078,ERROR:ConnectionError,38.01107406616211
1786832919.1236496,ERROR:ConnectionError,22.70340919494629
1786832919.1280735,ERROR:ConnectionError,18.58210563659668
1786832919.1255364,ERROR:ConnectionError,21.74973487854004
1786832919.1346548,ERROR:ConnectionError,16.126155853271484
1786832919.136818,ERROR:ConnectionError,18.558025360107422
1786832919.1398058,ERROR:ConnectionError,18.63884925842285
1786832919.1299834,ERROR:ConnectionError,29.95920181274414
1786832919.143184,ERROR:ConnectionError,20.9958553314209
1786832919.143914,ERROR:ConnectionError,21.4540958404541
1786832919.1466599,ERROR:ConnectionError,22.07350730895996
1786832919.146095,ERROR:ConnectionError,24.259567260742188
1786832919.1463578,ERROR:ConnectionError,25.111675262451172
1786832919.150814,ERROR:ConnectionError,27.047157287597656
1786832919.1553817,ERROR:ConnectionError,23.266077041625977
1786832919.1472907,ERROR:ConnectionError,36.77964210510254
1786832919.1687405,ERROR:ConnectionError,24.509191513061523
1786832919.1584554,ERROR:ConnectionError,37.26792335510254
1786832919.1599555,ERROR:ConnectionError,36.063194274902344
1786832919.1641872,ERROR:ConnectionError,34.04092788696289
1786832919.1653733,ERROR:ConnectionError,36.45205497741699
1786832919.170361,ERROR:ConnectionError,32.006263732910156
1786832919.1786547,ERROR:ConnectionError,26.181936264038086
1786832919.171529,ERROR:ConnectionError,38.733482360839844
1786832919.1840768,ERROR:ConnectionError,28.3355712890625
1786832919.1778693,ERROR:ConnectionError,35.50243377685547
1786832919.1932611,ERROR:ConnectionError,22.782564163208008
1786832919.1960247,ERROR:ConnectionError,27.148962020874023
1786832919.1957326,ERROR:ConnectionError,28.940439224243164
1786832919.198236,ERROR:ConnectionError,30.39407730102539
1786832919.202374,ERROR:ConnectionError,32.140254974365234
1786832919.201837,ERROR:ConnectionError,34.74760055541992
1786832919.2048438,ERROR:ConnectionError,32.53054618835449
1786832919.2102792,ERROR:ConnectionError,29.56843376159668
1786832919.2133777,ERROR:ConnectionError,28.032541275024414
1786832919.2124212,ERROR:ConnectionError,38.10620307922363
1786832919.2160504,ERROR:ConnectionError,40.81392288208008
1786832919.2231915,ERROR:ConnectionError,35.81953048706055
1786832919.2246795,ERROR:ConnectionError,36.28182411193848
1786832919.228639,ERROR:ConnectionError,37.80484199523926
1786832919.2365916,ERROR:ConnectionError,32.52744674682617
1786832919.2345254,ERROR:ConnectionError,34.8665714263916
1786832919.2373796,ERROR:ConnectionError,35.83502769470215
1786832919.2398567,ERROR:ConnectionError,33.74528884887695
1786832919.2590194,ERROR:ConnectionError,14.82701301574707
1786832919.2568767,ERROR:ConnectionError,18.146514892578125
1786832919.2505355,ERROR:ConnectionError,25.511980056762695
1786832919.2414188,ERROR:ConnectionError,35.126686096191406
1786832919.2609723,ERROR:ConnectionError,27.545452117919922
1786832919.266455,ERROR:ConnectionError,25.090694427490234
1786832919.269397,ERROR:ConnectionError,26.06964111328125
1786832919.2691274,ERROR:ConnectionError,26.71360969543457
1786832919.2738516,ERROR:ConnectionError,28.98263931274414
1786832919.2760954,ERROR:ConnectionError,27.27508544921875
1786832919.2732246,ERROR:ConnectionError,34.465789794921875
1786832919.273608,ERROR:ConnectionError,37.66989707946777
1786832919.2885296,ERROR:ConnectionError,25.36773681640625
1786832919.2750313,ERROR:ConnectionError,42.21487045288086
1786832919.2765517,ERROR:ConnectionError,43.370723724365234
1786832919.2958474,ERROR:ConnectionError,26.365995407104492
1786832919.2915556,ERROR:ConnectionError,31.06832504272461
1786832919.2954743,ERROR:ConnectionError,30.02023696899414
1786832919.3033752,ERROR:ConnectionError,24.960041046142578
1786832919.3028414,ERROR:ConnectionError,31.116485595703125
1786832919.3077025,ERROR:ConnectionError,27.102947235107422
1786832919.3112874,ERROR:ConnectionError,27.610301971435547
1786832919.3139052,ERROR:ConnectionError,32.282352447509766
1786832919.317257,ERROR:ConnectionError,35.13979911804199
1786832919.3199306,ERROR:ConnectionError,34.99650955200195
1786832919.322225,ERROR:ConnectionError,38.6505126953125
1786832919.3226283,ERROR:ConnectionError,41.48459434509277
1786832919.3255186,ERROR:ConnectionError,39.785146713256836
1786832919.3283496,ERROR:ConnectionError,39.3528938293457
1786832919.334815,ERROR:ConnectionError,36.011457443237305
1786832919.3389087,ERROR:ConnectionError,32.776594161987305
1786832919.3524055,ERROR:ConnectionError,23.902416229248047
1786832919.3461988,ERROR:ConnectionError,30.70688247680664
1786832919.3339665,ERROR:ConnectionError,43.26462745666504
1786832919.3549337,ERROR:ConnectionError,26.987552642822266
1786832919.365312,ERROR:ConnectionError,19.730806350708008
1786832919.3608882,ERROR:ConnectionError,24.437665939331055
1786832919.370837,ERROR:ConnectionError,22.664308547973633
1786832919.3641222,ERROR:ConnectionError,30.887365341186523
1786832919.367742,ERROR:ConnectionError,28.522014617919922
1786832919.3716908,ERROR:ConnectionError,30.27939796447754
1786832919.3763163,ERROR:ConnectionError,28.276681900024414
1786832919.3772378,ERROR:ConnectionError,27.984142303466797
1786832919.376914,ERROR:ConnectionError,32.909393310546875
1786832919.385332,ERROR:ConnectionError,25.823116302490234
1786832919.3850534,ERROR:ConnectionError,32.25874900817871
1786832919.3819299,ERROR:ConnectionError,35.86935997009277
1786832919.3935103,ERROR:ConnectionError,26.648521423339844
1786832919.3962731,ERROR:ConnectionError,32.02414512634277
1786832919.401978,ERROR:ConnectionError,26.740074157714844
1786832919.3950174,ERROR:ConnectionError,38.57278823852539
1786832919.4046004,ERROR:ConnectionError,29.55031394958496
1786832919.4111629,ERROR:ConnectionError,30.03835678100586
1786832919.4052272,ERROR:ConnectionError,38.747549057006836
1786832919.4173381,ERROR:ConnectionError,27.060508728027344
1786832919.4179037,ERROR:ConnectionError,27.63223648071289
1786832919.4098399,ERROR:ConnectionError,37.3382568359375
1786832919.4201674,ERROR:ConnectionError,29.910564422607422
1786832919.4287243,ERROR:ConnectionError,25.084972381591797
1786832919.4341571,ERROR:ConnectionError,28.242826461791992
1786832919.428305,ERROR:ConnectionError,35.8731746673584
1786832919.4336011,ERROR:ConnectionError,38.06161880493164
1786832919.4439874,ERROR:ConnectionError,30.223846435546875
1786832919.441212,ERROR:ConnectionError,34.293174743652344
1786832919.445544,ERROR:ConnectionError,32.286882400512695
1786832919.4444041,ERROR:ConnectionError,37.67275810241699
1786832919.4471858,ERROR:ConnectionError,36.75031661987305
1786832919.4624076,ERROR:ConnectionError,21.93927764892578
1786832919.4538183,ERROR:ConnectionError,31.836986541748047
1786832919.4500873,ERROR:ConnectionError,38.70534896850586
1786832919.4742212,ERROR:ConnectionError,17.396926879882812
1786832919.464186,ERROR:ConnectionError,28.832435607910156
1786832919.4755125,ERROR:ConnectionError,24.055957794189453
1786832919.4778383,ERROR:ConnectionError,22.118568420410156
1786832919.471712,ERROR:ConnectionError,28.722763061523438
1786832919.482109,ERROR:ConnectionError,21.692276000976562
1786832919.484354,ERROR:ConnectionError,22.811174392700195
1786832919.4888034,ERROR:ConnectionError,21.41284942626953
1786832919.483947,ERROR:ConnectionError,27.78482437133789
1786832919.4916267,ERROR:ConnectionError,22.0487117767334
1786832919.49303,ERROR:ConnectionError,25.684595108032227
1786832919.485661,ERROR:ConnectionError,37.045955657958984
1786832919.5038092,ERROR:ConnectionError,19.524574279785156
1786832919.4999614,ERROR:ConnectionError,23.871183395385742
1786832919.5004404,ERROR:ConnectionError,31.41927719116211
1786832919.5187216,ERROR:ConnectionError,21.032333374023438
1786832919.5136833,ERROR:ConnectionError,27.755260467529297
1786832919.511741,ERROR:ConnectionError,30.6394100189209
1786832919.5102327,ERROR:ConnectionError,32.37771987915039
1786832919.5071745,ERROR:ConnectionError,36.85259819030762
1786832919.4995763,ERROR:ConnectionError,47.744035720825195
1786832919.523342,ERROR:ConnectionError,29.068946838378906
1786832919.5238392,ERROR:ConnectionError,30.65013885498047
1786832919.5398562,ERROR:ConnectionError,19.262075424194336
1786832919.531869,ERROR:ConnectionError,34.16252136230469
1786832919.5440342,ERROR:ConnectionError,36.83972358703613
1786832919.5423875,ERROR:ConnectionError,39.362430572509766
1786832919.5227218,ERROR:ConnectionError,59.34929847717285
1786832919.5544965,ERROR:ConnectionError,30.186891555786133
1786832919.5426145,ERROR:ConnectionError,44.96407508850098
1786832919.5591285,ERROR:ConnectionError,29.428720474243164
1786832919.5808835,ERROR:ConnectionError,15.494346618652344
1786832919.5660417,ERROR:ConnectionError,30.859947204589844
1786832919.5414486,ERROR:ConnectionError,58.18009376525879
1786832919.5524194,ERROR:ConnectionError,48.366546630859375
1786832919.547328,ERROR:ConnectionError,54.27193641662598
1786832919.581757,ERROR:ConnectionError,32.196044921875
1786832919.5875869,ERROR:ConnectionError,32.52243995666504
1786832919.582077,ERROR:ConnectionError,45.65882682800293
1786832919.596388,ERROR:ConnectionError,31.835556030273438
1786832919.596906,ERROR:ConnectionError,34.63029861450195
1786832919.6007938,ERROR:ConnectionError,31.27765655517578
1786832919.6016088,ERROR:ConnectionError,30.74049949645996
1786832919.5846953,ERROR:ConnectionError,53.03812026977539
1786832919.5885653,ERROR:ConnectionError,51.138877868652344
1786832919.5996363,ERROR:ConnectionError,50.37975311279297
1786832919.6139634,ERROR:ConnectionError,38.889408111572266
1786832919.620119,ERROR:ConnectionError,54.166555404663086
1786832919.6278384,ERROR:ConnectionError,47.7299690246582
1786832919.6315422,ERROR:ConnectionError,45.520782470703125
1786832919.6282287,ERROR:ConnectionError,49.138545989990234
1786832919.632076,ERROR:ConnectionError,45.6233024597168
1786832919.6377404,ERROR:ConnectionError,49.93176460266113
1786832919.6323538,ERROR:ConnectionError,57.03306198120117
1786832919.6397164,ERROR:ConnectionError,52.89483070373535
1786832919.6500263,ERROR:ConnectionError,51.073312759399414
1786832919.6742976,ERROR:ConnectionError,28.842687606811523
1786832919.6528616,ERROR:ConnectionError,52.145957946777344
1786832919.677068,ERROR:ConnectionError,31.653404235839844
1786832919.6755762,ERROR:ConnectionError,37.491798400878906
1786832919.6773756,ERROR:ConnectionError,39.92342948913574
1786832919.677706,ERROR:ConnectionError,44.992685317993164
1786832919.7031486,ERROR:ConnectionError,23.155927658081055
1786832919.6894026,ERROR:ConnectionError,37.39738464355469
1786832919.692621,ERROR:ConnectionError,38.077354431152344
1786832919.705014,ERROR:ConnectionError,27.13322639465332
1786832919.7130773,ERROR:ConnectionError,19.95992660522461
1786832919.7011118,ERROR:ConnectionError,35.425662994384766
1786832919.7087317,ERROR:ConnectionError,32.187461853027344
1786832919.7173085,ERROR:ConnectionError,24.756431579589844
1786832919.7227128,ERROR:ConnectionError,23.467302322387695
1786832919.6876805,ERROR:ConnectionError,58.870553970336914
1786832919.7307081,ERROR:ConnectionError,20.73216438293457
1786832919.7321568,ERROR:ConnectionError,31.898975372314453
1786832919.7268054,ERROR:ConnectionError,39.20483589172363
1786832919.7330441,ERROR:ConnectionError,37.407875061035156
1786832919.7263196,ERROR:ConnectionError,55.7098388671875
1786832919.7365446,ERROR:ConnectionError,49.03864860534668
1786832919.7409303,ERROR:ConnectionError,52.57368087768555
1786832919.7420747,ERROR:ConnectionError,52.95920372009277
1786832919.7461889,ERROR:ConnectionError,52.162885665893555
1786832919.746556,ERROR:ConnectionError,55.76729774475098
1786832919.7640653,ERROR:ConnectionError,40.340423583984375
1786832919.770461,ERROR:ConnectionError,41.42618179321289
1786832919.7660196,ERROR:ConnectionError,51.09405517578125
1786832919.75145,ERROR:ConnectionError,68.00174713134766
1786832919.78204,ERROR:ConnectionError,41.07499122619629
1786832919.7855942,ERROR:ConnectionError,40.865182876586914
1786832919.7935195,ERROR:ConnectionError,34.15989875793457
1786832919.7950442,ERROR:ConnectionError,34.83843803405762
1786832919.804413,ERROR:ConnectionError,25.881528854370117
1786832919.8119032,ERROR:ConnectionError,19.33598518371582
1786832919.802332,ERROR:ConnectionError,30.94625473022461
1786832919.798363,ERROR:ConnectionError,39.713144302368164
1786832919.8171227,ERROR:ConnectionError,28.700828552246094
1786832919.8264701,ERROR:ConnectionError,21.03734016418457
1786832919.8231266,ERROR:ConnectionError,24.9786376953125
1786832919.8276906,ERROR:ConnectionError,23.761749267578125
1786832919.8194597,ERROR:ConnectionError,33.92958641052246
1786832919.830301,ERROR:ConnectionError,29.808759689331055
1786832919.8298924,ERROR:ConnectionError,47.14560508728027
1786832919.831245,ERROR:ConnectionError,52.08182334899902
1786832919.8332837,ERROR:ConnectionError,55.46426773071289
1786832919.8380852,ERROR:ConnectionError,63.463449478149414
1786832919.845832,ERROR:ConnectionError,58.38131904602051
1786832919.8514633,ERROR:ConnectionError,65.19794464111328
1786832919.8533952,ERROR:ConnectionError,71.13385200500488
1786832919.8833373,ERROR:ConnectionError,41.4881706237793
1786832919.8481114,ERROR:ConnectionError,80.22236824035645
1786832919.8475146,ERROR:ConnectionError,81.21299743652344
1786832919.877052,ERROR:ConnectionError,64.62240219116211
1786832919.90157,ERROR:ConnectionError,49.234628677368164
1786832919.9166713,ERROR:ConnectionError,51.05996131896973
1786832919.8601167,ERROR:ConnectionError,111.4969253540039
1786832919.8887594,ERROR:ConnectionError,98.13642501831055
1786832919.9245372,ERROR:ConnectionError,63.40622901916504
1786832919.9416907,ERROR:ConnectionError,46.98491096496582
1786832919.9287324,ERROR:ConnectionError,65.34934043884277
1786832919.9283442,ERROR:ConnectionError,67.4276351928711
1786832919.9677427,ERROR:ConnectionError,31.939268112182617
1786832919.90422,ERROR:ConnectionError,96.34542465209961
1786832919.987949,ERROR:ConnectionError,22.702693939208984
1786832919.9716206,ERROR:ConnectionError,41.80502891540527
1786832919.9886801,ERROR:ConnectionError,29.15668487548828
1786832919.9940908,ERROR:ConnectionError,24.11341667175293
1786832919.9869075,ERROR:ConnectionError,34.38115119934082
1786832919.995782,ERROR:ConnectionError,26.14307403564453
1786832919.924831,ERROR:ConnectionError,100.67176818847656
1786832920.0005715,ERROR:ConnectionError,27.273893356323242
1786832919.9996932,ERROR:ConnectionError,28.473854064941406
1786832920.0134342,ERROR:ConnectionError,21.990537643432617
1786832920.0106611,ERROR:ConnectionError,33.226966857910156
1786832920.0182166,ERROR:ConnectionError,27.179956436157227
1786832919.9508145,ERROR:ConnectionError,106.00805282592773
1786832920.0178468,ERROR:ConnectionError,45.75228691101074
1786832920.021298,ERROR:ConnectionError,44.48413848876953
1786832920.0278523,ERROR:ConnectionError,38.912296295166016
1786832920.0439014,ERROR:ConnectionError,28.615236282348633
1786832920.045409,ERROR:ConnectionError,28.661727905273438
1786832920.0281732,ERROR:ConnectionError,50.6591796875
1786832920.0354893,ERROR:ConnectionError,44.52323913574219
1786832920.021944,ERROR:ConnectionError,58.870553970336914
1786832920.0568366,ERROR:ConnectionError,25.469303131103516
1786832920.0255163,ERROR:ConnectionError,58.26377868652344
1786832920.0636106,ERROR:ConnectionError,21.640539169311523
1786832920.066771,ERROR:ConnectionError,18.776893615722656
1786832920.065791,ERROR:ConnectionError,26.128768920898438
1786832920.0788987,ERROR:ConnectionError,21.596670150756836
1786832920.0740824,ERROR:ConnectionError,28.60713005065918
1786832920.0725265,ERROR:ConnectionError,30.707359313964844
1786832920.0852575,ERROR:ConnectionError,27.325153350830078
1786832920.082315,ERROR:ConnectionError,34.30438041687012
1786832920.0800657,ERROR:ConnectionError,41.45979881286621
1786832920.0808215,ERROR:ConnectionError,50.725460052490234
1786832920.08379,ERROR:ConnectionError,49.05986785888672
1786832920.0855527,ERROR:ConnectionError,51.73969268798828
1786832920.0919297,ERROR:ConnectionError,47.92141914367676
1786832920.1032403,ERROR:ConnectionError,42.09780693054199
1786832920.112592,ERROR:ConnectionError,34.42239761352539
1786832920.100504,ERROR:ConnectionError,48.48504066467285
1786832920.1026971,ERROR:ConnectionError,46.61202430725098
1786832920.116629,ERROR:ConnectionError,35.039663314819336
1786832920.1215348,ERROR:ConnectionError,32.07993507385254
1786832920.1315548,ERROR:ConnectionError,27.98771858215332
1786832920.1373012,ERROR:ConnectionError,24.66583251953125
1786832920.132859,ERROR:ConnectionError,30.267953872680664
1786832920.1398597,ERROR:ConnectionError,29.425621032714844
1786832920.1453476,ERROR:ConnectionError,25.217771530151367
1786832920.1470225,ERROR:ConnectionError,30.363798141479492
1786832920.1493149,ERROR:ConnectionError,28.463363647460938
1786832920.151677,ERROR:ConnectionError,29.225826263427734
1786832920.1489964,ERROR:ConnectionError,33.0507755279541
1786832920.1595514,ERROR:ConnectionError,22.764205932617188
1786832920.1619747,ERROR:ConnectionError,20.876407623291016
1786832920.1536226,ERROR:ConnectionError,35.460710525512695
1786832920.163136,ERROR:ConnectionError,26.917457580566406
1786832920.1705744,ERROR:ConnectionError,21.206378936767578
1786832920.1777866,ERROR:ConnectionError,18.226146697998047
1786832920.1774,ERROR:ConnectionError,20.117998123168945
1786832920.1692953,ERROR:ConnectionError,33.295392990112305
1786832920.1823187,ERROR:ConnectionError,25.395631790161133
1786832920.1917884,ERROR:ConnectionError,26.68309211730957
1786832920.180911,ERROR:ConnectionError,40.308475494384766
1786832920.1820548,ERROR:ConnectionError,43.98632049560547
1786832920.1900637,ERROR:ConnectionError,39.44253921508789
1786832920.1890907,ERROR:ConnectionError,41.65530204772949
1786832920.1828682,ERROR:ConnectionError,48.7823486328125
1786832920.2025983,ERROR:ConnectionError,30.011653900146484
1786832920.1975243,ERROR:ConnectionError,40.93122482299805
1786832920.1960216,ERROR:ConnectionError,42.75155067443848
1786832920.221227,ERROR:ConnectionError,21.02518081665039
1786832920.2184832,ERROR:ConnectionError,26.28803253173828
1786832920.2077277,ERROR:ConnectionError,38.14530372619629
1786832920.2260532,ERROR:ConnectionError,22.74322509765625
1786832920.230755,ERROR:ConnectionError,25.95996856689453
1786832920.229515,ERROR:ConnectionError,27.604341506958008
1786832920.2316558,ERROR:ConnectionError,25.9244441986084
1786832920.2387776,ERROR:ConnectionError,27.446508407592773
1786832920.238463,ERROR:ConnectionError,28.131484985351562
1786832920.2326155,ERROR:ConnectionError,37.8415584564209
1786832920.2447808,ERROR:ConnectionError,26.076793670654297
1786832920.2422602,ERROR:ConnectionError,30.436277389526367
1786832920.2458816,ERROR:ConnectionError,28.240203857421875
1786832920.248804,ERROR:ConnectionError,27.3435115814209
1786832920.2571273,ERROR:ConnectionError,23.62537384033203
1786832920.2567239,ERROR:ConnectionError,24.347782135009766
1786832920.2662344,ERROR:ConnectionError,15.352725982666016
1786832920.2665992,ERROR:ConnectionError,23.211002349853516
1786832920.2708616,ERROR:ConnectionError,22.09329605102539
1786832920.2575893,ERROR:ConnectionError,35.67218780517578
1786832920.270466,ERROR:ConnectionError,26.96824073791504
1786832920.2807631,ERROR:ConnectionError,21.213531494140625
1786832920.2727017,ERROR:ConnectionError,30.675649642944336
1786832920.281077,ERROR:ConnectionError,23.099422454833984
1786832920.2761562,ERROR:ConnectionError,29.85525131225586
1786832920.2741323,ERROR:ConnectionError,33.31732749938965
1786832920.2929637,ERROR:ConnectionError,16.191482543945312
1786832920.2815936,ERROR:ConnectionError,29.279470443725586
1786832920.2898195,ERROR:ConnectionError,21.54684066772461
1786832920.2932658,ERROR:ConnectionError,23.3614444732666
1786832920.2974446,ERROR:ConnectionError,23.802995681762695
1786832920.3060174,ERROR:ConnectionError,19.387245178222656
1786832920.3019874,ERROR:ConnectionError,23.85997772216797
1786832920.303387,ERROR:ConnectionError,25.959014892578125
1786832920.3091638,ERROR:ConnectionError,24.383544921875
1786832920.3074632,ERROR:ConnectionError,29.077529907226562
1786832920.3108842,ERROR:ConnectionError,28.113842010498047
1786832920.316639,ERROR:ConnectionError,30.680418014526367
1786832920.3113723,ERROR:ConnectionError,37.66632080078125
1786832920.3212545,ERROR:ConnectionError,30.65800666809082
1786832920.325417,ERROR:ConnectionError,27.4810791015625
1786832920.3258524,ERROR:ConnectionError,29.799699783325195
1786832920.3365476,ERROR:ConnectionError,21.97742462158203
1786832920.3293552,ERROR:ConnectionError,31.020402908325195
1786832920.304182,ERROR:ConnectionError,61.063289642333984
1786832920.3390057,ERROR:ConnectionError,27.413129806518555
1786832920.333559,ERROR:ConnectionError,35.49361228942871
1786832920.3473268,ERROR:ConnectionError,23.77772331237793
1786832920.3529065,ERROR:ConnectionError,25.70509910583496
1786832920.351922,ERROR:ConnectionError,27.680158615112305
1786832920.3490453,ERROR:ConnectionError,31.04853630065918
1786832920.3556585,ERROR:ConnectionError,27.895689010620117
1786832920.3603835,ERROR:ConnectionError,24.05524253845215
1786832920.3652554,ERROR:ConnectionError,19.478797912597656
1786832920.3585327,ERROR:ConnectionError,26.502609252929688
1786832920.3664255,ERROR:ConnectionError,23.107051849365234
1786832920.3690598,ERROR:ConnectionError,23.65398406982422
1786832920.371111,ERROR:ConnectionError,23.797035217285156
1786832920.3796086,ERROR:ConnectionError,18.570899963378906
1786832920.37862,ERROR:ConnectionError,20.218610763549805
1786832920.3800988,ERROR:ConnectionError,24.883747100830078
1786832920.3844445,ERROR:ConnectionError,24.899721145629883
1786832920.3835597,ERROR:ConnectionError,26.22389793395996
1786832920.394915,ERROR:ConnectionError,17.385244369506836
1786832920.384738,ERROR:ConnectionError,28.066635131835938
1786832920.385039,ERROR:ConnectionError,33.110857009887695
1786832920.3981872,ERROR:ConnectionError,23.302555084228516
1786832920.389539,ERROR:ConnectionError,34.429073333740234
1786832920.3927224,ERROR:ConnectionError,33.238887786865234
1786832920.3988457,ERROR:ConnectionError,32.913923263549805
1786832920.4049923,ERROR:ConnectionError,30.04145622253418
1786832920.4093523,ERROR:ConnectionError,26.006221771240234
1786832920.412309,ERROR:ConnectionError,28.02252769470215
1786832920.4128096,ERROR:ConnectionError,34.31081771850586
1786832920.4181576,ERROR:ConnectionError,32.393455505371094
1786832920.4097898,ERROR:ConnectionError,43.22218894958496
1786832920.4353654,ERROR:ConnectionError,28.369903564453125
1786832920.4240544,ERROR:ConnectionError,40.06242752075195
1786832920.4259722,ERROR:ConnectionError,48.56538772583008
1786832920.4317694,ERROR:ConnectionError,44.40927505493164
1786832920.421497,ERROR:ConnectionError,56.549787521362305
1786832920.435046,ERROR:ConnectionError,45.62520980834961
1786832920.4471302,ERROR:ConnectionError,41.38350486755371
1786832920.440345,ERROR:ConnectionError,53.923845291137695
1786832920.4505625,ERROR:ConnectionError,46.854257583618164
1786832920.4530203,ERROR:ConnectionError,45.134782791137695
1786832920.4637463,ERROR:ConnectionError,40.541648864746094
1786832920.4761877,ERROR:ConnectionError,28.688669204711914
1786832920.4745545,ERROR:ConnectionError,31.339168548583984
1786832920.4641216,ERROR:ConnectionError,42.08779335021973
1786832920.4942782,ERROR:ConnectionError,12.168169021606445
1786832920.4780588,ERROR:ConnectionError,31.085491180419922
1786832920.4806807,ERROR:ConnectionError,31.983613967895508
1786832920.4885266,ERROR:ConnectionError,24.544954299926758
1786832920.498162,ERROR:ConnectionError,21.449804306030273
1786832920.4974427,ERROR:ConnectionError,24.59239959716797
1786832920.5042956,ERROR:ConnectionError,22.2322940826416
1786832920.5062132,ERROR:ConnectionError,23.11396598815918
1786832920.5064504,ERROR:ConnectionError,24.532794952392578
1786832920.505898,ERROR:ConnectionError,25.605201721191406
1786832920.509152,ERROR:ConnectionError,24.494409561157227
1786832920.5126712,ERROR:ConnectionError,24.576663970947266
1786832920.5130782,ERROR:ConnectionError,29.218435287475586
1786832920.5265367,ERROR:ConnectionError,20.23458480834961
1786832920.519619,ERROR:ConnectionError,27.41384506225586
1786832920.504881,ERROR:ConnectionError,42.59943962097168
1786832920.529334,ERROR:ConnectionError,24.23095703125
1786832920.522042,ERROR:ConnectionError,32.76419639587402
1786832920.53151,ERROR:ConnectionError,24.664878845214844
1786832920.5309908,ERROR:ConnectionError,25.419235229492188
1786832920.5336528,ERROR:ConnectionError,29.664278030395508
1786832920.537259,ERROR:ConnectionError,28.8393497467041
1786832920.5470376,ERROR:ConnectionError,21.08454704284668
1786832920.5423064,ERROR:ConnectionError,28.49435806274414
1786832920.5474868,ERROR:ConnectionError,25.479555130004883
1786832920.5467818,ERROR:ConnectionError,33.31565856933594
1786832920.553574,ERROR:ConnectionError,29.886245727539062
1786832920.5548162,ERROR:ConnectionError,34.55615043640137
1786832920.5561814,ERROR:ConnectionError,33.98776054382324
1786832920.556414,ERROR:ConnectionError,40.44914245605469
1786832920.5729737,ERROR:ConnectionError,24.199962615966797
1786832920.5681336,ERROR:ConnectionError,29.279470443725586
1786832920.5661077,ERROR:ConnectionError,33.29801559448242
1786832920.563328,ERROR:ConnectionError,38.52033615112305
1786832920.580112,ERROR:ConnectionError,22.166967391967773
1786832920.58347,ERROR:ConnectionError,19.099950790405273
1786832920.5708106,ERROR:ConnectionError,33.4780216217041
1786832920.5893824,ERROR:ConnectionError,24.706363677978516
1786832920.5994122,ERROR:ConnectionError,14.962434768676758
1786832920.5901763,ERROR:ConnectionError,30.426502227783203
1786832920.5968704,ERROR:ConnectionError,28.628110885620117
1786832920.6025755,ERROR:ConnectionError,30.537128448486328
1786832920.6022854,ERROR:ConnectionError,31.110763549804688
1786832920.5974178,ERROR:ConnectionError,39.14308547973633
1786832920.6143804,ERROR:ConnectionError,22.709369659423828
1786832920.614098,ERROR:ConnectionError,25.2382755279541
1786832920.6042933,ERROR:ConnectionError,43.43891143798828
1786832920.6255124,ERROR:ConnectionError,24.425506591796875
1786832920.6331205,ERROR:ConnectionError,18.25690269470215
1786832920.6206133,ERROR:ConnectionError,32.06372261047363
1786832920.6018574,ERROR:ConnectionError,51.95188522338867
1786832920.5971804,ERROR:ConnectionError,57.10744857788086
1786832920.6334016,ERROR:ConnectionError,24.904727935791016
1786832920.6370964,ERROR:ConnectionError,25.90012550354004
1786832920.6393442,ERROR:ConnectionError,30.910015106201172
1786832920.6477392,ERROR:ConnectionError,24.055957794189453
1786832920.6365743,ERROR:ConnectionError,36.19194030761719
1786832920.649948,ERROR:ConnectionError,27.022600173950195
1786832920.6526878,ERROR:ConnectionError,27.6029109954834
1786832920.6513858,ERROR:ConnectionError,38.98429870605469
1786832920.6542926,ERROR:ConnectionError,38.96689414978027
1786832920.6538157,ERROR:ConnectionError,47.36614227294922
1786832920.658318,ERROR:ConnectionError,46.95582389831543
1786832920.6727724,ERROR:ConnectionError,32.75275230407715
1786832920.6630108,ERROR:ConnectionError,42.86694526672363
1786832920.6702669,ERROR:ConnectionError,35.81643104553223
1786832920.6803164,ERROR:ConnectionError,30.86113929748535
1786832920.6718059,ERROR:ConnectionError,40.712594985961914
1786832920.690378,ERROR:ConnectionError,24.613618850708008
1786832920.6932704,ERROR:ConnectionError,24.922609329223633
1786832920.6769805,ERROR:ConnectionError,43.795108795166016
1786832920.7011914,ERROR:ConnectionError,25.31266212463379
1786832920.7060874,ERROR:ConnectionError,22.663354873657227
1786832920.7052813,ERROR:ConnectionError,23.9105224609375
1786832920.7055302,ERROR:ConnectionError,24.537086486816406
1786832920.7058828,ERROR:ConnectionError,29.843807220458984
1786832920.7125838,ERROR:ConnectionError,24.173498153686523
1786832920.7111857,ERROR:ConnectionError,31.193256378173828
1786832920.7208087,ERROR:ConnectionError,25.597572326660156
1786832920.7182016,ERROR:ConnectionError,30.689239501953125
1786832920.7265155,ERROR:ConnectionError,22.675037384033203
1786832920.7291987,ERROR:ConnectionError,22.356748580932617
1786832920.7149994,ERROR:ConnectionError,40.29107093811035
1786832920.7287602,ERROR:ConnectionError,26.78847312927246
1786832920.7367654,ERROR:ConnectionError,20.635604858398438
1786832920.735733,ERROR:ConnectionError,22.30548858642578
1786832920.7300737,ERROR:ConnectionError,30.992984771728516
1786832920.7423894,ERROR:ConnectionError,26.721715927124023
1786832920.7464175,ERROR:ConnectionError,26.44944190979004
1786832920.7515635,ERROR:ConnectionError,27.404308319091797
1786832920.7491956,ERROR:ConnectionError,32.13953971862793
1786832920.7610762,ERROR:ConnectionError,44.80266571044922
1786832920.757413,ERROR:ConnectionError,51.041603088378906
1786832920.7555528,ERROR:ConnectionError,56.99014663696289
1786832920.7580492,ERROR:ConnectionError,55.21106719970703
1786832920.748898,ERROR:ConnectionError,68.28808784484863
1786832920.7552981,ERROR:ConnectionError,63.300371170043945
1786832920.7813425,ERROR:ConnectionError,41.5499210357666
1786832920.7691224,ERROR:ConnectionError,56.531429290771484
1786832920.7728739,ERROR:ConnectionError,56.39386177062988
1786832920.7789779,ERROR:ConnectionError,52.5050163269043
1786832920.8085458,ERROR:ConnectionError,23.281574249267578
1786832920.8058882,ERROR:ConnectionError,30.740737915039062
1786832920.813269,ERROR:ConnectionError,25.879383087158203
1786832920.812559,ERROR:ConnectionError,29.700279235839844
1786832920.8186066,ERROR:ConnectionError,24.01423454284668
1786832920.8171968,ERROR:ConnectionError,26.35812759399414
1786832920.8256686,ERROR:ConnectionError,23.208141326904297
1786832920.822899,ERROR:ConnectionError,26.424884796142578
1786832920.8314903,ERROR:ConnectionError,18.627166748046875
1786832920.829277,ERROR:ConnectionError,21.768808364868164
1786832920.836638,ERROR:ConnectionError,24.02949333190918
1786832920.839156,ERROR:ConnectionError,22.073984146118164
1786832920.8318338,ERROR:ConnectionError,30.13157844543457
1786832920.842276,ERROR:ConnectionError,25.93255043029785
1786832920.8426273,ERROR:ConnectionError,25.99310874938965
1786832920.8435645,ERROR:ConnectionError,25.758981704711914
1786832920.8510518,ERROR:ConnectionError,25.72178840637207
1786832920.8488839,ERROR:ConnectionError,35.161495208740234
1786832920.8493319,ERROR:ConnectionError,36.81540489196777
1786832920.8501241,ERROR:ConnectionError,37.186384201049805
1786832920.860676,ERROR:ConnectionError,29.753684997558594
1786832920.8619726,ERROR:ConnectionError,31.53061866760254
1786832920.8612368,ERROR:ConnectionError,33.1723690032959
1786832920.8686259,ERROR:ConnectionError,26.86333656311035
1786832920.8682187,ERROR:ConnectionError,27.744770050048828
1786832920.876784,ERROR:ConnectionError,19.52052116394043
1786832920.8873217,ERROR:ConnectionError,18.15176010131836
1786832920.869331,ERROR:ConnectionError,42.32597351074219
1786832920.884054,ERROR:ConnectionError,28.373003005981445
1786832920.8861556,ERROR:ConnectionError,30.13443946838379
1786832920.8904374,ERROR:ConnectionError,27.579307556152344
1786832920.8935134,ERROR:ConnectionError,32.13167190551758
1786832920.8954966,ERROR:ConnectionError,31.618833541870117
1786832920.8959713,ERROR:ConnectionError,33.81967544555664
1786832920.9054856,ERROR:ConnectionError,26.08013153076172
1786832920.8944187,ERROR:ConnectionError,40.7567024230957
1786832920.9116719,ERROR:ConnectionError,30.002355575561523
1786832920.9124322,ERROR:ConnectionError,30.012130737304688
1786832920.9180255,ERROR:ConnectionError,28.481006622314453
1786832920.9256554,ERROR:ConnectionError,24.967193603515625
1786832920.9162974,ERROR:ConnectionError,34.822940826416016
1786832920.9298048,ERROR:ConnectionError,21.70562744140625
1786832920.9271228,ERROR:ConnectionError,24.932384490966797
1786832920.896312,ERROR:ConnectionError,56.366682052612305
1786832920.9351835,ERROR:ConnectionError,30.77983856201172
1786832920.9315743,ERROR:ConnectionError,35.53318977355957
1786832920.941686,ERROR:ConnectionError,28.822898864746094
1786832920.946519,ERROR:ConnectionError,26.73172950744629
1786832920.9424508,ERROR:ConnectionError,31.212806701660156
1786832920.9511244,ERROR:ConnectionError,32.319068908691406
1786832920.95063,ERROR:ConnectionError,33.384084701538086
1786832920.9520605,ERROR:ConnectionError,32.193660736083984
1786832920.9526854,ERROR:ConnectionError,32.89461135864258
1786832920.9515162,ERROR:ConnectionError,34.793853759765625
1786832920.9659705,ERROR:ConnectionError,33.612728118896484
1786832920.9671142,ERROR:ConnectionError,33.89859199523926
1786832920.973257,ERROR:ConnectionError,33.72001647949219
1786832920.973669,ERROR:ConnectionError,43.3962345123291
1786832920.9705162,ERROR:ConnectionError,51.038265228271484
1786832920.9834518,ERROR:ConnectionError,42.85311698913574
1786832920.9842596,ERROR:ConnectionError,42.60396957397461
1786832920.9840214,ERROR:ConnectionError,45.932769775390625
1786832920.986316,ERROR:ConnectionError,46.07510566711426
1786832920.985586,ERROR:ConnectionError,47.11270332336426
1786832920.9995923,ERROR:ConnectionError,38.69366645812988
1786832921.0010204,ERROR:ConnectionError,38.67220878601074
1786832921.006986,ERROR:ConnectionError,34.429073333740234
1786832921.0268726,ERROR:ConnectionError,22.186756134033203
1786832921.0263143,ERROR:ConnectionError,27.853012084960938
1786832921.021565,ERROR:ConnectionError,33.36167335510254
1786832921.0323992,ERROR:ConnectionError,22.961139678955078
1786832921.0327032,ERROR:ConnectionError,24.296283721923828
1786832921.0382972,ERROR:ConnectionError,22.65763282775879
1786832921.0170743,ERROR:ConnectionError,44.72756385803223
1786832921.0299664,ERROR:ConnectionError,33.26702117919922
1786832921.0414248,ERROR:ConnectionError,26.017427444458008
1786832921.0396972,ERROR:ConnectionError,36.894798278808594
1786832921.0541806,ERROR:ConnectionError,27.76956558227539
1786832921.0490677,ERROR:ConnectionError,34.555673599243164
1786832921.0553656,ERROR:ConnectionError,30.96795082092285
1786832921.0549347,ERROR:ConnectionError,31.677722930908203
1786832921.0618086,ERROR:ConnectionError,28.89537811279297
1786832921.0609646,ERROR:ConnectionError,31.708955764770508
1786832921.0570056,ERROR:ConnectionError,36.176204681396484
1786832921.0674496,ERROR:ConnectionError,27.429580688476562
1786832921.0766008,ERROR:ConnectionError,20.78843116760254
1786832921.0632412,ERROR:ConnectionError,38.416385650634766
1786832921.0863414,ERROR:ConnectionError,20.11394500732422
1786832921.0819597,ERROR:ConnectionError,25.324583053588867
1786832921.0866773,ERROR:ConnectionError,23.05150032043457
1786832921.0907114,ERROR:ConnectionError,25.182485580444336
1786832921.0926802,ERROR:ConnectionError,28.288602828979492
1786832921.08363,ERROR:ConnectionError,43.66302490234375
1786832921.0948887,ERROR:ConnectionError,33.35428237915039
1786832921.1016665,ERROR:ConnectionError,29.613018035888672
1786832921.097397,ERROR:ConnectionError,35.1560115814209
1786832921.0931895,ERROR:ConnectionError,39.713382720947266
1786832921.1064634,ERROR:ConnectionError,27.062416076660156
1786832921.1097383,ERROR:ConnectionError,28.804779052734375
1786832921.1159046,ERROR:ConnectionError,28.31745147705078
1786832921.1072917,ERROR:ConnectionError,39.32356834411621
1786832921.1209779,ERROR:ConnectionError,30.79986572265625
1786832921.131287,ERROR:ConnectionError,21.451234817504883
1786832921.127329,ERROR:ConnectionError,28.558015823364258
1786832921.1325595,ERROR:ConnectionError,26.126861572265625
1786832921.13353,ERROR:ConnectionError,26.221752166748047
1786832921.12825,ERROR:ConnectionError,36.355018615722656
1786832921.1385515,ERROR:ConnectionError,30.31611442565918
1786832921.1466315,ERROR:ConnectionError,29.119253158569336
1786832921.1329083,ERROR:ConnectionError,43.47991943359375
1786832921.1517897,ERROR:ConnectionError,26.996850967407227
1786832921.1587212,ERROR:ConnectionError,22.396564483642578
1786832921.152746,ERROR:ConnectionError,31.51249885559082
1786832921.144233,ERROR:ConnectionError,43.059349060058594
1786832921.1646135,ERROR:ConnectionError,25.59661865234375
1786832921.1558948,ERROR:ConnectionError,41.87417030334473
1786832921.1811256,ERROR:ConnectionError,18.015384674072266
1786832921.159761,ERROR:ConnectionError,40.11368751525879
1786832921.1688762,ERROR:ConnectionError,32.12857246398926
1786832921.1788006,ERROR:ConnectionError,23.057937622070312
1786832921.175765,ERROR:ConnectionError,27.017831802368164
1786832921.1764,ERROR:ConnectionError,28.045654296875
1786832921.1902175,ERROR:ConnectionError,16.272544860839844
1786832921.184265,ERROR:ConnectionError,27.08578109741211
1786832921.1873016,ERROR:ConnectionError,29.85525131225586
1786832921.199881,ERROR:ConnectionError,23.06532859802246
1786832921.201864,ERROR:ConnectionError,26.813983917236328
1786832921.2044532,ERROR:ConnectionError,27.34684944152832
1786832921.2027895,ERROR:ConnectionError,29.540538787841797
1786832921.197781,ERROR:ConnectionError,35.29691696166992
1786832921.2064962,ERROR:ConnectionError,30.004262924194336
1786832921.2010112,ERROR:ConnectionError,36.67902946472168
1786832921.2113593,ERROR:ConnectionError,28.522491455078125
1786832921.2229562,ERROR:ConnectionError,20.200252532958984
1786832921.2286878,ERROR:ConnectionError,15.751838684082031
1786832921.19915,ERROR:ConnectionError,47.017574310302734
1786832921.2171667,ERROR:ConnectionError,30.564308166503906
1786832921.232336,ERROR:ConnectionError,21.262407302856445
1786832921.2318115,ERROR:ConnectionError,22.19080924987793
1786832921.2330835,ERROR:ConnectionError,26.986122131347656
1786832921.2365105,ERROR:ConnectionError,26.348590850830078
1786832921.2376988,ERROR:ConnectionError,50.800323486328125
1786832921.239887,ERROR:ConnectionError,50.672054290771484
1786832921.2477388,ERROR:ConnectionError,43.775320053100586
1786832921.2431674,ERROR:ConnectionError,50.83322525024414
1786832921.2444465,ERROR:ConnectionError,52.72793769836426
1786832921.2540083,ERROR:ConnectionError,46.77867889404297
1786832921.2461739,ERROR:ConnectionError,55.73606491088867
1786832921.2536097,ERROR:ConnectionError,49.77059364318848
1786832921.2629576,ERROR:ConnectionError,42.03057289123535
1786832921.2915213,ERROR:ConnectionError,16.38031005859375
1786832921.2885115,ERROR:ConnectionError,21.184682846069336
1786832921.290592,ERROR:ConnectionError,20.978212356567383
1786832921.2600782,ERROR:ConnectionError,53.39527130126953
1786832921.2940102,ERROR:ConnectionError,21.49200439453125
1786832921.2971916,ERROR:ConnectionError,21.265029907226562
1786832921.3007953,ERROR:ConnectionError,21.07071876525879
1786832921.307909,ERROR:ConnectionError,21.1794376373291
1786832921.3033872,ERROR:ConnectionError,26.33953094482422
1786832921.3019187,ERROR:ConnectionError,30.028581619262695
1786832921.3097105,ERROR:ConnectionError,24.68085289001465
1786832921.3115792,ERROR:ConnectionError,26.892423629760742
1786832921.3049974,ERROR:ConnectionError,34.05904769897461
1786832921.3134835,ERROR:ConnectionError,27.93717384338379
1786832921.3155103,ERROR:ConnectionError,35.22133827209473
1786832921.3219085,ERROR:ConnectionError,31.13245964050293
1786832921.3184643,ERROR:ConnectionError,37.2922420501709
1786832921.3297343,ERROR:ConnectionError,26.366472244262695
1786832921.3384805,ERROR:ConnectionError,23.321151733398438
1786832921.3319552,ERROR:ConnectionError,30.844688415527344
1786832921.3343992,ERROR:ConnectionError,28.86199951171875
1786832921.3290987,ERROR:ConnectionError,34.77048873901367
1786832921.3414283,ERROR:ConnectionError,25.399208068847656
1786832921.3507426,ERROR:ConnectionError,20.137786865234375
1786832921.3530486,ERROR:ConnectionError,25.88939666748047
1786832921.3390622,ERROR:ConnectionError,42.70029067993164
1786832921.3561075,ERROR:ConnectionError,28.263568878173828
1786832921.3557682,ERROR:ConnectionError,28.92756462097168
1786832921.361848,ERROR:ConnectionError,28.345584869384766
1786832921.3628063,ERROR:ConnectionError,28.059959411621094
1786832921.3638732,ERROR:ConnectionError,27.35447883605957
1786832921.363268,ERROR:ConnectionError,33.24151039123535
1786832921.3708909,ERROR:ConnectionError,34.50608253479004
1786832921.3668382,ERROR:ConnectionError,40.86709022521973
1786832921.384701,ERROR:ConnectionError,25.896549224853516
1786832921.3789518,ERROR:ConnectionError,32.021284103393555
1786832921.3843787,ERROR:ConnectionError,27.718067169189453
1786832921.3817694,ERROR:ConnectionError,36.034584045410156
1786832921.39087,ERROR:ConnectionError,27.23217010498047
1786832921.3912323,ERROR:ConnectionError,30.672550201416016
1786832921.3902018,ERROR:ConnectionError,36.42082214355469
1786832921.3965235,ERROR:ConnectionError,30.92193603515625
1786832921.407713,ERROR:ConnectionError,22.831439971923828
1786832921.4109807,ERROR:ConnectionError,20.89715003967285
1786832921.4054062,ERROR:ConnectionError,30.422449111938477
1786832921.410623,ERROR:ConnectionError,28.798580169677734
1786832921.4121044,ERROR:ConnectionError,30.002117156982422
1786832921.4181092,ERROR:ConnectionError,29.415607452392578
1786832921.426634,ERROR:ConnectionError,21.51656150817871
1786832921.427453,ERROR:ConnectionError,21.260738372802734
1786832921.4178119,ERROR:ConnectionError,31.32176399230957
1786832921.4305525,ERROR:ConnectionError,21.448135375976562
1786832921.4318862,ERROR:ConnectionError,21.815061569213867
1786832921.4219153,ERROR:ConnectionError,38.38658332824707
1786832921.4358382,ERROR:ConnectionError,28.702259063720703
1786832921.442117,ERROR:ConnectionError,30.596494674682617
1786832921.4394288,ERROR:ConnectionError,34.796714782714844
1786832921.448721,ERROR:ConnectionError,32.25541114807129
1786832921.4475358,ERROR:ConnectionError,35.367488861083984
1786832921.4645498,ERROR:ConnectionError,18.609285354614258
1786832921.4481566,ERROR:ConnectionError,35.41111946105957
1786832921.4491377,ERROR:ConnectionError,34.737348556518555
1786832921.4603121,ERROR:ConnectionError,24.320363998413086
1786832921.4520094,ERROR:ConnectionError,32.84621238708496
1786832921.4537086,ERROR:ConnectionError,31.44216537475586
1786832921.4727223,ERROR:ConnectionError,28.4879207611084
1786832921.4829118,ERROR:ConnectionError,22.926807403564453
1786832921.4809873,ERROR:ConnectionError,30.58791160583496
1786832921.4742315,ERROR:ConnectionError,50.11343955993652
1786832921.4835722,ERROR:ConnectionError,46.93865776062012
1786832921.483164,ERROR:ConnectionError,50.0178337097168
1786832921.4846392,ERROR:ConnectionError,48.838138580322266
1786832921.4838796,ERROR:ConnectionError,50.537824630737305
1786832921.4851575,ERROR:ConnectionError,55.95755577087402
1786832921.5012197,ERROR:ConnectionError,40.46893119812012
1786832921.5058477,ERROR:ConnectionError,37.17541694641113
1786832921.4848957,ERROR:ConnectionError,60.49847602844238
1786832921.5115876,ERROR:ConnectionError,35.44950485229492
1786832921.524353,ERROR:ConnectionError,29.382944107055664
1786832921.5305278,ERROR:ConnectionError,25.076866149902344
1786832921.5344255,ERROR:ConnectionError,23.813247680664062
1786832921.5334826,ERROR:ConnectionError,25.30527114868164
1786832921.5331895,ERROR:ConnectionError,28.230667114257812
1786832921.5411232,ERROR:ConnectionError,27.326345443725586
1786832921.545401,ERROR:ConnectionError,23.91672134399414
1786832921.5416956,ERROR:ConnectionError,31.118154525756836
1786832921.5470452,ERROR:ConnectionError,31.678199768066406
1786832921.5430317,ERROR:ConnectionError,36.463022232055664
1786832921.5537448,ERROR:ConnectionError,29.3121337890625
1786832921.5582466,ERROR:ConnectionError,25.72345733642578
1786832921.5556123,ERROR:ConnectionError,32.117605209350586
1786832921.558797,ERROR:ConnectionError,31.39328956604004
1786832921.5614295,ERROR:ConnectionError,35.41064262390137
1786832921.578732,ERROR:ConnectionError,18.800735473632812
1786832921.5684586,ERROR:ConnectionError,29.427051544189453
1786832921.5728245,ERROR:ConnectionError,25.46381950378418
1786832921.569328,ERROR:ConnectionError,37.08791732788086
1786832921.5839767,ERROR:ConnectionError,23.599624633789062
1786832921.5877395,ERROR:ConnectionError,23.46348762512207
1786832921.5830638,ERROR:ConnectionError,34.28936004638672
1786832921.579503,ERROR:ConnectionError,44.4638729095459
1786832921.597543,ERROR:ConnectionError,27.611494064331055
1786832921.590197,ERROR:ConnectionError,38.640499114990234
1786832921.5968578,ERROR:ConnectionError,35.109519958496094
1786832921.5978916,ERROR:ConnectionError,36.30208969116211
1786832921.6064234,ERROR:ConnectionError,29.04653549194336
1786832921.5982955,ERROR:ConnectionError,41.19253158569336
1786832921.6239762,ERROR:ConnectionError,17.226696014404297
1786832921.6112127,ERROR:ConnectionError,30.410051345825195
1786832921.6173632,ERROR:ConnectionError,24.729013442993164
1786832921.6075819,ERROR:ConnectionError,35.81714630126953
1786832921.6251602,ERROR:ConnectionError,19.14668083190918
1786832921.6319766,ERROR:ConnectionError,19.01865005493164
1786832921.6288438,ERROR:ConnectionError,24.37615394592285
1786832921.6342013,ERROR:ConnectionError,23.2393741607666
1786832921.6434095,ERROR:ConnectionError,20.82037925720215
1786832921.644316,ERROR:ConnectionError,25.224924087524414
1786832921.6412091,ERROR:ConnectionError,29.5865535736084
1786832921.6354768,ERROR:ConnectionError,35.69793701171875
1786832921.6416276,ERROR:ConnectionError,31.9516658782959
1786832921.639498,ERROR:ConnectionError,34.865379333496094
1786832921.6532269,ERROR:ConnectionError,25.25496482849121
1786832921.6510034,ERROR:ConnectionError,30.604839324951172
1786832921.6574464,ERROR:ConnectionError,31.344890594482422
1786832921.6695511,ERROR:ConnectionError,19.8514461517334
1786832921.6642416,ERROR:ConnectionError,27.08745002746582
1786832921.6420984,ERROR:ConnectionError,49.486398696899414
1786832921.6711812,ERROR:ConnectionError,21.11530303955078
1786832921.674369,ERROR:ConnectionError,22.48406410217285
1786832921.6735861,ERROR:ConnectionError,26.916027069091797
1786832921.6708055,ERROR:ConnectionError,31.47602081298828
1786832921.6816163,ERROR:ConnectionError,26.337862014770508
1786832921.6894088,ERROR:ConnectionError,20.551681518554688
1786832921.6888008,ERROR:ConnectionError,21.78215980529785
1786832921.6915884,ERROR:ConnectionError,26.37767791748047
1786832921.6784885,ERROR:ConnectionError,39.88480567932129
1786832921.6923048,ERROR:ConnectionError,26.559114456176758
1786832921.6913364,ERROR:ConnectionError,33.04576873779297
1786832921.6968603,ERROR:ConnectionError,27.902603149414062
1786832921.7005122,ERROR:ConnectionError,30.25221824645996
1786832921.7022898,ERROR:ConnectionError,28.843164443969727
1786832921.709972,ERROR:ConnectionError,25.605440139770508
1786832921.7105894,ERROR:ConnectionError,25.478363037109375
1786832921.707962,ERROR:ConnectionError,32.572269439697266
1786832921.7183797,ERROR:ConnectionError,26.398181915283203
1786832921.718868,ERROR:ConnectionError,29.08182144165039
1786832921.7247677,ERROR:ConnectionError,26.359081268310547
1786832921.7179766,ERROR:ConnectionError,33.92982482910156
1786832921.7311394,ERROR:ConnectionError,21.135807037353516
1786832921.7355878,ERROR:ConnectionError,20.80845832824707
1786832921.7360735,ERROR:ConnectionError,23.250341415405273
1786832921.7243893,ERROR:ConnectionError,35.28618812561035
1786832921.7307732,ERROR:ConnectionError,36.470651626586914
1786832921.7522845,ERROR:ConnectionError,15.669822692871094
1786832921.7405427,ERROR:ConnectionError,29.003381729125977
1786832921.7447863,ERROR:ConnectionError,25.01988410949707
1786832921.7511349,ERROR:ConnectionError,19.543886184692383
1786832921.7479594,ERROR:ConnectionError,34.35635566711426
1786832921.7519126,ERROR:ConnectionError,31.198978424072266
1786832921.7564058,ERROR:ConnectionError,32.021522521972656
1786832921.7672515,ERROR:ConnectionError,32.05108642578125
1786832921.759334,ERROR:ConnectionError,41.20659828186035
1786832921.7679594,ERROR:ConnectionError,35.2480411529541
1786832921.7706845,ERROR:ConnectionError,45.06230354309082
1786832921.7698102,ERROR:ConnectionError,48.328399658203125
1786832921.7596824,ERROR:ConnectionError,64.11433219909668
1786832921.8005474,ERROR:ConnectionError,33.598899841308594
1786832921.7695544,ERROR:ConnectionError,64.97716903686523
1786832921.7823248,ERROR:ConnectionError,55.63640594482422
1786832921.7831182,ERROR:ConnectionError,55.96518516540527
1786832921.7993119,ERROR:ConnectionError,40.04526138305664
1786832921.803215,ERROR:ConnectionError,36.41104698181152
1786832921.8157609,ERROR:ConnectionError,24.169206619262695
1786832921.7884388,ERROR:ConnectionError,56.133270263671875
1786832921.8181503,ERROR:ConnectionError,37.438154220581055
1786832921.8341584,ERROR:ConnectionError,21.90709114074707
1786832921.8238058,ERROR:ConnectionError,32.655954360961914
1786832921.8345368,ERROR:ConnectionError,31.348228454589844
1786832921.8396316,ERROR:ConnectionError,28.006315231323242
1786832921.8379743,ERROR:ConnectionError,30.051231384277344
1786832921.844586,ERROR:ConnectionError,29.853343963623047
1786832921.8390925,ERROR:ConnectionError,36.01837158203125
1786832921.8399365,ERROR:ConnectionError,36.63063049316406
1786832921.839361,ERROR:ConnectionError,38.43879699707031
1786832921.8555984,ERROR:ConnectionError,29.0374755859375
1786832921.8560736,ERROR:ConnectionError,28.936147689819336
1786832921.8566587,ERROR:ConnectionError,33.213138580322266
1786832921.8658931,ERROR:ConnectionError,25.01535415649414
1786832921.8676465,ERROR:ConnectionError,24.709463119506836
1786832921.8680315,ERROR:ConnectionError,30.953645706176758
1786832921.874448,ERROR:ConnectionError,32.006025314331055
1786832921.8765771,ERROR:ConnectionError,30.488014221191406
1786832921.8751152,ERROR:ConnectionError,42.5262451171875
1786832921.8846443,ERROR:ConnectionError,33.99205207824707
1786832921.890916,ERROR:ConnectionError,27.932167053222656
1786832921.8850133,ERROR:ConnectionError,34.879207611083984
1786832921.8778076,ERROR:ConnectionError,48.16699028015137
1786832921.8898818,ERROR:ConnectionError,43.129920959472656
1786832921.8923728,ERROR:ConnectionError,44.30198669433594
1786832921.907072,ERROR:ConnectionError,30.06458282470703
1786832921.9064655,ERROR:ConnectionError,35.681962966918945
1786832921.917688,ERROR:ConnectionError,29.937744140625
1786832921.9188533,ERROR:ConnectionError,29.253482818603516
1786832921.8989928,ERROR:ConnectionError,57.3277473449707
1786832921.9186418,ERROR:ConnectionError,39.10541534423828
1786832921.9330194,ERROR:ConnectionError,32.468318939208984
1786832921.9481113,ERROR:ConnectionError,17.969131469726562
1786832921.9259865,ERROR:ConnectionError,41.390419006347656
1786832921.9421558,ERROR:ConnectionError,25.708675384521484
1786832921.9476335,ERROR:ConnectionError,35.6292724609375
1786832921.9199307,ERROR:ConnectionError,65.9780502319336
1786832921.9371412,ERROR:ConnectionError,51.50461196899414
1786832921.9563284,ERROR:ConnectionError,34.85727310180664
1786832921.9660866,ERROR:ConnectionError,31.595945358276367
1786832921.936682,ERROR:ConnectionError,61.43546104431152
1786832921.9577544,ERROR:ConnectionError,43.016910552978516
1786832921.9654965,ERROR:ConnectionError,38.3906364440918
1786832921.9678717,ERROR:ConnectionError,38.861751556396484
1786832921.983272,ERROR:ConnectionError,23.848772048950195
1786832921.9673827,ERROR:ConnectionError,46.571969985961914
1786832921.9976926,ERROR:ConnectionError,21.303653717041016
1786832921.991193,ERROR:ConnectionError,34.90591049194336
1786832921.9859169,ERROR:ConnectionError,40.570974349975586
1786832921.9887302,ERROR:ConnectionError,40.78173637390137
1786832922.007125,ERROR:ConnectionError,23.4835147857666
1786832922.0007792,ERROR:ConnectionError,33.74123573303223
1786832922.006742,ERROR:ConnectionError,28.846025466918945
1786832921.9981225,ERROR:ConnectionError,46.698570251464844
1786832922.0139647,ERROR:ConnectionError,31.358957290649414
1786832922.0039477,ERROR:ConnectionError,42.386531829833984
1786832922.0345304,ERROR:ConnectionError,20.987987518310547
1786832922.019007,ERROR:ConnectionError,40.72427749633789
1786832922.0306182,ERROR:ConnectionError,35.09521484375
1786832922.0261087,ERROR:ConnectionError,40.0390625
1786832922.0453339,ERROR:ConnectionError,25.54035186767578
1786832922.026495,ERROR:ConnectionError,44.750213623046875
1786832922.0295196,ERROR:ConnectionError,45.11904716491699
1786832922.0355945,ERROR:ConnectionError,45.482635498046875
1786832922.0448282,ERROR:ConnectionError,42.56916046142578
1786832922.0463452,ERROR:ConnectionError,43.41602325439453
1786832922.0555317,ERROR:ConnectionError,43.282270431518555
1786832922.0657213,ERROR:ConnectionError,41.680097579956055
1786832922.0597436,ERROR:ConnectionError,48.01678657531738
1786832922.0712495,ERROR:ConnectionError,38.05875778198242
1786832922.0661776,ERROR:ConnectionError,45.87888717651367
1786832922.070886,ERROR:ConnectionError,46.880483627319336
1786832922.0746477,ERROR:ConnectionError,44.28386688232422
1786832922.0810962,ERROR:ConnectionError,41.58306121826172
1786832922.0897708,ERROR:ConnectionError,37.87970542907715
1786832922.098826,ERROR:ConnectionError,29.2818546295166
1786832922.107765,ERROR:ConnectionError,20.686626434326172
1786832922.1093152,ERROR:ConnectionError,26.389122009277344
1786832922.1074111,ERROR:ConnectionError,28.964757919311523
1786832922.0874066,ERROR:ConnectionError,54.49342727661133
1786832922.112067,ERROR:ConnectionError,41.80479049682617
1786832922.1189375,ERROR:ConnectionError,35.79831123352051
1786832922.1284573,ERROR:ConnectionError,27.567386627197266
1786832922.1226912,ERROR:ConnectionError,33.695220947265625
1786832922.1281164,ERROR:ConnectionError,29.808998107910156
1786832922.127667,ERROR:ConnectionError,36.03363037109375
1786832922.117776,ERROR:ConnectionError,49.031734466552734
1786832922.141907,ERROR:ConnectionError,29.627084732055664
1786832922.1357167,ERROR:ConnectionError,38.10572624206543
1786832922.136381,ERROR:ConnectionError,41.5797233581543
1786832922.1560304,ERROR:ConnectionError,26.20077133178711
1786832922.1547449,ERROR:ConnectionError,29.17170524597168
1786832922.1563914,ERROR:ConnectionError,31.29291534423828
1786832922.153879,ERROR:ConnectionError,37.88495063781738
1786832922.1715443,ERROR:ConnectionError,31.552791595458984
1786832922.1579323,ERROR:ConnectionError,48.29835891723633
1786832922.1738315,ERROR:ConnectionError,41.27693176269531
1786832922.1779745,ERROR:ConnectionError,38.81955146789551
1786832922.1668165,ERROR:ConnectionError,53.938865661621094
1786832922.1839235,ERROR:ConnectionError,39.316654205322266
1786832922.1917791,ERROR:ConnectionError,32.69338607788086
1786832922.182245,ERROR:ConnectionError,45.12476921081543
1786832922.2031076,ERROR:ConnectionError,30.804872512817383
1786832922.1637137,ERROR:ConnectionError,70.70040702819824
1786832922.2062433,ERROR:ConnectionError,29.726743698120117
1786832922.187692,ERROR:ConnectionError,52.930355072021484
1786832922.220763,ERROR:ConnectionError,24.148225784301758
1786832922.2151196,ERROR:ConnectionError,30.140161514282227
1786832922.2232492,ERROR:ConnectionError,26.33047103881836
1786832922.224483,ERROR:ConnectionError,29.026508331298828
1786832922.216801,ERROR:ConnectionError,40.85254669189453
1786832922.2273855,ERROR:ConnectionError,30.536413192749023
1786832922.2359798,ERROR:ConnectionError,28.4423828125
1786832922.2339218,ERROR:ConnectionError,34.45696830749512
1786832922.2344208,ERROR:ConnectionError,37.271976470947266
1786832922.2495859,ERROR:ConnectionError,25.162458419799805
1786832922.2535205,ERROR:ConnectionError,24.214744567871094
1786832922.2683868,ERROR:ConnectionError,11.08098030090332
1786832922.2579265,ERROR:ConnectionError,23.620128631591797
1786832922.2449226,ERROR:ConnectionError,37.01663017272949
1786832922.264438,ERROR:ConnectionError,18.74065399169922
1786832922.2452657,ERROR:ConnectionError,38.27857971191406
1786832922.257663,ERROR:ConnectionError,26.99589729309082
1786832922.2406294,ERROR:ConnectionError,49.97134208679199
1786832922.2717555,ERROR:ConnectionError,23.975133895874023
1786832922.2794886,ERROR:ConnectionError,21.497488021850586
1786832922.2777445,ERROR:ConnectionError,25.038957595825195
1786832922.2815604,ERROR:ConnectionError,23.2388973236084
1786832922.2819464,ERROR:ConnectionError,26.601791381835938
1786832922.274757,ERROR:ConnectionError,38.50126266479492
1786832922.2835498,ERROR:ConnectionError,32.2718620300293
1786832922.2846644,ERROR:ConnectionError,32.15813636779785
1786832922.2957444,ERROR:ConnectionError,27.06742286682129
1786832922.2831864,ERROR:ConnectionError,41.568756103515625
1786832922.290608,ERROR:ConnectionError,34.58118438720703
1786832922.3009946,ERROR:ConnectionError,31.438350677490234
1786832922.3048089,ERROR:ConnectionError,35.77065467834473
1786832922.3085544,ERROR:ConnectionError,34.87706184387207
1786832922.30279,ERROR:ConnectionError,42.089223861694336
1786832922.313266,ERROR:ConnectionError,36.00120544433594
1786832922.3168328,ERROR:ConnectionError,38.0094051361084
1786832922.3228257,ERROR:ConnectionError,34.09409523010254
1786832922.315835,ERROR:ConnectionError,41.371822357177734
1786832922.3247614,ERROR:ConnectionError,34.906864166259766
1786832922.3405917,ERROR:ConnectionError,25.350570678710938
1786832922.3434403,ERROR:ConnectionError,22.980213165283203
1786832922.3251944,ERROR:ConnectionError,44.07668113708496
1786832922.3324573,ERROR:ConnectionError,37.78576850891113
1786832922.3448856,ERROR:ConnectionError,26.970386505126953
1786832922.3548813,ERROR:ConnectionError,26.180744171142578
1786832922.3596733,ERROR:ConnectionError,22.713661193847656
1786832922.349277,ERROR:ConnectionError,33.56432914733887
1786832922.3569274,ERROR:ConnectionError,29.021263122558594
1786832922.3572109,ERROR:ConnectionError,31.59785270690918
1786832922.37025,ERROR:ConnectionError,22.957801818847656
1786832922.3664274,ERROR:ConnectionError,27.744054794311523
1786832922.3659499,ERROR:ConnectionError,28.766632080078125
1786832922.369279,ERROR:ConnectionError,30.411243438720703
1786832922.3718665,ERROR:ConnectionError,34.34562683105469
1786832922.385959,ERROR:ConnectionError,21.08144760131836
1786832922.381081,ERROR:ConnectionError,30.436038970947266
1786832922.3932154,ERROR:ConnectionError,20.517349243164062
1786832922.382397,ERROR:ConnectionError,31.595706939697266
1786832922.3888202,ERROR:ConnectionError,31.56256675720215
1786832922.3947253,ERROR:ConnectionError,28.1674861907959
1786832922.382848,ERROR:ConnectionError,42.94276237487793
1786832922.4070482,ERROR:ConnectionError,20.734071731567383
1786832922.39418,ERROR:ConnectionError,37.050485610961914
1786832922.3997025,ERROR:ConnectionError,33.46681594848633
1786832922.4137387,ERROR:ConnectionError,25.990724563598633
1786832922.4115286,ERROR:ConnectionError,28.516054153442383
1786832922.4139981,ERROR:ConnectionError,27.924060821533203
1786832922.425798,ERROR:ConnectionError,19.321918487548828
1786832922.4203928,ERROR:ConnectionError,26.866674423217773
1786832922.4312408,ERROR:ConnectionError,21.079301834106445
1786832922.4228992,ERROR:ConnectionError,31.884193420410156
1786832922.427791,ERROR:ConnectionError,28.404951095581055
1786832922.4062233,ERROR:ConnectionError,50.272464752197266
1786832922.4331806,ERROR:ConnectionError,28.6715030670166
1786832922.439738,ERROR:ConnectionError,27.382850646972656
1786832922.4400494,ERROR:ConnectionError,27.738571166992188
1786832922.4472668,ERROR:ConnectionError,20.864009857177734
1786832922.4419277,ERROR:ConnectionError,27.526140213012695
1786832922.4523468,ERROR:ConnectionError,19.702911376953125
1786832922.4564993,ERROR:ConnectionError,18.208980560302734
1786832922.4451287,ERROR:ConnectionError,29.9832820892334
1786832922.45479,ERROR:ConnectionError,20.537376403808594
1786832922.4618585,ERROR:ConnectionError,19.075632095336914
1786832922.4681354,ERROR:ConnectionError,15.87367057800293
1786832922.4671283,ERROR:ConnectionError,17.61603355407715
1786832922.467794,ERROR:ConnectionError,20.630836486816406
1786832922.4562023,ERROR:ConnectionError,38.79261016845703
1786832922.4694626,ERROR:ConnectionError,28.063058853149414
1786832922.4753313,ERROR:ConnectionError,27.613401412963867
1786832922.4747145,ERROR:ConnectionError,34.798622131347656
1786832922.472055,ERROR:ConnectionError,37.84751892089844
1786832922.4751165,ERROR:ConnectionError,37.200927734375
1786832922.4809415,ERROR:ConnectionError,34.83128547668457
1786832922.4840178,ERROR:ConnectionError,54.749488830566406
1786832922.484749,ERROR:ConnectionError,77.59737968444824
1786832922.4884305,ERROR:ConnectionError,84.2745304107666
1786832922.4975338,ERROR:ConnectionError,84.51437950134277
1786832922.509522,ERROR:ConnectionError,72.99041748046875
1786832922.502955,ERROR:ConnectionError,80.85227012634277
1786832922.4950047,ERROR:ConnectionError,93.03426742553711
1786832922.5123305,ERROR:ConnectionError,78.7804126739502
1786832922.5387774,ERROR:ConnectionError,66.41483306884766
1786832922.5099108,ERROR:ConnectionError,95.63493728637695
1786832922.5727165,ERROR:ConnectionError,37.00113296508789
1786832922.5820642,ERROR:ConnectionError,28.090715408325195
1786832922.5825198,ERROR:ConnectionError,29.190778732299805
1786832922.515783,ERROR:ConnectionError,102.5238037109375
1786832922.5623589,ERROR:ConnectionError,60.23693084716797
1786832922.5838141,ERROR:ConnectionError,39.84785079956055
1786832922.5880473,ERROR:ConnectionError,36.79537773132324
1786832922.5911164,ERROR:ConnectionError,34.08646583557129
1786832922.611722,ERROR:ConnectionError,23.962974548339844
1786832922.605551,ERROR:ConnectionError,33.51235389709473
1786832922.6101632,ERROR:ConnectionError,31.6927433013916
1786832922.6097238,ERROR:ConnectionError,36.85140609741211
1786832922.6248488,ERROR:ConnectionError,22.11284637451172
1786832922.6252093,ERROR:ConnectionError,23.984193801879883
1786832922.6052277,ERROR:ConnectionError,46.61846160888672
1786832922.6226032,ERROR:ConnectionError,32.7911376953125
1786832922.618321,ERROR:ConnectionError,41.8553352355957
1786832922.6236682,ERROR:ConnectionError,38.30718994140625
1786832922.6356938,ERROR:ConnectionError,28.211593627929688
1786832922.6418638,ERROR:ConnectionError,27.584314346313477
1786832922.6390758,ERROR:ConnectionError,34.46841239929199
1786832922.6465857,ERROR:ConnectionError,29.59156036376953
1786832922.6469676,ERROR:ConnectionError,34.18469429016113
1786832922.6518548,ERROR:ConnectionError,29.85382080078125
1786832922.6554024,ERROR:ConnectionError,29.233455657958984
1786832922.6619844,ERROR:ConnectionError,22.955894470214844
1786832922.6601906,ERROR:ConnectionError,25.75397491455078
1786832922.6639116,ERROR:ConnectionError,24.285316467285156
1786832922.6694565,ERROR:ConnectionError,23.930072784423828
1786832922.673554,ERROR:ConnectionError,22.1405029296875
1786832922.6492023,ERROR:ConnectionError,48.679351806640625
1786832922.676186,ERROR:ConnectionError,23.206710815429688
1786832922.6817193,ERROR:ConnectionError,25.702476501464844
1786832922.6849453,ERROR:ConnectionError,24.853229522705078
1786832922.68117,ERROR:ConnectionError,33.063650131225586
1786832922.6846433,ERROR:ConnectionError,35.99834442138672
1786832922.68595,ERROR:ConnectionError,35.49647331237793
1786832922.6933959,ERROR:ConnectionError,28.358936309814453
1786832922.6882055,ERROR:ConnectionError,40.2681827545166
1786832922.6994047,ERROR:ConnectionError,34.465789794921875
1786832922.6957045,ERROR:ConnectionError,39.14356231689453
1786832922.7099493,ERROR:ConnectionError,25.62880516052246
1786832922.721761,ERROR:ConnectionError,17.35854148864746
1786832922.7142417,ERROR:ConnectionError,26.631832122802734
1786832922.7074323,ERROR:ConnectionError,33.68234634399414
1786832922.7206533,ERROR:ConnectionError,20.717620849609375
1786832922.697895,ERROR:ConnectionError,44.02637481689453
1786832922.7214563,ERROR:ConnectionError,21.55780792236328
1786832922.7284899,ERROR:ConnectionError,23.728132247924805
1786832922.7338796,ERROR:ConnectionError,33.26010704040527
1786832922.735585,ERROR:ConnectionError,34.07764434814453
1786832922.7411215,ERROR:ConnectionError,35.32743453979492
1786832922.7348552,ERROR:ConnectionError,50.209999084472656
1786832922.7413764,ERROR:ConnectionError,46.03075981140137
1786832922.7391315,ERROR:ConnectionError,48.890113830566406
1786832922.7419267,ERROR:ConnectionError,50.33588409423828
1786832922.7408807,ERROR:ConnectionError,51.69415473937988
1786832922.7430294,ERROR:ConnectionError,55.593252182006836
1786832922.752227,ERROR:ConnectionError,50.920724868774414
1786832922.7696726,ERROR:ConnectionError,35.55440902709961
1786832922.7671711,ERROR:ConnectionError,38.350820541381836
1786832922.7764578,ERROR:ConnectionError,29.261112213134766
1786832922.7850757,ERROR:ConnectionError,22.44853973388672
1786832922.7874146,ERROR:ConnectionError,26.831388473510742
1786832922.7922688,ERROR:ConnectionError,23.918867111206055
1786832922.7986314,ERROR:ConnectionError,20.72620391845703
1786832922.7925797,ERROR:ConnectionError,27.158737182617188
1786832922.7880294,ERROR:ConnectionError,36.49258613586426
1786832922.803159,ERROR:ConnectionError,21.810054779052734
1786832922.805258,ERROR:ConnectionError,25.476455688476562
1786832922.8057249,ERROR:ConnectionError,27.848005294799805
1786832922.8075328,ERROR:ConnectionError,29.11853790283203
1786832922.8055263,ERROR:ConnectionError,31.981229782104492
1786832922.8142536,ERROR:ConnectionError,27.599334716796875
1786832922.8161979,ERROR:ConnectionError,26.653766632080078
1786832922.819743,ERROR:ConnectionError,32.77420997619629
1786832922.819365,ERROR:ConnectionError,39.075374603271484
1786832922.8245342,ERROR:ConnectionError,40.171146392822266
1786832922.8307478,ERROR:ConnectionError,35.36725044250488
1786832922.833582,ERROR:ConnectionError,34.80172157287598
1786832922.8418615,ERROR:ConnectionError,30.013084411621094
1786832922.8249743,ERROR:ConnectionError,49.5147705078125
1786832922.8428855,ERROR:ConnectionError,33.602237701416016
1786832922.8366604,ERROR:ConnectionError,42.76847839355469
1786832922.8525267,ERROR:ConnectionError,33.23483467102051
1786832922.85845,ERROR:ConnectionError,29.40535545349121
1786832922.8375165,ERROR:ConnectionError,50.727128982543945
1786832922.8718843,ERROR:ConnectionError,20.936965942382812
1786832922.8764944,ERROR:ConnectionError,21.25239372253418
1786832922.8794377,ERROR:ConnectionError,21.619081497192383
1786832922.8744977,ERROR:ConnectionError,29.409408569335938
1786832922.8683896,ERROR:ConnectionError,36.1020565032959
1786832922.8661265,ERROR:ConnectionError,44.80123519897461
1786832922.864717,ERROR:ConnectionError,52.268028259277344
1786832922.8928518,ERROR:ConnectionError,26.59916877746582
1786832922.888249,ERROR:ConnectionError,31.5096378326416
1786832922.8977578,ERROR:ConnectionError,26.332855224609375
1786832922.8878636,ERROR:ConnectionError,38.54823112487793
1786832922.885773,ERROR:ConnectionError,43.52450370788574
1786832922.9109392,ERROR:ConnectionError,31.752586364746094
1786832922.9010663,ERROR:ConnectionError,43.80440711975098
1786832922.9039145,ERROR:ConnectionError,46.54955863952637
1786832922.9044979,ERROR:ConnectionError,47.26886749267578
1786832922.9194596,ERROR:ConnectionError,32.9897403717041
1786832922.9197645,ERROR:ConnectionError,34.27481651306152
1786832922.926419,ERROR:ConnectionError,30.696630477905273
1786832922.929308,ERROR:ConnectionError,30.158281326293945
1786832922.916996,ERROR:ConnectionError,42.88220405578613
1786832922.9427009,ERROR:ConnectionError,24.209976196289062
1786832922.944882,ERROR:ConnectionError,23.31376075744629
1786832922.9240997,ERROR:ConnectionError,46.67210578918457
1786832922.9517736,ERROR:ConnectionError,20.58100700378418
1786832922.950472,ERROR:ConnectionError,24.242877960205078
1786832922.9540462,ERROR:ConnectionError,42.22917556762695
1786832922.9598827,ERROR:ConnectionError,38.602352142333984
1786832922.9524548,ERROR:ConnectionError,47.68538475036621
1786832922.9571228,ERROR:ConnectionError,43.34616661071777
1786832922.966922,ERROR:ConnectionError,50.835609436035156
1786832922.9747221,ERROR:ConnectionError,47.52516746520996
1786832922.968204,ERROR:ConnectionError,56.11419677734375
1786832922.959473,ERROR:ConnectionError,66.12110137939453
1786832922.9723618,ERROR:ConnectionError,58.59231948852539
1786832922.9984934,ERROR:ConnectionError,37.75334358215332
1786832923.017765,ERROR:ConnectionError,21.255970001220703
1786832923.000476,ERROR:ConnectionError,41.66436195373535
1786832922.9707794,ERROR:ConnectionError,71.79927825927734
1786832923.00015,ERROR:ConnectionError,43.084144592285156
1786832922.996285,ERROR:ConnectionError,49.14999008178711
1786832923.0243256,ERROR:ConnectionError,33.87880325317383
1786832923.0222583,ERROR:ConnectionError,46.756744384765625
1786832923.0309637,ERROR:ConnectionError,40.067195892333984
1786832923.0256007,ERROR:ConnectionError,45.66216468811035
1786832923.03903,ERROR:ConnectionError,41.841745376586914
1786832923.0362544,ERROR:ConnectionError,46.49019241333008
1786832923.0421543,ERROR:ConnectionError,44.53563690185547
1786832923.0454454,ERROR:ConnectionError,42.469024658203125
1786832923.0432413,ERROR:ConnectionError,45.78447341918945
1786832923.0425835,ERROR:ConnectionError,55.17005920410156
1786832923.0582151,ERROR:ConnectionError,40.557146072387695
1786832923.0710363,ERROR:ConnectionError,31.380891799926758
1786832923.0712676,ERROR:ConnectionError,33.278465270996094
1786832923.0690246,ERROR:ConnectionError,37.972450256347656
1786832923.0808809,ERROR:ConnectionError,32.50265121459961
1786832923.0879233,ERROR:ConnectionError,33.219099044799805
1786832923.086698,ERROR:ConnectionError,38.239240646362305
1786832923.082755,ERROR:ConnectionError,47.73712158203125
1786832923.0988655,ERROR:ConnectionError,32.66501426696777
1786832923.0890381,ERROR:ConnectionError,45.04513740539551
1786832923.1133926,ERROR:ConnectionError,23.8955020904541
1786832923.107004,ERROR:ConnectionError,32.45830535888672
1786832923.1024268,ERROR:ConnectionError,39.48855400085449
1786832923.0977628,ERROR:ConnectionError,49.797773361206055
1786832923.1249483,ERROR:ConnectionError,22.960424423217773
1786832923.1305032,ERROR:ConnectionError,22.130489349365234
1786832923.1340914,ERROR:ConnectionError,20.31230926513672
1786832923.1045563,ERROR:ConnectionError,50.84848403930664
1786832923.1211588,ERROR:ConnectionError,37.819623947143555
1786832923.1419246,ERROR:ConnectionError,17.325878143310547
1786832923.1394699,ERROR:ConnectionError,19.991159439086914
1786832923.13154,ERROR:ConnectionError,28.29885482788086
1786832923.1372952,ERROR:ConnectionError,24.96480941772461
1786832923.1526406,ERROR:ConnectionError,23.3457088470459
1786832923.1475694,ERROR:ConnectionError,39.1845703125
1786832923.147914,ERROR:ConnectionError,41.90778732299805
1786832923.1589856,ERROR:ConnectionError,49.34287071228027
1786832923.1598437,ERROR:ConnectionError,48.86436462402344
1786832923.1759946,ERROR:ConnectionError,40.66658020019531
1786832923.159466,ERROR:ConnectionError,57.557106018066406
1786832923.1544106,ERROR:ConnectionError,64.66865539550781
1786832923.1622703,ERROR:ConnectionError,61.208248138427734
1786832923.1554117,ERROR:ConnectionError,74.50318336486816
1786832923.1592555,ERROR:ConnectionError,71.29073143005371
1786832923.1898289,ERROR:ConnectionError,54.62837219238281
1786832923.2083359,ERROR:ConnectionError,40.300607681274414
1786832923.1867626,ERROR:ConnectionError,64.77618217468262
1786832923.2087138,ERROR:ConnectionError,49.17263984680176
1786832923.2166686,ERROR:ConnectionError,41.626691818237305
1786832923.217057,ERROR:ConnectionError,43.949127197265625
1786832923.223487,ERROR:ConnectionError,39.88027572631836
1786832923.219085,ERROR:ConnectionError,48.601388931274414
1786832923.229927,ERROR:ConnectionError,43.76673698425293
1786832923.2444696,ERROR:ConnectionError,32.5467586517334
1786832923.2305539,ERROR:ConnectionError,53.52926254272461
1786832923.2515469,ERROR:ConnectionError,33.04576873779297
1786832923.2486434,ERROR:ConnectionError,40.77720642089844
1786832923.2578995,ERROR:ConnectionError,31.9976806640625
1786832923.2770257,ERROR:ConnectionError,16.173362731933594
1786832923.2633753,ERROR:ConnectionError,32.41324424743652
1786832923.273701,ERROR:ConnectionError,23.87261390686035
1786832923.2610123,ERROR:ConnectionError,37.34850883483887
1786832923.2677133,ERROR:ConnectionError,33.45084190368652
1786832923.2583017,ERROR:ConnectionError,56.87904357910156
1786832923.2846003,ERROR:ConnectionError,38.56205940246582
1786832923.293207,ERROR:ConnectionError,39.11185264587402
1786832923.2899017,ERROR:ConnectionError,49.779653549194336
1786832923.295802,ERROR:ConnectionError,61.17963790893555
1786832923.2975798,ERROR:ConnectionError,62.110185623168945
1786832923.2840946,ERROR:ConnectionError,84.63144302368164
1786832923.298385,ERROR:ConnectionError,83.84132385253906
1786832923.323171,ERROR:ConnectionError,64.83340263366699
1786832923.3152623,ERROR:ConnectionError,73.1821060180664
1786832923.3323913,ERROR:ConnectionError,56.91981315612793
1786832923.3011775,ERROR:ConnectionError,88.47641944885254
1786832923.3596992,ERROR:ConnectionError,32.58109092712402
1786832923.3396916,ERROR:ConnectionError,54.41093444824219
1786832923.2894278,ERROR:ConnectionError,108.95490646362305
1786832923.3569922,ERROR:ConnectionError,49.56698417663574
1786832923.3687344,ERROR:ConnectionError,41.03207588195801
1786832923.3884504,ERROR:ConnectionError,34.85369682312012
1786832923.388014,ERROR:ConnectionError,41.88251495361328
1786832923.382245,ERROR:ConnectionError,48.265695571899414
1786832923.38966,ERROR:ConnectionError,54.416656494140625
1786832923.3922863,ERROR:ConnectionError,52.150726318359375
1786832923.389317,ERROR:ConnectionError,64.16869163513184
1786832923.4097953,ERROR:ConnectionError,48.74849319458008
1786832923.4065685,ERROR:ConnectionError,52.40345001220703
1786832923.4299104,ERROR:ConnectionError,34.65461730957031
1786832923.3983917,ERROR:ConnectionError,69.02313232421875
1786832923.3941095,ERROR:ConnectionError,75.01220703125
1786832923.4444413,ERROR:ConnectionError,29.38079833984375
1786832923.4534945,ERROR:ConnectionError,28.522968292236328
1786832923.4440844,ERROR:ConnectionError,40.482282638549805
1786832923.423314,ERROR:ConnectionError,65.216064453125
1786832923.4305177,ERROR:ConnectionError,59.92579460144043
1786832923.458554,ERROR:ConnectionError,44.67940330505371
1786832923.4674227,ERROR:ConnectionError,40.79294204711914
1786832923.4589791,ERROR:ConnectionError,49.635887145996094
1786832923.4738326,ERROR:ConnectionError,35.02488136291504
1786832923.4645731,ERROR:ConnectionError,47.44887351989746
1786832923.488538,ERROR:ConnectionError,28.116703033447266
1786832923.4904518,ERROR:ConnectionError,26.597023010253906
1786832923.469128,ERROR:ConnectionError,50.5061149597168
1786832923.5032601,ERROR:ConnectionError,22.695302963256836
1786832923.4820275,ERROR:ConnectionError,47.23310470581055
1786832923.4845803,ERROR:ConnectionError,49.47638511657715
1786832923.508224,ERROR:ConnectionError,28.745174407958984
1786832923.5086215,ERROR:ConnectionError,33.64753723144531
1786832923.5120301,ERROR:ConnectionError,30.5788516998291
1786832923.516661,ERROR:ConnectionError,38.82193565368652
1786832923.508861,ERROR:ConnectionError,47.69539833068848
1786832923.5196412,ERROR:ConnectionError,44.78931427001953
1786832923.534064,ERROR:ConnectionError,41.9008731842041
1786832923.5292687,ERROR:ConnectionError,52.1855354309082
1786832923.5369751,ERROR:ConnectionError,47.519683837890625
1786832923.5426133,ERROR:ConnectionError,47.013282775878906
1786832923.542278,ERROR:ConnectionError,49.36361312866211
1786832923.5170555,ERROR:ConnectionError,74.89919662475586
1786832923.5259624,ERROR:ConnectionError,68.68505477905273
1786832923.5554912,ERROR:ConnectionError,49.297332763671875
1786832923.5565636,ERROR:ConnectionError,55.23538589477539
1786832923.5814645,ERROR:ConnectionError,36.41057014465332
1786832923.5759747,ERROR:ConnectionError,43.72358322143555
1786832923.5644403,ERROR:ConnectionError,57.29842185974121
1786832923.5919597,ERROR:ConnectionError,30.25650978088379
1786832923.5916474,ERROR:ConnectionError,32.47785568237305
1786832923.604797,ERROR:ConnectionError,25.84671974182129
1786832923.5845037,ERROR:ConnectionError,47.74904251098633
1786832923.5946531,ERROR:ConnectionError,41.3668155670166
1786832923.5896358,ERROR:ConnectionError,46.64731025695801
1786832923.6197069,ERROR:ConnectionError,21.6214656829834
1786832923.6178865,ERROR:ConnectionError,24.448156356811523
1786832923.6118298,ERROR:ConnectionError,30.793190002441406
1786832923.6222208,ERROR:ConnectionError,29.70576286315918
1786832923.6217468,ERROR:ConnectionError,31.725406646728516
1786832923.624131,ERROR:ConnectionError,31.141281127929688
1786832923.6322634,ERROR:ConnectionError,29.468059539794922
1786832923.6360288,ERROR:ConnectionError,29.876232147216797
1786832923.642629,ERROR:ConnectionError,23.555755615234375
1786832923.6362884,ERROR:ConnectionError,32.427072525024414
1786832923.6519554,ERROR:ConnectionError,20.970582962036133
1786832923.6306524,ERROR:ConnectionError,45.42088508605957
1786832923.655295,ERROR:ConnectionError,23.2391357421875
1786832923.6534796,ERROR:ConnectionError,27.589797973632812
1786832923.6413367,ERROR:ConnectionError,42.61374473571777
1786832923.6661892,ERROR:ConnectionError,21.84581756591797
1786832923.665914,ERROR:ConnectionError,23.979663848876953
1786832923.6687245,ERROR:ConnectionError,23.079395294189453
1786832923.642341,ERROR:ConnectionError,51.138877868652344
1786832923.6785426,ERROR:ConnectionError,44.069528579711914
1786832923.6617417,ERROR:ConnectionError,61.24997138977051
1786832923.6880424,ERROR:ConnectionError,37.1859073638916
1786832923.693486,ERROR:ConnectionError,31.98862075805664
1786832923.6760843,ERROR:ConnectionError,52.24943161010742
1786832923.691809,ERROR:ConnectionError,41.884660720825195
1786832923.6729343,ERROR:ConnectionError,61.04850769042969
1786832923.689901,ERROR:ConnectionError,45.6852912902832
1786832923.6810775,ERROR:ConnectionError,56.22220039367676
1786832923.722996,ERROR:ConnectionError,19.805908203125
1786832923.6839614,ERROR:ConnectionError,62.50643730163574
1786832923.722622,ERROR:ConnectionError,25.283336639404297
1786832923.7283406,ERROR:ConnectionError,24.814367294311523
1786832923.725479,ERROR:ConnectionError,30.652761459350586
1786832923.725238,ERROR:ConnectionError,33.86116027832031
1786832923.7355947,ERROR:ConnectionError,33.617496490478516
1786832923.7428083,ERROR:ConnectionError,31.54277801513672
1786832923.7373073,ERROR:ConnectionError,39.273977279663086
1786832923.7339878,ERROR:ConnectionError,45.211076736450195
1786832923.7337022,ERROR:ConnectionError,52.18935012817383
1786832923.7531633,ERROR:ConnectionError,40.37642478942871
1786832923.746475,ERROR:ConnectionError,49.269676208496094
1786832923.7591069,ERROR:ConnectionError,44.58761215209961
1786832923.7765903,ERROR:ConnectionError,29.737234115600586
1786832923.747916,ERROR:ConnectionError,60.526371002197266
1786832923.774359,ERROR:ConnectionError,43.55216026306152
1786832923.7692251,ERROR:ConnectionError,49.118995666503906
1786832923.756141,ERROR:ConnectionError,65.2012825012207
1786832923.779209,ERROR:ConnectionError,57.11030960083008
1786832923.7935488,ERROR:ConnectionError,49.31974411010742
1786832923.8063383,ERROR:ConnectionError,38.58518600463867
1786832923.795754,ERROR:ConnectionError,51.100969314575195
1786832923.7859013,ERROR:ConnectionError,65.90795516967773
1786832923.8179224,ERROR:ConnectionError,35.324811935424805
1786832923.8084505,ERROR:ConnectionError,46.15473747253418
1786832923.8183491,ERROR:ConnectionError,37.27293014526367
1786832923.8213487,ERROR:ConnectionError,42.69695281982422
1786832923.8363297,ERROR:ConnectionError,29.402971267700195
1786832923.8428764,ERROR:ConnectionError,25.62999725341797
1786832923.844931,ERROR:ConnectionError,28.34010124206543
1786832923.8468683,ERROR:ConnectionError,27.940034866333008
1786832923.8518174,ERROR:ConnectionError,28.324365615844727
1786832923.8037045,ERROR:ConnectionError,77.68487930297852
1786832923.85563,ERROR:ConnectionError,35.106658935546875
1786832923.8685148,ERROR:ConnectionError,32.30857849121094
1786832923.8546138,ERROR:ConnectionError,50.51255226135254
1786832923.8657417,ERROR:ConnectionError,42.21510887145996
1786832923.8532567,ERROR:ConnectionError,65.86503982543945
1786832923.8907468,ERROR:ConnectionError,30.878543853759766
1786832923.8640547,ERROR:ConnectionError,57.82723426818848
1786832923.8801534,ERROR:ConnectionError,45.00722885131836
1786832923.87328,ERROR:ConnectionError,58.110713958740234
1786832923.9008317,ERROR:ConnectionError,33.94579887390137
1786832923.881397,ERROR:ConnectionError,53.652048110961914
1786832923.9051368,ERROR:ConnectionError,32.82570838928223
1786832923.9218857,ERROR:ConnectionError,20.070791244506836
1786832923.8748138,ERROR:ConnectionError,70.72806358337402
1786832923.9216328,ERROR:ConnectionError,29.02531623840332
1786832923.9079647,ERROR:ConnectionError,53.07793617248535
1786832923.9350538,ERROR:ConnectionError,32.80282020568848
1786832923.9251692,ERROR:ConnectionError,45.079946517944336
1786832923.9314017,ERROR:ConnectionError,42.47474670410156
1786832923.9419634,ERROR:ConnectionError,34.05261039733887
1786832923.9455497,ERROR:ConnectionError,33.96344184875488
1786832923.9191306,ERROR:ConnectionError,60.85920333862305
1786832923.950681,ERROR:ConnectionError,36.318063735961914
1786832923.9379704,ERROR:ConnectionError,51.830291748046875
1786832923.9347863,ERROR:ConnectionError,68.92633438110352
1786832923.967869,ERROR:ConnectionError,41.77093505859375
1786832923.9610515,ERROR:ConnectionError,50.95553398132324
1786832923.9738834,ERROR:ConnectionError,43.440818786621094
1786832923.970257,ERROR:ConnectionError,51.08904838562012
1786832923.9799953,ERROR:ConnectionError,47.28221893310547
1786832923.9870052,ERROR:ConnectionError,45.90177536010742
1786832923.9760253,ERROR:ConnectionError,70.49036026000977
1786832923.979524,ERROR:ConnectionError,75.4551887512207
1786832924.0120146,ERROR:ConnectionError,43.287038803100586
1786832924.009648,ERROR:ConnectionError,47.33991622924805
1786832924.021354,ERROR:ConnectionError,44.16513442993164
1786832923.989808,ERROR:ConnectionError,88.95444869995117
1786832924.0037236,ERROR:ConnectionError,89.93172645568848
1786832924.0569963,ERROR:ConnectionError,47.820091247558594
1786832924.0173316,ERROR:ConnectionError,87.9218578338623
1786832924.046526,ERROR:ConnectionError,62.055349349975586
1786832924.0329206,ERROR:ConnectionError,78.28497886657715
1786832924.0272856,ERROR:ConnectionError,89.02096748352051
1786832924.0549886,ERROR:ConnectionError,70.2524185180664
1786832924.078774,ERROR:ConnectionError,49.63803291320801
1786832924.0553076,ERROR:ConnectionError,73.95744323730469
1786832924.104826,ERROR:ConnectionError,29.9527645111084
1786832924.1052606,ERROR:ConnectionError,29.85978126525879
1786832924.093664,ERROR:ConnectionError,54.376840591430664
1786832924.1163154,ERROR:ConnectionError,41.626691818237305
1786832924.108588,ERROR:ConnectionError,50.47750473022461
1786832924.1347847,ERROR:ConnectionError,40.346622467041016
1786832924.1284232,ERROR:ConnectionError,47.1043586730957
1786832924.1112127,ERROR:ConnectionError,75.00219345092773
1786832924.1351259,ERROR:ConnectionError,54.627180099487305
1786832924.1292732,ERROR:ConnectionError,60.90235710144043
1786832924.1252494,ERROR:ConnectionError,67.89302825927734
1786832924.1480508,ERROR:ConnectionError,45.417070388793945
1786832924.1590743,ERROR:ConnectionError,59.70168113708496
1786832924.1755333,ERROR:ConnectionError,58.064937591552734
1786832924.1751392,ERROR:ConnectionError,66.06698036193848
1786832924.1901827,ERROR:ConnectionError,51.406145095825195
1786832924.157952,ERROR:ConnectionError,84.24901962280273
1786832924.065532,ERROR:ConnectionError,184.59844589233398
1786832924.19315,ERROR:ConnectionError,65.7045841217041
1786832924.1862261,ERROR:ConnectionError,77.21281051635742
1786832924.218789,ERROR:ConnectionError,64.15367126464844
1786832924.2415955,ERROR:ConnectionError,44.83222961425781
1786832924.2336068,ERROR:ConnectionError,57.36994743347168
1786832924.1934726,ERROR:ConnectionError,97.98860549926758
1786832924.2412148,ERROR:ConnectionError,52.04963684082031
1786832924.1897624,ERROR:ConnectionError,105.41725158691406
1786832924.250143,ERROR:ConnectionError,47.07741737365723
1786832924.2634528,ERROR:ConnectionError,39.25204277038574
1786832924.2422068,ERROR:ConnectionError,66.5285587310791
1786832924.2829525,ERROR:ConnectionError,26.671886444091797
1786832924.286603,ERROR:ConnectionError,30.488252639770508
1786832924.2951856,ERROR:ConnectionError,33.72383117675781
1786832924.2588673,ERROR:ConnectionError,84.33103561401367
1786832924.2909842,ERROR:ConnectionError,53.40313911437988
1786832924.2932715,ERROR:ConnectionError,61.1417293548584
1786832924.2972329,ERROR:ConnectionError,88.98401260375977
1786832924.2914677,ERROR:ConnectionError,115.78941345214844
1786832924.3096309,ERROR:ConnectionError,110.55231094360352
1786832924.3087451,ERROR:ConnectionError,112.6563549041748
1786832924.3289187,ERROR:ConnectionError,95.07036209106445
1786832924.3171017,ERROR:ConnectionError,107.13791847229004
1786832924.3027136,ERROR:ConnectionError,121.73771858215332
1786832924.344394,ERROR:ConnectionError,82.53931999206543
1786832924.3544226,ERROR:ConnectionError,75.92272758483887
1786832924.4239964,ERROR:ConnectionError,23.24509620666504
1786832924.3432178,ERROR:ConnectionError,108.5350513458252
1786832924.4072664,ERROR:ConnectionError,44.725894927978516
1786832924.4214108,ERROR:ConnectionError,34.25288200378418
1786832924.3862276,ERROR:ConnectionError,89.73979949951172
1786832924.4303648,ERROR:ConnectionError,46.518802642822266
1786832924.4242437,ERROR:ConnectionError,54.659366607666016
1786832924.42694,ERROR:ConnectionError,60.472965240478516
1786832924.4202442,ERROR:ConnectionError,69.7636604309082
1786832924.4244566,ERROR:ConnectionError,68.0384635925293
1786832924.4472544,ERROR:ConnectionError,76.25937461853027
1786832924.45176,ERROR:ConnectionError,73.96841049194336
1786832924.4874198,ERROR:ConnectionError,53.859710693359375
1786832924.4556723,ERROR:ConnectionError,87.6626968383789
1786832924.4519982,ERROR:ConnectionError,93.62912178039551
1786832924.4925056,ERROR:ConnectionError,63.62295150756836
1786832924.4759789,ERROR:ConnectionError,93.08886528015137
1786832924.4768906,ERROR:ConnectionError,108.62898826599121
1786832924.5412908,ERROR:ConnectionError,55.459022521972656
1786832924.5433435,ERROR:ConnectionError,62.72721290588379
1786832924.523522,ERROR:ConnectionError,93.11032295227051
1786832924.5855303,ERROR:ConnectionError,35.95471382141113
1786832924.5257373,ERROR:ConnectionError,100.45504570007324
1786832924.56908,ERROR:ConnectionError,59.38076972961426
1786832924.4900177,ERROR:ConnectionError,153.69772911071777
1786832924.5967638,ERROR:ConnectionError,49.266815185546875
1786832924.556139,ERROR:ConnectionError,94.65456008911133
1786832924.5456352,ERROR:ConnectionError,121.24228477478027
1786832924.478911,ERROR:ConnectionError,188.28463554382324
1786832924.646044,ERROR:ConnectionError,41.98598861694336
1786832924.6060798,ERROR:ConnectionError,92.5452709197998
1786832924.6214926,ERROR:ConnectionError,83.6493968963623
1786832924.6262012,ERROR:ConnectionError,79.35595512390137
1786832924.628467,ERROR:ConnectionError,84.2123031616211
1786832924.6166477,ERROR:ConnectionError,104.08544540405273
1786832924.6437259,ERROR:ConnectionError,92.34809875488281
1786832924.6508055,ERROR:ConnectionError,94.38395500183105
1786832924.6672013,ERROR:ConnectionError,88.44161033630371
1786832924.6986344,ERROR:ConnectionError,65.41681289672852
1786832924.705562,ERROR:ConnectionError,62.64495849609375
1786832924.666886,ERROR:ConnectionError,115.91053009033203
1786832924.712689,ERROR:ConnectionError,81.71653747558594
1786832924.7828076,ERROR:ConnectionError,46.87690734863281
1786832924.720741,ERROR:ConnectionError,111.24539375305176
1786832924.768215,ERROR:ConnectionError,85.90292930603027
1786832924.7451985,ERROR:ConnectionError,111.34839057922363
1786832924.7640646,ERROR:ConnectionError,107.72562026977539
1786832924.70515,ERROR:ConnectionError,185.5025291442871
1786832924.6880395,ERROR:ConnectionError,230.93295097351074
1786832924.8296938,ERROR:ConnectionError,126.20949745178223
1786832924.8320186,ERROR:ConnectionError,145.19143104553223
1786832924.8541276,ERROR:ConnectionError,123.42286109924316
1786832924.7556531,ERROR:ConnectionError,225.4927158355713
1786832924.8565543,ERROR:ConnectionError,127.80928611755371
1786832924.7360842,ERROR:ConnectionError,256.1347484588623
1786832924.7944162,ERROR:ConnectionError,259.34767723083496
1786832924.890662,ERROR:ConnectionError,223.47760200500488
1786832924.8717985,ERROR:ConnectionError,243.61085891723633
1786832924.9559138,ERROR:ConnectionError,250.2589225769043
1786832924.977219,ERROR:ConnectionError,230.44085502624512
1786832924.9922295,ERROR:ConnectionError,222.57161140441895
1786832925.1154203,ERROR:ConnectionError,137.82000541687012
1786832924.9811919,ERROR:ConnectionError,291.57066345214844
1786832924.9775565,ERROR:ConnectionError,313.91000747680664
1786832925.2532544,ERROR:ConnectionError,57.4190616607666
1786832925.2076666,ERROR:ConnectionError,105.70931434631348
1786832925.2061813,ERROR:ConnectionError,111.92131042480469
1786832925.2148144,ERROR:ConnectionError,105.49068450927734
1786832925.2727742,ERROR:ConnectionError,50.05526542663574
1786832925.3106818,ERROR:ConnectionError,16.99066162109375
1786832925.291476,ERROR:ConnectionError,39.59226608276367
1786832924.9843721,ERROR:ConnectionError,406.34703636169434
1786832925.0537746,ERROR:ConnectionError,344.78116035461426
1786832925.322838,ERROR:ConnectionError,78.24015617370605
1786832925.1141489,ERROR:ConnectionError,290.3900146484375
1786832924.9189827,ERROR:ConnectionError,487.5223636627197
1786832925.3203144,ERROR:ConnectionError,86.68017387390137
1786832925.3310802,ERROR:ConnectionError,160.78782081604004
1786832925.3133821,ERROR:ConnectionError,193.59374046325684
1786832925.390731,ERROR:ConnectionError,246.82879447937012
1786832925.3985658,ERROR:ConnectionError,290.13633728027344
1786832925.4065132,ERROR:ConnectionError,344.0217971801758
1786832925.407002,ERROR:ConnectionError,383.4550380706787
1786832925.4010904,ERROR:ConnectionError,442.1253204345703
1786832925.7904668,ERROR:ConnectionError,67.83080101013184
1786832925.7505882,ERROR:ConnectionError,109.1148853302002
1786832925.327682,ERROR:ConnectionError,532.3977470397949
1786832925.3181098,ERROR:ConnectionError,550.9316921234131
1786832925.5069864,ERROR:ConnectionError,362.5333309173584
1786832925.4918768,ERROR:ConnectionError,379.1472911834717
1786832925.6887262,ERROR:ConnectionError,183.38727951049805
1786832925.8432274,ERROR:ConnectionError,58.40659141540527
1786832925.6375687,ERROR:ConnectionError,276.8371105194092
1786832925.859713,ERROR:ConnectionError,128.90911102294922
1786832925.4045453,ERROR:ConnectionError,588.7191295623779
1786832925.8695254,ERROR:ConnectionError,218.8854217529297
1786832925.8690498,ERROR:ConnectionError,286.56649589538574
1786832925.8600883,ERROR:ConnectionError,346.99511528015137
1786832925.988633,ERROR:ConnectionError,219.52056884765625
1786832926.0884197,ERROR:ConnectionError,152.96316146850586
1786832925.8721201,ERROR:ConnectionError,373.7373352050781
1786832926.1556237,ERROR:ConnectionError,115.89980125427246
1786832925.8710322,ERROR:ConnectionError,410.59255599975586
1786832925.9016438,ERROR:ConnectionError,391.0026550292969
1786832925.8583076,ERROR:ConnectionError,436.2308979034424
1786832925.9144142,ERROR:ConnectionError,383.2077980041504
1786832925.9932733,ERROR:ConnectionError,307.7962398529053
1786832926.2715335,ERROR:ConnectionError,216.08901023864746
1786832926.2081616,ERROR:ConnectionError,293.5974597930908
1786832926.2816346,ERROR:ConnectionError,225.97002983093262
1786832926.2413938,ERROR:ConnectionError,277.0702838897705
1786832926.2458673,ERROR:ConnectionError,304.74352836608887
1786832926.207093,ERROR:ConnectionError,388.7364864349365
1786832926.2926548,ERROR:ConnectionError,326.6429901123047
1786832926.2945447,ERROR:ConnectionError,393.9471244812012
1786832926.550621,ERROR:ConnectionError,167.2680377960205
1786832926.5017753,ERROR:ConnectionError,245.3162670135498
1786832926.2976286,ERROR:ConnectionError,454.35428619384766
1786832926.301077,ERROR:ConnectionError,462.25619316101074
1786832926.5076134,ERROR:ConnectionError,275.85649490356445
1786832926.4877136,ERROR:ConnectionError,323.4903812408447
1786832926.5184736,ERROR:ConnectionError,302.5822639465332
1786832926.6193123,ERROR:ConnectionError,210.6165885925293
1786832926.6885035,ERROR:ConnectionError,148.75316619873047
1786832926.7179031,ERROR:ConnectionError,140.94090461730957
1786832926.7471228,ERROR:ConnectionError,139.26124572753906
1786832926.5958412,ERROR:ConnectionError,292.9871082305908
1786832926.7519941,ERROR:ConnectionError,138.74411582946777
1786832926.763344,ERROR:ConnectionError,127.9911994934082
1786832926.783482,ERROR:ConnectionError,130.83338737487793
1786832926.8210647,ERROR:ConnectionError,186.66505813598633
1786832926.8112123,ERROR:ConnectionError,252.37679481506348
1786832926.8299425,ERROR:ConnectionError,239.08209800720215
1786832926.8888376,ERROR:ConnectionError,200.52719116210938
1786832926.8863947,ERROR:ConnectionError,221.0228443145752
1786832926.8588536,ERROR:ConnectionError,259.58847999572754
1786832927.0077374,ERROR:ConnectionError,126.99222564697266
1786832926.837266,ERROR:ConnectionError,303.3914566040039
1786832927.063602,ERROR:ConnectionError,101.35936737060547
1786832926.8907454,ERROR:ConnectionError,300.6467819213867
1786832926.8913496,ERROR:ConnectionError,322.2222328186035
1786832927.0690348,ERROR:ConnectionError,152.8000831604004
1786832926.9143293,ERROR:ConnectionError,316.5578842163086
1786832927.1074312,ERROR:ConnectionError,130.48791885375977
1786832927.140666,ERROR:ConnectionError,112.78033256530762
1786832927.0893755,ERROR:ConnectionError,165.08841514587402
1786832927.1347396,ERROR:ConnectionError,133.5301399230957
1786832927.213582,ERROR:ConnectionError,81.98142051696777
1786832927.221846,ERROR:ConnectionError,74.11932945251465
1786832927.1649702,ERROR:ConnectionError,137.8793716430664
1786832927.25346,ERROR:ConnectionError,53.82347106933594
1786832927.268281,ERROR:ConnectionError,45.8371639251709
1786832927.2308974,ERROR:ConnectionError,84.16914939880371
1786832927.1914022,ERROR:ConnectionError,128.23176383972168
1786832927.2544718,ERROR:ConnectionError,69.05317306518555
1786832927.2379296,ERROR:ConnectionError,87.53800392150879
1786832927.2959735,ERROR:ConnectionError,30.80153465270996
1786832927.3072946,ERROR:ConnectionError,34.300804138183594
1786832927.3028622,ERROR:ConnectionError,56.03599548339844
1786832927.2955737,ERROR:ConnectionError,64.8348331451416
1786832927.118451,ERROR:ConnectionError,262.97855377197266
1786832927.3151476,ERROR:ConnectionError,78.63640785217285
1786832927.3254747,ERROR:ConnectionError,78.71389389038086
1786832927.3267822,ERROR:ConnectionError,113.29174041748047
1786832927.3196445,ERROR:ConnectionError,128.44610214233398
1786832927.360416,ERROR:ConnectionError,102.24318504333496
1786832927.4041986,ERROR:ConnectionError,59.029579162597656
1786832927.3814418,ERROR:ConnectionError,82.07583427429199
1786832927.3235345,ERROR:ConnectionError,148.81110191345215
1786832927.4400833,ERROR:ConnectionError,42.552947998046875
1786832927.3937979,ERROR:ConnectionError,90.29960632324219
1786832927.448099,ERROR:ConnectionError,45.64380645751953
1786832927.3589103,ERROR:ConnectionError,139.1129493713379
1786832927.314129,ERROR:ConnectionError,196.08211517333984
1786832927.463522,ERROR:ConnectionError,55.88102340698242
1786832927.463238,ERROR:ConnectionError,64.14484977722168
1786832927.3416038,ERROR:ConnectionError,201.91478729248047
1786832927.4723556,ERROR:ConnectionError,81.6795825958252
1786832927.4626884,ERROR:ConnectionError,116.01662635803223
1786832927.4937508,ERROR:ConnectionError,85.35289764404297
1786832927.4826462,ERROR:ConnectionError,98.32596778869629
1786832927.484104,ERROR:ConnectionError,140.10000228881836
1786832927.5102203,ERROR:ConnectionError,115.49997329711914
1786832927.5540447,ERROR:ConnectionError,80.2299976348877
1786832927.5273936,ERROR:ConnectionError,109.24005508422852
1786832927.5809789,ERROR:ConnectionError,60.385704040527344
1786832927.5787141,ERROR:ConnectionError,65.31000137329102
1786832927.624213,ERROR:ConnectionError,22.5985050201416
1786832927.4980311,ERROR:ConnectionError,156.205415725708
1786832927.5194135,ERROR:ConnectionError,136.49511337280273
1786832927.6342869,ERROR:ConnectionError,44.53134536743164
1786832927.6257277,ERROR:ConnectionError,66.98393821716309
1786832927.6366417,ERROR:ConnectionError,81.36630058288574
1786832927.644033,ERROR:ConnectionError,161.33975982666016
1786832927.6413982,ERROR:ConnectionError,165.06147384643555
1786832927.543527,ERROR:ConnectionError,270.3285217285156
1786832927.6788309,ERROR:ConnectionError,151.6568660736084
1786832927.579112,ERROR:ConnectionError,261.1253261566162
1786832927.6927223,ERROR:ConnectionError,154.99615669250488
1786832927.6468196,ERROR:ConnectionError,203.36532592773438
1786832927.654248,ERROR:ConnectionError,206.1440944671631
1786832927.6559203,ERROR:ConnectionError,212.4330997467041
1786832927.7180195,ERROR:ConnectionError,169.48652267456055
1786832927.8064795,ERROR:ConnectionError,86.08126640319824
1786832927.830498,ERROR:ConnectionError,70.13249397277832
1786832927.805386,ERROR:ConnectionError,97.95498847961426
1786832927.847734,ERROR:ConnectionError,67.49176979064941
1786832927.8402455,ERROR:ConnectionError,77.00133323669434
1786832927.8502095,ERROR:ConnectionError,80.57928085327148
1786832927.813866,ERROR:ConnectionError,132.71594047546387
1786832927.8683617,ERROR:ConnectionError,80.57045936584473
1786832927.8925698,ERROR:ConnectionError,63.11964988708496
1786832927.9489381,ERROR:ConnectionError,77.01420783996582
1786832927.9465966,ERROR:ConnectionError,86.38453483581543
1786832927.9307985,ERROR:ConnectionError,102.53214836120605
1786832927.9557002,ERROR:ConnectionError,89.8745059967041
1786832927.9152358,ERROR:ConnectionError,134.5663070678711
1786832927.9006405,ERROR:ConnectionError,157.73606300354004
1786832927.860401,ERROR:ConnectionError,199.7380256652832
1786832927.917253,ERROR:ConnectionError,157.51171112060547
1786832927.9033504,ERROR:ConnectionError,177.23751068115234
1786832928.0333366,ERROR:ConnectionError,69.95248794555664
1786832928.0259612,ERROR:ConnectionError,81.80427551269531
1786832927.8875165,ERROR:ConnectionError,228.2862663269043
1786832928.0329893,ERROR:ConnectionError,83.18805694580078
1786832928.0455935,ERROR:ConnectionError,74.07569885253906
1786832928.04981,ERROR:ConnectionError,274.2574214935303
1786832928.0584245,ERROR:ConnectionError,525.4662036895752
1786832928.0601456,ERROR:ConnectionError,555.4766654968262
1786832928.074775,ERROR:ConnectionError,583.0581188201904
1786832928.1033013,ERROR:ConnectionError,679.7046661376953
1786832928.119677,ERROR:ConnectionError,1301.546573638916
1786832928.324081,ERROR:ConnectionError,1123.988151550293
1786832928.1161828,ERROR:ConnectionError,1332.2780132293701
1786832928.080597,ERROR:ConnectionError,1371.1481094360352
1786832928.115815,ERROR:ConnectionError,1429.1949272155762
1786832929.4484675,ERROR:ConnectionError,175.9655475616455
1786832928.6578438,ERROR:ConnectionError,1000.4086494445801
1786832928.7830155,ERROR:ConnectionError,881.4313411712646
1786832929.4480796,ERROR:ConnectionError,227.67353057861328
1786832928.107775,ERROR:ConnectionError,1619.762897491455
1786832929.4212377,ERROR:ConnectionError,311.26976013183594
1786832928.6156332,ERROR:ConnectionError,1179.9776554107666
1786832929.5450249,ERROR:ConnectionError,251.01828575134277
1786832928.5838995,ERROR:ConnectionError,1238.8319969177246
1786832929.4517531,ERROR:ConnectionError,386.3382339477539
1786832929.6582632,ERROR:ConnectionError,210.57367324829102
1786832929.6757636,ERROR:ConnectionError,211.27986907958984
1786832929.7275505,ERROR:ConnectionError,172.23501205444336
1786832929.664455,ERROR:ConnectionError,260.1940631866455
1786832929.6244526,ERROR:ConnectionError,341.9187068939209
1786832929.8381023,ERROR:ConnectionError,130.42831420898438
1786832929.822746,ERROR:ConnectionError,219.0229892730713
1786832929.8870566,ERROR:ConnectionError,155.0307273864746
1786832929.7325168,ERROR:ConnectionError,310.7471466064453
1786832929.7960515,ERROR:ConnectionError,250.78058242797852
1786832929.8688471,ERROR:ConnectionError,179.06522750854492
1786832929.899796,ERROR:ConnectionError,182.75785446166992
1786832929.795624,ERROR:ConnectionError,343.106746673584
1786832930.041778,ERROR:ConnectionError,139.26029205322266
1786832929.9246578,ERROR:ConnectionError,271.9922065734863
1786832930.0420923,ERROR:ConnectionError,163.8350486755371
1786832930.0432706,ERROR:ConnectionError,171.60344123840332
1786832929.9663842,ERROR:ConnectionError,251.4486312866211
1786832930.0468426,ERROR:ConnectionError,336.63201332092285
1786832929.968537,ERROR:ConnectionError,416.25404357910156
1786832930.082569,ERROR:ConnectionError,308.6855411529541
1786832930.1387422,ERROR:ConnectionError,258.1467628479004
1786832930.0479193,ERROR:ConnectionError,409.8081588745117
1786832930.1966605,ERROR:ConnectionError,280.9333801269531
1786832930.1810572,ERROR:ConnectionError,410.00986099243164
1786832930.2059412,ERROR:ConnectionError,555.065393447876
1786832930.2178488,ERROR:ConnectionError,630.695104598999
1786832930.214882,ERROR:ConnectionError,641.0424709320068
1786832930.3912737,ERROR:ConnectionError,465.76690673828125
1786832930.3969004,ERROR:ConnectionError,484.15613174438477
1786832930.3848,ERROR:ConnectionError,514.3985748291016
1786832930.3834867,ERROR:ConnectionError,569.1804885864258
1786832930.4776058,ERROR:ConnectionError,526.6664028167725
1786832930.457737,ERROR:ConnectionError,695.7416534423828
1786832930.5910811,ERROR:ConnectionError,729.9098968505859
1786832930.8570523,ERROR:ConnectionError,506.91962242126465
1786832930.8485532,ERROR:ConnectionError,524.3206024169922
1786832930.8992105,ERROR:ConnectionError,476.38511657714844
1786832930.881067,ERROR:ConnectionError,497.77698516845703
1786832930.9526765,ERROR:ConnectionError,435.82963943481445
1786832931.004282,ERROR:ConnectionError,395.4124450683594
1786832930.7610178,ERROR:ConnectionError,643.0075168609619
1786832930.8559356,ERROR:ConnectionError,574.8658180236816
1786832931.3210013,ERROR:ConnectionError,116.62101745605469
1786832931.3788521,ERROR:ConnectionError,86.78722381591797
1786832931.3639846,ERROR:ConnectionError,107.96141624450684
1786832931.3756044,ERROR:ConnectionError,114.38107490539551
1786832931.1534858,ERROR:ConnectionError,336.8687629699707
1786832931.3728852,ERROR:ConnectionError,121.72436714172363
1786832931.3885167,ERROR:ConnectionError,125.45990943908691
1786832931.4311059,ERROR:ConnectionError,105.60393333435059
1786832931.4656565,ERROR:ConnectionError,72.56531715393066
1786832931.4040363,ERROR:ConnectionError,140.65909385681152
1786832931.4376304,ERROR:ConnectionError,116.04142189025879
1786832931.399705,ERROR:ConnectionError,172.2259521484375
1786832931.4899983,ERROR:ConnectionError,91.74823760986328
1786832931.4719582,ERROR:ConnectionError,111.87934875488281
1786832931.4946175,ERROR:ConnectionError,94.99645233154297
1786832931.5139866,ERROR:ConnectionError,86.87543869018555
1786832931.490359,ERROR:ConnectionError,112.81108856201172
1786832931.5367215,ERROR:ConnectionError,101.88937187194824
1786832931.5896227,ERROR:ConnectionError,59.80038642883301
1786832931.5817568,ERROR:ConnectionError,89.19310569763184
1786832931.5382288,ERROR:ConnectionError,145.63536643981934
1786832931.5447035,ERROR:ConnectionError,141.80898666381836
1786832931.553683,ERROR:ConnectionError,136.32655143737793
1786832931.5838451,ERROR:ConnectionError,106.64105415344238
1786832931.63862,ERROR:ConnectionError,54.815053939819336
1786832931.6494372,ERROR:ConnectionError,47.141075134277344
1786832931.6031797,ERROR:ConnectionError,93.83559226989746
1786832931.6008728,ERROR:ConnectionError,105.56793212890625
1786832931.6709611,ERROR:ConnectionError,39.17551040649414
1786832931.6838772,ERROR:ConnectionError,31.409502029418945
1786832931.6865194,ERROR:ConnectionError,41.55230522155762
1786832931.5719433,ERROR:ConnectionError,156.47077560424805
1786832931.6904926,ERROR:ConnectionError,42.652130126953125
1786832931.690015,ERROR:ConnectionError,60.50753593444824
1786832931.6965861,ERROR:ConnectionError,67.81435012817383
1786832931.6934476,ERROR:ConnectionError,76.35855674743652
1786832931.6970265,ERROR:ConnectionError,85.95609664916992
1786832931.7064524,ERROR:ConnectionError,79.70452308654785
1786832931.7101476,ERROR:ConnectionError,114.22085762023926
1786832931.7152965,ERROR:ConnectionError,162.675142288208
1786832931.7505348,ERROR:ConnectionError,232.45549201965332
1786832931.7280834,ERROR:ConnectionError,257.2040557861328
1786832931.7698169,ERROR:ConnectionError,222.869873046875
1786832931.7644143,ERROR:ConnectionError,256.9398880004883
1786832931.7830002,ERROR:ConnectionError,246.89650535583496
1786832931.8779824,ERROR:ConnectionError,166.06998443603516
1786832931.824378,ERROR:ConnectionError,233.85858535766602
1786832931.733153,ERROR:ConnectionError,326.72905921936035
1786832931.9926991,ERROR:ConnectionError,68.69149208068848
1786832931.7861695,ERROR:ConnectionError,286.43298149108887
1786832931.9830046,ERROR:ConnectionError,92.58079528808594
1786832931.9852972,ERROR:ConnectionError,92.47303009033203
1786832932.0213654,ERROR:ConnectionError,61.568498611450195
1786832931.7284214,ERROR:ConnectionError,360.34607887268066
1786832932.029905,ERROR:ConnectionError,61.55133247375488
1786832932.0582476,ERROR:ConnectionError,45.189857482910156
1786832932.0440612,ERROR:ConnectionError,60.671329498291016
1786832932.061398,ERROR:ConnectionError,83.24122428894043
1786832932.0598946,ERROR:ConnectionError,115.37408828735352
1786832932.0726109,ERROR:ConnectionError,103.55782508850098
1786832932.0755992,ERROR:ConnectionError,110.29386520385742
1786832932.0777779,ERROR:ConnectionError,117.7682876586914
1786832932.0829427,ERROR:ConnectionError,132.80177116394043
1786832932.1047404,ERROR:ConnectionError,113.87395858764648
1786832932.144648,ERROR:ConnectionError,78.27234268188477
1786832932.0914643,ERROR:ConnectionError,135.59532165527344
1786832932.1761787,ERROR:ConnectionError,76.7064094543457
1786832932.17528,ERROR:ConnectionError,79.63776588439941
1786832932.0887775,ERROR:ConnectionError,175.5526065826416
1786832932.1034458,ERROR:ConnectionError,161.63229942321777
1786832932.1859016,ERROR:ConnectionError,93.19734573364258
1786832932.2186263,ERROR:ConnectionError,63.96174430847168
1786832932.2157555,ERROR:ConnectionError,68.5720443725586
1786832932.1955583,ERROR:ConnectionError,89.07842636108398
1786832932.222928,ERROR:ConnectionError,66.08176231384277
1786832932.2270718,ERROR:ConnectionError,68.05586814880371
1786832932.2529118,ERROR:ConnectionError,54.038286209106445
1786832932.2643394,ERROR:ConnectionError,47.831058502197266
1786832932.2650843,ERROR:ConnectionError,49.62348937988281
1786832932.2825983,ERROR:ConnectionError,40.622711181640625
1786832932.2549288,ERROR:ConnectionError,86.94028854370117
1786832932.2843728,ERROR:ConnectionError,109.42816734313965
1786832932.2846413,ERROR:ConnectionError,116.67728424072266
1786832932.2890165,ERROR:ConnectionError,123.02303314208984
1786832932.2791076,ERROR:ConnectionError,136.87896728515625
1786832932.2951372,ERROR:ConnectionError,131.26564025878906
1786832932.3069594,ERROR:ConnectionError,122.97296524047852
1786832932.3418803,ERROR:ConnectionError,102.6008129119873
1786832932.3232286,ERROR:ConnectionError,123.12722206115723
1786832932.3121786,ERROR:ConnectionError,151.6592502593994
1786832932.3147187,ERROR:ConnectionError,151.90768241882324
1786832932.412049,ERROR:ConnectionError,79.75268363952637
1786832932.4013343,ERROR:ConnectionError,92.58675575256348
1786832932.3938127,ERROR:ConnectionError,105.05342483520508
1786832932.4159956,ERROR:ConnectionError,90.26002883911133
1786832932.446362,ERROR:ConnectionError,75.7761001586914
1786832932.4299448,ERROR:ConnectionError,100.36683082580566
1786832932.4264195,ERROR:ConnectionError,104.25448417663574
1786832932.444492,ERROR:ConnectionError,89.89429473876953
1786832932.463851,ERROR:ConnectionError,76.25842094421387
1786832932.466634,ERROR:ConnectionError,76.95126533508301
1786832932.4939294,ERROR:ConnectionError,54.66604232788086
1786832932.4918208,ERROR:ConnectionError,67.1548843383789
1786832932.5306802,ERROR:ConnectionError,37.672996520996094
1786832932.5303235,ERROR:ConnectionError,172.55568504333496
1786832932.5589936,ERROR:ConnectionError,147.97496795654297
1786832932.534395,ERROR:ConnectionError,172.81246185302734
1786832932.543602,ERROR:ConnectionError,163.78474235534668
1786832932.5062659,ERROR:ConnectionError,202.2395133972168
1786832932.540118,ERROR:ConnectionError,168.59173774719238
1786832932.4988732,ERROR:ConnectionError,214.5822048187256
1786832932.5486116,ERROR:ConnectionError,165.12107849121094
1786832932.5221472,ERROR:ConnectionError,192.84939765930176
1786832932.7087133,ERROR:ConnectionError,41.03398323059082
1786832932.713738,ERROR:ConnectionError,49.4847297668457
1786832932.7069767,ERROR:ConnectionError,63.3854866027832
1786832932.7073903,ERROR:ConnectionError,77.81386375427246
1786832932.7072115,ERROR:ConnectionError,163.58327865600586
1786832932.7085102,ERROR:ConnectionError,163.4078025817871
1786832932.702887,ERROR:ConnectionError,171.33283615112305
1786832932.7632341,ERROR:ConnectionError,120.6216812133789
1786832932.7134626,ERROR:ConnectionError,174.82519149780273
1786832932.5683625,ERROR:ConnectionError,326.2326717376709
1786832932.7150044,ERROR:ConnectionError,185.1644515991211
1786832932.7704637,ERROR:ConnectionError,147.49503135681152
1786832932.8708045,ERROR:ConnectionError,56.73551559448242
1786832932.871923,ERROR:ConnectionError,68.69959831237793
1786832932.8742259,ERROR:ConnectionError,72.61371612548828
1786832932.7852144,ERROR:ConnectionError,165.83251953125
1786832932.8838665,ERROR:ConnectionError,101.76491737365723
1786832932.8946018,ERROR:ConnectionError,94.49124336242676
1786832932.8882961,ERROR:ConnectionError,103.94573211669922
1786832932.7497578,ERROR:ConnectionError,272.127628326416
1786832932.900186,ERROR:ConnectionError,163.58304023742676
1786832932.9179704,ERROR:ConnectionError,160.45522689819336
1786832932.9275522,ERROR:ConnectionError,164.81709480285645
1786832932.9406333,ERROR:ConnectionError,156.23998641967773
1786832932.951055,ERROR:ConnectionError,182.31630325317383
1786832932.9468498,ERROR:ConnectionError,196.03347778320312
1786832932.9856436,ERROR:ConnectionError,183.32910537719727
1786832932.9922502,ERROR:ConnectionError,190.64664840698242
1786832933.0923805,ERROR:ConnectionError,99.6541976928711
1786832932.989106,ERROR:ConnectionError,211.48967742919922
1786832933.0784354,ERROR:ConnectionError,124.59087371826172
1786832933.0637786,ERROR:ConnectionError,150.0687599182129
1786832933.021895,ERROR:ConnectionError,195.92905044555664
1786832933.1333807,ERROR:ConnectionError,87.92853355407715
1786832933.1428964,ERROR:ConnectionError,90.77811241149902
1786832933.0968838,ERROR:ConnectionError,159.35897827148438
1786832933.1689825,ERROR:ConnectionError,97.97191619873047
1786832933.1829085,ERROR:ConnectionError,126.48630142211914
1786832933.192046,ERROR:ConnectionError,125.43463706970215
1786832933.200607,ERROR:ConnectionError,148.08201789855957
1786832933.203034,ERROR:ConnectionError,250.50711631774902
1786832933.213858,ERROR:ConnectionError,310.1692199707031
1786832933.2178328,ERROR:ConnectionError,307.61170387268066
1786832933.2669663,ERROR:ConnectionError,286.8072986602783
1786832933.2213206,ERROR:ConnectionError,334.37490463256836
1786832933.256251,ERROR:ConnectionError,312.7140998840332
1786832933.2336845,ERROR:ConnectionError,397.27258682250977
1786832933.3094096,ERROR:ConnectionError,323.73595237731934
1786832933.317489,ERROR:ConnectionError,315.9313201904297
1786832933.3487005,ERROR:ConnectionError,287.74476051330566
1786832933.4535522,ERROR:ConnectionError,232.42688179016113
1786832933.5240374,ERROR:ConnectionError,244.7357177734375
1786832933.5537822,ERROR:ConnectionError,250.016450881958
1786832933.630967,ERROR:ConnectionError,182.76166915893555
1786832933.5689933,ERROR:ConnectionError,254.3799877166748
1786832933.5557015,ERROR:ConnectionError,286.2284183502197
1786832933.6364527,ERROR:ConnectionError,206.88557624816895
1786832933.6331518,ERROR:ConnectionError,215.14034271240234
1786832933.6334243,ERROR:ConnectionError,224.71284866333008
1786832933.5254529,ERROR:ConnectionError,359.7381114959717
1786832933.6859896,ERROR:ConnectionError,199.61118698120117
1786832933.768783,ERROR:ConnectionError,120.47100067138672
1786832933.8038082,ERROR:ConnectionError,103.82819175720215
1786832933.8419363,ERROR:ConnectionError,86.81392669677734
1786832933.8233838,ERROR:ConnectionError,106.43172264099121
1786832933.8433444,ERROR:ConnectionError,90.93642234802246
1786832933.8137405,ERROR:ConnectionError,122.67446517944336
1786832933.8581452,ERROR:ConnectionError,80.413818359375
1786832933.8483026,ERROR:ConnectionError,93.49536895751953
1786832933.8856075,ERROR:ConnectionError,66.3301944732666
1786832933.8851995,ERROR:ConnectionError,75.04129409790039
1786832933.889261,ERROR:ConnectionError,79.09560203552246
1786832933.9076452,ERROR:ConnectionError,93.51158142089844
1786832934.001167,ERROR:ConnectionError,158.56409072875977
1786832933.9287608,ERROR:ConnectionError,246.16551399230957
1786832933.9342916,ERROR:ConnectionError,241.55616760253906
1786832933.938568,ERROR:ConnectionError,237.6415729522705
1786832933.9418075,ERROR:ConnectionError,241.28460884094238
1786832933.9364245,ERROR:ConnectionError,254.5790672302246
1786832933.9298234,ERROR:ConnectionError,268.60809326171875
1786832933.9519506,ERROR:ConnectionError,248.80576133728027
1786832933.9683669,ERROR:ConnectionError,234.76481437683105
1786832933.960264,ERROR:ConnectionError,283.34641456604004
1786832934.176214,ERROR:ConnectionError,121.07110023498535
1786832934.15974,ERROR:ConnectionError,150.48527717590332
1786832934.1749365,ERROR:ConnectionError,191.7414665222168
1786832934.1758523,ERROR:ConnectionError,198.61698150634766
1786832934.183103,ERROR:ConnectionError,193.25876235961914
1786832934.297297,ERROR:ConnectionError,99.46489334106445
1786832934.2436197,ERROR:ConnectionError,158.6744785308838
1786832934.198442,ERROR:ConnectionError,204.68664169311523
1786832934.1910124,ERROR:ConnectionError,214.3871784210205
1786832934.2031384,ERROR:ConnectionError,203.32598686218262
1786832934.2007651,ERROR:ConnectionError,209.0601921081543
1786832934.3666933,ERROR:ConnectionError,69.25010681152344
1786832934.3102374,ERROR:ConnectionError,131.7145824432373
1786832934.3744795,ERROR:ConnectionError,91.92728996276855
1786832934.4064693,ERROR:ConnectionError,133.38518142700195
1786832934.376368,ERROR:ConnectionError,164.77298736572266
1786832934.3967707,ERROR:ConnectionError,146.78215980529785
1786832934.4098322,ERROR:ConnectionError,147.62067794799805
1786832934.4419613,ERROR:ConnectionError,138.2009983062744
1786832934.4359515,ERROR:ConnectionError,146.79455757141113
1786832934.4023025,ERROR:ConnectionError,186.76352500915527
1786832934.4664168,ERROR:ConnectionError,125.84948539733887
1786832934.4031348,ERROR:ConnectionError,190.9630298614502
1786832934.4054072,ERROR:ConnectionError,223.97160530090332
1786832934.541149,ERROR:ConnectionError,135.10704040527344
1786832934.539867,ERROR:ConnectionError,186.73348426818848
1786832934.5435593,ERROR:ConnectionError,188.5688304901123
1786832934.5827546,ERROR:ConnectionError,152.83966064453125
1786832934.557461,ERROR:ConnectionError,186.2807273864746
1786832934.589125,ERROR:ConnectionError,163.8031005859375
1786832934.5801747,ERROR:ConnectionError,233.71624946594238
1786832934.592277,ERROR:ConnectionError,255.2196979522705
1786832934.5941033,ERROR:ConnectionError,374.59778785705566
1786832934.7266116,ERROR:ConnectionError,3060.1553916931152
1786832934.6762667,ERROR:ConnectionError,3123.2237815856934
1786832934.7321377,ERROR:ConnectionError,3082.831859588623
1786832934.7356067,ERROR:ConnectionError,3105.381965637207
1786832934.7437499,ERROR:ConnectionError,3099.1835594177246
1786832934.629389,ERROR:ConnectionError,3219.6130752563477
1786832934.8139021,ERROR:ConnectionError,3037.4627113342285
1786832934.847508,ERROR:ConnectionError,3006.342649459839
1786832934.7529504,ERROR:ConnectionError,3105.423927307129
1786832934.9687114,ERROR:ConnectionError,2892.059087753296
1786832937.7867823,ERROR:ConnectionError,163.79857063293457
1786832937.7994993,ERROR:ConnectionError,192.612886428833
1786832937.814976,ERROR:ConnectionError,195.59431076049805
1786832937.8410017,ERROR:ConnectionError,198.5471248626709
1786832937.8513896,ERROR:ConnectionError,213.5603427886963
1786832937.849011,ERROR:ConnectionError,222.27048873901367
1786832937.860778,ERROR:ConnectionError,253.55100631713867
1786832937.8429427,ERROR:ConnectionError,272.33123779296875
1786832937.8538597,ERROR:ConnectionError,264.77670669555664
1786832937.9921215,ERROR:ConnectionError,131.73174858093262
1786832937.9505951,ERROR:ConnectionError,177.33001708984375
1786832937.858387,ERROR:ConnectionError,274.25146102905273
1786832938.010581,ERROR:ConnectionError,124.32384490966797
1786832938.0712953,ERROR:ConnectionError,80.6114673614502
1786832938.064961,ERROR:ConnectionError,108.03365707397461
1786832938.114339,ERROR:ConnectionError,64.83125686645508
1786832938.1152797,ERROR:ConnectionError,76.25532150268555
1786832938.1186445,ERROR:ConnectionError,93.00804138183594
1786832938.0395653,ERROR:ConnectionError,179.7933578491211
1786832938.1519163,ERROR:ConnectionError,70.85251808166504
1786832938.1326454,ERROR:ConnectionError,91.18819236755371
1786832938.1238616,ERROR:ConnectionError,101.92370414733887
1786832938.1349177,ERROR:ConnectionError,98.31619262695312
1786832938.1915455,ERROR:ConnectionError,44.7385311126709
1786832938.1791813,ERROR:ConnectionError,69.49901580810547
1786832938.1279366,ERROR:ConnectionError,136.5971565246582
1786832938.2116642,ERROR:ConnectionError,58.99548530578613
1786832938.2238424,ERROR:ConnectionError,55.11879920959473
1786832938.225792,ERROR:ConnectionError,58.773040771484375
1786832938.2227786,ERROR:ConnectionError,67.89326667785645
1786832938.2193692,ERROR:ConnectionError,74.1879940032959
1786832938.1730037,ERROR:ConnectionError,125.6413459777832
1786832938.233244,ERROR:ConnectionError,78.71508598327637
1786832938.2362938,ERROR:ConnectionError,84.81287956237793
1786832938.2486887,ERROR:ConnectionError,77.8818130493164
1786832938.264541,ERROR:ConnectionError,62.45756149291992
1786832938.270668,ERROR:ConnectionError,60.042381286621094
1786832938.2789736,ERROR:ConnectionError,53.498268127441406
1786832938.2845762,ERROR:ConnectionError,141.632080078125
1786832938.2906804,ERROR:ConnectionError,146.6381549835205
1786832938.2935665,ERROR:ConnectionError,154.07657623291016
1786832938.3119693,ERROR:ConnectionError,148.48589897155762
1786832938.2986548,ERROR:ConnectionError,162.2178554534912
1786832938.3211176,ERROR:ConnectionError,144.24848556518555
1786832938.3270044,ERROR:ConnectionError,144.01507377624512
1786832938.3265808,ERROR:ConnectionError,150.22993087768555
1786832938.3307188,ERROR:ConnectionError,152.55498886108398
1786832938.4262195,ERROR:ConnectionError,70.55974006652832
1786832938.447655,ERROR:ConnectionError,60.764312744140625
1786832938.3324778,ERROR:ConnectionError,177.9472827911377
1786832938.4373283,ERROR:ConnectionError,75.10042190551758
1786832938.4604661,ERROR:ConnectionError,57.48105049133301
1786832938.4608784,ERROR:ConnectionError,61.19656562805176
1786832938.4653726,ERROR:ConnectionError,61.55562400817871
1786832938.4710279,ERROR:ConnectionError,63.515424728393555
1786832938.4768217,ERROR:ConnectionError,83.54330062866211
1786832938.4832816,ERROR:ConnectionError,79.51879501342773
1786832938.4967897,ERROR:ConnectionError,88.61875534057617
1786832938.5104337,ERROR:ConnectionError,91.44210815429688
1786832938.5084288,ERROR:ConnectionError,94.22135353088379
1786832938.512443,ERROR:ConnectionError,96.11916542053223
1786832938.517959,ERROR:ConnectionError,104.84862327575684
1786832938.5220842,ERROR:ConnectionError,104.08258438110352
1786832938.5269368,ERROR:ConnectionError,107.26785659790039
1786832938.5345566,ERROR:ConnectionError,112.05101013183594
1786832938.56281,ERROR:ConnectionError,86.84039115905762
1786832938.560374,ERROR:ConnectionError,96.26364707946777
1786832938.6018898,ERROR:ConnectionError,85.30139923095703
1786832938.6026616,ERROR:ConnectionError,89.48183059692383
1786832938.585426,ERROR:ConnectionError,108.35814476013184
1786832938.6085727,ERROR:ConnectionError,90.59524536132812
1786832938.6228285,ERROR:ConnectionError,77.41403579711914
1786832938.626177,ERROR:ConnectionError,77.06952095031738
1786832938.63422,ERROR:ConnectionError,73.32158088684082
1786832938.646626,ERROR:ConnectionError,65.4287338256836
1786832938.6496568,ERROR:ConnectionError,66.92290306091309
1786832938.6566498,ERROR:ConnectionError,77.50177383422852
1786832938.687202,ERROR:ConnectionError,62.14714050292969
1786832938.692154,ERROR:ConnectionError,69.23437118530273
1786832938.7002478,ERROR:ConnectionError,93.44291687011719
1786832938.6937912,ERROR:ConnectionError,100.23832321166992
1786832938.7032542,ERROR:ConnectionError,132.11536407470703
1786832938.7120621,ERROR:ConnectionError,126.29342079162598
1786832938.7075508,ERROR:ConnectionError,133.8646411895752
1786832938.7166364,ERROR:ConnectionError,138.380765914917
1786832938.6991768,ERROR:ConnectionError,160.1886749267578
1786832938.7341614,ERROR:ConnectionError,172.49369621276855
1786832938.7613997,ERROR:ConnectionError,241.94836616516113
1786832938.7940357,ERROR:ConnectionError,213.3028507232666
1786832938.7493591,ERROR:ConnectionError,270.1411247253418
1786832938.7937007,ERROR:ConnectionError,234.79843139648438
1786832938.835386,ERROR:ConnectionError,200.24394989013672
1786832938.8383663,ERROR:ConnectionError,206.81333541870117
1786832938.8414276,ERROR:ConnectionError,206.0558795928955
1786832938.8550315,ERROR:ConnectionError,199.62072372436523
1786832938.8593745,ERROR:ConnectionError,213.23347091674805
1786832938.906673,ERROR:ConnectionError,175.36664009094238
1786832939.0285077,ERROR:ConnectionError,65.5672550201416
1786832939.0073464,ERROR:ConnectionError,89.62583541870117
1786832939.0195131,ERROR:ConnectionError,83.66823196411133
1786832939.0451882,ERROR:ConnectionError,79.15163040161133
1786832939.0356467,ERROR:ConnectionError,98.93083572387695
1786832939.003363,ERROR:ConnectionError,141.77870750427246
1786832939.072622,ERROR:ConnectionError,102.64301300048828
1786832939.0474892,ERROR:ConnectionError,157.77826309204102
1786832939.0971441,ERROR:ConnectionError,120.07355690002441
1786832939.05466,ERROR:ConnectionError,163.90228271484375
1786832939.0940838,ERROR:ConnectionError,130.61022758483887
1786832939.1031983,ERROR:ConnectionError,140.38658142089844
1786832939.0820537,ERROR:ConnectionError,249.73773956298828
1786832939.124349,ERROR:ConnectionError,324.5265483856201
1786832939.1345887,ERROR:ConnectionError,799.7562885284424
1786832939.2185724,ERROR:ConnectionError,770.4455852508545
1786832939.1451535,ERROR:ConnectionError,866.4426803588867
1786832939.1752756,ERROR:ConnectionError,841.9811725616455
1786832939.2247036,ERROR:ConnectionError,798.7420558929443
1786832939.2172267,ERROR:ConnectionError,846.8506336212158
1786832939.2052772,ERROR:ConnectionError,898.3504772186279
1786832939.243597,ERROR:ConnectionError,980.1194667816162
1786832939.3318026,ERROR:ConnectionError,893.4750556945801
1786832939.989077,ERROR:ConnectionError,267.83227920532227
1786832940.0116088,ERROR:ConnectionError,256.864070892334
1786832940.0234568,ERROR:ConnectionError,253.9215087890625
1786832940.103647,ERROR:ConnectionError,200.2098560333252
1786832940.2252877,ERROR:ConnectionError,81.49480819702148
1786832940.2237291,ERROR:ConnectionError,86.18760108947754
1786832940.0172648,ERROR:ConnectionError,294.7502136230469
1786832940.268481,ERROR:ConnectionError,43.787479400634766
1786832940.2569187,ERROR:ConnectionError,63.12417984008789
1786832940.0640862,ERROR:ConnectionError,262.911319732666
1786832940.2773867,ERROR:ConnectionError,49.91292953491211
1786832939.4488857,ERROR:ConnectionError,882.8392028808594
1786832940.3038757,ERROR:ConnectionError,34.88564491271973
1786832939.93436,ERROR:ConnectionError,417.43922233581543
1786832940.3067918,ERROR:ConnectionError,47.42145538330078
1786832940.3099275,ERROR:ConnectionError,69.70643997192383
1786832940.312272,ERROR:ConnectionError,79.71930503845215
1786832940.3120215,ERROR:ConnectionError,89.17975425720215
1786832940.3270054,ERROR:ConnectionError,140.66171646118164
1786832940.3273046,ERROR:ConnectionError,145.16806602478027
1786832940.331765,ERROR:ConnectionError,142.34161376953125
1786832940.3387737,ERROR:ConnectionError,143.42784881591797
1786832940.3542252,ERROR:ConnectionError,137.29405403137207
1786832940.3518083,ERROR:ConnectionError,148.15092086791992
1786832940.3200536,ERROR:ConnectionError,184.157133102417
1786832940.3796473,ERROR:ConnectionError,130.07783889770508
1786832940.4676757,ERROR:ConnectionError,46.33617401123047
1786832940.4741151,ERROR:ConnectionError,47.96171188354492
1786832940.3920078,ERROR:ConnectionError,137.58158683776855
1786832940.4724836,ERROR:ConnectionError,61.604976654052734
1786832940.4822514,ERROR:ConnectionError,62.38365173339844
1786832940.4999728,ERROR:ConnectionError,64.67461585998535
1786832940.4012108,ERROR:ConnectionError,166.14794731140137
1786832940.5097342,ERROR:ConnectionError,67.04568862915039
1786832940.5295985,ERROR:ConnectionError,53.269147872924805
1786832940.5140202,ERROR:ConnectionError,77.79860496520996
1786832940.4915392,ERROR:ConnectionError,103.66606712341309
1786832940.5042205,ERROR:ConnectionError,96.1771011352539
1786832940.5220926,ERROR:ConnectionError,108.91985893249512
1786832940.5446475,ERROR:ConnectionError,97.90682792663574
1786832940.5340998,ERROR:ConnectionError,111.80734634399414
1786832940.5646584,ERROR:ConnectionError,118.57271194458008
1786832940.5918355,ERROR:ConnectionError,139.47772979736328
1786832940.5828793,ERROR:ConnectionError,150.8030891418457
1786832940.5767896,ERROR:ConnectionError,158.88071060180664
1786832940.5673683,ERROR:ConnectionError,176.93352699279785
1786832940.600406,ERROR:ConnectionError,155.5955410003662
1786832940.6459148,ERROR:ConnectionError,114.96448516845703
1786832940.5952127,ERROR:ConnectionError,196.9447135925293
1786832940.64257,ERROR:ConnectionError,157.4406623840332
1786832940.683245,ERROR:ConnectionError,120.87750434875488
1786832940.6310248,ERROR:ConnectionError,177.659273147583
1786832940.731324,ERROR:ConnectionError,80.16681671142578
1786832940.733691,ERROR:ConnectionError,134.13310050964355
1786832940.7356777,ERROR:ConnectionError,154.70361709594727
1786832940.804132,ERROR:ConnectionError,88.25254440307617
1786832940.7608883,ERROR:ConnectionError,135.25962829589844
1786832940.800018,ERROR:ConnectionError,110.26144027709961
1786832940.7560132,ERROR:ConnectionError,157.2098731994629
1786832940.7443109,ERROR:ConnectionError,172.18542098999023
1786832940.79217,ERROR:ConnectionError,126.93953514099121
1786832940.8678334,ERROR:ConnectionError,62.19816207885742
1786832940.811501,ERROR:ConnectionError,131.2258243560791
1786832940.8923912,ERROR:ConnectionError,52.02198028564453
1786832940.8086922,ERROR:ConnectionError,140.1388645172119
1786832940.8903923,ERROR:ConnectionError,103.63125801086426
1786832940.9132292,ERROR:ConnectionError,83.15086364746094
1786832940.9165046,ERROR:ConnectionError,80.15632629394531
1786832940.9102888,ERROR:ConnectionError,95.04079818725586
1786832940.896156,ERROR:ConnectionError,109.33685302734375
1786832940.9300394,ERROR:ConnectionError,111.62185668945312
1786832940.9427342,ERROR:ConnectionError,109.53402519226074
1786832940.9488366,ERROR:ConnectionError,109.72929000854492
1786832940.9191184,ERROR:ConnectionError,150.6049633026123
1786832940.996388,ERROR:ConnectionError,95.48282623291016
1786832940.9940317,ERROR:ConnectionError,105.2865982055664
1786832940.9444191,ERROR:ConnectionError,157.43637084960938
1786832940.9966674,ERROR:ConnectionError,116.70160293579102
1786832941.0416746,ERROR:ConnectionError,133.65864753723145
1786832941.0054958,ERROR:ConnectionError,191.28131866455078
1786832941.0585732,ERROR:ConnectionError,140.44499397277832
1786832941.0053368,ERROR:ConnectionError,201.4174461364746
1786832941.0522783,ERROR:ConnectionError,156.99028968811035
1786832941.0697308,ERROR:ConnectionError,157.55724906921387
1786832941.0993273,ERROR:ConnectionError,131.61540031433105
1786832941.1133783,ERROR:ConnectionError,124.54581260681152
1786832941.1018634,ERROR:ConnectionError,145.79153060913086
1786832941.0918891,ERROR:ConnectionError,156.54969215393066
1786832941.1753411,ERROR:ConnectionError,171.20909690856934
1786832941.2067647,ERROR:ConnectionError,146.74758911132812
1786832941.196787,ERROR:ConnectionError,160.69698333740234
1786832941.1990535,ERROR:ConnectionError,162.84513473510742
1786832941.2092764,ERROR:ConnectionError,158.03194046020508
1786832941.2272983,ERROR:ConnectionError,167.63567924499512
1786832941.2309504,ERROR:ConnectionError,165.8022403717041
1786832941.2379322,ERROR:ConnectionError,174.07536506652832
1786832941.3619092,ERROR:ConnectionError,54.0928840637207
1786832941.247664,ERROR:ConnectionError,170.38559913635254
1786832941.3535197,ERROR:ConnectionError,105.6222915649414
1786832941.3673162,ERROR:ConnectionError,96.15802764892578
1786832941.394943,ERROR:ConnectionError,70.79911231994629
1786832941.3967602,ERROR:ConnectionError,77.12626457214355
1786832941.4120162,ERROR:ConnectionError,69.28324699401855
1786832941.2484453,ERROR:ConnectionError,234.61031913757324
1786832941.4591498,ERROR:ConnectionError,29.244422912597656
1786832941.3465588,ERROR:ConnectionError,147.42684364318848
1786832941.4180572,ERROR:ConnectionError,76.81798934936523
1786832941.4634805,ERROR:ConnectionError,43.59865188598633
1786832941.4657495,ERROR:ConnectionError,43.802738189697266
1786832941.4160092,ERROR:ConnectionError,102.82540321350098
1786832941.3574939,ERROR:ConnectionError,161.8976593017578
1786832941.4738932,ERROR:ConnectionError,53.38907241821289
1786832941.4813082,ERROR:ConnectionError,49.23248291015625
1786832941.4830601,ERROR:ConnectionError,57.40213394165039
1786832941.4884048,ERROR:ConnectionError,56.40077590942383
1786832941.4939935,ERROR:ConnectionError,52.875518798828125
1786832941.49488,ERROR:ConnectionError,54.55660820007324
1786832941.5095634,ERROR:ConnectionError,42.128801345825195
1786832941.5070875,ERROR:ConnectionError,67.49653816223145
1786832941.5193982,ERROR:ConnectionError,55.59515953063965
1786832941.518844,ERROR:ConnectionError,59.72886085510254
1786832941.5272884,ERROR:ConnectionError,52.225589752197266
1786832941.5305483,ERROR:ConnectionError,53.592681884765625
1786832941.5404718,ERROR:ConnectionError,52.191972732543945
1786832941.546877,ERROR:ConnectionError,51.44929885864258
1786832941.5448139,ERROR:ConnectionError,53.94291877746582
1786832941.5750003,ERROR:ConnectionError,63.90023231506348
1786832941.5745952,ERROR:ConnectionError,84.00917053222656
1786832941.551698,ERROR:ConnectionError,107.32746124267578
1786832941.578578,ERROR:ConnectionError,96.69947624206543
1786832941.6389184,ERROR:ConnectionError,43.10321807861328
1786832941.598339,ERROR:ConnectionError,84.62381362915039
1786832941.5795195,ERROR:ConnectionError,114.69125747680664
1786832941.5494442,ERROR:ConnectionError,146.07524871826172
1786832941.5926795,ERROR:ConnectionError,108.673095703125
1786832941.6586158,ERROR:ConnectionError,56.253910064697266
1786832941.584149,ERROR:ConnectionError,131.01696968078613
1786832941.6590304,ERROR:ConnectionError,58.58135223388672
1786832941.6752908,ERROR:ConnectionError,47.45078086853027
1786832941.5987618,ERROR:ConnectionError,139.39619064331055
1786832941.6820307,ERROR:ConnectionError,73.23122024536133
1786832941.6942217,ERROR:ConnectionError,90.49201011657715
1786832941.7013588,ERROR:ConnectionError,86.48347854614258
1786832941.6829686,ERROR:ConnectionError,107.71608352661133
1786832941.7151728,ERROR:ConnectionError,76.64036750793457
1786832941.7176187,ERROR:ConnectionError,83.04834365844727
1786832941.6955264,ERROR:ConnectionError,120.20063400268555
1786832941.7381668,ERROR:ConnectionError,100.31962394714355
1786832941.7227533,ERROR:ConnectionError,122.34830856323242
1786832941.755271,ERROR:ConnectionError,100.97765922546387
1786832941.7878501,ERROR:ConnectionError,83.10437202453613
1786832941.7847211,ERROR:ConnectionError,96.56500816345215
1786832941.7906933,ERROR:ConnectionError,94.44546699523926
1786832941.8384936,ERROR:ConnectionError,47.980308532714844
1786832941.8006752,ERROR:ConnectionError,86.92193031311035
1786832941.7918196,ERROR:ConnectionError,97.59068489074707
1786832941.7148774,ERROR:ConnectionError,183.99834632873535
1786832941.8157368,ERROR:ConnectionError,85.36219596862793
1786832941.8451104,ERROR:ConnectionError,72.14474678039551
1786832941.8709626,ERROR:ConnectionError,55.840253829956055
1786832941.8851495,ERROR:ConnectionError,44.07143592834473
1786832941.8812976,ERROR:ConnectionError,51.35846138000488
1786832941.886482,ERROR:ConnectionError,46.51308059692383
1786832941.889417,ERROR:ConnectionError,47.63150215148926
1786832941.887603,ERROR:ConnectionError,65.99974632263184
1786832941.8562636,ERROR:ConnectionError,108.34002494812012
1786832941.8988862,ERROR:ConnectionError,69.83351707458496
1786832941.9011066,ERROR:ConnectionError,71.81739807128906
1786832941.9172652,ERROR:ConnectionError,63.75885009765625
1786832941.9268165,ERROR:ConnectionError,56.0758113861084
1786832941.9292274,ERROR:ConnectionError,144.03104782104492
1786832941.9326668,ERROR:ConnectionError,158.98871421813965
1786832941.9330025,ERROR:ConnectionError,159.00087356567383
1786832941.9646144,ERROR:ConnectionError,131.49333000183105
1786832941.9536104,ERROR:ConnectionError,142.98152923583984
1786832941.9729545,ERROR:ConnectionError,123.86131286621094
1786832941.9810357,ERROR:ConnectionError,116.89233779907227
1786832941.968732,ERROR:ConnectionError,129.4388771057129
1786832941.9828997,ERROR:ConnectionError,121.82474136352539
1786832941.937056,ERROR:ConnectionError,169.23975944519043
1786832942.0732746,ERROR:ConnectionError,33.937692642211914
1786832942.0920084,ERROR:ConnectionError,87.50200271606445
1786832942.0916665,ERROR:ConnectionError,89.60890769958496
1786832942.0961165,ERROR:ConnectionError,114.2876148223877
1786832942.0979345,ERROR:ConnectionError,113.82389068603516
1786832942.0968194,ERROR:ConnectionError,119.51446533203125
1786832942.10722,ERROR:ConnectionError,116.06144905090332
1786832942.1047316,ERROR:ConnectionError,126.9383430480957
1786832942.0981762,ERROR:ConnectionError,133.77642631530762
1786832942.106307,ERROR:ConnectionError,131.64138793945312
1786832942.1795218,ERROR:ConnectionError,65.72484970092773
1786832942.0965977,ERROR:ConnectionError,149.60622787475586
1786832942.2117662,ERROR:ConnectionError,64.93401527404785
1786832942.1812823,ERROR:ConnectionError,96.31538391113281
1786832942.216341,ERROR:ConnectionError,62.879323959350586
1786832942.2104163,ERROR:ConnectionError,70.25551795959473
1786832942.231958,ERROR:ConnectionError,68.83668899536133
1786832942.231681,ERROR:ConnectionError,70.7099437713623
1786832942.2379594,ERROR:ConnectionError,66.07532501220703
1786832942.2232974,ERROR:ConnectionError,90.67249298095703
1786832942.2767107,ERROR:ConnectionError,41.99099540710449
1786832942.2462103,ERROR:ConnectionError,73.97150993347168
1786832942.245257,ERROR:ConnectionError,82.18216896057129
1786832942.2776015,ERROR:ConnectionError,61.90037727355957
1786832942.2792244,ERROR:ConnectionError,69.63396072387695
1786832942.280678,ERROR:ConnectionError,70.45602798461914
1786832942.3008082,ERROR:ConnectionError,74.11527633666992
1786832942.3040416,ERROR:ConnectionError,72.96562194824219
1786832942.3023992,ERROR:ConnectionError,88.05394172668457
1786832942.3139806,ERROR:ConnectionError,76.95150375366211
1786832942.31871,ERROR:ConnectionError,74.27668571472168
1786832942.3201902,ERROR:ConnectionError,74.7213363647461
1786832942.327457,ERROR:ConnectionError,92.57650375366211
1786832942.33951,ERROR:ConnectionError,83.63747596740723
1786832942.3488646,ERROR:ConnectionError,77.37994194030762
1786832942.3749354,ERROR:ConnectionError,110.90254783630371
1786832942.3770154,ERROR:ConnectionError,109.40766334533691
1786832942.423158,ERROR:ConnectionError,63.570261001586914
1786832942.3909378,ERROR:ConnectionError,95.95322608947754
1786832942.3511395,ERROR:ConnectionError,135.9262466430664
1786832942.3904665,ERROR:ConnectionError,97.58973121643066
1786832942.426256,ERROR:ConnectionError,63.95220756530762
1786832942.3929977,ERROR:ConnectionError,103.0893325805664
1786832942.4200425,ERROR:ConnectionError,76.78461074829102
1786832942.39492,ERROR:ConnectionError,102.74481773376465
1786832942.4858465,ERROR:ConnectionError,34.698486328125
1786832942.4880588,ERROR:ConnectionError,41.439056396484375
1786832942.4867318,ERROR:ConnectionError,55.088043212890625
1786832942.486428,ERROR:ConnectionError,106.10389709472656
1786832942.4976704,ERROR:ConnectionError,182.34992027282715
1786832942.4868944,ERROR:ConnectionError,193.76325607299805
1786832942.4870706,ERROR:ConnectionError,197.1421241760254
1786832942.4902759,ERROR:ConnectionError,200.5331516265869
1786832942.4960923,ERROR:ConnectionError,208.0068588256836
1786832942.5295162,ERROR:ConnectionError,177.72865295410156
1786832942.5418334,ERROR:ConnectionError,170.92084884643555
1786832942.520554,ERROR:ConnectionError,198.75192642211914
1786832942.5925405,ERROR:ConnectionError,197.88575172424316
1786832942.6908233,ERROR:ConnectionError,103.50799560546875
1786832942.680663,ERROR:ConnectionError,113.9824390411377
1786832942.680033,ERROR:ConnectionError,124.10855293273926
1786832942.707259,ERROR:ConnectionError,98.49071502685547
1786832942.704107,ERROR:ConnectionError,109.83014106750488
1786832942.684247,ERROR:ConnectionError,181.32734298706055
1786832942.4968345,ERROR:ConnectionError,396.81148529052734
1786832942.7943416,ERROR:ConnectionError,111.65928840637207
1786832942.719317,ERROR:ConnectionError,216.28427505493164
1786832942.7946506,ERROR:ConnectionError,143.34797859191895
1786832942.8655858,ERROR:ConnectionError,79.26583290100098
1786832942.8057559,ERROR:ConnectionError,153.3036231994629
1786832942.8936558,ERROR:ConnectionError,69.98443603515625
1786832942.9356115,ERROR:ConnectionError,55.242300033569336
1786832942.9060104,ERROR:ConnectionError,87.01491355895996
1786832942.9380043,ERROR:ConnectionError,57.37781524658203
1786832942.790436,ERROR:ConnectionError,213.31000328063965
1786832942.7127683,ERROR:ConnectionError,293.3354377746582
1786832942.804148,ERROR:ConnectionError,202.35705375671387
1786832942.813948,ERROR:ConnectionError,196.19059562683105
1786832942.9590902,ERROR:ConnectionError,63.4608268737793
1786832942.9448617,ERROR:ConnectionError,79.02073860168457
1786832942.993038,ERROR:ConnectionError,54.207801818847656
1786832943.0061104,ERROR:ConnectionError,73.43721389770508
1786832942.9636488,ERROR:ConnectionError,177.54054069519043
1786832942.9908626,ERROR:ConnectionError,165.06028175354004
1786832942.99539,ERROR:ConnectionError,168.42055320739746
1786832943.003754,ERROR:ConnectionError,166.3072109222412
1786832943.0065093,ERROR:ConnectionError,165.8487319946289
1786832943.0101476,ERROR:ConnectionError,164.17813301086426
1786832943.047256,ERROR:ConnectionError,146.63100242614746
1786832943.0795634,ERROR:ConnectionError,118.55459213256836
1786832943.1638203,ERROR:ConnectionError,34.657955169677734
1786832943.1559331,ERROR:ConnectionError,45.62187194824219
1786832943.1412015,ERROR:ConnectionError,60.60290336608887
1786832943.0238886,ERROR:ConnectionError,220.69334983825684
1786832943.1723661,ERROR:ConnectionError,74.82504844665527
1786832943.1700692,ERROR:ConnectionError,89.60199356079102
1786832943.1743307,ERROR:ConnectionError,96.20428085327148
1786832943.198127,ERROR:ConnectionError,110.37755012512207
1786832943.2018085,ERROR:ConnectionError,113.41357231140137
1786832943.201563,ERROR:ConnectionError,115.84973335266113
1786832943.1984835,ERROR:ConnectionError,132.3847770690918
1786832943.1938987,ERROR:ConnectionError,152.61340141296387
1786832943.2445946,ERROR:ConnectionError,123.32987785339355
1786832943.0225608,ERROR:ConnectionError,349.8358726501465
1786832943.27054,ERROR:ConnectionError,150.70819854736328
1786832943.2472034,ERROR:ConnectionError,174.4232177734375
1786832943.3085191,ERROR:ConnectionError,116.03355407714844
1786832943.259681,ERROR:ConnectionError,189.38612937927246
1786832943.3308933,ERROR:ConnectionError,119.30513381958008
1786832943.3174205,ERROR:ConnectionError,134.89389419555664
1786832943.3152306,ERROR:ConnectionError,139.66751098632812
1786832943.3679333,ERROR:ConnectionError,119.10390853881836
1786832943.346529,ERROR:ConnectionError,176.1496067047119
1786832943.4216328,ERROR:ConnectionError,101.3178825378418
1786832943.3724084,ERROR:ConnectionError,166.60785675048828
1786832943.42456,ERROR:ConnectionError,120.61643600463867
1786832943.4212625,ERROR:ConnectionError,124.20940399169922
1786832943.4490767,ERROR:ConnectionError,114.35103416442871
1786832943.4523213,ERROR:ConnectionError,137.94994354248047
1786832943.5390255,ERROR:ConnectionError,76.89952850341797
1786832943.5451882,ERROR:ConnectionError,86.29918098449707
1786832943.45492,ERROR:ConnectionError,177.75392532348633
1786832943.522687,ERROR:ConnectionError,117.49005317687988
1786832943.5229547,ERROR:ConnectionError,118.09968948364258
1786832943.4502044,ERROR:ConnectionError,197.80731201171875
1786832943.6326814,ERROR:ConnectionError,56.21933937072754
1786832943.563436,ERROR:ConnectionError,134.14859771728516
1786832943.6410604,ERROR:ConnectionError,56.83302879333496
1786832943.5454907,ERROR:ConnectionError,167.3429012298584
1786832943.6401849,ERROR:ConnectionError,82.23581314086914
1786832943.6480215,ERROR:ConnectionError,74.57923889160156
1786832943.590281,ERROR:ConnectionError,144.66524124145508
1786832943.6889067,ERROR:ConnectionError,55.74154853820801
1786832943.487047,ERROR:ConnectionError,263.30113410949707
1786832943.6159346,ERROR:ConnectionError,145.94054222106934
1786832943.6314976,ERROR:ConnectionError,136.4881992340088
1786832943.7446566,ERROR:ConnectionError,35.91322898864746
1786832943.6978977,ERROR:ConnectionError,84.49387550354004
1786832943.6975946,ERROR:ConnectionError,85.23368835449219
1786832943.7128513,ERROR:ConnectionError,79.34784889221191
1786832943.7503564,ERROR:ConnectionError,61.33270263671875
1786832943.7226033,ERROR:ConnectionError,97.26428985595703
1786832943.7349539,ERROR:ConnectionError,86.61675453186035
1786832943.7679977,ERROR:ConnectionError,59.08679962158203
1786832943.7618845,ERROR:ConnectionError,65.6893253326416
1786832943.7828326,ERROR:ConnectionError,58.530569076538086
1786832943.8198762,ERROR:ConnectionError,38.6350154876709
1786832943.8117225,ERROR:ConnectionError,47.15561866760254
1786832943.7922115,ERROR:ConnectionError,66.99991226196289
1786832943.78058,ERROR:ConnectionError,82.07321166992188
1786832943.84137,ERROR:ConnectionError,28.19514274597168
1786832943.8215752,ERROR:ConnectionError,48.4156608581543
1786832943.8275816,ERROR:ConnectionError,43.60318183898926
1786832943.7224271,ERROR:ConnectionError,151.88264846801758
1786832943.7823977,ERROR:ConnectionError,101.28021240234375
1786832943.859218,ERROR:ConnectionError,50.307512283325195
1786832943.8271022,ERROR:ConnectionError,84.991455078125
1786832943.8626623,ERROR:ConnectionError,50.62365531921387
1786832943.8588865,ERROR:ConnectionError,56.563377380371094
1786832943.8585215,ERROR:ConnectionError,94.46930885314941
1786832943.8711905,ERROR:ConnectionError,104.9809455871582
1786832943.869997,ERROR:ConnectionError,114.32385444641113
1786832943.8836846,ERROR:ConnectionError,117.40303039550781
1786832943.8743172,ERROR:ConnectionError,141.27087593078613
1786832943.9132955,ERROR:ConnectionError,126.09219551086426
1786832943.9095423,ERROR:ConnectionError,141.20936393737793
1786832943.912104,ERROR:ConnectionError,140.7938003540039
1786832943.9154599,ERROR:ConnectionError,182.29031562805176
1786832943.9761813,ERROR:ConnectionError,125.02646446228027
1786832944.0010974,ERROR:ConnectionError,120.70012092590332
1786832943.9529982,ERROR:ConnectionError,169.142484664917
1786832943.98433,ERROR:ConnectionError,145.05267143249512
1786832944.0529077,ERROR:ConnectionError,77.0716667175293
1786832944.1012166,ERROR:ConnectionError,30.00044822692871
1786832944.0393975,ERROR:ConnectionError,93.841552734375
1786832944.0507586,ERROR:ConnectionError,82.74602890014648
1786832944.0977724,ERROR:ConnectionError,35.96663475036621
1786832944.0155976,ERROR:ConnectionError,122.82633781433105
1786832944.1221457,ERROR:ConnectionError,29.502391815185547
1786832944.1293929,ERROR:ConnectionError,32.29188919067383
1786832944.121808,ERROR:ConnectionError,41.02587699890137
1786832943.869575,ERROR:ConnectionError,298.07567596435547
1786832944.1299858,ERROR:ConnectionError,115.03076553344727
1786832944.1384346,ERROR:ConnectionError,109.46321487426758
1786832944.1335099,ERROR:ConnectionError,118.42632293701172
1786832944.1516562,ERROR:ConnectionError,100.57544708251953
1786832944.162841,ERROR:ConnectionError,93.05405616760254
1786832944.1312256,ERROR:ConnectionError,125.03218650817871
1786832944.1332455,ERROR:ConnectionError,125.95820426940918
1786832944.1676626,ERROR:ConnectionError,108.44540596008301
1786832944.133743,ERROR:ConnectionError,163.61069679260254
1786832944.2450242,ERROR:ConnectionError,71.63190841674805
1786832944.2479224,ERROR:ConnectionError,70.56951522827148
1786832944.1616957,ERROR:ConnectionError,174.81446266174316
1786832944.2522366,ERROR:ConnectionError,100.21209716796875
1786832944.3166661,ERROR:ConnectionError,47.92976379394531
1786832944.297364,ERROR:ConnectionError,78.94253730773926
1786832944.259211,ERROR:ConnectionError,119.3697452545166
1786832944.3184996,ERROR:ConnectionError,64.58640098571777
1786832944.2562623,ERROR:ConnectionError,127.23278999328613
1786832944.2559023,ERROR:ConnectionError,128.98731231689453
1786832944.3365226,ERROR:ConnectionError,51.35822296142578
1786832944.2519453,ERROR:ConnectionError,138.1371021270752
1786832944.352459,ERROR:ConnectionError,39.63732719421387
1786832944.2761154,ERROR:ConnectionError,125.94342231750488
1786832944.3646038,ERROR:ConnectionError,47.52469062805176
1786832944.3763149,ERROR:ConnectionError,49.69644546508789
1786832944.3785872,ERROR:ConnectionError,61.19227409362793
1786832944.3830943,ERROR:ConnectionError,141.13759994506836
1786832944.3835006,ERROR:ConnectionError,144.06776428222656
1786832944.3878853,ERROR:ConnectionError,146.77071571350098
1786832944.390088,ERROR:ConnectionError,148.23102951049805
1786832944.4260182,ERROR:ConnectionError,116.40524864196777
1786832944.3921025,ERROR:ConnectionError,150.59375762939453
1786832944.4121354,ERROR:ConnectionError,133.95118713378906
1786832944.4397867,ERROR:ConnectionError,111.29331588745117
1786832944.4020636,ERROR:ConnectionError,154.62589263916016
1786832944.3848937,ERROR:ConnectionError,188.84730339050293
1786832944.5242395,ERROR:ConnectionError,72.3562240600586
1786832944.527581,ERROR:ConnectionError,73.40860366821289
1786832944.5346642,ERROR:ConnectionError,77.7275562286377
1786832944.5383298,ERROR:ConnectionError,99.18832778930664
1786832944.5426998,ERROR:ConnectionError,97.49913215637207
1786832944.5460944,ERROR:ConnectionError,101.07302665710449
1786832944.5424328,ERROR:ConnectionError,105.03935813903809
1786832944.5510871,ERROR:ConnectionError,121.69790267944336
1786832944.57375,ERROR:ConnectionError,107.44309425354004
1786832944.6010044,ERROR:ConnectionError,89.9665355682373
1786832944.5966063,ERROR:ConnectionError,94.64716911315918
1786832944.6124036,ERROR:ConnectionError,79.09846305847168
1786832944.6375356,ERROR:ConnectionError,60.62579154968262
1786832944.5567372,ERROR:ConnectionError,151.06725692749023
1786832944.6402643,ERROR:ConnectionError,79.66446876525879
1786832944.6812098,ERROR:ConnectionError,52.84690856933594
1786832944.6727946,ERROR:ConnectionError,64.76569175720215
1786832944.647178,ERROR:ConnectionError,93.82939338684082
1786832944.6474762,ERROR:ConnectionError,95.88861465454102
1786832944.6912591,ERROR:ConnectionError,53.0242919921875
1786832944.6915061,ERROR:ConnectionError,65.2012825012207
1786832944.69098,ERROR:ConnectionError,66.02787971496582
1786832944.69817,ERROR:ConnectionError,60.082435607910156
1786832944.734068,ERROR:ConnectionError,36.35835647583008
1786832944.7199392,ERROR:ConnectionError,52.851200103759766
1786832944.707815,ERROR:ConnectionError,66.77722930908203
1786832944.7375681,ERROR:ConnectionError,38.974761962890625
1786832944.7410152,ERROR:ConnectionError,44.30079460144043
1786832944.7442942,ERROR:ConnectionError,50.26054382324219
1786832944.7433746,ERROR:ConnectionError,51.688432693481445
1786832944.7567172,ERROR:ConnectionError,44.47007179260254
1786832944.7570133,ERROR:ConnectionError,64.6820068359375
1786832944.7704413,ERROR:ConnectionError,58.83073806762695
1786832944.7582567,ERROR:ConnectionError,84.1054916381836
1786832944.7728133,ERROR:ConnectionError,103.00946235656738
1786832944.8011947,ERROR:ConnectionError,82.18955993652344
1786832944.7950692,ERROR:ConnectionError,91.4459228515625
1786832944.7765503,ERROR:ConnectionError,132.04264640808105
1786832944.7745974,ERROR:ConnectionError,170.00198364257812
1786832944.7853277,ERROR:ConnectionError,163.2556915283203
1786832944.8217106,ERROR:ConnectionError,129.53925132751465
1786832944.7945704,ERROR:ConnectionError,180.17196655273438
1786832944.8423674,ERROR:ConnectionError,135.3747844696045
1786832944.8758404,ERROR:ConnectionError,113.65008354187012
1786832944.8292825,ERROR:ConnectionError,164.2301082611084
1786832944.8833933,ERROR:ConnectionError,112.13541030883789
1786832944.8865232,ERROR:ConnectionError,123.86965751647949
1786832944.944614,ERROR:ConnectionError,81.76541328430176
1786832944.9485943,ERROR:ConnectionError,83.96220207214355
1786832944.9512582,ERROR:ConnectionError,93.40047836303711
1786832944.9086,ERROR:ConnectionError,152.8604030609131
1786832944.9747515,ERROR:ConnectionError,91.74036979675293
1786832944.9895024,ERROR:ConnectionError,83.24170112609863
1786832944.9955385,ERROR:ConnectionError,91.36819839477539
1786832945.0104034,ERROR:ConnectionError,85.53957939147949
1786832944.9777555,ERROR:ConnectionError,127.06804275512695
1786832944.9935226,ERROR:ConnectionError,128.97515296936035
1786832945.0325682,ERROR:ConnectionError,119.34351921081543
1786832945.0614722,ERROR:ConnectionError,124.51577186584473
1786832945.0446727,ERROR:ConnectionError,145.5972194671631
1786832945.02639,ERROR:ConnectionError,167.47021675109863
1786832945.0665011,ERROR:ConnectionError,127.74991989135742
1786832945.0727592,ERROR:ConnectionError,134.429931640625
1786832945.095953,ERROR:ConnectionError,112.86783218383789
1786832945.1048353,ERROR:ConnectionError,104.7518253326416
1786832945.0869167,ERROR:ConnectionError,135.74910163879395
1786832945.1519198,ERROR:ConnectionError,76.51257514953613
1786832945.122512,ERROR:ConnectionError,108.16717147827148
1786832945.1938686,ERROR:ConnectionError,81.46810531616211
1786832945.2071977,ERROR:ConnectionError,80.72137832641602
1786832945.1942587,ERROR:ConnectionError,100.19421577453613
1786832945.190279,ERROR:ConnectionError,125.49757957458496
1786832945.2088263,ERROR:ConnectionError,109.29489135742188
1786832945.1859999,ERROR:ConnectionError,136.8567943572998
1786832945.2284498,ERROR:ConnectionError,98.00219535827637
1786832945.2306852,ERROR:ConnectionError,101.47404670715332
1786832945.2879283,ERROR:ConnectionError,61.837196350097656
1786832945.2753475,ERROR:ConnectionError,75.59490203857422
1786832945.2095914,ERROR:ConnectionError,146.90637588500977
1786832945.2944627,ERROR:ConnectionError,66.48612022399902
1786832945.322871,ERROR:ConnectionError,38.481712341308594
1786832945.3181288,ERROR:ConnectionError,47.2254753112793
1786832945.3264601,ERROR:ConnectionError,41.51725769042969
1786832945.3321714,ERROR:ConnectionError,53.42674255371094
1786832945.2226715,ERROR:ConnectionError,163.51747512817383
1786832945.3157918,ERROR:ConnectionError,78.60398292541504
1786832945.349778,ERROR:ConnectionError,65.28544425964355
1786832945.3509529,ERROR:ConnectionError,65.05131721496582
1786832945.3565056,ERROR:ConnectionError,67.68131256103516
1786832945.360958,ERROR:ConnectionError,64.95809555053711
1786832945.3653626,ERROR:ConnectionError,67.29888916015625
1786832945.3679857,ERROR:ConnectionError,69.12446022033691
1786832945.386195,ERROR:ConnectionError,70.79672813415527
1786832945.385608,ERROR:ConnectionError,77.83770561218262
1786832945.3613584,ERROR:ConnectionError,125.29277801513672
1786832945.4150715,ERROR:ConnectionError,139.4181251525879
1786832945.4241962,ERROR:ConnectionError,141.04580879211426
1786832945.3944054,ERROR:ConnectionError,176.70178413391113
1786832945.4327807,ERROR:ConnectionError,146.8355655670166
1786832945.4160082,ERROR:ConnectionError,187.26706504821777
1786832945.4371223,ERROR:ConnectionError,170.05252838134766
1786832945.4259202,ERROR:ConnectionError,197.23963737487793
1786832945.4570017,ERROR:ConnectionError,167.76275634765625
1786832945.571121,ERROR:ConnectionError,147.6759910583496
1786832945.5652533,ERROR:ConnectionError,155.6379795074463
1786832945.6071844,ERROR:ConnectionError,124.87268447875977
1786832945.486663,ERROR:ConnectionError,245.7878589630127
1786832945.6231692,ERROR:ConnectionError,111.92488670349121
1786832945.4634547,ERROR:ConnectionError,279.6347141265869
1786832945.7209,ERROR:ConnectionError,30.52210807800293
1786832945.6247702,ERROR:ConnectionError,126.97172164916992
1786832945.7188108,ERROR:ConnectionError,47.11198806762695
1786832945.7320712,ERROR:ConnectionError,44.645071029663086
1786832945.5796328,ERROR:ConnectionError,197.31855392456055
1786832945.554499,ERROR:ConnectionError,245.100736618042
1786832945.7351031,ERROR:ConnectionError,77.69155502319336
1786832945.7324564,ERROR:ConnectionError,86.0750675201416
1786832945.7431004,ERROR:ConnectionError,87.28194236755371
1786832945.6032846,ERROR:ConnectionError,231.09936714172363
1786832945.7517471,ERROR:ConnectionError,111.06729507446289
1786832945.7514365,ERROR:ConnectionError,111.82045936584473
1786832945.7996106,ERROR:ConnectionError,67.74306297302246
1786832945.7769544,ERROR:ConnectionError,91.47047996520996
1786832945.7767243,ERROR:ConnectionError,118.65663528442383
1786832945.7659352,ERROR:ConnectionError,155.92432022094727
1786832945.8128092,ERROR:ConnectionError,207.76677131652832
1786832945.8185415,ERROR:ConnectionError,240.10324478149414
1786832945.8303962,ERROR:ConnectionError,234.6484661102295
1786832945.8673615,ERROR:ConnectionError,205.11579513549805
1786832945.8343992,ERROR:ConnectionError,256.73556327819824
1786832945.8632636,ERROR:ConnectionError,235.7184886932373
1786832945.8628266,ERROR:ConnectionError,238.58380317687988
1786832945.8684316,ERROR:ConnectionError,235.00800132751465
1786832945.8953886,ERROR:ConnectionError,209.14363861083984
1786832945.9218745,ERROR:ConnectionError,182.9221248626709
1786832946.0205867,ERROR:ConnectionError,89.48302268981934
1786832946.0586545,ERROR:ConnectionError,53.51090431213379
1786832946.0724869,ERROR:ConnectionError,40.16709327697754
1786832946.0650532,ERROR:ConnectionError,50.598859786987305
1786832946.0911436,ERROR:ConnectionError,35.51936149597168
1786832946.1014185,ERROR:ConnectionError,148.1010913848877
1786832946.1034484,ERROR:ConnectionError,159.0731143951416
1786832946.1048007,ERROR:ConnectionError,171.3855266571045
1786832946.0989933,ERROR:ConnectionError,200.67572593688965
1786832946.1045382,ERROR:ConnectionError,199.85294342041016
1786832946.1100776,ERROR:ConnectionError,197.51381874084473
1786832946.112174,ERROR:ConnectionError,196.26712799072266
1786832946.1156592,ERROR:ConnectionError,194.67973709106445
1786832946.1266708,ERROR:ConnectionError,215.1811122894287
1786832946.3043985,ERROR:ConnectionError,49.407958984375
1786832946.2625375,ERROR:ConnectionError,93.15085411071777
1786832946.112663,ERROR:ConnectionError,249.77636337280273
1786832946.29968,ERROR:ConnectionError,63.08126449584961
1786832946.2495286,ERROR:ConnectionError,127.19368934631348
1786832946.3076015,ERROR:ConnectionError,81.8471908569336
1786832946.276198,ERROR:ConnectionError,121.47021293640137
1786832946.310345,ERROR:ConnectionError,105.89194297790527
1786832946.3084476,ERROR:ConnectionError,108.14857482910156
1786832946.3418605,ERROR:ConnectionError,77.9561996459961
1786832946.3556952,ERROR:ConnectionError,76.92646980285645
1786832946.397685,ERROR:ConnectionError,40.016889572143555
1786832946.3624482,ERROR:ConnectionError,83.27364921569824
1786832946.4166033,ERROR:ConnectionError,31.771421432495117
1786832946.3627653,ERROR:ConnectionError,90.21186828613281
1786832946.3538165,ERROR:ConnectionError,106.10699653625488
1786832946.4326322,ERROR:ConnectionError,29.153108596801758
1786832946.4162486,ERROR:ConnectionError,49.84593391418457
1786832946.3767312,ERROR:ConnectionError,91.59970283508301
1786832946.4198256,ERROR:ConnectionError,54.259300231933594
1786832946.3894553,ERROR:ConnectionError,91.49765968322754
1786832946.4457304,ERROR:ConnectionError,58.3195686340332
1786832946.4483836,ERROR:ConnectionError,61.19894981384277
1786832946.4377074,ERROR:ConnectionError,74.20825958251953
1786832946.4599297,ERROR:ConnectionError,58.88843536376953
1786832946.4617918,ERROR:ConnectionError,57.930707931518555
1786832946.4661062,ERROR:ConnectionError,86.24911308288574
1786832946.468337,ERROR:ConnectionError,84.31816101074219
1786832946.5119264,ERROR:ConnectionError,44.57736015319824
1786832946.5188272,ERROR:ConnectionError,41.654348373413086
1786832946.5095878,ERROR:ConnectionError,56.741952896118164
1786832946.5040555,ERROR:ConnectionError,70.93310356140137
1786832946.4740915,ERROR:ConnectionError,107.3307991027832
1786832946.5197299,ERROR:ConnectionError,62.04938888549805
1786832946.4809687,ERROR:ConnectionError,122.38335609436035
1786832946.4529872,ERROR:ConnectionError,151.90386772155762
1786832946.5526597,ERROR:ConnectionError,66.44105911254883
1786832946.5565076,ERROR:ConnectionError,67.65055656433105
1786832946.5663502,ERROR:ConnectionError,57.99746513366699
1786832946.560489,ERROR:ConnectionError,70.94025611877441
1786832946.5814319,ERROR:ConnectionError,52.385568618774414
1786832946.552364,ERROR:ConnectionError,102.91719436645508
1786832946.6033633,ERROR:ConnectionError,56.75482749938965
1786832946.5817835,ERROR:ConnectionError,83.75382423400879
1786832946.5749934,ERROR:ConnectionError,94.91157531738281
1786832946.6191065,ERROR:ConnectionError,162.48440742492676
1786832946.6048956,ERROR:ConnectionError,179.43763732910156
1786832946.6243515,ERROR:ConnectionError,161.4677906036377
1786832946.6241634,ERROR:ConnectionError,169.13485527038574
1786832946.6314392,ERROR:ConnectionError,164.17527198791504
1786832946.6552863,ERROR:ConnectionError,146.5287208557129
1786832946.6601255,ERROR:ConnectionError,143.34893226623535
1786832946.66991,ERROR:ConnectionError,136.00802421569824
1786832946.665545,ERROR:ConnectionError,144.75345611572266
1786832946.7816007,ERROR:ConnectionError,44.69943046569824
1786832946.633825,ERROR:ConnectionError,211.1835479736328
1786832946.7858262,ERROR:ConnectionError,66.02811813354492
1786832946.7843382,ERROR:ConnectionError,69.67735290527344
1786832946.7933087,ERROR:ConnectionError,61.62691116333008
1786832946.8059232,ERROR:ConnectionError,62.76249885559082
1786832946.8018239,ERROR:ConnectionError,72.2348690032959
1786832946.8263092,ERROR:ConnectionError,60.82773208618164
1786832946.8540218,ERROR:ConnectionError,36.73601150512695
1786832946.8450458,ERROR:ConnectionError,48.592329025268555
1786832946.851865,ERROR:ConnectionError,43.90883445739746
1786832946.854941,ERROR:ConnectionError,44.02017593383789
1786832946.874065,ERROR:ConnectionError,28.951168060302734
1786832946.8103087,ERROR:ConnectionError,104.90036010742188
1786832946.8871467,ERROR:ConnectionError,28.745412826538086
1786832946.7956223,ERROR:ConnectionError,130.30552864074707
1786832946.8907666,ERROR:ConnectionError,37.050485610961914
1786832946.803478,ERROR:ConnectionError,126.13272666931152
1786832946.8686934,ERROR:ConnectionError,67.66796112060547
1786832946.8989713,ERROR:ConnectionError,45.32980918884277
1786832946.893647,ERROR:ConnectionError,52.76679992675781
1786832946.927823,ERROR:ConnectionError,25.927066802978516
1786832946.9259365,ERROR:ConnectionError,28.740644454956055
1786832946.9152174,ERROR:ConnectionError,45.89200019836426
1786832946.9030247,ERROR:ConnectionError,64.1632080078125
1786832946.9159,ERROR:ConnectionError,54.445743560791016
1786832946.895781,ERROR:ConnectionError,77.74806022644043
1786832946.9363685,ERROR:ConnectionError,40.93122482299805
1786832946.9296162,ERROR:ConnectionError,51.15914344787598
1786832946.9464233,ERROR:ConnectionError,41.725873947143555
1786832946.9611158,ERROR:ConnectionError,30.54189682006836
1786832946.9672055,ERROR:ConnectionError,25.399208068847656
1786832946.9735374,ERROR:ConnectionError,22.78733253479004
1786832946.953759,ERROR:ConnectionError,43.082237243652344
1786832946.9546833,ERROR:ConnectionError,46.27084732055664
1786832946.9443095,ERROR:ConnectionError,58.777809143066406
1786832946.9703503,ERROR:ConnectionError,33.100128173828125
1786832946.980789,ERROR:ConnectionError,63.06195259094238
1786832946.9773073,ERROR:ConnectionError,70.56021690368652
1786832946.9916668,ERROR:ConnectionError,56.73646926879883
1786832946.9926083,ERROR:ConnectionError,66.00379943847656
1786832946.9881575,ERROR:ConnectionError,70.66464424133301
1786832946.9963346,ERROR:ConnectionError,63.588619232177734
1786832947.0030944,ERROR:ConnectionError,69.64254379272461
1786832947.0478806,ERROR:ConnectionError,29.79874610900879
1786832947.0009623,ERROR:ConnectionError,77.8353214263916
1786832946.9969027,ERROR:ConnectionError,83.36925506591797
1786832947.0586183,ERROR:ConnectionError,23.33211898803711
1786832947.0588264,ERROR:ConnectionError,23.61321449279785
1786832947.003456,ERROR:ConnectionError,82.68332481384277
1786832947.0438595,ERROR:ConnectionError,44.52180862426758
1786832947.0599298,ERROR:ConnectionError,31.40401840209961
1786832947.048411,ERROR:ConnectionError,44.51131820678711
1786832947.0727465,ERROR:ConnectionError,21.120548248291016
1786832947.0824459,ERROR:ConnectionError,20.34783363342285
1786832947.0819576,ERROR:ConnectionError,23.395538330078125
1786832947.080281,ERROR:ConnectionError,41.50843620300293
1786832947.0861452,ERROR:ConnectionError,42.76680946350098
1786832947.0788054,ERROR:ConnectionError,52.00052261352539
1786832947.0776873,ERROR:ConnectionError,56.7317008972168
1786832947.0913408,ERROR:ConnectionError,61.73133850097656
1786832947.0883875,ERROR:ConnectionError,65.41585922241211
1786832947.1028028,ERROR:ConnectionError,53.967952728271484
1786832947.0938737,ERROR:ConnectionError,65.59514999389648
1786832947.1053598,ERROR:ConnectionError,64.24188613891602
1786832947.092928,ERROR:ConnectionError,77.63171195983887
1786832947.1217976,ERROR:ConnectionError,50.110816955566406
1786832947.1289203,ERROR:ConnectionError,50.52447319030762
1786832947.130819,ERROR:ConnectionError,55.9384822845459
1786832947.1794534,ERROR:ConnectionError,35.750627517700195
1786832947.1538076,ERROR:ConnectionError,63.553571701049805
1786832947.156779,ERROR:ConnectionError,60.93096733093262
1786832947.1344278,ERROR:ConnectionError,83.52231979370117
1786832947.169608,ERROR:ConnectionError,52.10399627685547
1786832947.1719146,ERROR:ConnectionError,53.43341827392578
1786832947.1705651,ERROR:ConnectionError,55.01508712768555
1786832947.1594741,ERROR:ConnectionError,71.06876373291016
1786832947.1530805,ERROR:ConnectionError,80.11555671691895
1786832947.1867678,ERROR:ConnectionError,47.09458351135254
1786832947.2152157,ERROR:ConnectionError,32.00197219848633
1786832947.2179554,ERROR:ConnectionError,36.17048263549805
1786832947.2177157,ERROR:ConnectionError,37.49275207519531
1786832947.221718,ERROR:ConnectionError,33.82420539855957
1786832947.2253532,ERROR:ConnectionError,33.70046615600586
1786832947.2173724,ERROR:ConnectionError,43.33162307739258
1786832947.2269878,ERROR:ConnectionError,37.088632583618164
1786832947.2305517,ERROR:ConnectionError,34.48677062988281
1786832947.2332032,ERROR:ConnectionError,33.6301326751709
1786832947.2541468,ERROR:ConnectionError,17.531633377075195
1786832947.2472265,ERROR:ConnectionError,28.63287925720215
1786832947.2338705,ERROR:ConnectionError,51.1624813079834
1786832947.2555451,ERROR:ConnectionError,31.447649002075195
1786832947.2590635,ERROR:ConnectionError,40.277719497680664
1786832947.255213,ERROR:ConnectionError,46.38338088989258
1786832947.2607365,ERROR:ConnectionError,42.87862777709961
1786832947.264085,ERROR:ConnectionError,59.88788604736328
1786832947.265049,ERROR:ConnectionError,86.7161750793457
1786832947.3036208,ERROR:ConnectionError,49.114227294921875
1786832947.285046,ERROR:ConnectionError,69.3519115447998
1786832947.271687,ERROR:ConnectionError,84.14196968078613
1786832947.2668397,ERROR:ConnectionError,91.7215347290039
1786832947.2758684,ERROR:ConnectionError,86.09414100646973
1786832947.3239813,ERROR:ConnectionError,41.38922691345215
1786832947.2869995,ERROR:ConnectionError,83.8308334350586
1786832947.299349,ERROR:ConnectionError,72.12185859680176
1786832947.3016052,ERROR:ConnectionError,72.36361503601074
1786832947.3517766,ERROR:ConnectionError,43.19334030151367
1786832947.3714752,ERROR:ConnectionError,29.768943786621094
1786832947.352741,ERROR:ConnectionError,50.228118896484375
1786832947.3558352,ERROR:ConnectionError,48.18272590637207
1786832947.373974,ERROR:ConnectionError,30.41386604309082
1786832947.3585663,ERROR:ConnectionError,46.13375663757324
1786832947.3544042,ERROR:ConnectionError,52.034854888916016
1786832947.3949804,ERROR:ConnectionError,17.024755477905273
1786832947.3708375,ERROR:ConnectionError,42.44637489318848
1786832947.365383,ERROR:ConnectionError,51.33795738220215
1786832947.4012556,ERROR:ConnectionError,34.2249870300293
1786832947.4047034,ERROR:ConnectionError,31.603336334228516
1786832947.404025,ERROR:ConnectionError,33.9360237121582
1786832947.402979,ERROR:ConnectionError,35.916805267333984
1786832947.4043937,ERROR:ConnectionError,36.333560943603516
1786832947.361967,ERROR:ConnectionError,84.3040943145752
1786832947.4064424,ERROR:ConnectionError,42.78731346130371
1786832947.4120135,ERROR:ConnectionError,37.88137435913086
1786832947.4132905,ERROR:ConnectionError,49.669742584228516
1786832947.4167304,ERROR:ConnectionError,62.38865852355957
1786832947.435488,ERROR:ConnectionError,48.36297035217285
1786832947.4363127,ERROR:ConnectionError,48.31409454345703
1786832947.437967,ERROR:ConnectionError,49.31998252868652
1786832947.4629686,ERROR:ConnectionError,26.22079849243164
1786832947.4499073,ERROR:ConnectionError,43.6098575592041
1786832947.446277,ERROR:ConnectionError,48.130035400390625
1786832947.4407334,ERROR:ConnectionError,55.96280097961426
1786832947.4791298,ERROR:ConnectionError,33.65135192871094
1786832947.4872954,ERROR:ConnectionError,31.40735626220703
1786832947.4846382,ERROR:ConnectionError,35.527706146240234
1786832947.4967022,ERROR:ConnectionError,29.034137725830078
1786832947.4935246,ERROR:ConnectionError,33.47373008728027
1786832947.483862,ERROR:ConnectionError,47.14322090148926
1786832947.5201714,ERROR:ConnectionError,20.769119262695312
1786832947.489195,ERROR:ConnectionError,52.09946632385254
1786832947.5127902,ERROR:ConnectionError,29.68883514404297
1786832947.5187142,ERROR:ConnectionError,26.362180709838867
1786832947.4944115,ERROR:ConnectionError,55.46927452087402
1786832947.4492412,ERROR:ConnectionError,103.3017635345459
1786832947.4388988,ERROR:ConnectionError,114.02606964111328
1786832947.5257444,ERROR:ConnectionError,65.28329849243164
1786832947.527004,ERROR:ConnectionError,82.2744369506836
1786832947.5424848,ERROR:ConnectionError,79.89096641540527
1786832947.5525484,ERROR:ConnectionError,73.31466674804688
1786832947.5450838,ERROR:ConnectionError,82.69691467285156
1786832947.5529277,ERROR:ConnectionError,75.49238204956055
1786832947.5310154,ERROR:ConnectionError,99.8380184173584
1786832947.540949,ERROR:ConnectionError,93.01638603210449
1786832947.549889,ERROR:ConnectionError,86.79771423339844
1786832947.5910354,ERROR:ConnectionError,45.850276947021484
1786832947.6092877,ERROR:ConnectionError,28.77354621887207
1786832947.6223848,ERROR:ConnectionError,18.772602081298828
1786832947.5413,ERROR:ConnectionError,102.58126258850098
1786832947.6277878,ERROR:ConnectionError,24.59239959716797
1786832947.625872,ERROR:ConnectionError,28.843164443969727
1786832947.6438875,ERROR:ConnectionError,38.67316246032715
1786832947.633979,ERROR:ConnectionError,54.290771484375
1786832947.6366942,ERROR:ConnectionError,53.59983444213867
1786832947.6284232,ERROR:ConnectionError,62.14094161987305
1786832947.6380672,ERROR:ConnectionError,52.831411361694336
1786832947.6368895,ERROR:ConnectionError,56.69379234313965
1786832947.682576,ERROR:ConnectionError,12.336015701293945
1786832947.6523888,ERROR:ConnectionError,45.85528373718262
1786832947.6411653,ERROR:ConnectionError,57.598114013671875
1786832947.688278,ERROR:ConnectionError,18.367528915405273
1786832947.6547236,ERROR:ConnectionError,53.35855484008789
1786832947.6308625,ERROR:ConnectionError,77.43239402770996
1786832947.6949162,ERROR:ConnectionError,17.88043975830078
1786832947.6935892,ERROR:ConnectionError,21.892070770263672
1786832947.6903005,ERROR:ConnectionError,29.545068740844727
1786832947.6905684,ERROR:ConnectionError,30.352115631103516
1786832947.6909032,ERROR:ConnectionError,37.35971450805664
1786832947.6982548,ERROR:ConnectionError,31.386375427246094
1786832947.7066548,ERROR:ConnectionError,32.23156929016113
1786832947.708299,ERROR:ConnectionError,30.855178833007812
1786832947.7080874,ERROR:ConnectionError,32.918453216552734
1786832947.7128036,ERROR:ConnectionError,32.82666206359863
1786832947.698769,ERROR:ConnectionError,56.38289451599121
1786832947.715509,ERROR:ConnectionError,56.331634521484375
1786832947.7282684,ERROR:ConnectionError,49.54671859741211
1786832947.7456353,ERROR:ConnectionError,33.92601013183594
1786832947.7296457,ERROR:ConnectionError,52.573442459106445
1786832947.7198536,ERROR:ConnectionError,71.5029239654541
1786832947.7551603,ERROR:ConnectionError,38.390159606933594
1786832947.7209244,ERROR:ConnectionError,72.8757381439209
1786832947.771855,ERROR:ConnectionError,23.403406143188477
1786832947.739158,ERROR:ConnectionError,57.44600296020508
1786832947.738895,ERROR:ConnectionError,58.66074562072754
1786832947.74101,ERROR:ConnectionError,57.14988708496094
1786832947.7822294,ERROR:ConnectionError,28.924226760864258
1786832947.7778227,ERROR:ConnectionError,33.64682197570801
1786832947.7795694,ERROR:ConnectionError,33.16831588745117
1786832947.7913613,ERROR:ConnectionError,23.95153045654297
1786832947.7952642,ERROR:ConnectionError,21.137237548828125
1786832947.7935588,ERROR:ConnectionError,23.096561431884766
1786832947.7938037,ERROR:ConnectionError,25.236129760742188
1786832947.79756,ERROR:ConnectionError,32.118797302246094
1786832947.7966077,ERROR:ConnectionError,48.932790756225586
1786832947.7981644,ERROR:ConnectionError,64.23044204711914
1786832947.8114748,ERROR:ConnectionError,142.8065299987793
1786832947.8111641,ERROR:ConnectionError,143.42641830444336
1786832947.8153229,ERROR:ConnectionError,141.9980525970459
1786832947.8164086,ERROR:ConnectionError,143.58949661254883
1786832947.8296902,ERROR:ConnectionError,143.81909370422363
1786832947.8166592,ERROR:ConnectionError,164.0629768371582
1786832947.8190465,ERROR:ConnectionError,164.83068466186523
1786832947.812744,ERROR:ConnectionError,171.4191436767578
1786832947.8624015,ERROR:ConnectionError,124.60756301879883
1786832947.95733,ERROR:ConnectionError,31.346559524536133
1786832947.8455474,ERROR:ConnectionError,144.1359519958496
1786832947.960005,ERROR:ConnectionError,33.56480598449707
1786832947.9735167,ERROR:ConnectionError,22.33743667602539
1786832947.9542925,ERROR:ConnectionError,47.82986640930176
1786832947.9545965,ERROR:ConnectionError,48.69866371154785
1786832947.9807324,ERROR:ConnectionError,26.08013153076172
1786832947.9838877,ERROR:ConnectionError,41.20039939880371
1786832947.9870162,ERROR:ConnectionError,38.475990295410156
1786832947.984169,ERROR:ConnectionError,44.740915298461914
1786832947.988683,ERROR:ConnectionError,41.59235954284668
1786832947.993579,ERROR:ConnectionError,41.36228561401367
1786832947.989689,ERROR:ConnectionError,49.57842826843262
1786832947.9958613,ERROR:ConnectionError,44.59524154663086
1786832948.0033028,ERROR:ConnectionError,43.01714897155762
1786832948.002144,ERROR:ConnectionError,46.31781578063965
1786832948.006821,ERROR:ConnectionError,46.65541648864746
1786832948.025097,ERROR:ConnectionError,29.938936233520508
1786832948.0289176,ERROR:ConnectionError,33.21504592895508
1786832948.0349514,ERROR:ConnectionError,54.18729782104492
1786832948.0302815,ERROR:ConnectionError,61.15245819091797
1786832948.0392754,ERROR:ConnectionError,67.50202178955078
1786832948.0254972,ERROR:ConnectionError,83.78100395202637
1786832948.0621421,ERROR:ConnectionError,49.06892776489258
1786832948.053486,ERROR:ConnectionError,58.01033973693848
1786832948.0463305,ERROR:ConnectionError,66.21885299682617
1786832948.048476,ERROR:ConnectionError,83.20116996765137
1786832948.0550406,ERROR:ConnectionError,80.41596412658691
1786832948.0404623,ERROR:ConnectionError,98.16503524780273
1786832948.0891485,ERROR:ConnectionError,51.74756050109863
1786832948.0914433,ERROR:ConnectionError,51.50413513183594
1786832948.1067853,ERROR:ConnectionError,38.59066963195801
1786832948.1115005,ERROR:ConnectionError,41.76783561706543
1786832948.109286,ERROR:ConnectionError,55.658578872680664
1786832948.1409018,ERROR:ConnectionError,27.402639389038086
1786832948.1354668,ERROR:ConnectionError,35.61520576477051
1786832948.112556,ERROR:ConnectionError,60.59074401855469
1786832948.1316857,ERROR:ConnectionError,43.550968170166016
1786832948.1112185,ERROR:ConnectionError,67.95644760131836
1786832948.138637,ERROR:ConnectionError,44.53086853027344
1786832948.1453834,ERROR:ConnectionError,40.486812591552734
1786832948.1532817,ERROR:ConnectionError,36.23247146606445
1786832948.142955,ERROR:ConnectionError,57.79743194580078
1786832948.1649563,ERROR:ConnectionError,42.44661331176758
1786832948.168317,ERROR:ConnectionError,40.982961654663086
1786832948.1710904,ERROR:ConnectionError,40.14420509338379
1786832948.1731539,ERROR:ConnectionError,41.646480560302734
1786832948.1752439,ERROR:ConnectionError,40.88330268859863
1786832948.183182,ERROR:ConnectionError,55.53627014160156
1786832948.1858764,ERROR:ConnectionError,65.28115272521973
1786832948.1791828,ERROR:ConnectionError,75.51407814025879
1786832948.189524,ERROR:ConnectionError,77.58188247680664
1786832948.2074134,ERROR:ConnectionError,71.97356224060059
1786832948.2547083,ERROR:ConnectionError,47.76263236999512
1786832948.2161388,ERROR:ConnectionError,87.32795715332031
1786832948.2093081,ERROR:ConnectionError,96.86803817749023
1786832948.2007651,ERROR:ConnectionError,106.18805885314941
1786832948.2511673,ERROR:ConnectionError,56.78057670593262
1786832948.267116,ERROR:ConnectionError,42.30213165283203
1786832948.2387283,ERROR:ConnectionError,71.04849815368652
1786832948.3034744,ERROR:ConnectionError,19.572734832763672
1786832948.3061836,ERROR:ConnectionError,24.494409561157227
1786832948.2112408,ERROR:ConnectionError,131.94751739501953
1786832948.3094246,ERROR:ConnectionError,35.66694259643555
1786832948.2148116,ERROR:ConnectionError,133.69369506835938
1786832948.2793975,ERROR:ConnectionError,77.0864486694336
1786832948.3079526,ERROR:ConnectionError,55.92489242553711
1786832948.3069582,ERROR:ConnectionError,58.64596366882324
1786832948.3097806,ERROR:ConnectionError,64.66937065124512
1786832948.3024795,ERROR:ConnectionError,72.36433029174805
1786832948.343197,ERROR:ConnectionError,34.887075424194336
1786832948.3485138,ERROR:ConnectionError,32.04751014709473
1786832948.3748496,ERROR:ConnectionError,21.012544631958008
1786832948.323057,ERROR:ConnectionError,75.3331184387207
1786832948.356495,ERROR:ConnectionError,45.248985290527344
1786832948.3656123,ERROR:ConnectionError,37.16301918029785
1786832948.3638854,ERROR:ConnectionError,46.89478874206543
1786832948.3450978,ERROR:ConnectionError,75.48809051513672
1786832948.3306868,ERROR:ConnectionError,102.41985321044922
1786832948.3744602,ERROR:ConnectionError,66.38717651367188
1786832948.3805678,ERROR:ConnectionError,66.08033180236816
1786832948.3780947,ERROR:ConnectionError,76.80726051330566
1786832948.3958724,ERROR:ConnectionError,67.36278533935547
1786832948.4107924,ERROR:ConnectionError,136.57450675964355
1786832948.3983989,ERROR:ConnectionError,151.57508850097656
1786832948.401752,ERROR:ConnectionError,150.20394325256348
1786832948.4027817,ERROR:ConnectionError,152.17924118041992
1786832948.4331224,ERROR:ConnectionError,127.22611427307129
1786832948.420595,ERROR:ConnectionError,150.0225067138672
1786832948.4466605,ERROR:ConnectionError,125.94938278198242
1786832948.4549134,ERROR:ConnectionError,119.37904357910156
1786832948.4632452,ERROR:ConnectionError,111.25707626342773
1786832948.4408584,ERROR:ConnectionError,139.99104499816895
1786832948.5473766,ERROR:ConnectionError,40.20524024963379
1786832948.549987,ERROR:ConnectionError,57.03592300415039
1786832948.5549684,ERROR:ConnectionError,58.304786682128906
1786832948.5519648,ERROR:ConnectionError,67.36469268798828
1786832948.56036,ERROR:ConnectionError,86.5786075592041
1786832948.5745063,ERROR:ConnectionError,82.21983909606934
1786832948.570631,ERROR:ConnectionError,88.48023414611816
1786832948.5726168,ERROR:ConnectionError,98.19960594177246
1786832948.5742981,ERROR:ConnectionError,99.75528717041016
1786832948.5808594,ERROR:ConnectionError,94.53392028808594
1786832948.6132803,ERROR:ConnectionError,63.20953369140625
1786832948.6070325,ERROR:ConnectionError,77.48842239379883
1786832948.619342,ERROR:ConnectionError,70.24478912353516
1786832948.5875936,ERROR:ConnectionError,103.42240333557129
1786832948.646949,ERROR:ConnectionError,45.67360877990723
1786832948.6591182,ERROR:ConnectionError,42.19794273376465
1786832948.6567369,ERROR:ConnectionError,46.71788215637207
1786832948.670833,ERROR:ConnectionError,34.48629379272461
1786832948.6740632,ERROR:ConnectionError,37.94670104980469
1786832948.6754012,ERROR:ConnectionError,47.41501808166504
1786832948.6764972,ERROR:ConnectionError,80.0173282623291
1786832948.6910229,ERROR:ConnectionError,70.75309753417969
1786832948.6926298,ERROR:ConnectionError,72.54290580749512
1786832948.7053266,ERROR:ConnectionError,63.277244567871094
1786832948.7034624,ERROR:ConnectionError,70.44315338134766
1786832948.684531,ERROR:ConnectionError,91.80498123168945
1786832948.7120204,ERROR:ConnectionError,64.61811065673828
1786832948.6895983,ERROR:ConnectionError,93.44339370727539
1786832948.756528,ERROR:ConnectionError,27.046918869018555
1786832948.7013237,ERROR:ConnectionError,85.01219749450684
1786832948.7617862,ERROR:ConnectionError,27.566909790039062
1786832948.7651815,ERROR:ConnectionError,38.5441780090332
1786832948.7228248,ERROR:ConnectionError,91.43185615539551
1786832948.7686143,ERROR:ConnectionError,46.86141014099121
1786832948.773916,ERROR:ConnectionError,50.98247528076172
1786832948.7763464,ERROR:ConnectionError,59.053659439086914
1786832948.8142653,ERROR:ConnectionError,40.03763198852539
1786832948.7863436,ERROR:ConnectionError,68.30549240112305
1786832948.7830534,ERROR:ConnectionError,71.84910774230957
1786832948.7893603,ERROR:ConnectionError,70.58978080749512
1786832948.824907,ERROR:ConnectionError,36.031484603881836
1786832948.8154821,ERROR:ConnectionError,48.735618591308594
1786832948.8354104,ERROR:ConnectionError,31.328916549682617
1786832948.8037355,ERROR:ConnectionError,68.12524795532227
1786832948.7766435,ERROR:ConnectionError,95.68023681640625
1786832948.7835808,ERROR:ConnectionError,92.2858715057373
1786832948.8549082,ERROR:ConnectionError,34.424543380737305
1786832948.8543134,ERROR:ConnectionError,36.12995147705078
1786832948.871875,ERROR:ConnectionError,44.57497596740723
1786832948.8599598,ERROR:ConnectionError,56.8242073059082
1786832948.8642242,ERROR:ConnectionError,55.3584098815918
1786832948.875874,ERROR:ConnectionError,46.47421836853027
1786832948.860946,ERROR:ConnectionError,64.23044204711914
1786832948.8723338,ERROR:ConnectionError,54.58354949951172
1786832948.8893423,ERROR:ConnectionError,38.50507736206055
1786832948.866752,ERROR:ConnectionError,63.97557258605957
1786832948.9167893,ERROR:ConnectionError,20.594120025634766
1786832948.8546546,ERROR:ConnectionError,87.20731735229492
1786832948.9195938,ERROR:ConnectionError,28.161287307739258
1786832948.9278517,ERROR:ConnectionError,25.185346603393555
1786832948.9223557,ERROR:ConnectionError,31.348466873168945
1786832948.9164636,ERROR:ConnectionError,40.891170501708984
1786832948.9373944,ERROR:ConnectionError,20.52021026611328
1786832948.9251852,ERROR:ConnectionError,36.2248420715332
1786832948.9418716,ERROR:ConnectionError,22.429943084716797
1786832948.9269466,ERROR:ConnectionError,39.926767349243164
1786832948.9307342,ERROR:ConnectionError,38.488149642944336
1786832948.8904488,ERROR:ConnectionError,105.45063018798828
1786832948.9579198,ERROR:ConnectionError,59.70335006713867
1786832948.9530442,ERROR:ConnectionError,67.12818145751953
1786832948.95736,ERROR:ConnectionError,69.24939155578613
1786832948.953711,ERROR:ConnectionError,76.5390396118164
1786832948.9668875,ERROR:ConnectionError,67.20757484436035
1786832948.9477663,ERROR:ConnectionError,94.4676399230957
1786832948.9614172,ERROR:ConnectionError,86.1210823059082
1786832948.9643388,ERROR:ConnectionError,85.71696281433105
1786832948.96923,ERROR:ConnectionError,85.7381820678711
1786832948.9959135,ERROR:ConnectionError,66.59936904907227
1786832949.0176325,ERROR:ConnectionError,50.48823356628418
1786832949.0201797,ERROR:ConnectionError,76.17878913879395
1786832949.0266204,ERROR:ConnectionError,74.25904273986816
1786832949.030258,ERROR:ConnectionError,73.64773750305176
1786832949.0341034,ERROR:ConnectionError,77.39925384521484
1786832949.0422454,ERROR:ConnectionError,84.39850807189941
1786832949.0500655,ERROR:ConnectionError,77.61096954345703
1786832949.0625215,ERROR:ConnectionError,67.53110885620117
1786832949.0549762,ERROR:ConnectionError,78.07540893554688
1786832949.0681276,ERROR:ConnectionError,73.87018203735352
1786832949.0963688,ERROR:ConnectionError,50.44722557067871
1786832949.103914,ERROR:ConnectionError,49.463510513305664
1786832949.0475476,ERROR:ConnectionError,108.2460880279541
1786832949.1008892,ERROR:ConnectionError,59.67211723327637
1786832949.111512,ERROR:ConnectionError,72.01075553894043
1786832949.1276817,ERROR:ConnectionError,61.93256378173828
1786832949.1301112,ERROR:ConnectionError,61.7220401763916
1786832949.1420074,ERROR:ConnectionError,55.05990982055664
1786832949.1468253,ERROR:ConnectionError,63.5075569152832
1786832949.126652,ERROR:ConnectionError,85.47163009643555
1786832949.1330585,ERROR:ConnectionError,89.7223949432373
1786832949.1533887,ERROR:ConnectionError,80.85846900939941
1786832949.1605694,ERROR:ConnectionError,76.26104354858398
1786832949.155805,ERROR:ConnectionError,84.50460433959961
1786832949.1896307,ERROR:ConnectionError,51.532745361328125
1786832949.183536,ERROR:ConnectionError,60.489654541015625
1786832949.2103417,ERROR:ConnectionError,36.97013854980469
1786832949.1918402,ERROR:ConnectionError,56.56838417053223
1786832949.2121294,ERROR:ConnectionError,39.62516784667969
1786832949.2227938,ERROR:ConnectionError,53.6646842956543
1786832949.197079,ERROR:ConnectionError,91.42565727233887
1786832949.2342603,ERROR:ConnectionError,57.09052085876465
1786832949.236843,ERROR:ConnectionError,56.98966979980469
1786832949.2403188,ERROR:ConnectionError,60.4856014251709
1786832949.2411692,ERROR:ConnectionError,68.41349601745605
1786832949.2440343,ERROR:ConnectionError,86.06266975402832
1786832949.251762,ERROR:ConnectionError,105.40437698364258
1786832949.2473667,ERROR:ConnectionError,113.03997039794922
1786832949.2484171,ERROR:ConnectionError,123.34752082824707
1786832949.276469,ERROR:ConnectionError,102.74100303649902
1786832949.2885423,ERROR:ConnectionError,95.05248069763184
1786832949.3008187,ERROR:ConnectionError,102.50473022460938
1786832949.3095918,ERROR:ConnectionError,101.40681266784668
1786832949.2913628,ERROR:ConnectionError,119.95601654052734
1786832949.3604164,ERROR:ConnectionError,54.319143295288086
1786832949.3301091,ERROR:ConnectionError,91.10069274902344
1786832949.3836048,ERROR:ConnectionError,40.799617767333984
1786832949.2938392,ERROR:ConnectionError,134.0029239654541
1786832949.3571775,ERROR:ConnectionError,80.16705513000488
1786832949.3792434,ERROR:ConnectionError,58.42924118041992
1786832949.3717825,ERROR:ConnectionError,85.23988723754883
1786832949.411008,ERROR:ConnectionError,58.01081657409668
1786832949.4033337,ERROR:ConnectionError,75.54316520690918
1786832949.4212253,ERROR:ConnectionError,69.92626190185547
1786832949.424413,ERROR:ConnectionError,67.33322143554688
1786832949.4147453,ERROR:ConnectionError,78.66787910461426
1786832949.4113243,ERROR:ConnectionError,90.31820297241211
1786832949.4570346,ERROR:ConnectionError,47.492265701293945
1786832949.4690316,ERROR:ConnectionError,36.81063652038574
1786832949.437355,ERROR:ConnectionError,69.04911994934082
1786832949.4278514,ERROR:ConnectionError,84.82766151428223
1786832949.4376788,ERROR:ConnectionError,77.58545875549316
1786832949.491753,ERROR:ConnectionError,33.30659866333008
1786832949.4911616,ERROR:ConnectionError,39.55245018005371
1786832949.478885,ERROR:ConnectionError,52.23822593688965
1786832949.5016556,ERROR:ConnectionError,32.14740753173828
1786832949.4934204,ERROR:ConnectionError,43.956756591796875
1786832949.504535,ERROR:ConnectionError,39.54601287841797
1786832949.5058663,ERROR:ConnectionError,60.9128475189209
1786832949.51269,ERROR:ConnectionError,54.42976951599121
1786832949.5152717,ERROR:ConnectionError,65.16194343566895
1786832949.5064118,ERROR:ConnectionError,78.49359512329102
1786832949.530725,ERROR:ConnectionError,76.94768905639648
1786832949.5338104,ERROR:ConnectionError,91.8877124786377
1786832949.5311294,ERROR:ConnectionError,100.47030448913574
1786832949.5250711,ERROR:ConnectionError,125.43129920959473
1786832949.5374033,ERROR:ConnectionError,129.06813621520996
1786832949.544091,ERROR:ConnectionError,215.61622619628906
1786832949.580444,ERROR:ConnectionError,195.7852840423584
1786832949.5671515,ERROR:ConnectionError,224.3936061859131
1786832949.5667887,ERROR:ConnectionError,229.22825813293457
1786832949.5849173,ERROR:ConnectionError,247.25031852722168
1786832949.625707,ERROR:ConnectionError,888.5493278503418
1786832949.6316075,ERROR:ConnectionError,890.9444808959961
1786832949.6076837,ERROR:ConnectionError,927.2634983062744
1786832949.6665,ERROR:ConnectionError,874.8259544372559
1786832949.650511,ERROR:ConnectionError,893.2883739471436
1786832949.7597182,ERROR:ConnectionError,2023.1890678405762
1786832949.8321772,ERROR:ConnectionError,2016.9625282287598
1786832949.7960262,ERROR:ConnectionError,2069.9779987335205
1786832949.7915554,ERROR:ConnectionError,2077.0506858825684
1786832949.776237,ERROR:ConnectionError,2098.870038986206
1786832950.52257,ERROR:ConnectionError,1367.1793937683105
1786832950.5349557,ERROR:ConnectionError,1376.3477802276611
1786832950.5438092,ERROR:ConnectionError,1375.0989437103271
1786832950.5413358,ERROR:ConnectionError,1382.6110363006592
1786832951.7829192,ERROR:ConnectionError,143.83864402770996
1786832950.5142684,ERROR:ConnectionError,1416.6934490203857
1786832951.8491492,ERROR:ConnectionError,82.12065696716309
1786832951.8660166,ERROR:ConnectionError,76.84493064880371
1786832951.8751168,ERROR:ConnectionError,77.59475708007812
1786832951.8897653,ERROR:ConnectionError,82.15665817260742
1786832951.868618,ERROR:ConnectionError,106.27555847167969
1786832951.9113138,ERROR:ConnectionError,76.11250877380371
1786832951.93097,ERROR:ConnectionError,72.36409187316895
1786832951.9267669,ERROR:ConnectionError,79.33616638183594
1786832951.9189186,ERROR:ConnectionError,87.51797676086426
1786832951.952723,ERROR:ConnectionError,57.965993881225586
1786832951.9239538,ERROR:ConnectionError,90.67344665527344
1786832951.942871,ERROR:ConnectionError,72.9837417602539
1786832951.9719317,ERROR:ConnectionError,45.636653900146484
1786832951.9312756,ERROR:ConnectionError,93.21403503417969
1786832952.0033445,ERROR:ConnectionError,53.40981483459473
1786832951.9874365,ERROR:ConnectionError,71.2273120880127
1786832952.0106997,ERROR:ConnectionError,49.21150207519531
1786832951.9749033,ERROR:ConnectionError,86.96365356445312
1786832952.006113,ERROR:ConnectionError,56.000709533691406
1786832952.0175753,ERROR:ConnectionError,52.60443687438965
1786832952.0146358,ERROR:ConnectionError,60.80293655395508
1786832952.0064425,ERROR:ConnectionError,71.90394401550293
1786832952.0158617,ERROR:ConnectionError,62.75796890258789
1786832952.0244997,ERROR:ConnectionError,55.989742279052734
1786832952.0599194,ERROR:ConnectionError,55.47809600830078
1786832952.0618742,ERROR:ConnectionError,56.520938873291016
1786832952.056763,ERROR:ConnectionError,65.81568717956543
1786832952.0586722,ERROR:ConnectionError,70.22690773010254
1786832952.0621188,ERROR:ConnectionError,70.18399238586426
1786832952.075451,ERROR:ConnectionError,69.89741325378418
1786832952.0701911,ERROR:ConnectionError,76.39122009277344
1786832952.122588,ERROR:ConnectionError,34.84201431274414
1786832952.0786247,ERROR:ConnectionError,96.45748138427734
1786832952.1323113,ERROR:ConnectionError,43.13087463378906
1786832952.145357,ERROR:ConnectionError,38.10453414916992
1786832952.1154118,ERROR:ConnectionError,68.40348243713379
1786832952.118405,ERROR:ConnectionError,69.37670707702637
1786832952.0783553,ERROR:ConnectionError,109.75170135498047
1786832952.080498,ERROR:ConnectionError,121.41656875610352
1786832952.1574404,ERROR:ConnectionError,60.07695198059082
1786832952.1750925,ERROR:ConnectionError,43.4565544128418
1786832952.1289127,ERROR:ConnectionError,92.37480163574219
1786832952.1881118,ERROR:ConnectionError,39.49546813964844
1786832952.1834722,ERROR:ConnectionError,47.42074012756348
1786832952.187791,ERROR:ConnectionError,43.43676567077637
1786832952.146591,ERROR:ConnectionError,87.75830268859863
1786832952.1754482,ERROR:ConnectionError,70.81103324890137
1786832952.1838217,ERROR:ConnectionError,65.61398506164551
1786832952.2019243,ERROR:ConnectionError,65.69314002990723
1786832952.2494457,ERROR:ConnectionError,28.40113639831543
1786832952.2175267,ERROR:ConnectionError,60.68587303161621
1786832952.2276227,ERROR:ConnectionError,65.96660614013672
1786832952.2212956,ERROR:ConnectionError,74.75662231445312
1786832952.218556,ERROR:ConnectionError,80.02781867980957
1786832952.2343554,ERROR:ConnectionError,70.5869197845459
1786832952.2312343,ERROR:ConnectionError,81.61044120788574
1786832952.2309022,ERROR:ConnectionError,82.30900764465332
1786832952.2676265,ERROR:ConnectionError,53.25126647949219
1786832952.2462697,ERROR:ConnectionError,75.09160041809082
1786832952.2782197,ERROR:ConnectionError,50.93789100646973
1786832952.2778578,ERROR:ConnectionError,53.25031280517578
1786832952.2960598,ERROR:ConnectionError,41.73398017883301
1786832952.293601,ERROR:ConnectionError,59.3717098236084
1786832952.298592,ERROR:ConnectionError,59.33713912963867
1786832952.320944,ERROR:ConnectionError,39.50095176696777
1786832952.3128536,ERROR:ConnectionError,48.291683197021484
1786832952.3049552,ERROR:ConnectionError,62.0729923248291
1786832952.3291698,ERROR:ConnectionError,39.702415466308594
1786832952.331117,ERROR:ConnectionError,38.651466369628906
1786832952.321369,ERROR:ConnectionError,52.55627632141113
1786832952.3378026,ERROR:ConnectionError,39.09182548522949
1786832952.313216,ERROR:ConnectionError,65.71173667907715
1786832952.3604596,ERROR:ConnectionError,28.313636779785156
1786832952.3529873,ERROR:ConnectionError,44.97385025024414
1786832952.357958,ERROR:ConnectionError,69.67687606811523
1786832952.3611524,ERROR:ConnectionError,71.17056846618652
1786832952.3670363,ERROR:ConnectionError,71.2282657623291
1786832952.36888,ERROR:ConnectionError,73.7295150756836
1786832952.376904,ERROR:ConnectionError,67.02685356140137
1786832952.3739338,ERROR:ConnectionError,71.27881050109863
1786832952.3887842,ERROR:ConnectionError,56.665897369384766
1786832952.4382763,ERROR:ConnectionError,12.471675872802734
1786832952.3979707,ERROR:ConnectionError,53.07173728942871
1786832952.4323342,ERROR:ConnectionError,19.969701766967773
1786832952.427648,ERROR:ConnectionError,28.74755859375
1786832952.3697782,ERROR:ConnectionError,87.82410621643066
1786832952.3789358,ERROR:ConnectionError,83.01854133605957
1786832952.4510465,ERROR:ConnectionError,28.95951271057129
1786832952.442621,ERROR:ConnectionError,48.19369316101074
1786832952.4523084,ERROR:ConnectionError,50.5986213684082
1786832952.4452229,ERROR:ConnectionError,57.970523834228516
1786832952.4454541,ERROR:ConnectionError,59.52262878417969
1786832952.4439397,ERROR:ConnectionError,61.68508529663086
1786832952.4576082,ERROR:ConnectionError,52.477121353149414
1786832952.4507546,ERROR:ConnectionError,62.91389465332031
1786832952.4619608,ERROR:ConnectionError,64.97859954833984
1786832952.4564028,ERROR:ConnectionError,74.51415061950684
1786832952.5029185,ERROR:ConnectionError,57.27219581604004
1786832952.490828,ERROR:ConnectionError,92.41032600402832
1786832952.504982,ERROR:ConnectionError,88.18435668945312
1786832952.503198,ERROR:ConnectionError,90.91496467590332
1786832952.5100944,ERROR:ConnectionError,86.7471694946289
1786832952.4800177,ERROR:ConnectionError,119.97532844543457
1786832952.5056307,ERROR:ConnectionError,96.59862518310547
1786832952.5136755,ERROR:ConnectionError,101.87506675720215
1786832952.5269487,ERROR:ConnectionError,101.09329223632812
1786832952.593176,ERROR:ConnectionError,37.00995445251465
1786832952.5309248,ERROR:ConnectionError,110.91184616088867
1786832952.5602021,ERROR:ConnectionError,81.95042610168457
1786832952.5999994,ERROR:ConnectionError,44.76451873779297
1786832952.5832458,ERROR:ConnectionError,63.501596450805664
1786832952.615559,ERROR:ConnectionError,33.20002555847168
1786832952.5941184,ERROR:ConnectionError,54.894208908081055
1786832952.6022365,ERROR:ConnectionError,52.35648155212402
1786832952.6301932,ERROR:ConnectionError,29.613733291625977
1786832952.628051,ERROR:ConnectionError,34.80863571166992
1786832952.6418455,ERROR:ConnectionError,26.86595916748047
1786832952.596849,ERROR:ConnectionError,81.06064796447754
1786832952.6421568,ERROR:ConnectionError,39.035797119140625
1786832952.6490164,ERROR:ConnectionError,46.10776901245117
1786832952.6447718,ERROR:ConnectionError,54.137468338012695
1786832952.648765,ERROR:ConnectionError,58.79068374633789
1786832952.6628673,ERROR:ConnectionError,52.98304557800293
1786832952.6467543,ERROR:ConnectionError,70.13273239135742
1786832952.654601,ERROR:ConnectionError,64.64362144470215
1786832952.668721,ERROR:ConnectionError,53.850650787353516
1786832952.6779196,ERROR:ConnectionError,46.797752380371094
1786832952.6812012,ERROR:ConnectionError,45.87268829345703
1786832952.6951337,ERROR:ConnectionError,34.13224220275879
1786832952.6598146,ERROR:ConnectionError,98.3281135559082
1786832952.707566,ERROR:ConnectionError,72.81827926635742
1786832952.6989172,ERROR:ConnectionError,90.16084671020508
1786832952.7158582,ERROR:ConnectionError,151.38745307922363
1786832952.7192512,ERROR:ConnectionError,153.63717079162598
1786832952.7168937,ERROR:ConnectionError,160.54177284240723
1786832952.722582,ERROR:ConnectionError,161.05222702026367
1786832952.7247262,ERROR:ConnectionError,178.88188362121582
1786832952.7890875,ERROR:ConnectionError,121.08230590820312
1786832952.727081,ERROR:ConnectionError,191.8017864227295
1786832952.8672583,ERROR:ConnectionError,55.09233474731445
1786832952.8836436,ERROR:ConnectionError,42.45924949645996
1786832952.8774467,ERROR:ConnectionError,52.782535552978516
1786832952.7581532,ERROR:ConnectionError,178.51543426513672
1786832952.780394,ERROR:ConnectionError,159.79671478271484
1786832952.8729017,ERROR:ConnectionError,75.78635215759277
1786832952.9101832,ERROR:ConnectionError,39.80255126953125
1786832952.7292745,ERROR:ConnectionError,225.7828712463379
1786832952.9036179,ERROR:ConnectionError,56.351661682128906
1786832952.9223576,ERROR:ConnectionError,41.85366630554199
1786832952.9188933,ERROR:ConnectionError,53.884029388427734
1786832952.9261122,ERROR:ConnectionError,60.68682670593262
1786832952.9302373,ERROR:ConnectionError,56.937456130981445
1786832952.9366782,ERROR:ConnectionError,64.83197212219238
1786832952.9402008,ERROR:ConnectionError,74.00202751159668
1786832952.948704,ERROR:ConnectionError,66.88547134399414
1786832952.9550662,ERROR:ConnectionError,62.39604949951172
1786832952.9599838,ERROR:ConnectionError,80.19614219665527
1786832952.9642282,ERROR:ConnectionError,76.36427879333496
1786832952.9871798,ERROR:ConnectionError,62.47282028198242
1786832953.0015178,ERROR:ConnectionError,52.92654037475586
1786832952.986811,ERROR:ConnectionError,69.11563873291016
1786832952.9727895,ERROR:ConnectionError,83.76812934875488
1786832952.9499917,ERROR:ConnectionError,112.24770545959473
1786832953.0142152,ERROR:ConnectionError,59.32450294494629
1786832953.01747,ERROR:ConnectionError,80.85107803344727
1786832953.0559342,ERROR:ConnectionError,45.342445373535156
1786832953.0544543,ERROR:ConnectionError,52.19626426696777
1786832953.0155976,ERROR:ConnectionError,92.29660034179688
1786832953.0406005,ERROR:ConnectionError,69.31662559509277
1786832953.0401907,ERROR:ConnectionError,72.64137268066406
1786832953.0735495,ERROR:ConnectionError,39.76154327392578
1786832953.0622468,ERROR:ConnectionError,55.07850646972656
1786832953.056565,ERROR:ConnectionError,61.03849411010742
1786832953.0496638,ERROR:ConnectionError,71.30670547485352
1786832953.0983307,ERROR:ConnectionError,25.61354637145996
1786832953.101286,ERROR:ConnectionError,38.187503814697266
1786832953.1066635,ERROR:ConnectionError,38.64717483520508
1786832953.1099253,ERROR:ConnectionError,38.77615928649902
1786832953.107904,ERROR:ConnectionError,46.44346237182617
1786832953.11284,ERROR:ConnectionError,44.531822204589844
1786832953.113319,ERROR:ConnectionError,46.559810638427734
1786832953.120978,ERROR:ConnectionError,42.6487922668457
1786832953.117335,ERROR:ConnectionError,48.30288887023926
1786832953.1394868,ERROR:ConnectionError,28.946638107299805
1786832953.123953,ERROR:ConnectionError,44.80147361755371
1786832953.1176078,ERROR:ConnectionError,51.46455764770508
1786832953.154356,ERROR:ConnectionError,18.992185592651367
1786832953.148709,ERROR:ConnectionError,29.749155044555664
1786832953.1574025,ERROR:ConnectionError,21.726131439208984
1786832953.1453223,ERROR:ConnectionError,38.43855857849121
1786832953.1598883,ERROR:ConnectionError,26.787281036376953
1786832953.1636355,ERROR:ConnectionError,28.8846492767334
1786832953.1656466,ERROR:ConnectionError,28.008699417114258
1786832953.1690784,ERROR:ConnectionError,34.74712371826172
1786832953.1687603,ERROR:ConnectionError,35.40968894958496
1786832953.168441,ERROR:ConnectionError,45.20773887634277
1786832953.1784675,ERROR:ConnectionError,49.64447021484375
1786832953.1791332,ERROR:ConnectionError,50.543785095214844
1786832953.1733596,ERROR:ConnectionError,60.89949607849121
1786832953.2136643,ERROR:ConnectionError,27.24003791809082
1786832953.193661,ERROR:ConnectionError,48.97785186767578
1786832953.2041764,ERROR:ConnectionError,39.31283950805664
1786832953.1866846,ERROR:ConnectionError,70.27506828308105
1786832953.1837687,ERROR:ConnectionError,73.49896430969238
1786832953.2038367,ERROR:ConnectionError,57.0521354675293
1786832953.1925306,ERROR:ConnectionError,69.3972110748291
1786832953.228121,ERROR:ConnectionError,35.96377372741699
1786832953.2296834,ERROR:ConnectionError,40.79294204711914
1786832953.242647,ERROR:ConnectionError,44.55304145812988
1786832953.2409143,ERROR:ConnectionError,48.51675033569336
1786832953.243495,ERROR:ConnectionError,48.22707176208496
1786832953.2342672,ERROR:ConnectionError,67.45529174804688
1786832953.2608974,ERROR:ConnectionError,54.65412139892578
1786832953.2572732,ERROR:ConnectionError,60.285091400146484
1786832953.2641332,ERROR:ConnectionError,80.61623573303223
1786832953.261937,ERROR:ConnectionError,89.90979194641113
1786832953.2704866,ERROR:ConnectionError,99.77579116821289
1786832953.2872121,ERROR:ConnectionError,95.23940086364746
1786832953.2894402,ERROR:ConnectionError,96.15492820739746
1786832953.3017309,ERROR:ConnectionError,100.15749931335449
1786832953.2569714,ERROR:ConnectionError,145.31779289245605
1786832953.2917302,ERROR:ConnectionError,114.72821235656738
1786832953.3155603,ERROR:ConnectionError,93.63818168640137
1786832953.3175662,ERROR:ConnectionError,94.14386749267578
1786832953.3518612,ERROR:ConnectionError,64.4540786743164
1786832953.3824632,ERROR:ConnectionError,35.126447677612305
1786832953.344759,ERROR:ConnectionError,75.81377029418945
1786832953.4018996,ERROR:ConnectionError,21.307706832885742
1786832953.4064684,ERROR:ConnectionError,22.08733558654785
1786832953.3856046,ERROR:ConnectionError,43.5638427734375
1786832953.402296,ERROR:ConnectionError,27.33755111694336
1786832953.370272,ERROR:ConnectionError,59.586286544799805
1786832953.411722,ERROR:ConnectionError,19.559383392333984
1786832953.4092345,ERROR:ConnectionError,27.682065963745117
1786832953.4163237,ERROR:ConnectionError,22.252559661865234
1786832953.4175968,ERROR:ConnectionError,30.331134796142578
1786832953.423215,ERROR:ConnectionError,26.75771713256836
1786832953.429639,ERROR:ConnectionError,21.91448211669922
1786832953.429175,ERROR:ConnectionError,45.64213752746582
1786832953.420584,ERROR:ConnectionError,61.46860122680664
1786832953.4385836,ERROR:ConnectionError,45.880794525146484
1786832953.4479356,ERROR:ConnectionError,36.971330642700195
1786832953.4285662,ERROR:ConnectionError,57.48772621154785
1786832953.436924,ERROR:ConnectionError,50.824642181396484
1786832953.429864,ERROR:ConnectionError,59.9057674407959
1786832953.4499817,ERROR:ConnectionError,44.960975646972656
1786832953.4312875,ERROR:ConnectionError,70.01352310180664
1786832953.4515603,ERROR:ConnectionError,50.362586975097656
1786832953.4748278,ERROR:ConnectionError,29.658794403076172
1786832953.482062,ERROR:ConnectionError,25.927305221557617
1786832953.484476,ERROR:ConnectionError,27.15778350830078
1786832953.484912,ERROR:ConnectionError,34.1181755065918
1786832953.4877563,ERROR:ConnectionError,35.685062408447266
1786832953.4860609,ERROR:ConnectionError,39.93082046508789
1786832953.4897807,ERROR:ConnectionError,38.469552993774414
1786832953.494953,ERROR:ConnectionError,36.3466739654541
1786832953.5013094,ERROR:ConnectionError,31.777143478393555
1786832953.5234518,ERROR:ConnectionError,15.055656433105469
1786832953.5190418,ERROR:ConnectionError,19.977331161499023
1786832953.5116498,ERROR:ConnectionError,28.919458389282227
1786832953.5080004,ERROR:ConnectionError,39.74270820617676
1786832953.5044951,ERROR:ConnectionError,46.39840126037598
1786832953.5019295,ERROR:ConnectionError,49.280405044555664
1786832953.5260015,ERROR:ConnectionError,25.44999122619629
1786832953.5282564,ERROR:ConnectionError,29.798030853271484
1786832953.5313082,ERROR:ConnectionError,41.985511779785156
1786832953.5385168,ERROR:ConnectionError,38.53273391723633
1786832953.5477533,ERROR:ConnectionError,31.942367553710938
1786832953.5512152,ERROR:ConnectionError,28.823137283325195
1786832953.5514555,ERROR:ConnectionError,29.854297637939453
1786832953.533094,ERROR:ConnectionError,50.02284049987793
1786832953.5390227,ERROR:ConnectionError,46.2343692779541
1786832953.5405755,ERROR:ConnectionError,55.1915168762207
1786832953.5580995,ERROR:ConnectionError,40.95268249511719
1786832953.579704,ERROR:ConnectionError,20.68948745727539
1786832953.5813167,ERROR:ConnectionError,20.998001098632812
1786832953.550901,ERROR:ConnectionError,51.6815185546875
1786832953.5800447,ERROR:ConnectionError,29.703140258789062
1786832953.5770607,ERROR:ConnectionError,33.32829475402832
1786832953.573305,ERROR:ConnectionError,40.70639610290527
1786832953.585264,ERROR:ConnectionError,52.81972885131836
1786832953.5831232,ERROR:ConnectionError,64.6817684173584
1786832953.6025875,ERROR:ConnectionError,69.00811195373535
1786832953.602322,ERROR:ConnectionError,82.07178115844727
1786832953.5957758,ERROR:ConnectionError,88.92083168029785
1786832953.6103947,ERROR:ConnectionError,81.12335205078125
1786832953.6004024,ERROR:ConnectionError,91.59278869628906
1786832953.5990615,ERROR:ConnectionError,96.43793106079102
1786832953.6380925,ERROR:ConnectionError,63.735008239746094
1786832953.647813,ERROR:ConnectionError,55.245399475097656
1786832953.6097553,ERROR:ConnectionError,96.19951248168945
1786832953.684702,ERROR:ConnectionError,26.343822479248047
1786832953.6140206,ERROR:ConnectionError,105.0114631652832
1786832953.6844041,ERROR:ConnectionError,45.862674713134766
1786832953.6920052,ERROR:ConnectionError,43.15972328186035
1786832953.6915264,ERROR:ConnectionError,46.55051231384277
1786832953.7018392,ERROR:ConnectionError,36.53264045715332
1786832953.7059615,ERROR:ConnectionError,40.78984260559082
1786832953.6716037,ERROR:ConnectionError,77.37445831298828
1786832953.6955073,ERROR:ConnectionError,57.593584060668945
1786832953.7110577,ERROR:ConnectionError,45.322418212890625
1786832953.703066,ERROR:ConnectionError,59.230804443359375
1786832953.7190423,ERROR:ConnectionError,51.25904083251953
1786832953.730276,ERROR:ConnectionError,50.45914649963379
1786832953.7383766,ERROR:ConnectionError,48.42662811279297
1786832953.7623072,ERROR:ConnectionError,31.99911117553711
1786832953.7563875,ERROR:ConnectionError,39.50834274291992
1786832953.7380846,ERROR:ConnectionError,58.15005302429199
1786832953.7467625,ERROR:ConnectionError,56.7626953125
1786832953.7489874,ERROR:ConnectionError,57.59787559509277
1786832953.7351754,ERROR:ConnectionError,75.91009140014648
1786832953.753112,ERROR:ConnectionError,62.31093406677246
1786832953.7703106,ERROR:ConnectionError,45.393943786621094
1786832953.780745,ERROR:ConnectionError,47.81055450439453
1786832953.7962391,ERROR:ConnectionError,35.520315170288086
1786832953.7943177,ERROR:ConnectionError,37.79792785644531
1786832953.7959042,ERROR:ConnectionError,39.30926322937012
1786832953.8065917,ERROR:ConnectionError,33.231258392333984
1786832953.8035378,ERROR:ConnectionError,38.307905197143555
1786832953.8157103,ERROR:ConnectionError,27.9848575592041
1786832953.7868176,ERROR:ConnectionError,61.992645263671875
1786832953.8154316,ERROR:ConnectionError,36.24558448791504
1786832953.8321204,ERROR:ConnectionError,20.041942596435547
1786832953.8285642,ERROR:ConnectionError,27.372360229492188
1786832953.8110952,ERROR:ConnectionError,48.35915565490723
1786832953.835221,ERROR:ConnectionError,30.028820037841797
1786832953.8317697,ERROR:ConnectionError,33.83779525756836
1786832953.8398335,ERROR:ConnectionError,33.951759338378906
1786832953.8437014,ERROR:ConnectionError,31.766653060913086
1786832953.8488176,ERROR:ConnectionError,34.15083885192871
1786832953.841853,ERROR:ConnectionError,43.752193450927734
1786832953.8521714,ERROR:ConnectionError,36.89312934875488
1786832953.8516934,ERROR:ConnectionError,65.13237953186035
1786832953.8559437,ERROR:ConnectionError,70.58095932006836
1786832953.86526,ERROR:ConnectionError,66.36643409729004
1786832953.8594632,ERROR:ConnectionError,90.61980247497559
1786832953.8656127,ERROR:ConnectionError,84.9449634552002
1786832953.8829787,ERROR:ConnectionError,69.18883323669434
1786832953.8738008,ERROR:ConnectionError,82.10039138793945
1786832953.875477,ERROR:ConnectionError,81.08925819396973
1786832953.8856137,ERROR:ConnectionError,82.61418342590332
1786832953.889073,ERROR:ConnectionError,82.84664154052734
1786832953.9265358,ERROR:ConnectionError,54.2600154876709
1786832953.916836,ERROR:ConnectionError,66.27941131591797
1786832953.9559073,ERROR:ConnectionError,36.96489334106445
1786832953.9316347,ERROR:ConnectionError,61.582088470458984
1786832953.9500923,ERROR:ConnectionError,46.27418518066406
1786832953.9565709,ERROR:ConnectionError,42.10186004638672
1786832953.9521735,ERROR:ConnectionError,46.819448471069336
1786832953.9682412,ERROR:ConnectionError,33.46371650695801
1786832953.9808054,ERROR:ConnectionError,29.394149780273438
1786832953.971931,ERROR:ConnectionError,41.37110710144043
1786832953.9831245,ERROR:ConnectionError,32.77087211608887
1786832953.9505627,ERROR:ConnectionError,71.92420959472656
1786832953.993222,ERROR:ConnectionError,36.66329383850098
1786832953.9963777,ERROR:ConnectionError,33.90979766845703
1786832953.992883,ERROR:ConnectionError,40.71187973022461
1786832953.998681,ERROR:ConnectionError,46.71335220336914
1786832953.9989977,ERROR:ConnectionError,53.933143615722656
1786832954.0102158,ERROR:ConnectionError,49.14140701293945
1786832954.0224993,ERROR:ConnectionError,40.242910385131836
1786832954.0017138,ERROR:ConnectionError,62.11709976196289
1786832954.0336037,ERROR:ConnectionError,33.28967094421387
1786832954.0159028,ERROR:ConnectionError,51.41711235046387
1786832954.0298977,ERROR:ConnectionError,48.493146896362305
1786832954.0454094,ERROR:ConnectionError,33.849477767944336
1786832954.013312,ERROR:ConnectionError,66.15328788757324
1786832954.0529413,ERROR:ConnectionError,33.85448455810547
1786832954.0593717,ERROR:ConnectionError,31.259775161743164
1786832954.0302937,ERROR:ConnectionError,63.03048133850098
1786832954.0638373,ERROR:ConnectionError,43.085575103759766
1786832954.066901,ERROR:ConnectionError,42.70648956298828
1786832954.067326,ERROR:ConnectionError,43.837785720825195
1786832954.0627525,ERROR:ConnectionError,51.8496036529541
1786832954.0792644,ERROR:ConnectionError,40.795326232910156
1786832954.079469,ERROR:ConnectionError,43.38502883911133
1786832954.0868056,ERROR:ConnectionError,39.34288024902344
1786832954.0784009,ERROR:ConnectionError,50.44388771057129
1786832954.0933344,ERROR:ConnectionError,58.94351005554199
1786832954.090642,ERROR:ConnectionError,69.72098350524902
1786832954.1111727,ERROR:ConnectionError,51.57661437988281
1786832954.114611,ERROR:ConnectionError,48.55990409851074
1786832954.106939,ERROR:ConnectionError,65.87338447570801
1786832954.109621,ERROR:ConnectionError,74.91755485534668
1786832954.120083,ERROR:ConnectionError,67.56949424743652
1786832954.1261568,ERROR:ConnectionError,79.62656021118164
1786832954.1603758,ERROR:ConnectionError,49.12924766540527
1786832954.1288545,ERROR:ConnectionError,83.57095718383789
1786832954.1627638,ERROR:ConnectionError,57.97457695007324
1786832954.163175,ERROR:ConnectionError,60.02545356750488
1786832954.1728227,ERROR:ConnectionError,61.397552490234375
1786832954.1228619,ERROR:ConnectionError,111.69576644897461
1786832954.184549,ERROR:ConnectionError,54.491519927978516
1786832954.1876607,ERROR:ConnectionError,53.76291275024414
1786832954.2057931,ERROR:ConnectionError,45.439720153808594
1786832954.1522884,ERROR:ConnectionError,108.856201171875
1786832954.209515,ERROR:ConnectionError,62.37649917602539
1786832954.2124345,ERROR:ConnectionError,63.48896026611328
1786832954.2207506,ERROR:ConnectionError,59.9977970123291
1786832954.2232518,ERROR:ConnectionError,103.4388542175293
1786832954.2345636,ERROR:ConnectionError,118.40605735778809
1786832954.2611642,ERROR:ConnectionError,96.00520133972168
1786832954.2512424,ERROR:ConnectionError,108.14523696899414
1786832954.2414324,ERROR:ConnectionError,124.8025894165039
1786832954.2390482,ERROR:ConnectionError,129.713773727417
1786832954.2342327,ERROR:ConnectionError,134.83047485351562
1786832954.2759318,ERROR:ConnectionError,96.90546989440918
1786832954.2719395,ERROR:ConnectionError,110.91852188110352
1786832954.2807574,ERROR:ConnectionError,120.28813362121582
1786832954.3267019,ERROR:ConnectionError,82.5345516204834
1786832954.3529797,ERROR:ConnectionError,62.10470199584961
1786832954.3662457,ERROR:ConnectionError,53.1313419342041
1786832954.3571796,ERROR:ConnectionError,65.62590599060059
1786832954.3593967,ERROR:ConnectionError,65.72937965393066
1786832954.3690684,ERROR:ConnectionError,61.12170219421387
1786832954.3728456,ERROR:ConnectionError,60.26148796081543
1786832954.368772,ERROR:ConnectionError,65.37652015686035
1786832954.401054,ERROR:ConnectionError,42.64712333679199
1786832954.4150944,ERROR:ConnectionError,28.982162475585938
1786832954.4193876,ERROR:ConnectionError,35.23063659667969
1786832954.4251359,ERROR:ConnectionError,32.022953033447266
1786832954.434155,ERROR:ConnectionError,23.2846736907959
1786832954.4092495,ERROR:ConnectionError,52.47235298156738
1786832954.4228294,ERROR:ConnectionError,39.34335708618164
1786832954.382866,ERROR:ConnectionError,87.18442916870117
1786832954.4302032,ERROR:ConnectionError,40.839195251464844
1786832954.4331157,ERROR:ConnectionError,38.36202621459961
1786832954.4437108,ERROR:ConnectionError,42.39654541015625
1786832954.4440837,ERROR:ConnectionError,43.030738830566406
1786832954.4546287,ERROR:ConnectionError,51.4070987701416
1786832954.4571664,ERROR:ConnectionError,50.9648323059082
1786832954.461732,ERROR:ConnectionError,58.31575393676758
1786832954.4621801,ERROR:ConnectionError,80.31654357910156
1786832954.4700582,ERROR:ConnectionError,75.26111602783203
1786832954.4714859,ERROR:ConnectionError,77.85654067993164
1786832954.471052,ERROR:ConnectionError,80.44838905334473
1786832954.4861193,ERROR:ConnectionError,77.47292518615723
1786832954.4574447,ERROR:ConnectionError,114.28022384643555
1786832954.5060463,ERROR:ConnectionError,70.55115699768066
1786832954.4871225,ERROR:ConnectionError,97.62954711914062
1786832954.508148,ERROR:ConnectionError,90.37590026855469
1786832954.5425134,ERROR:ConnectionError,60.83536148071289
1786832954.5515106,ERROR:ConnectionError,59.54098701477051
1786832954.545329,ERROR:ConnectionError,76.4918327331543
1786832954.5766084,ERROR:ConnectionError,46.308279037475586
1786832954.5493543,ERROR:ConnectionError,78.48143577575684
1786832954.5636013,ERROR:ConnectionError,68.47381591796875
1786832954.5717356,ERROR:ConnectionError,60.72664260864258
1786832954.5200593,ERROR:ConnectionError,128.75008583068848
1786832954.5985332,ERROR:ConnectionError,52.29067802429199
1786832954.5847666,ERROR:ConnectionError,68.97163391113281
1786832954.6231482,ERROR:ConnectionError,36.83614730834961
1786832954.6110604,ERROR:ConnectionError,55.77516555786133
1786832954.6278486,ERROR:ConnectionError,39.307594299316406
1786832954.603359,ERROR:ConnectionError,76.74360275268555
1786832954.6488204,ERROR:ConnectionError,48.43735694885254
1786832954.6320853,ERROR:ConnectionError,70.21450996398926
1786832954.6324682,ERROR:ConnectionError,71.99954986572266
1786832954.6537476,ERROR:ConnectionError,59.01598930358887
1786832954.667164,ERROR:ConnectionError,46.7228889465332
1786832954.6508305,ERROR:ConnectionError,65.6728744506836
1786832954.666846,ERROR:ConnectionError,49.996376037597656
1786832954.6599936,ERROR:ConnectionError,59.83448028564453
1786832954.702309,ERROR:ConnectionError,19.032716751098633
1786832954.6972673,ERROR:ConnectionError,32.37032890319824
1786832954.6801121,ERROR:ConnectionError,49.90983009338379
1786832954.704475,ERROR:ConnectionError,28.276920318603516
1786832954.6218333,ERROR:ConnectionError,124.38035011291504
1786832954.712773,ERROR:ConnectionError,34.90161895751953
1786832954.716511,ERROR:ConnectionError,45.04752159118652
1786832954.7168484,ERROR:ConnectionError,53.60913276672363
1786832954.7300324,ERROR:ConnectionError,43.33662986755371
1786832954.7213495,ERROR:ConnectionError,58.04753303527832
1786832954.7198365,ERROR:ConnectionError,62.000274658203125
1786832954.73276,ERROR:ConnectionError,51.421403884887695
1786832954.7138965,ERROR:ConnectionError,73.2717514038086
1786832954.7462277,ERROR:ConnectionError,44.770240783691406
1786832954.7476811,ERROR:ConnectionError,51.54848098754883
1786832954.7615693,ERROR:ConnectionError,40.167808532714844
1786832954.7296493,ERROR:ConnectionError,74.15366172790527
1786832954.7704668,ERROR:ConnectionError,34.253597259521484
1786832954.7733784,ERROR:ConnectionError,47.110557556152344
1786832954.7794094,ERROR:ConnectionError,43.56718063354492
1786832954.7841897,ERROR:ConnectionError,48.792362213134766
1786832954.7818477,ERROR:ConnectionError,53.40933799743652
1786832954.7871768,ERROR:ConnectionError,54.63051795959473
1786832954.801744,ERROR:ConnectionError,41.908979415893555
1786832954.799239,ERROR:ConnectionError,46.772003173828125
1786832954.7910082,ERROR:ConnectionError,57.12699890136719
1786832954.8205013,ERROR:ConnectionError,34.02376174926758
1786832954.8038106,ERROR:ConnectionError,51.46503448486328
1786832954.8229854,ERROR:ConnectionError,34.25741195678711
1786832954.8352664,ERROR:ConnectionError,24.045467376708984
1786832954.8436632,ERROR:ConnectionError,22.749900817871094
1786832954.8330705,ERROR:ConnectionError,46.10252380371094
1786832954.8047273,ERROR:ConnectionError,75.38247108459473
1786832954.8418148,ERROR:ConnectionError,38.59090805053711
1786832954.8481421,ERROR:ConnectionError,42.357683181762695
1786832954.8593202,ERROR:ConnectionError,32.859086990356445
1786832954.8552856,ERROR:ConnectionError,39.90364074707031
1786832954.8545344,ERROR:ConnectionError,43.5333251953125
1786832954.8460224,ERROR:ConnectionError,57.276248931884766
1786832954.866422,ERROR:ConnectionError,39.076805114746094
1786832954.8791838,ERROR:ConnectionError,31.184911727905273
1786832954.857249,ERROR:ConnectionError,58.065176010131836
1786832954.892187,ERROR:ConnectionError,36.90791130065918
1786832954.8801153,ERROR:ConnectionError,67.79074668884277
1786832954.8804142,ERROR:ConnectionError,70.45936584472656
1786832954.8952036,ERROR:ConnectionError,57.86395072937012
1786832954.9055068,ERROR:ConnectionError,65.40274620056152
1786832954.910383,ERROR:ConnectionError,63.2936954498291
1786832954.9033089,ERROR:ConnectionError,72.6633071899414
1786832954.9291074,ERROR:ConnectionError,53.91383171081543
1786832954.8905082,ERROR:ConnectionError,100.87418556213379
1786832954.9153254,ERROR:ConnectionError,76.35879516601562
1786832954.898076,ERROR:ConnectionError,98.25491905212402
1786832954.9530764,ERROR:ConnectionError,45.92084884643555
1786832954.9709213,ERROR:ConnectionError,30.627965927124023
1786832954.9480872,ERROR:ConnectionError,53.93815040588379
1786832954.9508822,ERROR:ConnectionError,57.79743194580078
1786832954.9736843,ERROR:ConnectionError,45.20368576049805
1786832954.9759817,ERROR:ConnectionError,90.14701843261719
1786832954.9830313,ERROR:ConnectionError,88.94777297973633
1786832954.9963405,ERROR:ConnectionError,95.62921524047852
1786832954.9916897,ERROR:ConnectionError,103.86919975280762
1786832954.9990091,ERROR:ConnectionError,99.26104545593262
1786832955.0015593,ERROR:ConnectionError,99.13516044616699
1786832955.0086884,ERROR:ConnectionError,102.22625732421875
1786832955.0188963,ERROR:ConnectionError,100.65865516662598
1786832955.0020301,ERROR:ConnectionError,122.28274345397949
1786832954.9913907,ERROR:ConnectionError,135.1320743560791
1786832955.0661464,ERROR:ConnectionError,62.262535095214844
1786832955.0920932,ERROR:ConnectionError,38.48552703857422
1786832955.0719936,ERROR:ConnectionError,63.78626823425293
1786832955.095569,ERROR:ConnectionError,55.478811264038086
1786832955.1109269,ERROR:ConnectionError,40.50254821777344
1786832955.1007032,ERROR:ConnectionError,66.10798835754395
1786832955.0982833,ERROR:ConnectionError,70.73855400085449
1786832955.119565,ERROR:ConnectionError,53.98297309875488
1786832955.1243572,ERROR:ConnectionError,52.3676872253418
1786832955.130589,ERROR:ConnectionError,69.67520713806152
1786832955.135791,ERROR:ConnectionError,66.92385673522949
1786832955.1510582,ERROR:ConnectionError,55.99021911621094
1786832955.1514344,ERROR:ConnectionError,58.12549591064453
1786832955.1690307,ERROR:ConnectionError,49.88360404968262
1786832955.1735632,ERROR:ConnectionError,52.053213119506836
1786832955.1284184,ERROR:ConnectionError,105.14521598815918
1786832955.1265323,ERROR:ConnectionError,107.98811912536621
1786832955.2002752,ERROR:ConnectionError,38.729190826416016
1786832955.1668231,ERROR:ConnectionError,74.1574764251709
1786832955.176735,ERROR:ConnectionError,66.49160385131836
1786832955.2189262,ERROR:ConnectionError,32.714128494262695
1786832955.2095718,ERROR:ConnectionError,44.638872146606445
1786832955.2027247,ERROR:ConnectionError,60.3945255279541
1786832955.207058,ERROR:ConnectionError,64.8047924041748
1786832955.2409873,ERROR:ConnectionError,36.6671085357666
1786832955.2335722,ERROR:ConnectionError,47.81913757324219
1786832955.2390134,ERROR:ConnectionError,43.56694221496582
1786832955.2345266,ERROR:ConnectionError,50.11725425720215
1786832955.2432394,ERROR:ConnectionError,42.23966598510742
1786832955.225627,ERROR:ConnectionError,61.18416786193848
1786832955.251651,ERROR:ConnectionError,50.02284049987793
1786832955.2542193,ERROR:ConnectionError,61.025142669677734
1786832955.2631352,ERROR:ConnectionError,58.25638771057129
1786832955.2718754,ERROR:ConnectionError,72.18122482299805
1786832955.2813995,ERROR:ConnectionError,65.77658653259277
1786832955.28259,ERROR:ConnectionError,71.14315032958984
1786832955.2776713,ERROR:ConnectionError,92.87285804748535
1786832955.3440723,ERROR:ConnectionError,29.369592666625977
1786832955.2854857,ERROR:ConnectionError,88.2425308227539
1786832955.286817,ERROR:ConnectionError,90.3162956237793
1786832955.3016827,ERROR:ConnectionError,79.62560653686523
1786832955.3152509,ERROR:ConnectionError,66.65587425231934
1786832955.2846506,ERROR:ConnectionError,97.54180908203125
1786832955.3214037,ERROR:ConnectionError,66.04528427124023
1786832955.3537447,ERROR:ConnectionError,34.1033935546875
1786832955.3705525,ERROR:ConnectionError,25.1615047454834
1786832955.3471837,ERROR:ConnectionError,53.023338317871094
1786832955.373451,ERROR:ConnectionError,31.822681427001953
1786832955.3737323,ERROR:ConnectionError,40.451765060424805
1786832955.381911,ERROR:ConnectionError,61.9349479675293
1786832955.3813176,ERROR:ConnectionError,73.88639450073242
1786832955.3874562,ERROR:ConnectionError,76.52926445007324
1786832955.3821988,ERROR:ConnectionError,100.11744499206543
1786832955.3878534,ERROR:ConnectionError,101.8226146697998
1786832955.3771443,ERROR:ConnectionError,114.8073673248291
1786832955.4002175,ERROR:ConnectionError,101.81045532226562
1786832955.4141932,ERROR:ConnectionError,92.0560359954834
1786832955.3957217,ERROR:ConnectionError,113.9669418334961
1786832955.4438634,ERROR:ConnectionError,74.14793968200684
1786832955.464014,ERROR:ConnectionError,58.98880958557129
1786832955.4552138,ERROR:ConnectionError,77.19135284423828
1786832955.4052846,ERROR:ConnectionError,140.49458503723145
1786832955.4823265,ERROR:ConnectionError,67.38424301147461
1786832955.4919584,ERROR:ConnectionError,61.586856842041016
1786832955.4896863,ERROR:ConnectionError,92.54097938537598
1786832955.502038,ERROR:ConnectionError,84.17773246765137
1786832955.5457902,ERROR:ConnectionError,51.35178565979004
1786832955.5096982,ERROR:ConnectionError,87.95499801635742
1786832955.506257,ERROR:ConnectionError,94.3448543548584
1786832955.5497274,ERROR:ConnectionError,52.094459533691406
1786832955.5324173,ERROR:ConnectionError,69.7774887084961
1786832955.5230129,ERROR:ConnectionError,79.62846755981445
1786832955.5535545,ERROR:ConnectionError,59.072256088256836
1786832955.586225,ERROR:ConnectionError,38.574934005737305
1786832955.5971534,ERROR:ConnectionError,27.957439422607422
1786832955.5822384,ERROR:ConnectionError,46.1122989654541
1786832955.5180244,ERROR:ConnectionError,117.28286743164062
1786832955.5976603,ERROR:ConnectionError,56.12468719482422
1786832955.602647,ERROR:ConnectionError,53.14898490905762
1786832955.60061,ERROR:ConnectionError,63.530683517456055
1786832955.6126359,ERROR:ConnectionError,55.287837982177734
1786832955.601828,ERROR:ConnectionError,73.64177703857422
1786832955.6251154,ERROR:ConnectionError,59.04698371887207
1786832955.6022,ERROR:ConnectionError,96.10199928283691
1786832955.6248093,ERROR:ConnectionError,75.79421997070312
1786832955.6283584,ERROR:ConnectionError,79.47564125061035
1786832955.6353164,ERROR:ConnectionError,73.4410285949707
1786832955.6558034,ERROR:ConnectionError,62.70265579223633
1786832955.6679351,ERROR:ConnectionError,60.24169921875
1786832955.6537952,ERROR:ConnectionError,74.77927207946777
1786832955.6755059,ERROR:ConnectionError,57.19637870788574
1786832955.6841702,ERROR:ConnectionError,56.405067443847656
1786832955.707842,ERROR:ConnectionError,33.18333625793457
1786832955.6983128,ERROR:ConnectionError,46.532392501831055
1786832955.6641555,ERROR:ConnectionError,81.95877075195312
1786832955.7087853,ERROR:ConnectionError,45.56131362915039
1786832955.7006123,ERROR:ConnectionError,67.83151626586914
1786832955.7285814,ERROR:ConnectionError,42.3126220703125
1786832955.718515,ERROR:ConnectionError,55.762290954589844
1786832955.7410314,ERROR:ConnectionError,54.10647392272949
1786832955.7281873,ERROR:ConnectionError,68.23611259460449
1786832955.7327166,ERROR:ConnectionError,67.02852249145508
1786832955.7684572,ERROR:ConnectionError,38.094520568847656
1786832955.7543561,ERROR:ConnectionError,52.92320251464844
1786832955.770902,ERROR:ConnectionError,37.41455078125
1786832955.7461228,ERROR:ConnectionError,62.42990493774414
1786832955.77429,ERROR:ConnectionError,40.006160736083984
1786832955.744858,ERROR:ConnectionError,69.94152069091797
1786832955.7951524,ERROR:ConnectionError,23.148536682128906
1786832955.7998376,ERROR:ConnectionError,20.43938636779785
1786832955.7964334,ERROR:ConnectionError,25.434255599975586
1786832955.8065631,ERROR:ConnectionError,22.317171096801758
1786832955.8072884,ERROR:ConnectionError,25.28858184814453
1786832955.7405922,ERROR:ConnectionError,95.3984260559082
1786832955.8085558,ERROR:ConnectionError,30.573129653930664
1786832955.808325,ERROR:ConnectionError,40.39931297302246
1786832955.818309,ERROR:ConnectionError,40.3437614440918
1786832955.8218758,ERROR:ConnectionError,51.36752128601074
1786832955.8143053,ERROR:ConnectionError,60.29224395751953
1786832955.8202858,ERROR:ConnectionError,57.19709396362305
1786832955.8325877,ERROR:ConnectionError,47.98555374145508
1786832955.814811,ERROR:ConnectionError,82.60250091552734
1786832955.8288875,ERROR:ConnectionError,76.93958282470703
1786832955.8391385,ERROR:ConnectionError,70.19209861755371
1786832955.8732567,ERROR:ConnectionError,38.73157501220703
1786832955.8774931,ERROR:ConnectionError,34.86824035644531
1786832955.8586607,ERROR:ConnectionError,57.727813720703125
1786832955.8360028,ERROR:ConnectionError,84.77449417114258
1786832955.8746054,ERROR:ConnectionError,50.02880096435547
1786832955.8487506,ERROR:ConnectionError,78.12690734863281
1786832955.8805811,ERROR:ConnectionError,48.85554313659668
1786832955.897431,ERROR:ConnectionError,35.99905967712402
1786832955.9058356,ERROR:ConnectionError,29.642343521118164
1786832955.9093394,ERROR:ConnectionError,26.975154876708984
1786832955.912368,ERROR:ConnectionError,32.753705978393555
1786832955.9120004,ERROR:ConnectionError,34.57784652709961
1786832955.920785,ERROR:ConnectionError,45.17006874084473
1786832955.9354851,ERROR:ConnectionError,37.8570556640625
1786832955.9163961,ERROR:ConnectionError,60.90998649597168
1786832955.9268858,ERROR:ConnectionError,50.672054290771484
1786832955.9246414,ERROR:ConnectionError,53.77793312072754
1786832955.9363196,ERROR:ConnectionError,44.03543472290039
1786832955.946585,ERROR:ConnectionError,39.185523986816406
1786832955.929447,ERROR:ConnectionError,65.1097297668457
1786832955.9334383,ERROR:ConnectionError,61.5234375
1786832955.965968,ERROR:ConnectionError,35.9339714050293
1786832955.9451344,ERROR:ConnectionError,58.38632583618164
1786832955.9733527,ERROR:ConnectionError,43.77579689025879
1786832955.9784262,ERROR:ConnectionError,44.542551040649414
1786832955.9773166,ERROR:ConnectionError,56.755781173706055
1786832955.9775631,ERROR:ConnectionError,58.98141860961914
1786832955.9803612,ERROR:ConnectionError,62.81137466430664
1786832955.9945664,ERROR:ConnectionError,58.52842330932617
1786832955.9949665,ERROR:ConnectionError,60.938119888305664
1786832956.0035264,ERROR:ConnectionError,56.81967735290527
1786832956.0171373,ERROR:ConnectionError,65.95110893249512
1786832956.0019097,ERROR:ConnectionError,81.47716522216797
1786832955.9857793,ERROR:ConnectionError,106.10008239746094
1786832956.022981,ERROR:ConnectionError,88.90461921691895
1786832956.036555,ERROR:ConnectionError,76.53522491455078
1786832956.043182,ERROR:ConnectionError,72.52693176269531
1786832956.0531049,ERROR:ConnectionError,72.63803482055664
1786832956.0559106,ERROR:ConnectionError,77.39996910095215
1786832956.0603573,ERROR:ConnectionError,82.33332633972168
1786832956.083098,ERROR:ConnectionError,62.66522407531738
1786832956.0340843,ERROR:ConnectionError,119.35973167419434
1786832956.083393,ERROR:ConnectionError,70.92475891113281
1786832956.0918903,ERROR:ConnectionError,64.28956985473633
1786832956.1119022,ERROR:ConnectionError,58.028221130371094
1786832956.115719,ERROR:ConnectionError,74.33080673217773
1786832956.1543226,ERROR:ConnectionError,40.91167449951172
1786832956.1426995,ERROR:ConnectionError,52.8256893157959
1786832956.1130977,ERROR:ConnectionError,86.29441261291504
1786832956.1534529,ERROR:ConnectionError,54.761648178100586
1786832956.125752,ERROR:ConnectionError,97.88370132446289
1786832956.195247,ERROR:ConnectionError,31.033992767333984
1786832956.1699414,ERROR:ConnectionError,56.69426918029785
1786832956.156188,ERROR:ConnectionError,76.77936553955078
1786832956.1955302,ERROR:ConnectionError,40.89808464050293
1786832956.1993995,ERROR:ConnectionError,38.43426704406738
1786832956.190059,ERROR:ConnectionError,50.44865608215332
1786832956.2082262,ERROR:ConnectionError,40.085554122924805
1786832956.2266417,ERROR:ConnectionError,43.70474815368652
1786832956.13332,ERROR:ConnectionError,139.512300491333
1786832956.1457717,ERROR:ConnectionError,131.01887702941895
1786832956.2263136,ERROR:ConnectionError,53.31754684448242
1786832956.2236462,ERROR:ConnectionError,56.33354187011719
1786832956.2329803,ERROR:ConnectionError,53.48706245422363
1786832956.2364395,ERROR:ConnectionError,52.59561538696289
1786832956.240517,ERROR:ConnectionError,88.61589431762695
1786832956.248321,ERROR:ConnectionError,83.04715156555176
1786832956.2728417,ERROR:ConnectionError,61.305999755859375
1786832956.2767994,ERROR:ConnectionError,64.08238410949707
1786832956.286537,ERROR:ConnectionError,83.27674865722656
1786832956.2890422,ERROR:ConnectionError,107.48291015625
1786832956.2799847,ERROR:ConnectionError,119.14396286010742
1786832956.331373,ERROR:ConnectionError,68.88389587402344
1786832956.2703586,ERROR:ConnectionError,133.64481925964355
1786832956.3409138,ERROR:ConnectionError,68.30835342407227
1786832956.2378414,ERROR:ConnectionError,172.6391315460205
1786832956.369824,ERROR:ConnectionError,40.814876556396484
1786832956.3291478,ERROR:ConnectionError,84.81669425964355
1786832956.3341575,ERROR:ConnectionError,80.39546012878418
1786832956.279641,ERROR:ConnectionError,144.91629600524902
1786832956.3965342,ERROR:ConnectionError,32.67407417297363
1786832956.3991392,ERROR:ConnectionError,38.099050521850586
1786832956.4002628,ERROR:ConnectionError,50.6746768951416
1786832956.409248,ERROR:ConnectionError,58.69793891906738
1786832956.4106429,ERROR:ConnectionError,62.196969985961914
1786832956.4104846,ERROR:ConnectionError,62.71719932556152
1786832956.4245644,ERROR:ConnectionError,48.85721206665039
1786832956.4372473,ERROR:ConnectionError,37.65225410461426
1786832956.4139743,ERROR:ConnectionError,74.20635223388672
1786832956.4292154,ERROR:ConnectionError,66.42532348632812
1786832956.414558,ERROR:ConnectionError,87.0368480682373
1786832956.4509478,ERROR:ConnectionError,56.62345886230469
1786832956.404013,ERROR:ConnectionError,104.84051704406738
1786832956.488192,ERROR:ConnectionError,25.20275115966797
1786832956.4679549,ERROR:ConnectionError,45.91178894042969
1786832956.5016012,ERROR:ConnectionError,16.99042320251465
1786832956.5075774,ERROR:ConnectionError,13.831377029418945
1786832956.4956512,ERROR:ConnectionError,26.062965393066406
1786832956.4732087,ERROR:ConnectionError,55.31716346740723
1786832956.4728496,ERROR:ConnectionError,56.658267974853516
1786832956.473429,ERROR:ConnectionError,58.76898765563965
1786832956.474907,ERROR:ConnectionError,58.41517448425293
1786832956.5088575,ERROR:ConnectionError,30.74026107788086
1786832956.513403,ERROR:ConnectionError,27.031660079956055
1786832956.5217183,ERROR:ConnectionError,21.126270294189453
1786832956.5186002,ERROR:ConnectionError,29.590129852294922
1786832956.5214171,ERROR:ConnectionError,31.756877899169922
1786832956.533334,ERROR:ConnectionError,20.1568603515625
1786832956.5322123,ERROR:ConnectionError,23.807048797607422
1786832956.5396092,ERROR:ConnectionError,17.76266098022461
1786832956.5404425,ERROR:ConnectionError,17.14634895324707
1786832956.528539,ERROR:ConnectionError,29.190778732299805
1786832956.5138717,ERROR:ConnectionError,44.16179656982422
1786832956.5428553,ERROR:ConnectionError,16.04938507080078
1786832956.5482028,ERROR:ConnectionError,13.871908187866211
1786832956.5295126,ERROR:ConnectionError,37.76097297668457
1786832956.553185,ERROR:ConnectionError,20.05600929260254
1786832956.5534956,ERROR:ConnectionError,22.723674774169922
1786832956.557732,ERROR:ConnectionError,21.190404891967773
1786832956.5575914,ERROR:ConnectionError,24.074077606201172
1786832956.5580387,ERROR:ConnectionError,26.41749382019043
1786832956.5560262,ERROR:ConnectionError,92.77224540710449
1786832956.567282,ERROR:ConnectionError,89.97988700866699
1786832956.5789356,ERROR:ConnectionError,79.05840873718262
1786832956.558912,ERROR:ConnectionError,100.56614875793457
1786832956.5762293,ERROR:ConnectionError,88.06300163269043
1786832956.5816743,ERROR:ConnectionError,83.16326141357422
1786832956.584469,ERROR:ConnectionError,81.26711845397949
1786832956.5620842,ERROR:ConnectionError,103.912353515625
1786832956.557379,ERROR:ConnectionError,118.56436729431152
1786832956.5732493,ERROR:ConnectionError,103.35874557495117
1786832956.6488078,ERROR:ConnectionError,30.290842056274414
1786832956.6579971,ERROR:ConnectionError,96.61531448364258
1786832956.6594827,ERROR:ConnectionError,110.29458045959473
1786832956.6643035,ERROR:ConnectionError,106.40168190002441
1786832956.6759477,ERROR:ConnectionError,106.27007484436035
1786832956.6657412,ERROR:ConnectionError,132.87091255187988
1786832956.6648457,ERROR:ConnectionError,135.725736618042
1786832956.6660016,ERROR:ConnectionError,135.35809516906738
1786832956.6572716,ERROR:ConnectionError,147.16863632202148
1786832956.6766143,ERROR:ConnectionError,128.15046310424805
1786832956.7546194,ERROR:ConnectionError,51.126718521118164
1786832956.7697878,ERROR:ConnectionError,37.97030448913574
1786832956.6791046,ERROR:ConnectionError,132.40528106689453
1786832956.7707098,ERROR:ConnectionError,47.49321937561035
1786832956.7822306,ERROR:ConnectionError,73.40836524963379
1786832956.7986207,ERROR:ConnectionError,62.35194206237793
1786832956.8013659,ERROR:ConnectionError,60.053110122680664
1786832956.8005824,ERROR:ConnectionError,64.8186206817627
1786832956.8057523,ERROR:ConnectionError,64.77642059326172
1786832956.8077662,ERROR:ConnectionError,67.05665588378906
1786832956.8047721,ERROR:ConnectionError,70.38640975952148
1786832956.81152,ERROR:ConnectionError,66.32590293884277
1786832956.8044477,ERROR:ConnectionError,74.09858703613281
1786832956.818216,ERROR:ConnectionError,61.814308166503906
1786832956.8654191,ERROR:ConnectionError,19.83809471130371
1786832956.8609815,ERROR:ConnectionError,35.22825241088867
1786832956.8556478,ERROR:ConnectionError,41.739702224731445
1786832956.861425,ERROR:ConnectionError,42.83642768859863
1786832956.8751638,ERROR:ConnectionError,56.14209175109863
1786832956.877853,ERROR:ConnectionError,55.170536041259766
1786832956.8785534,ERROR:ConnectionError,57.138919830322266
1786832956.8800874,ERROR:ConnectionError,55.9391975402832
1786832956.8705378,ERROR:ConnectionError,66.27464294433594
1786832956.8962245,ERROR:ConnectionError,48.49720001220703
1786832956.904271,ERROR:ConnectionError,42.50764846801758
1786832956.8973963,ERROR:ConnectionError,61.373233795166016
1786832956.8852723,ERROR:ConnectionError,79.57243919372559
1786832956.9313183,ERROR:ConnectionError,41.26381874084473
1786832956.9360297,ERROR:ConnectionError,36.86809539794922
1786832956.9368193,ERROR:ConnectionError,37.039995193481445
1786832956.935698,ERROR:ConnectionError,43.9908504486084
1786832956.944728,ERROR:ConnectionError,35.63284873962402
1786832956.9587772,ERROR:ConnectionError,22.195816040039062
1786832956.9467864,ERROR:ConnectionError,40.479421615600586
1786832956.8748338,ERROR:ConnectionError,118.9734935760498
1786832956.964856,ERROR:ConnectionError,30.898332595825195
1786832956.9809802,ERROR:ConnectionError,269.3328857421875
1786832956.9729018,ERROR:ConnectionError,277.9345512390137
1786832956.9330306,ERROR:ConnectionError,318.1760311126709
1786832956.9796984,ERROR:ConnectionError,271.72327041625977
1786832956.9872773,ERROR:ConnectionError,264.5704746246338
1786832956.9738655,ERROR:ConnectionError,278.2399654388428
1786832956.980367,ERROR:ConnectionError,272.05824851989746
1786832956.972609,ERROR:ConnectionError,282.93704986572266
1786832956.9938166,ERROR:ConnectionError,271.6686725616455
1786832956.9957638,ERROR:ConnectionError,272.42088317871094
1786832957.250353,ERROR:ConnectionError,30.11608123779297
1786832957.252111,ERROR:ConnectionError,33.81776809692383
1786832957.2524314,ERROR:ConnectionError,54.57282066345215
1786832957.2518532,ERROR:ConnectionError,57.457685470581055
1786832957.2514262,ERROR:ConnectionError,61.902761459350586
1786832957.2508433,ERROR:ConnectionError,64.20660018920898
1786832957.265495,ERROR:ConnectionError,62.62636184692383
1786832957.2512121,ERROR:ConnectionError,81.96544647216797
1786832957.2555525,ERROR:ConnectionError,82.98063278198242
1786832957.2681954,ERROR:ConnectionError,73.10652732849121
1786832957.2804787,ERROR:ConnectionError,64.94617462158203
1786832957.309319,ERROR:ConnectionError,45.5174446105957
1786832957.2859366,ERROR:ConnectionError,70.65320014953613
1786832957.307014,ERROR:ConnectionError,55.637359619140625
1786832957.3133404,ERROR:ConnectionError,54.65340614318848
1786832957.328131,ERROR:ConnectionError,46.44203186035156
1786832957.315057,ERROR:ConnectionError,61.50674819946289
1786832957.3385427,ERROR:ConnectionError,49.00050163269043
1786832957.3331978,ERROR:ConnectionError,55.37295341491699
1786832957.3413124,ERROR:ConnectionError,51.17440223693848
1786832957.3548472,ERROR:ConnectionError,55.0379753112793
1786832957.345433,ERROR:ConnectionError,92.35143661499023
1786832957.356598,ERROR:ConnectionError,83.34159851074219
1786832957.3680024,ERROR:ConnectionError,92.26608276367188
1786832957.3745844,ERROR:ConnectionError,86.44795417785645
1786832957.3924918,ERROR:ConnectionError,73.50611686706543
1786832957.3875551,ERROR:ConnectionError,80.87944984436035
1786832957.3765705,ERROR:ConnectionError,92.88644790649414
1786832957.4098928,ERROR:ConnectionError,64.30745124816895
1786832957.4377992,ERROR:ConnectionError,48.51198196411133
1786832957.4399467,ERROR:ConnectionError,46.84591293334961
1786832957.4602757,ERROR:ConnectionError,34.950971603393555
1786832957.4660125,ERROR:ConnectionError,36.1325740814209
1786832957.3626666,ERROR:ConnectionError,139.82152938842773
1786832957.461036,ERROR:ConnectionError,41.6560173034668
1786832957.486321,ERROR:ConnectionError,22.713422775268555
1786832957.388577,ERROR:ConnectionError,120.68605422973633
1786832957.4742515,ERROR:ConnectionError,35.28189659118652
1786832957.4694629,ERROR:ConnectionError,41.074275970458984
1786832957.4684403,ERROR:ConnectionError,45.084476470947266
1786832957.4952326,ERROR:ConnectionError,20.142078399658203
1786832957.4867985,ERROR:ConnectionError,29.791593551635742
1786832957.5026968,ERROR:ConnectionError,48.06041717529297
1786832957.5021553,ERROR:ConnectionError,48.97904396057129
1786832957.5090413,ERROR:ConnectionError,53.59625816345215
1786832957.502494,ERROR:ConnectionError,60.526371002197266
1786832957.5092661,ERROR:ConnectionError,56.27298355102539
1786832957.5105405,ERROR:ConnectionError,56.54335021972656
1786832957.5095372,ERROR:ConnectionError,67.7633285522461
1786832957.5135307,ERROR:ConnectionError,64.05496597290039
1786832957.55114,ERROR:ConnectionError,27.316570281982422
1786832957.515382,ERROR:ConnectionError,65.57869911193848
1786832957.516596,ERROR:ConnectionError,67.47102737426758
1786832957.5507717,ERROR:ConnectionError,34.8665714263916
1786832957.5626502,ERROR:ConnectionError,27.0535945892334
1786832957.5630507,ERROR:ConnectionError,30.68709373474121
1786832957.565546,ERROR:ConnectionError,29.954195022583008
1786832957.577311,ERROR:ConnectionError,20.763158798217773
1786832957.5670893,ERROR:ConnectionError,33.17427635192871
1786832957.5775902,ERROR:ConnectionError,24.87635612487793
1786832957.5809684,ERROR:ConnectionError,25.536775588989258
1786832957.5840874,ERROR:ConnectionError,35.39323806762695
1786832957.585647,ERROR:ConnectionError,35.13455390930176
1786832957.5784607,ERROR:ConnectionError,48.362016677856445
1786832957.5897126,ERROR:ConnectionError,37.29534149169922
1786832957.5955071,ERROR:ConnectionError,53.27486991882324
1786832957.600272,ERROR:ConnectionError,52.950143814086914
1786832957.5937474,ERROR:ConnectionError,60.06336212158203
1786832957.6024745,ERROR:ConnectionError,57.77096748352051
1786832957.619492,ERROR:ConnectionError,41.88275337219238
1786832957.598083,ERROR:ConnectionError,63.425540924072266
1786832957.6065104,ERROR:ConnectionError,55.13501167297363
1786832957.6270106,ERROR:ConnectionError,35.51149368286133
1786832957.6268282,ERROR:ConnectionError,43.48111152648926
1786832957.6207871,ERROR:ConnectionError,52.40273475646973
1786832957.6538172,ERROR:ConnectionError,26.895999908447266
1786832957.6602504,ERROR:ConnectionError,27.616024017333984
1786832957.6532333,ERROR:ConnectionError,39.11447525024414
1786832957.6616478,ERROR:ConnectionError,38.042545318603516
1786832957.6625261,ERROR:ConnectionError,44.603824615478516
1786832957.670318,ERROR:ConnectionError,49.09920692443848
1786832957.6613789,ERROR:ConnectionError,58.321475982666016
1786832957.6731977,ERROR:ConnectionError,57.99388885498047
1786832957.6615112,ERROR:ConnectionError,70.53089141845703
1786832957.680728,ERROR:ConnectionError,56.737661361694336
1786832957.6923528,ERROR:ConnectionError,46.22817039489746
1786832957.7071388,ERROR:ConnectionError,34.42788124084473
1786832957.6996975,ERROR:ConnectionError,49.727678298950195
1786832957.6487908,ERROR:ConnectionError,101.00507736206055
1786832957.6878774,ERROR:ConnectionError,63.500404357910156
1786832957.719427,ERROR:ConnectionError,37.17541694641113
1786832957.731199,ERROR:ConnectionError,26.631593704223633
1786832957.719704,ERROR:ConnectionError,38.39564323425293
1786832957.737474,ERROR:ConnectionError,23.39482307434082
1786832957.7494416,ERROR:ConnectionError,13.533830642700195
1786832957.7498002,ERROR:ConnectionError,14.039754867553711
1786832957.7385845,ERROR:ConnectionError,26.207685470581055
1786832957.7320466,ERROR:ConnectionError,38.62905502319336
1786832957.741579,ERROR:ConnectionError,30.400991439819336
1786832957.751382,ERROR:ConnectionError,28.349637985229492
1786832957.7581053,ERROR:ConnectionError,31.34441375732422
1786832957.7578392,ERROR:ConnectionError,31.981468200683594
1786832957.756612,ERROR:ConnectionError,46.091556549072266
1786832957.7629838,ERROR:ConnectionError,89.10942077636719
1786832957.7647986,ERROR:ConnectionError,95.05009651184082
1786832957.7638524,ERROR:ConnectionError,96.75383567810059
1786832957.7706857,ERROR:ConnectionError,103.90257835388184
1786832957.7894595,ERROR:ConnectionError,86.29107475280762
1786832957.7608757,ERROR:ConnectionError,117.52653121948242
1786832957.7719865,ERROR:ConnectionError,115.39864540100098
1786832957.7797954,ERROR:ConnectionError,110.3353500366211
1786832957.7898257,ERROR:ConnectionError,104.1405200958252
1786832957.878408,ERROR:ConnectionError,46.26893997192383
1786832957.8757603,ERROR:ConnectionError,52.033185958862305
1786832957.86061,ERROR:ConnectionError,75.31523704528809
1786832957.8598566,ERROR:ConnectionError,90.29269218444824
1786832957.89014,ERROR:ConnectionError,63.7211799621582
1786832957.8521004,ERROR:ConnectionError,111.97948455810547
1786832957.8939729,ERROR:ConnectionError,70.5254077911377
1786832957.8027139,ERROR:ConnectionError,174.96299743652344
1786832957.9246867,ERROR:ConnectionError,62.33811378479004
1786832957.935935,ERROR:ConnectionError,51.35226249694824
1786832957.9278016,ERROR:ConnectionError,60.38856506347656
1786832957.8873932,ERROR:ConnectionError,103.9729118347168
1786832957.874602,ERROR:ConnectionError,118.71647834777832
1786832957.9501688,ERROR:ConnectionError,48.47121238708496
1786832957.9776866,ERROR:ConnectionError,26.110410690307617
1786832957.9538698,ERROR:ConnectionError,50.36807060241699
1786832957.9640925,ERROR:ConnectionError,40.44508934020996
1786832957.9645054,ERROR:ConnectionError,40.268659591674805
1786832957.987292,ERROR:ConnectionError,25.78115463256836
1786832957.9870346,ERROR:ConnectionError,41.710853576660156
1786832957.9913728,ERROR:ConnectionError,62.428951263427734
1786832957.9881933,ERROR:ConnectionError,72.4492073059082
1786832957.9986503,ERROR:ConnectionError,77.83102989196777
1786832958.0045428,ERROR:ConnectionError,78.399658203125
1786832957.993324,ERROR:ConnectionError,98.07896614074707
1786832958.004245,ERROR:ConnectionError,87.61262893676758
1786832958.003806,ERROR:ConnectionError,89.13040161132812
1786832958.0047781,ERROR:ConnectionError,89.4780158996582
1786832958.0538125,ERROR:ConnectionError,61.91825866699219
1786832958.0287547,ERROR:ConnectionError,92.67258644104004
1786832958.0606515,ERROR:ConnectionError,61.05685234069824
1786832958.0130832,ERROR:ConnectionError,111.30046844482422
1786832958.0764897,ERROR:ConnectionError,49.817562103271484
1786832958.082952,ERROR:ConnectionError,48.72584342956543
1786832958.0914166,ERROR:ConnectionError,43.248653411865234
1786832958.0918639,ERROR:ConnectionError,53.6041259765625
1786832958.092942,ERROR:ConnectionError,57.01470375061035
1786832958.115741,ERROR:ConnectionError,46.1118221282959
1786832958.0942595,ERROR:ConnectionError,68.8319206237793
1786832958.1214387,ERROR:ConnectionError,43.91884803771973
1786832958.1263156,ERROR:ConnectionError,47.93715476989746
1786832958.1217134,ERROR:ConnectionError,52.79994010925293
1786832958.1454763,ERROR:ConnectionError,39.5207405090332
1786832958.1499636,ERROR:ConnectionError,35.46476364135742
1786832958.1243942,ERROR:ConnectionError,62.73245811462402
1786832958.1316867,ERROR:ConnectionError,57.482004165649414
1786832958.1618636,ERROR:ConnectionError,29.221057891845703
1786832958.1346724,ERROR:ConnectionError,58.81834030151367
1786832958.165364,ERROR:ConnectionError,44.12102699279785
1786832958.1630974,ERROR:ConnectionError,46.6310977935791
1786832958.1742623,ERROR:ConnectionError,51.26476287841797
1786832958.1871328,ERROR:ConnectionError,70.03450393676758
1786832958.185434,ERROR:ConnectionError,72.05533981323242
1786832958.189175,ERROR:ConnectionError,70.82986831665039
1786832958.1911166,ERROR:ConnectionError,70.82748413085938
1786832958.174519,ERROR:ConnectionError,88.36579322814941
1786832958.2094934,ERROR:ConnectionError,56.7774772644043
1786832958.2255363,ERROR:ConnectionError,41.486501693725586
1786832958.185052,ERROR:ConnectionError,82.37862586975098
1786832958.2097316,ERROR:ConnectionError,58.63356590270996
1786832958.193502,ERROR:ConnectionError,78.05705070495605
1786832958.2600143,ERROR:ConnectionError,18.36562156677246
1786832958.2574947,ERROR:ConnectionError,25.832176208496094
1786832958.2571776,ERROR:ConnectionError,27.060985565185547
1786832958.262891,ERROR:ConnectionError,26.596546173095703
1786832958.2674356,ERROR:ConnectionError,24.390697479248047
1786832958.2715693,ERROR:ConnectionError,24.276018142700195
1786832958.2670293,ERROR:ConnectionError,29.89792823791504
1786832958.2842433,ERROR:ConnectionError,14.307975769042969
1786832958.2662776,ERROR:ConnectionError,33.19811820983887
1786832958.2619517,ERROR:ConnectionError,43.346405029296875
1786832958.2683709,ERROR:ConnectionError,38.38634490966797
1786832958.2833366,ERROR:ConnectionError,24.777650833129883
1786832958.2783883,ERROR:ConnectionError,32.733917236328125
1786832958.2918348,ERROR:ConnectionError,23.018360137939453
1786832958.2895007,ERROR:ConnectionError,25.746822357177734
1786832958.295858,ERROR:ConnectionError,29.731035232543945
1786832958.296935,ERROR:ConnectionError,54.68034744262695
1786832958.305307,ERROR:ConnectionError,52.1082878112793
1786832958.3067653,ERROR:ConnectionError,53.30467224121094
1786832958.3152528,ERROR:ConnectionError,46.12445831298828
1786832958.2994828,ERROR:ConnectionError,64.0871524810791
1786832958.3081188,ERROR:ConnectionError,57.10315704345703
1786832958.2985587,ERROR:ConnectionError,68.65930557250977
1786832958.3111303,ERROR:ConnectionError,57.14154243469238
1786832958.3516288,ERROR:ConnectionError,18.115520477294922
1786832958.31486,ERROR:ConnectionError,55.53245544433594
1786832958.3255959,ERROR:ConnectionError,47.44267463684082
1786832958.3574235,ERROR:ConnectionError,20.796775817871094
1786832958.360081,ERROR:ConnectionError,20.127058029174805
1786832958.3613842,ERROR:ConnectionError,28.557777404785156
1786832958.3635776,ERROR:ConnectionError,38.95998001098633
1786832958.3672256,ERROR:ConnectionError,37.421464920043945
1786832958.3652341,ERROR:ConnectionError,43.12491416931152
1786832958.3730457,ERROR:ConnectionError,35.61878204345703
1786832958.3682847,ERROR:ConnectionError,47.82414436340332
1786832958.3697515,ERROR:ConnectionError,48.28524589538574
1786832958.3703978,ERROR:ConnectionError,54.46362495422363
1786832958.3802154,ERROR:ConnectionError,66.4064884185791
1786832958.3782277,ERROR:ConnectionError,69.44942474365234
1786832958.389958,ERROR:ConnectionError,65.07158279418945
1786832958.4025476,ERROR:ConnectionError,54.26192283630371
1786832958.4046578,ERROR:ConnectionError,72.1580982208252
1786832958.4083688,ERROR:ConnectionError,85.88099479675293
1786832958.4086692,ERROR:ConnectionError,85.84117889404297
1786832958.4161172,ERROR:ConnectionError,79.41150665283203
1786832958.4180427,ERROR:ConnectionError,90.7297134399414
1786832958.4248714,ERROR:ConnectionError,85.38961410522461
1786832958.4466314,ERROR:ConnectionError,74.81789588928223
1786832958.4550397,ERROR:ConnectionError,72.27945327758789
1786832958.4476855,ERROR:ConnectionError,86.0605239868164
1786832958.4568162,ERROR:ConnectionError,87.0218276977539
1786832958.476826,ERROR:ConnectionError,67.2144889831543
1786832958.494514,ERROR:ConnectionError,64.05138969421387
1786832958.4942586,ERROR:ConnectionError,78.89199256896973
1786832958.495532,ERROR:ConnectionError,86.86590194702148
1786832958.5087855,ERROR:ConnectionError,74.40328598022461
1786832958.5102668,ERROR:ConnectionError,74.39351081848145
1786832958.521455,ERROR:ConnectionError,72.38435745239258
1786832958.5337584,ERROR:ConnectionError,61.38134002685547
1786832958.527329,ERROR:ConnectionError,78.71723175048828
1786832958.5440435,ERROR:ConnectionError,79.03170585632324
1786832958.5831969,ERROR:ConnectionError,41.99624061584473
1786832958.5585768,ERROR:ConnectionError,66.88976287841797
1786832958.584667,ERROR:ConnectionError,42.27018356323242
1786832958.5731626,ERROR:ConnectionError,56.56075477600098
1786832958.5438445,ERROR:ConnectionError,87.22758293151855
1786832958.5938447,ERROR:ConnectionError,40.00520706176758
1786832958.5824103,ERROR:ConnectionError,51.91159248352051
1786832958.5951447,ERROR:ConnectionError,44.05975341796875
1786832958.60606,ERROR:ConnectionError,34.28936004638672
1786832958.6230855,ERROR:ConnectionError,17.855405807495117
1786832958.6254725,ERROR:ConnectionError,20.75958251953125
1786832958.6252003,ERROR:ConnectionError,22.064685821533203
1786832958.6269414,ERROR:ConnectionError,22.13454246520996
1786832958.6297295,ERROR:ConnectionError,22.4454402923584
1786832958.633857,ERROR:ConnectionError,39.06989097595215
1786832958.6343281,ERROR:ConnectionError,45.76754570007324
1786832958.6310787,ERROR:ConnectionError,50.30322074890137
1786832958.6409483,ERROR:ConnectionError,43.25389862060547
1786832958.6403549,ERROR:ConnectionError,44.16203498840332
1786832958.6462424,ERROR:ConnectionError,48.25329780578613
1786832958.6472714,ERROR:ConnectionError,47.55401611328125
1786832958.6392114,ERROR:ConnectionError,62.38698959350586
1786832958.6490824,ERROR:ConnectionError,56.92791938781738
1786832958.6521852,ERROR:ConnectionError,54.076194763183594
1786832958.68139,ERROR:ConnectionError,39.67714309692383
1786832958.6845224,ERROR:ConnectionError,37.5056266784668
1786832958.6729329,ERROR:ConnectionError,60.60624122619629
1786832958.680106,ERROR:ConnectionError,53.80535125732422
1786832958.6842115,ERROR:ConnectionError,59.80253219604492
1786832958.7016146,ERROR:ConnectionError,47.142744064331055
1786832958.7062678,ERROR:ConnectionError,45.08161544799805
1786832958.7220342,ERROR:ConnectionError,32.16695785522461
1786832958.7003295,ERROR:ConnectionError,56.06412887573242
1786832958.721078,ERROR:ConnectionError,35.6287956237793
1786832958.6945066,ERROR:ConnectionError,62.53194808959961
1786832958.7060177,ERROR:ConnectionError,54.32629585266113
1786832958.73355,ERROR:ConnectionError,41.554927825927734
1786832958.7440205,ERROR:ConnectionError,31.473636627197266
1786832958.7339165,ERROR:ConnectionError,48.156023025512695
1786832958.75421,ERROR:ConnectionError,31.04710578918457
1786832958.751364,ERROR:ConnectionError,34.17325019836426
1786832958.7564006,ERROR:ConnectionError,47.29032516479492
1786832958.7567158,ERROR:ConnectionError,47.934770584106445
1786832958.7487693,ERROR:ConnectionError,56.25319480895996
1786832958.757043,ERROR:ConnectionError,49.24297332763672
1786832958.7755003,ERROR:ConnectionError,39.144277572631836
1786832958.7751167,ERROR:ConnectionError,47.028541564941406
1786832958.782085,ERROR:ConnectionError,41.93472862243652
1786832958.7603498,ERROR:ConnectionError,68.29428672790527
1786832958.7852654,ERROR:ConnectionError,43.86615753173828
1786832958.7855468,ERROR:ConnectionError,45.07279396057129
1786832958.8050277,ERROR:ConnectionError,43.099164962768555
1786832958.806292,ERROR:ConnectionError,42.12641716003418
1786832958.8046587,ERROR:ConnectionError,56.9000244140625
1786832958.803701,ERROR:ConnectionError,62.837839126586914
1786832958.8146586,ERROR:ConnectionError,90.4395580291748
1786832958.8291361,ERROR:ConnectionError,130.92494010925293
1786832958.8221524,ERROR:ConnectionError,146.58761024475098
1786832958.824027,ERROR:ConnectionError,150.9835720062256
1786832958.8481348,ERROR:ConnectionError,127.99859046936035
1786832958.861564,ERROR:ConnectionError,121.01221084594727
1786832958.8306236,ERROR:ConnectionError,160.5052947998047
1786832958.8665483,ERROR:ConnectionError,139.40048217773438
1786832958.9051085,ERROR:ConnectionError,104.31337356567383
1786832958.975037,ERROR:ConnectionError,40.94696044921875
1786832958.9687493,ERROR:ConnectionError,47.6839542388916
1786832958.9600713,ERROR:ConnectionError,61.079978942871094
1786832958.976139,ERROR:ConnectionError,47.79863357543945
1786832958.982589,ERROR:ConnectionError,48.40660095214844
1786832959.0164385,ERROR:ConnectionError,17.579317092895508
1786832959.0094292,ERROR:ConnectionError,35.576581954956055
1786832958.9911394,ERROR:ConnectionError,54.16393280029297
1786832958.8484223,ERROR:ConnectionError,199.58066940307617
1786832959.0159974,ERROR:ConnectionError,32.28592872619629
1786832959.0059578,ERROR:ConnectionError,45.79782485961914
1786832958.8286529,ERROR:ConnectionError,228.92045974731445
1786832959.0211601,ERROR:ConnectionError,39.18027877807617
1786832959.023947,ERROR:ConnectionError,48.57325553894043
1786832959.045013,ERROR:ConnectionError,39.49546813964844
1786832959.0310104,ERROR:ConnectionError,53.95936965942383
1786832959.0340257,ERROR:ConnectionError,59.07559394836426
1786832959.0517652,ERROR:ConnectionError,47.443389892578125
1786832959.0482883,ERROR:ConnectionError,53.678274154663086
1786832959.0480099,ERROR:ConnectionError,54.448843002319336
1786832959.0453103,ERROR:ConnectionError,63.6136531829834
1786832959.0992203,ERROR:ConnectionError,41.8856143951416
1786832959.0603495,ERROR:ConnectionError,81.0699462890625
1786832959.0575807,ERROR:ConnectionError,86.51566505432129
1786832959.084977,ERROR:ConnectionError,61.04135513305664
1786832959.0845249,ERROR:ConnectionError,62.48664855957031
1786832959.1024668,ERROR:ConnectionError,48.310279846191406
1786832959.0931113,ERROR:ConnectionError,58.01868438720703
1786832959.0725293,ERROR:ConnectionError,78.85289192199707
1786832959.108932,ERROR:ConnectionError,49.225807189941406
1786832959.1411173,ERROR:ConnectionError,21.19755744934082
1786832959.101984,ERROR:ConnectionError,71.08497619628906
1786832959.1414237,ERROR:ConnectionError,38.72323036193848
1786832959.1440995,ERROR:ConnectionError,42.82689094543457
1786832959.1470175,ERROR:ConnectionError,49.761056900024414
1786832959.1460261,ERROR:ConnectionError,56.009531021118164
1786832959.1511352,ERROR:ConnectionError,68.8788890838623
1786832959.150785,ERROR:ConnectionError,106.09745979309082
1786832959.1513863,ERROR:ConnectionError,145.30205726623535
1786832959.1581666,ERROR:ConnectionError,138.81802558898926
1786832959.1623201,ERROR:ConnectionError,135.8480453491211
1786832959.173079,ERROR:ConnectionError,129.24528121948242
1786832959.1801558,ERROR:ConnectionError,131.06107711791992
1786832959.1869419,ERROR:ConnectionError,124.71961975097656
1786832959.2020526,ERROR:ConnectionError,122.02072143554688
1786832959.2200341,ERROR:ConnectionError,106.10175132751465
1786832959.311668,ERROR:ConnectionError,31.472444534301758
1786832959.296698,ERROR:ConnectionError,46.775102615356445
1786832959.1967833,ERROR:ConnectionError,154.57558631896973
1786832959.2981725,ERROR:ConnectionError,54.21638488769531
1786832959.256893,ERROR:ConnectionError,97.07236289978027
1786832959.296988,ERROR:ConnectionError,60.20951271057129
1786832959.3112288,ERROR:ConnectionError,47.21808433532715
1786832959.302331,ERROR:ConnectionError,69.24915313720703
1786832959.324083,ERROR:ConnectionError,54.915428161621094
1786832959.3715937,ERROR:ConnectionError,31.801939010620117
1786832959.3572066,ERROR:ConnectionError,48.62260818481445
1786832959.3434787,ERROR:ConnectionError,66.17522239685059
1786832959.3584535,ERROR:ConnectionError,53.51519584655762
1786832959.3539724,ERROR:ConnectionError,59.45849418640137
1786832959.3790066,ERROR:ConnectionError,35.25876998901367
1786832959.3431485,ERROR:ConnectionError,72.59321212768555
1786832959.3513696,ERROR:ConnectionError,66.51663780212402
1786832959.326146,ERROR:ConnectionError,93.5678482055664
1786832959.3523939,ERROR:ConnectionError,68.58539581298828
1786832959.4034061,ERROR:ConnectionError,28.990745544433594
1786832959.4058347,ERROR:ConnectionError,32.43517875671387
1786832959.4096594,ERROR:ConnectionError,28.84960174560547
1786832959.4119747,ERROR:ConnectionError,26.711463928222656
1786832959.41427,ERROR:ConnectionError,58.34507942199707
1786832959.4134386,ERROR:ConnectionError,64.44978713989258
1786832959.419719,ERROR:ConnectionError,64.17346000671387
1786832959.417897,ERROR:ConnectionError,70.62578201293945
1786832959.4209836,ERROR:ConnectionError,70.66917419433594
1786832959.4324036,ERROR:ConnectionError,64.3763542175293
1786832959.4157505,ERROR:ConnectionError,82.3206901550293
1786832959.4385135,ERROR:ConnectionError,85.40225028991699
1786832959.4386892,ERROR:ConnectionError,86.86161041259766
1786832959.488527,ERROR:ConnectionError,38.01989555358887
1786832959.438277,ERROR:ConnectionError,88.72628211975098
1786832959.4839027,ERROR:ConnectionError,45.02701759338379
1786832959.4778929,ERROR:ConnectionError,52.08158493041992
1786832959.49679,ERROR:ConnectionError,38.28620910644531
1786832959.491662,ERROR:ConnectionError,44.47054862976074
1786832959.5239234,ERROR:ConnectionError,12.491226196289062
1786832959.4726233,ERROR:ConnectionError,81.22563362121582
1786832959.5270088,ERROR:ConnectionError,31.25
1786832959.4980772,ERROR:ConnectionError,67.33036041259766
1786832959.5289345,ERROR:ConnectionError,36.780357360839844
1786832959.5255575,ERROR:ConnectionError,42.81282424926758
1786832959.5299802,ERROR:ConnectionError,38.561344146728516
1786832959.526553,ERROR:ConnectionError,45.81499099731445
1786832959.5361376,ERROR:ConnectionError,50.832509994506836
1786832959.5350845,ERROR:ConnectionError,71.65670394897461
1786832959.5654173,ERROR:ConnectionError,44.21114921569824
1786832959.568544,ERROR:ConnectionError,45.4106330871582
1786832959.5583065,ERROR:ConnectionError,58.0441951751709
1786832959.536419,ERROR:ConnectionError,80.18803596496582
1786832959.5657198,ERROR:ConnectionError,55.23538589477539
1786832959.5869772,ERROR:ConnectionError,39.50190544128418
1786832959.6067479,ERROR:ConnectionError,19.945144653320312
1786832959.568376,ERROR:ConnectionError,60.24670600891113
1786832959.5538578,ERROR:ConnectionError,75.75392723083496
1786832959.572372,ERROR:ConnectionError,61.09023094177246
1786832959.609633,ERROR:ConnectionError,32.08756446838379
1786832959.6163585,ERROR:ConnectionError,31.6770076751709
1786832959.6139636,ERROR:ConnectionError,36.428213119506836
1786832959.6166115,ERROR:ConnectionError,44.74306106567383
1786832959.6209636,ERROR:ConnectionError,48.0802059173584
1786832959.6264834,ERROR:ConnectionError,49.088239669799805
1786832959.6266985,ERROR:ConnectionError,56.16044998168945
1786832959.629615,ERROR:ConnectionError,55.310964584350586
1786832959.6334703,ERROR:ConnectionError,56.29611015319824
1786832959.6480806,ERROR:ConnectionError,48.613786697387695
1786832959.6417253,ERROR:ConnectionError,56.30159378051758
1786832959.6504018,ERROR:ConnectionError,59.153079986572266
1786832959.6690588,ERROR:ConnectionError,47.91426658630371
1786832959.6613624,ERROR:ConnectionError,57.41095542907715
1786832959.6286278,ERROR:ConnectionError,94.48504447937012
1786832959.6755774,ERROR:ConnectionError,49.87621307373047
1786832959.6849325,ERROR:ConnectionError,44.355154037475586
1786832959.709563,ERROR:ConnectionError,20.931005477905273
1786832959.6897714,ERROR:ConnectionError,42.35386848449707
1786832959.696699,ERROR:ConnectionError,36.21315956115723
1786832959.6980333,ERROR:ConnectionError,39.27755355834961
1786832959.7169876,ERROR:ConnectionError,35.91632843017578
1786832959.7187827,ERROR:ConnectionError,34.93142127990723
1786832959.6828678,ERROR:ConnectionError,74.23973083496094
1786832959.7254574,ERROR:ConnectionError,39.73555564880371
1786832959.723117,ERROR:ConnectionError,48.51102828979492
1786832959.7329173,ERROR:ConnectionError,45.469045639038086
1786832959.7373195,ERROR:ConnectionError,47.98388481140137
1786832959.7304997,ERROR:ConnectionError,56.238651275634766
1786832959.7537177,ERROR:ConnectionError,33.18381309509277
1786832959.7529106,ERROR:ConnectionError,34.48772430419922
1786832959.7321346,ERROR:ConnectionError,56.16140365600586
1786832959.7292945,ERROR:ConnectionError,61.86199188232422
1786832959.7571154,ERROR:ConnectionError,47.676801681518555
1786832959.7652028,ERROR:ConnectionError,48.459768295288086
1786832959.7869046,ERROR:ConnectionError,72.40509986877441
1786832959.7853193,ERROR:ConnectionError,78.80377769470215
1786832959.7867444,ERROR:ConnectionError,78.94563674926758
1786832959.8047981,ERROR:ConnectionError,64.85104560852051
1786832959.7911634,ERROR:ConnectionError,83.91237258911133
1786832959.7716389,ERROR:ConnectionError,103.84869575500488
1786832959.8136668,ERROR:ConnectionError,66.82229042053223
1786832959.8593206,ERROR:ConnectionError,21.395206451416016
1786832959.865697,ERROR:ConnectionError,17.359018325805664
1786832959.7882988,ERROR:ConnectionError,97.93853759765625
1786832959.8641307,ERROR:ConnectionError,23.85425567626953
1786832959.8696654,ERROR:ConnectionError,18.80931854248047
1786832959.7783952,ERROR:ConnectionError,113.47579956054688
1786832959.8750834,ERROR:ConnectionError,26.014328002929688
1786832959.7874017,ERROR:ConnectionError,116.68872833251953
1786832959.875492,ERROR:ConnectionError,33.67471694946289
1786832959.8807218,ERROR:ConnectionError,28.722286224365234
1786832959.880495,ERROR:ConnectionError,30.834674835205078
1786832959.8830633,ERROR:ConnectionError,34.39164161682129
1786832959.8862448,ERROR:ConnectionError,40.372371673583984
1786832959.8884802,ERROR:ConnectionError,40.19927978515625
1786832959.8918777,ERROR:ConnectionError,38.51962089538574
1786832959.9011126,ERROR:ConnectionError,32.58514404296875
1786832959.9041042,ERROR:ConnectionError,29.84333038330078
1786832959.909449,ERROR:ConnectionError,30.64441680908203
1786832959.9174633,ERROR:ConnectionError,23.784160614013672
1786832959.9266255,ERROR:ConnectionError,15.106678009033203
1786832959.9091742,ERROR:ConnectionError,32.974958419799805
1786832959.8880439,ERROR:ConnectionError,55.25851249694824
1786832959.928686,ERROR:ConnectionError,19.98424530029297
1786832959.9113371,ERROR:ConnectionError,37.64605522155762
1786832959.9401007,ERROR:ConnectionError,25.215625762939453
1786832959.9339924,ERROR:ConnectionError,33.74052047729492
1786832959.9337044,ERROR:ConnectionError,34.30962562561035
1786832959.9433084,ERROR:ConnectionError,28.014183044433594
1786832959.9412563,ERROR:ConnectionError,30.994653701782227
1786832959.9304023,ERROR:ConnectionError,42.26255416870117
1786832959.948677,ERROR:ConnectionError,24.35898780822754
1786832959.9417372,ERROR:ConnectionError,33.278465270996094
1786832959.9421544,ERROR:ConnectionError,39.1845703125
1786832959.9653256,ERROR:ConnectionError,18.712282180786133
1786832959.9680183,ERROR:ConnectionError,17.170429229736328
1786832959.9489892,ERROR:ConnectionError,37.42814064025879
1786832959.967741,ERROR:ConnectionError,20.501375198364258
1786832959.9722576,ERROR:ConnectionError,24.332284927368164
1786832959.9713292,ERROR:ConnectionError,25.558948516845703
1786832959.975022,ERROR:ConnectionError,37.02545166015625
1786832959.97304,ERROR:ConnectionError,39.923906326293945
1786832959.9726696,ERROR:ConnectionError,46.282052993774414
1786832959.9840455,ERROR:ConnectionError,38.06138038635254
1786832959.9851944,ERROR:ConnectionError,37.13560104370117
1786832959.9813466,ERROR:ConnectionError,43.01118850708008
1786832959.9882488,ERROR:ConnectionError,47.06525802612305
1786832959.9968948,ERROR:ConnectionError,39.42418098449707
1786832959.9864333,ERROR:ConnectionError,54.488182067871094
1786832960.0129695,ERROR:ConnectionError,28.418302536010742
1786832959.9965987,ERROR:ConnectionError,46.12231254577637
1786832960.0189588,ERROR:ConnectionError,38.69891166687012
1786832960.0120564,ERROR:ConnectionError,47.51944541931152
1786832960.0223427,ERROR:ConnectionError,37.51730918884277
1786832960.0221126,ERROR:ConnectionError,50.06051063537598
1786832960.024363,ERROR:ConnectionError,49.85785484313965
1786832960.036327,ERROR:ConnectionError,48.830270767211914
1786832960.0353248,ERROR:ConnectionError,55.80019950866699
1786832960.0409293,ERROR:ConnectionError,61.91658973693848
1786832960.0595818,ERROR:ConnectionError,45.45187950134277
1786832960.0576642,ERROR:ConnectionError,47.65605926513672
1786832960.042726,ERROR:ConnectionError,65.43397903442383
1786832960.0413935,ERROR:ConnectionError,67.0166015625
1786832960.0851667,ERROR:ConnectionError,24.996280670166016
1786832960.0721812,ERROR:ConnectionError,38.8798713684082
1786832960.0598636,ERROR:ConnectionError,53.19643020629883
1786832960.074227,ERROR:ConnectionError,42.33050346374512
1786832960.0911338,ERROR:ConnectionError,28.4121036529541
1786832960.1028554,ERROR:ConnectionError,30.609607696533203
1786832960.1053247,ERROR:ConnectionError,34.41309928894043
1786832960.1050425,ERROR:ConnectionError,54.48722839355469
1786832960.108167,ERROR:ConnectionError,53.551673889160156
1786832960.1110663,ERROR:ConnectionError,50.971269607543945
1786832960.1084146,ERROR:ConnectionError,55.22942543029785
1786832960.1101694,ERROR:ConnectionError,64.50581550598145
1786832960.1334724,ERROR:ConnectionError,48.41494560241699
1786832960.1165655,ERROR:ConnectionError,71.26545906066895
1786832960.119553,ERROR:ConnectionError,70.50251960754395
1786832960.1130664,ERROR:ConnectionError,78.6287784576416
1786832960.1595395,ERROR:ConnectionError,38.924455642700195
1786832960.1620429,ERROR:ConnectionError,37.38760948181152
1786832960.1746852,ERROR:ConnectionError,28.885841369628906
1786832960.1636508,ERROR:ConnectionError,41.71943664550781
1786832960.1818957,ERROR:ConnectionError,23.853302001953125
1786832960.1617258,ERROR:ConnectionError,46.790361404418945
1786832960.1900642,ERROR:ConnectionError,18.724441528320312
1786832960.1984744,ERROR:ConnectionError,12.577056884765625
1786832960.191701,ERROR:ConnectionError,19.715547561645508
1786832960.1878402,ERROR:ConnectionError,24.106979370117188
1786832960.1994357,ERROR:ConnectionError,18.364429473876953
1786832960.1397474,ERROR:ConnectionError,78.5684585571289
1786832960.2057533,ERROR:ConnectionError,18.919944763183594
1786832960.2035806,ERROR:ConnectionError,26.046276092529297
1786832960.2085235,ERROR:ConnectionError,24.425029754638672
1786832960.2119524,ERROR:ConnectionError,27.118921279907227
1786832960.2087939,ERROR:ConnectionError,32.013654708862305
1786832960.2110581,ERROR:ConnectionError,30.24125099182129
1786832960.2114232,ERROR:ConnectionError,30.960559844970703
1786832960.2053778,ERROR:ConnectionError,38.63954544067383
1786832960.2246826,ERROR:ConnectionError,23.195743560791016
1786832960.2183206,ERROR:ConnectionError,29.951095581054688
1786832960.229637,ERROR:ConnectionError,22.00460433959961
1786832960.2178068,ERROR:ConnectionError,34.19995307922363
1786832960.2329576,ERROR:ConnectionError,20.673513412475586
1786832960.2390807,ERROR:ConnectionError,25.856494903564453
1786832960.2413044,ERROR:ConnectionError,26.46493911743164
1786832960.240813,ERROR:ConnectionError,30.547380447387695
1786832960.2478862,ERROR:ConnectionError,31.702518463134766
1786832960.248302,ERROR:ConnectionError,35.538673400878906
1786832960.251648,ERROR:ConnectionError,35.065412521362305
1786832960.2440245,ERROR:ConnectionError,44.562578201293945
1786832960.2423894,ERROR:ConnectionError,47.26600646972656
1786832960.2536385,ERROR:ConnectionError,38.522958755493164
1786832960.2520118,ERROR:ConnectionError,40.42983055114746
1786832960.267777,ERROR:ConnectionError,29.698610305786133
1786832960.264946,ERROR:ConnectionError,32.99903869628906
1786832960.2713687,ERROR:ConnectionError,33.16020965576172
1786832960.279612,ERROR:ConnectionError,25.941848754882812
1786832960.2838495,ERROR:ConnectionError,29.898643493652344
1786832960.2867231,ERROR:ConnectionError,28.710126876831055
1786832960.288594,ERROR:ConnectionError,33.89859199523926
1786832960.2924476,ERROR:ConnectionError,31.279563903808594
1786832960.2974868,ERROR:ConnectionError,27.677536010742188
1786832960.2921672,ERROR:ConnectionError,34.47556495666504
1786832960.297951,ERROR:ConnectionError,28.97047996520996
1786832960.2896607,ERROR:ConnectionError,41.25332832336426
1786832960.304537,ERROR:ConnectionError,32.712459564208984
1786832960.3137577,ERROR:ConnectionError,25.752782821655273
1786832960.3154385,ERROR:ConnectionError,30.811071395874023
1786832960.3055587,ERROR:ConnectionError,42.42682456970215
1786832960.3225043,ERROR:ConnectionError,32.64784812927246
1786832960.3251703,ERROR:ConnectionError,30.950307846069336
1786832960.3266492,ERROR:ConnectionError,32.7455997467041
1786832960.3237338,ERROR:ConnectionError,37.94097900390625
1786832960.3269258,ERROR:ConnectionError,37.03951835632324
1786832960.3309207,ERROR:ConnectionError,33.93054008483887
1786832960.3462594,ERROR:ConnectionError,21.743059158325195
1786832960.3372571,ERROR:ConnectionError,31.0513973236084
1786832960.3395176,ERROR:ConnectionError,31.915903091430664
1786832960.3479924,ERROR:ConnectionError,26.416540145874023
1786832960.356127,ERROR:ConnectionError,20.364999771118164
1786832960.3594027,ERROR:ConnectionError,21.906614303588867
1786832960.3551598,ERROR:ConnectionError,28.887033462524414
1786832960.3616831,ERROR:ConnectionError,26.452064514160156
1786832960.3639734,ERROR:ConnectionError,28.97477149963379
1786832960.3648558,ERROR:ConnectionError,35.11977195739746
1786832960.3680105,ERROR:ConnectionError,37.26911544799805
1786832960.3683126,ERROR:ConnectionError,40.34590721130371
1786832960.3714397,ERROR:ConnectionError,39.800405502319336
1786832960.381317,ERROR:ConnectionError,31.126022338867188
1786832960.3840551,ERROR:ConnectionError,28.90300750732422
1786832960.3764982,ERROR:ConnectionError,40.85969924926758
1786832960.3744178,ERROR:ConnectionError,45.71413993835449
1786832960.3881404,ERROR:ConnectionError,32.27424621582031
1786832960.3929527,ERROR:ConnectionError,32.483816146850586
1786832960.3999841,ERROR:ConnectionError,26.421785354614258
1786832960.4052892,ERROR:ConnectionError,24.075746536254883
1786832960.4086695,ERROR:ConnectionError,23.06079864501953
1786832960.4129639,ERROR:ConnectionError,23.829221725463867
1786832960.4112585,ERROR:ConnectionError,27.60767936706543
1786832960.41245,ERROR:ConnectionError,27.5115966796875
1786832960.417367,ERROR:ConnectionError,33.71906280517578
1786832960.4204197,ERROR:ConnectionError,36.672115325927734
1786832960.4201396,ERROR:ConnectionError,42.047739028930664
1786832960.4254436,ERROR:ConnectionError,38.08403015136719
1786832960.4264138,ERROR:ConnectionError,42.942047119140625
1786832960.4293718,ERROR:ConnectionError,48.146724700927734
1786832960.4368012,ERROR:ConnectionError,42.851924896240234
1786832960.4317365,ERROR:ConnectionError,48.551321029663086
1786832960.4388745,ERROR:ConnectionError,48.180341720581055
1786832960.4511054,ERROR:ConnectionError,43.41268539428711
1786832960.4399688,ERROR:ConnectionError,56.668758392333984
1786832960.4571033,ERROR:ConnectionError,43.39241981506348
1786832960.469383,ERROR:ConnectionError,36.5598201751709
1786832960.477528,ERROR:ConnectionError,30.508995056152344
1786832960.4622002,ERROR:ConnectionError,49.375295639038086
1786832960.4796624,ERROR:ConnectionError,32.27496147155762
1786832960.463536,ERROR:ConnectionError,57.045698165893555
1786832960.4802957,ERROR:ConnectionError,43.65849494934082
1786832960.487066,ERROR:ConnectionError,44.037818908691406
1786832960.4945316,ERROR:ConnectionError,38.86008262634277
1786832960.4966474,ERROR:ConnectionError,41.42284393310547
1786832960.5005097,ERROR:ConnectionError,39.45779800415039
1786832960.505953,ERROR:ConnectionError,37.00065612792969
1786832960.5080462,ERROR:ConnectionError,35.8281135559082
1786832960.5119438,ERROR:ConnectionError,38.92779350280762
1786832960.5205975,ERROR:ConnectionError,37.705421447753906
1786832960.5115833,ERROR:ConnectionError,49.189090728759766
1786832960.5239646,ERROR:ConnectionError,37.75191307067871
1786832960.5311122,ERROR:ConnectionError,34.29818153381348
1786832960.5333998,ERROR:ConnectionError,32.379865646362305
1786832960.5380805,ERROR:ConnectionError,33.078908920288086
1786832960.539984,ERROR:ConnectionError,34.12914276123047
1786832960.5438812,ERROR:ConnectionError,31.440019607543945
1786832960.5508835,ERROR:ConnectionError,30.567169189453125
1786832960.5429618,ERROR:ConnectionError,40.96364974975586
1786832960.5617235,ERROR:ConnectionError,29.454946517944336
1786832960.5607803,ERROR:ConnectionError,32.990217208862305
1786832960.558314,ERROR:ConnectionError,43.87259483337402
1786832960.571171,ERROR:ConnectionError,36.808013916015625
1786832960.5657866,ERROR:ConnectionError,44.153690338134766
1786832960.5814598,ERROR:ConnectionError,31.42070770263672
1786832960.5741246,ERROR:ConnectionError,44.72541809082031
1786832960.5753295,ERROR:ConnectionError,44.79646682739258
1786832960.583935,ERROR:ConnectionError,61.7678165435791
1786832960.6021967,ERROR:ConnectionError,46.38338088989258
1786832960.565419,ERROR:ConnectionError,91.06564521789551
1786832960.6099484,ERROR:ConnectionError,49.4847297668457
1786832960.5911908,ERROR:ConnectionError,78.7956714630127
1786832960.5937777,ERROR:ConnectionError,76.55072212219238
1786832960.607988,ERROR:ConnectionError,65.6743049621582
1786832960.6201339,ERROR:ConnectionError,58.716535568237305
1786832960.612891,ERROR:ConnectionError,70.63555717468262
1786832960.6485908,ERROR:ConnectionError,36.45753860473633
1786832960.645723,ERROR:ConnectionError,39.81280326843262
1786832960.618865,ERROR:ConnectionError,69.9470043182373
1786832960.6564999,ERROR:ConnectionError,39.60919380187988
1786832960.6594431,ERROR:ConnectionError,39.071083068847656
1786832960.67,ERROR:ConnectionError,28.849363327026367
1786832960.6736703,ERROR:ConnectionError,25.42424201965332
1786832960.6703327,ERROR:ConnectionError,46.68021202087402
1786832960.678862,ERROR:ConnectionError,40.53974151611328
1786832960.6835337,ERROR:ConnectionError,38.06591033935547
1786832960.6888227,ERROR:ConnectionError,33.36691856384277
1786832960.6855423,ERROR:ConnectionError,43.692827224731445
1786832960.6850564,ERROR:ConnectionError,67.40307807922363
1786832960.6961188,ERROR:ConnectionError,59.491872787475586
1786832960.6988544,ERROR:ConnectionError,60.398101806640625
1786832960.7194102,ERROR:ConnectionError,44.5408821105957
1786832960.6991,ERROR:ConnectionError,65.22417068481445
1786832960.7524714,ERROR:ConnectionError,12.10331916809082
1786832960.6985233,ERROR:ConnectionError,68.57180595397949
1786832960.721607,ERROR:ConnectionError,47.780513763427734
1786832960.7292461,ERROR:ConnectionError,45.10331153869629
1786832960.717024,ERROR:ConnectionError,57.538509368896484
1786832960.7221954,ERROR:ConnectionError,57.08146095275879
1786832960.7556193,ERROR:ConnectionError,24.79267120361328
1786832960.7592604,ERROR:ConnectionError,26.10325813293457
1786832960.76433,ERROR:ConnectionError,39.04223442077637
1786832960.7745664,ERROR:ConnectionError,49.124956130981445
1786832960.7639601,ERROR:ConnectionError,61.697959899902344
1786832960.7743561,ERROR:ConnectionError,52.530527114868164
1786832960.7645802,ERROR:ConnectionError,64.36371803283691
1786832960.7792852,ERROR:ConnectionError,51.54728889465332
1786832960.769397,ERROR:ConnectionError,62.242984771728516
1786832960.7671092,ERROR:ConnectionError,66.17498397827148
1786832960.7804186,ERROR:ConnectionError,59.320688247680664
1786832960.7853732,ERROR:ConnectionError,55.14931678771973
1786832960.8033829,ERROR:ConnectionError,47.35684394836426
1786832960.8268929,ERROR:ConnectionError,25.21038055419922
1786832960.828951,ERROR:ConnectionError,26.39460563659668
1786832960.8237004,ERROR:ConnectionError,32.112836837768555
1786832960.830842,ERROR:ConnectionError,29.164791107177734
1786832960.831647,ERROR:ConnectionError,34.64365005493164
1786832960.8256645,ERROR:ConnectionError,44.61050033569336
1786832960.8507512,ERROR:ConnectionError,21.78812026977539
1786832960.83975,ERROR:ConnectionError,40.384531021118164
1786832960.8332906,ERROR:ConnectionError,49.566030502319336
1786832960.855373,ERROR:ConnectionError,28.72467041015625
1786832960.840529,ERROR:ConnectionError,51.630258560180664
1786832960.8521152,ERROR:ConnectionError,42.466163635253906
1786832960.8558428,ERROR:ConnectionError,42.037010192871094
1786832960.8600144,ERROR:ConnectionError,43.128013610839844
1786832960.8663008,ERROR:ConnectionError,39.20936584472656
1786832960.8702826,ERROR:ConnectionError,35.633087158203125
1786832960.8725529,ERROR:ConnectionError,40.46201705932617
1786832960.8841054,ERROR:ConnectionError,66.46251678466797
1786832960.8828669,ERROR:ConnectionError,68.41111183166504
1786832960.8978882,ERROR:ConnectionError,53.77984046936035
1786832960.8921702,ERROR:ConnectionError,61.06114387512207
1786832960.8801463,ERROR:ConnectionError,78.04179191589355
1786832960.8946028,ERROR:ConnectionError,65.25230407714844
1786832960.9031537,ERROR:ConnectionError,59.06987190246582
1786832960.9055212,ERROR:ConnectionError,59.85689163208008
1786832960.913023,ERROR:ConnectionError,54.47030067443848
1786832960.9059205,ERROR:ConnectionError,74.08428192138672
1786832960.9532378,ERROR:ConnectionError,29.103517532348633
1786832960.9505801,ERROR:ConnectionError,38.62810134887695
1786832960.9512842,ERROR:ConnectionError,47.0278263092041
1786832960.9598644,ERROR:ConnectionError,38.76686096191406
1786832960.9653864,ERROR:ConnectionError,33.50543975830078
1786832960.962231,ERROR:ConnectionError,40.448665618896484
1786832960.9581964,ERROR:ConnectionError,50.54903030395508
1786832960.9892187,ERROR:ConnectionError,20.9503173828125
1786832960.9516745,ERROR:ConnectionError,61.666250228881836
1786832960.9800198,ERROR:ConnectionError,33.58626365661621
1786832960.9823518,ERROR:ConnectionError,32.61518478393555
1786832960.9675004,ERROR:ConnectionError,52.001953125
1786832960.9988968,ERROR:ConnectionError,25.300979614257812
1786832960.998637,ERROR:ConnectionError,25.927305221557617
1786832961.002689,ERROR:ConnectionError,26.93343162536621
1786832960.9983206,ERROR:ConnectionError,33.37216377258301
1786832961.0087557,ERROR:ConnectionError,23.2236385345459
1786832961.0101764,ERROR:ConnectionError,30.799150466918945
1786832961.0133476,ERROR:ConnectionError,42.59991645812988
1786832961.014974,ERROR:ConnectionError,51.78093910217285
1786832961.0136127,ERROR:ConnectionError,53.60603332519531
1786832961.0195165,ERROR:ConnectionError,61.936140060424805
1786832961.024207,ERROR:ConnectionError,62.5917911529541
1786832961.0245688,ERROR:ConnectionError,72.08514213562012
1786832961.0409875,ERROR:ConnectionError,56.865692138671875
1786832961.0296307,ERROR:ConnectionError,70.73736190795898
1786832961.0667665,ERROR:ConnectionError,37.491798400878906
1786832961.0317,ERROR:ConnectionError,75.27351379394531
1786832961.0814629,ERROR:ConnectionError,35.02154350280762
1786832961.0559573,ERROR:ConnectionError,62.93320655822754
1786832961.0868094,ERROR:ConnectionError,32.41777420043945
1786832961.0978606,ERROR:ConnectionError,25.98738670349121
1786832961.0966637,ERROR:ConnectionError,30.991315841674805
1786832961.1003768,ERROR:ConnectionError,27.816295623779297
1786832961.0319839,ERROR:ConnectionError,100.58760643005371
1786832961.0672233,ERROR:ConnectionError,68.46189498901367
1786832961.1042693,ERROR:ConnectionError,31.95333480834961
1786832961.1069834,ERROR:ConnectionError,34.36851501464844
1786832961.1164942,ERROR:ConnectionError,44.464111328125
1786832961.1189,ERROR:ConnectionError,46.514272689819336
1786832961.1192324,ERROR:ConnectionError,48.20990562438965
1786832961.1276627,ERROR:ConnectionError,39.99590873718262
1786832961.1238606,ERROR:ConnectionError,44.081687927246094
1786832961.136228,ERROR:ConnectionError,33.31613540649414
1786832961.1325817,ERROR:ConnectionError,43.08629035949707
1786832961.1413603,ERROR:ConnectionError,53.160667419433594
1786832961.1609676,ERROR:ConnectionError,59.29112434387207
1786832961.1654246,ERROR:ConnectionError,60.778141021728516
1786832961.1695495,ERROR:ConnectionError,70.8611011505127
1786832961.1674488,ERROR:ConnectionError,77.0871639251709
1786832961.128198,ERROR:ConnectionError,117.24233627319336
1786832961.1756759,ERROR:ConnectionError,74.4326114654541
1786832961.2202692,ERROR:ConnectionError,30.09343147277832
1786832961.2262144,ERROR:ConnectionError,24.44934844970703
1786832961.167946,ERROR:ConnectionError,85.85143089294434
1786832961.1356971,ERROR:ConnectionError,124.0537166595459
1786832961.2404277,ERROR:ConnectionError,31.12649917602539
1786832961.194528,ERROR:ConnectionError,89.81728553771973
1786832961.2445436,ERROR:ConnectionError,60.36520004272461
1786832961.250114,ERROR:ConnectionError,57.25288391113281
1786832961.2454472,ERROR:ConnectionError,66.0097599029541
1786832961.1676626,ERROR:ConnectionError,157.3333740234375
1786832961.2506673,ERROR:ConnectionError,82.61394500732422
1786832961.2503664,ERROR:ConnectionError,84.82503890991211
1786832961.253806,ERROR:ConnectionError,84.8076343536377
1786832961.2843554,ERROR:ConnectionError,58.03251266479492
1786832961.2597594,ERROR:ConnectionError,110.0013256072998
1786832961.2715623,ERROR:ConnectionError,101.46546363830566
1786832961.3049212,ERROR:ConnectionError,72.15523719787598
1786832961.3114662,ERROR:ConnectionError,71.87604904174805
1786832961.3332922,ERROR:ConnectionError,52.32667922973633
1786832961.3073757,ERROR:ConnectionError,80.97052574157715
1786832961.325006,ERROR:ConnectionError,63.63844871520996
1786832961.33863,ERROR:ConnectionError,61.62452697753906
1786832961.3730373,ERROR:ConnectionError,30.204057693481445
1786832961.3697755,ERROR:ConnectionError,39.83640670776367
1786832961.3833508,ERROR:ConnectionError,27.640581130981445
1786832961.3352015,ERROR:ConnectionError,76.03096961975098
1786832961.377085,ERROR:ConnectionError,53.05123329162598
1786832961.385626,ERROR:ConnectionError,51.27596855163574
1786832961.3883584,ERROR:ConnectionError,49.84331130981445
1786832961.3423948,ERROR:ConnectionError,108.70695114135742
1786832961.3886495,ERROR:ConnectionError,89.97035026550293
1786832961.4002628,ERROR:ConnectionError,86.7762565612793
1786832961.4096234,ERROR:ConnectionError,116.8982982635498
1786832961.4301414,ERROR:ConnectionError,115.54312705993652
1786832961.411236,ERROR:ConnectionError,170.912504196167
1786832961.4511094,ERROR:ConnectionError,143.82457733154297
1786832961.4032533,ERROR:ConnectionError,193.03369522094727
1786832961.4382074,ERROR:ConnectionError,175.18901824951172
1786832961.478629,ERROR:ConnectionError,144.17648315429688
1786832961.4369104,ERROR:ConnectionError,192.7011013031006
1786832961.5457208,ERROR:ConnectionError,91.7198657989502
1786832961.4870436,ERROR:ConnectionError,154.9985408782959
1786832961.4109998,ERROR:ConnectionError,231.34088516235352
1786832961.6296165,ERROR:ConnectionError,21.553516387939453
1786832961.5949402,ERROR:ConnectionError,56.50210380554199
1786832961.5962908,ERROR:ConnectionError,66.61462783813477
1786832961.5265288,ERROR:ConnectionError,137.3436450958252
1786832961.6374497,ERROR:ConnectionError,31.21185302734375
1786832961.5821545,ERROR:ConnectionError,95.13711929321289
1786832961.6228206,ERROR:ConnectionError,59.56435203552246
1786832961.642345,ERROR:ConnectionError,47.00779914855957
1786832961.6420531,ERROR:ConnectionError,47.71685600280762
1786832961.6511781,ERROR:ConnectionError,42.50216484069824
1786832961.6629133,ERROR:ConnectionError,32.24301338195801
1786832961.6686697,ERROR:ConnectionError,42.032480239868164
1786832961.6638777,ERROR:ConnectionError,47.76406288146973
1786832961.6514468,ERROR:ConnectionError,64.96405601501465
1786832961.6773002,ERROR:ConnectionError,39.46375846862793
1786832961.6823938,ERROR:ConnectionError,34.667253494262695
1786832961.6893647,ERROR:ConnectionError,30.930519104003906
1786832961.695164,ERROR:ConnectionError,38.73085975646973
1786832961.711649,ERROR:ConnectionError,27.747154235839844
1786832961.720302,ERROR:ConnectionError,20.041227340698242
1786832961.7164216,ERROR:ConnectionError,24.09219741821289
1786832961.733901,ERROR:ConnectionError,13.607978820800781
1786832961.7107108,ERROR:ConnectionError,39.97397422790527
1786832961.7167695,ERROR:ConnectionError,54.72850799560547
1786832961.7394073,ERROR:ConnectionError,33.885955810546875
1786832961.7170644,ERROR:ConnectionError,56.44989013671875
1786832961.7403486,ERROR:ConnectionError,33.5087776184082
1786832961.6134017,ERROR:ConnectionError,161.1955165863037
1786832961.7475169,ERROR:ConnectionError,27.804136276245117
1786832961.693688,ERROR:ConnectionError,85.93130111694336
1786832961.7405174,ERROR:ConnectionError,52.48284339904785
1786832961.689775,ERROR:ConnectionError,109.40384864807129
1786832961.7506917,ERROR:ConnectionError,49.29804801940918
1786832961.7715082,ERROR:ConnectionError,29.211759567260742
1786832961.7735178,ERROR:ConnectionError,29.402971267700195
1786832961.7733,ERROR:ConnectionError,29.837846755981445
1786832961.7746012,ERROR:ConnectionError,28.764009475708008
1786832961.7753236,ERROR:ConnectionError,28.38873863220215
1786832961.7796254,ERROR:ConnectionError,36.0569953918457
1786832961.799995,ERROR:ConnectionError,21.451473236083984
1786832961.773861,ERROR:ConnectionError,52.231550216674805
1786832961.7930071,ERROR:ConnectionError,43.12396049499512
1786832961.800724,ERROR:ConnectionError,84.96618270874023
1786832961.7991862,ERROR:ConnectionError,94.55108642578125
1786832961.8156886,ERROR:ConnectionError,102.02550888061523
1786832961.8260977,ERROR:ConnectionError,94.66052055358887
1786832961.8033679,ERROR:ConnectionError,119.31204795837402
1786832961.8031416,ERROR:ConnectionError,119.78530883789062
1786832961.8856993,ERROR:ConnectionError,41.64743423461914
1786832961.8037155,ERROR:ConnectionError,125.69713592529297
1786832961.8937461,ERROR:ConnectionError,40.76695442199707
1786832961.8029249,ERROR:ConnectionError,135.2365016937256
1786832961.9177215,ERROR:ConnectionError,20.686626434326172
1786832961.8214533,ERROR:ConnectionError,120.98240852355957
1786832961.8361363,ERROR:ConnectionError,106.63676261901855
1786832961.9207644,ERROR:ConnectionError,25.40278434753418
1786832961.9226873,ERROR:ConnectionError,27.06432342529297
1786832961.9273536,ERROR:ConnectionError,22.702455520629883
1786832961.9229336,ERROR:ConnectionError,29.688358306884766
1786832961.9427783,ERROR:ConnectionError,14.940261840820312
1786832961.9381678,ERROR:ConnectionError,21.22044563293457
1786832961.9294186,ERROR:ConnectionError,31.699657440185547
1786832961.9345202,ERROR:ConnectionError,28.50484848022461
1786832961.9424438,ERROR:ConnectionError,24.482250213623047
1786832961.9384115,ERROR:ConnectionError,28.796911239624023
1786832961.9461737,ERROR:ConnectionError,39.08991813659668
1786832961.9497592,ERROR:ConnectionError,50.1401424407959
1786832961.9500601,ERROR:ConnectionError,66.6813850402832
1786832961.9577262,ERROR:ConnectionError,64.56184387207031
1786832961.961124,ERROR:ConnectionError,62.99996376037598
1786832961.9672306,ERROR:ConnectionError,60.6536865234375
1786832961.9999058,ERROR:ConnectionError,28.229951858520508
1786832961.9669354,ERROR:ConnectionError,63.42673301696777
1786832961.952645,ERROR:ConnectionError,79.14876937866211
1786832961.9630315,ERROR:ConnectionError,71.30908966064453
1786832961.9593937,ERROR:ConnectionError,77.29125022888184
1786832962.016749,ERROR:ConnectionError,25.029897689819336
1786832961.9852717,ERROR:ConnectionError,56.812286376953125
1786832962.0222967,ERROR:ConnectionError,20.94554901123047
1786832962.024131,ERROR:ConnectionError,22.289514541625977
1786832962.0281398,ERROR:ConnectionError,19.640207290649414
1786832962.0303679,ERROR:ConnectionError,19.287109375
1786832962.0278904,ERROR:ConnectionError,27.02784538269043
1786832962.0318,ERROR:ConnectionError,36.16046905517578
1786832962.0366917,ERROR:ConnectionError,42.84334182739258
1786832962.034347,ERROR:ConnectionError,48.29668998718262
1786832962.0417874,ERROR:ConnectionError,47.06692695617676
1786832962.042089,ERROR:ConnectionError,48.85601997375488
1786832962.043246,ERROR:ConnectionError,49.898386001586914
1786832962.0464299,ERROR:ConnectionError,51.16772651672363
1786832962.0477855,ERROR:ConnectionError,55.99021911621094
1786832962.04966,ERROR:ConnectionError,66.30134582519531
1786832962.0549288,ERROR:ConnectionError,62.89196014404297
1786832962.079545,ERROR:ConnectionError,43.91336441040039
1786832962.082649,ERROR:ConnectionError,42.74725914001465
1786832962.0679674,ERROR:ConnectionError,57.65032768249512
1786832962.0888617,ERROR:ConnectionError,40.940046310424805
1786832962.0909512,ERROR:ConnectionError,42.559146881103516
1786832962.0931487,ERROR:ConnectionError,44.70634460449219
1786832962.0976076,ERROR:ConnectionError,44.66509819030762
1786832962.1038015,ERROR:ConnectionError,39.40916061401367
1786832962.11597,ERROR:ConnectionError,50.13298988342285
1786832962.1254027,ERROR:ConnectionError,55.29165267944336
1786832962.1178272,ERROR:ConnectionError,70.77622413635254
1786832962.123469,ERROR:ConnectionError,73.0438232421875
1786832962.125621,ERROR:ConnectionError,75.95992088317871
1786832962.1298087,ERROR:ConnectionError,82.20314979553223
1786832962.166115,ERROR:ConnectionError,271.348237991333
1786832962.1378596,ERROR:ConnectionError,315.68288803100586
1786832962.133517,ERROR:ConnectionError,320.54781913757324
1786832962.142281,ERROR:ConnectionError,319.57173347473145
1786832962.4374826,ERROR:ConnectionError,30.19094467163086
1786832962.2120187,ERROR:ConnectionError,259.6750259399414
1786832962.1886108,ERROR:ConnectionError,284.5745086669922
1786832962.1807046,ERROR:ConnectionError,295.37272453308105
1786832962.1432164,ERROR:ConnectionError,335.491418838501
1786832962.2015867,ERROR:ConnectionError,280.08198738098145
1786832962.196521,ERROR:ConnectionError,295.61567306518555
1786832962.453554,ERROR:ConnectionError,46.03219032287598
1786832962.4816768,ERROR:ConnectionError,22.87578582763672
1786832962.4760852,ERROR:ConnectionError,28.932809829711914
1786832962.473194,ERROR:ConnectionError,39.64352607727051
1786832962.4676828,ERROR:ConnectionError,47.499656677246094
1786832962.4717035,ERROR:ConnectionError,45.55654525756836
1786832962.4995973,ERROR:ConnectionError,19.95372772216797
1786832962.4618626,ERROR:ConnectionError,58.09783935546875
1786832962.4921498,ERROR:ConnectionError,28.145790100097656
1786832962.4540722,ERROR:ConnectionError,72.81732559204102
1786832962.4787145,ERROR:ConnectionError,51.97429656982422
1786832962.505026,ERROR:ConnectionError,31.276702880859375
1786832962.512848,ERROR:ConnectionError,38.880109786987305
1786832962.504564,ERROR:ConnectionError,49.694061279296875
1786832962.5172687,ERROR:ConnectionError,45.64237594604492
1786832962.5151906,ERROR:ConnectionError,65.94300270080566
1786832962.519966,ERROR:ConnectionError,61.71607971191406
1786832962.520301,ERROR:ConnectionError,67.98100471496582
1786832962.5268981,ERROR:ConnectionError,73.20356369018555
1786832962.5195594,ERROR:ConnectionError,80.94525337219238
1786832962.5363128,ERROR:ConnectionError,67.76165962219238
1786832962.5306988,ERROR:ConnectionError,73.8675594329834
1786832962.5517375,ERROR:ConnectionError,53.21073532104492
1786832962.5542698,ERROR:ConnectionError,52.01148986816406
1786832962.5629842,ERROR:ConnectionError,46.982526779174805
1786832962.581143,ERROR:ConnectionError,33.876895904541016
1786832962.588295,ERROR:ConnectionError,33.97703170776367
1786832962.5816898,ERROR:ConnectionError,41.8848991394043
1786832962.604574,ERROR:ConnectionError,25.866031646728516
1786832962.6005127,ERROR:ConnectionError,36.276817321777344
1786832962.6040854,ERROR:ConnectionError,42.63424873352051
1786832962.6062906,ERROR:ConnectionError,40.77863693237305
1786832962.600114,ERROR:ConnectionError,50.86827278137207
1786832962.6049547,ERROR:ConnectionError,54.833412170410156
1786832962.6235833,ERROR:ConnectionError,38.561344146728516
1786832962.6150267,ERROR:ConnectionError,49.81637001037598
1786832962.6222825,ERROR:ConnectionError,47.688961029052734
1786832962.6099873,ERROR:ConnectionError,64.7127628326416
1786832962.647074,ERROR:ConnectionError,32.84430503845215
1786832962.6304517,ERROR:ConnectionError,50.145864486694336
1786832962.6368017,ERROR:ConnectionError,44.574737548828125
1786832962.64673,ERROR:ConnectionError,39.52741622924805
1786832962.659799,ERROR:ConnectionError,43.20168495178223
1786832962.662153,ERROR:ConnectionError,41.98431968688965
1786832962.6648538,ERROR:ConnectionError,42.70148277282715
1786832962.6509945,ERROR:ConnectionError,63.57312202453613
1786832962.6699793,ERROR:ConnectionError,47.893524169921875
1786832962.6747136,ERROR:ConnectionError,65.21081924438477
1786832962.6806028,ERROR:ConnectionError,61.51604652404785
1786832962.7030118,ERROR:ConnectionError,41.39256477355957
1786832962.6799319,ERROR:ConnectionError,69.68832015991211
1786832962.7043095,ERROR:ConnectionError,45.621633529663086
1786832962.6862648,ERROR:ConnectionError,68.28522682189941
1786832962.717882,ERROR:ConnectionError,39.34907913208008
1786832962.6813812,ERROR:ConnectionError,78.24110984802246
1786832962.7399347,ERROR:ConnectionError,20.91383934020996
1786832962.7075665,ERROR:ConnectionError,53.77364158630371
1786832962.714579,ERROR:ConnectionError,72.97325134277344
1786832962.7444131,ERROR:ConnectionError,44.45672035217285
1786832962.7421315,ERROR:ConnectionError,49.73626136779785
1786832962.757239,ERROR:ConnectionError,51.89061164855957
1786832962.7499373,ERROR:ConnectionError,65.74797630310059
1786832962.7613466,ERROR:ConnectionError,55.66668510437012
1786832962.74963,ERROR:ConnectionError,68.81356239318848
1786832962.760858,ERROR:ConnectionError,60.03379821777344
1786832962.7596574,ERROR:ConnectionError,62.83998489379883
1786832962.7918766,ERROR:ConnectionError,31.588077545166016
1786832962.7875676,ERROR:ConnectionError,39.190053939819336
1786832962.7545586,ERROR:ConnectionError,76.4002799987793
1786832962.809139,ERROR:ConnectionError,23.283720016479492
1786832962.788877,ERROR:ConnectionError,45.655012130737305
1786832962.8156962,ERROR:ConnectionError,23.752689361572266
1786832962.8170204,ERROR:ConnectionError,24.997949600219727
1786832962.81845,ERROR:ConnectionError,24.5363712310791
1786832962.8209026,ERROR:ConnectionError,31.549453735351562
1786832962.8234742,ERROR:ConnectionError,34.566402435302734
1786832962.8309689,ERROR:ConnectionError,36.524295806884766
1786832962.8394573,ERROR:ConnectionError,29.4497013092041
1786832962.822505,ERROR:ConnectionError,49.982309341430664
1786832962.8345406,ERROR:ConnectionError,39.85023498535156
1786832962.842997,ERROR:ConnectionError,31.790971755981445
1786832962.842034,ERROR:ConnectionError,37.36615180969238
1786832962.8524652,ERROR:ConnectionError,27.344703674316406
1786832962.8324301,ERROR:ConnectionError,53.43365669250488
1786832962.826766,ERROR:ConnectionError,60.84251403808594
1786832962.868919,ERROR:ConnectionError,21.981477737426758
1786832962.858052,ERROR:ConnectionError,37.253618240356445
1786832962.8675056,ERROR:ConnectionError,34.03759002685547
1786832962.8724968,ERROR:ConnectionError,30.3192138671875
1786832962.874402,ERROR:ConnectionError,35.30287742614746
1786832962.8747954,ERROR:ConnectionError,44.39520835876465
1786832962.8794057,ERROR:ConnectionError,57.15465545654297
1786832962.8798146,ERROR:ConnectionError,63.78483772277832
1786832962.8858714,ERROR:ConnectionError,59.85260009765625
1786832962.887615,ERROR:ConnectionError,62.67881393432617
1786832962.9028227,ERROR:ConnectionError,55.208444595336914
1786832962.8909082,ERROR:ConnectionError,73.5623836517334
1786832962.9097157,ERROR:ConnectionError,68.04656982421875
1786832962.901555,ERROR:ConnectionError,77.12554931640625
1786832962.9365702,ERROR:ConnectionError,50.066232681274414
1786832962.9192035,ERROR:ConnectionError,70.84035873413086
1786832962.943609,ERROR:ConnectionError,47.56593704223633
1786832962.8953152,ERROR:ConnectionError,115.54527282714844
1786832962.9503038,ERROR:ConnectionError,67.2304630279541
1786832962.977773,ERROR:ConnectionError,41.55325889587402
1786832962.9457335,ERROR:ConnectionError,75.75321197509766
1786832962.9580426,ERROR:ConnectionError,65.90843200683594
1786832962.990053,ERROR:ConnectionError,54.43120002746582
1786832963.0108685,ERROR:ConnectionError,42.15550422668457
1786832963.0175445,ERROR:ConnectionError,39.45040702819824
1786832962.9911838,ERROR:ConnectionError,66.40338897705078
1786832963.021498,ERROR:ConnectionError,36.91816329956055
1786832963.0444956,ERROR:ConnectionError,18.609046936035156
1786832962.9866428,ERROR:ConnectionError,76.7822265625
1786832962.9644787,ERROR:ConnectionError,99.22456741333008
1786832962.9786882,ERROR:ConnectionError,89.75410461425781
1786832963.0193346,ERROR:ConnectionError,52.643537521362305
1786832963.053034,ERROR:ConnectionError,24.744033813476562
1786832963.057594,ERROR:ConnectionError,24.624347686767578
1786832963.0584235,ERROR:ConnectionError,24.662256240844727
1786832963.057006,ERROR:ConnectionError,28.713226318359375
1786832963.06343,ERROR:ConnectionError,24.698257446289062
1786832963.0239604,ERROR:ConnectionError,79.7731876373291
1786832963.0684514,ERROR:ConnectionError,37.206172943115234
1786832963.0777903,ERROR:ConnectionError,32.53889083862305
1786832963.082227,ERROR:ConnectionError,47.365665435791016
1786832963.0637093,ERROR:ConnectionError,67.01922416687012
1786832963.083089,ERROR:ConnectionError,49.28302764892578
1786832963.103743,ERROR:ConnectionError,30.778169631958008
1786832963.0719886,ERROR:ConnectionError,62.76345252990723
1786832963.0857298,ERROR:ConnectionError,52.422285079956055
1786832963.1103392,ERROR:ConnectionError,29.619693756103516
1786832963.0631158,ERROR:ConnectionError,79.2851448059082
1786832963.1056643,ERROR:ConnectionError,37.45698928833008
1786832963.0881326,ERROR:ConnectionError,55.233001708984375
1786832963.1296017,ERROR:ConnectionError,16.805648803710938
1786832963.1345274,ERROR:ConnectionError,18.291711807250977
1786832963.1307337,ERROR:ConnectionError,24.168968200683594
1786832963.1347568,ERROR:ConnectionError,22.376298904418945
1786832963.138158,ERROR:ConnectionError,20.975589752197266
1786832963.1399648,ERROR:ConnectionError,21.06618881225586
1786832963.142405,ERROR:ConnectionError,18.877506256103516
1786832963.1323779,ERROR:ConnectionError,29.762744903564453
1786832963.1464145,ERROR:ConnectionError,20.38407325744629
1786832963.1431265,ERROR:ConnectionError,24.099349975585938
1786832963.1433682,ERROR:ConnectionError,25.519847869873047
1786832963.1528304,ERROR:ConnectionError,17.358779907226562
1786832963.1591396,ERROR:ConnectionError,11.759519577026367
1786832963.1549118,ERROR:ConnectionError,17.390727996826172
1786832963.1571414,ERROR:ConnectionError,17.68946647644043
1786832963.1612868,ERROR:ConnectionError,18.07856559753418
1786832963.1668067,ERROR:ConnectionError,13.20195198059082
1786832963.1621451,ERROR:ConnectionError,18.693208694458008
1786832963.1610382,ERROR:ConnectionError,20.052671432495117
1786832963.1672323,ERROR:ConnectionError,32.64498710632324
1786832963.1748357,ERROR:ConnectionError,32.338619232177734
1786832963.170903,ERROR:ConnectionError,37.15920448303223
1786832963.181095,ERROR:ConnectionError,28.690576553344727
1786832963.1808434,ERROR:ConnectionError,32.01699256896973
1786832963.1688921,ERROR:ConnectionError,46.393632888793945
1786832963.1701941,ERROR:ConnectionError,45.34602165222168
1786832963.172308,ERROR:ConnectionError,45.502424240112305
1786832963.1793737,ERROR:ConnectionError,43.9143180847168
1786832963.180014,ERROR:ConnectionError,49.158334732055664
1786832963.2071838,ERROR:ConnectionError,26.1077880859375
1786832963.1998856,ERROR:ConnectionError,33.701419830322266
1786832963.2080677,ERROR:ConnectionError,30.988216400146484
1786832963.2097914,ERROR:ConnectionError,61.04254722595215
1786832963.2152956,ERROR:ConnectionError,60.4863166809082
1786832963.2128723,ERROR:ConnectionError,63.77077102661133
1786832963.2155452,ERROR:ConnectionError,66.38860702514648
1786832963.2178164,ERROR:ConnectionError,72.62992858886719
1786832963.2291815,ERROR:ConnectionError,64.6524429321289
1786832963.2232962,ERROR:ConnectionError,71.95210456848145
1786832963.270847,ERROR:ConnectionError,26.293516159057617
1786832963.233591,ERROR:ConnectionError,65.06681442260742
1786832963.233299,ERROR:ConnectionError,66.97249412536621
1786832963.2390654,ERROR:ConnectionError,62.50333786010742
1786832963.2757897,ERROR:ConnectionError,42.88673400878906
1786832963.2766476,ERROR:ConnectionError,42.411088943481445
1786832963.293841,ERROR:ConnectionError,27.68850326538086
1786832963.2819414,ERROR:ConnectionError,42.79518127441406
1786832963.298663,ERROR:ConnectionError,28.049707412719727
1786832963.2904544,ERROR:ConnectionError,36.475419998168945
1786832963.3015733,ERROR:ConnectionError,25.81930160522461
1786832963.295253,ERROR:ConnectionError,32.41419792175293
1786832963.2971478,ERROR:ConnectionError,31.186342239379883
1786832963.3190637,ERROR:ConnectionError,20.754575729370117
1786832963.3002763,ERROR:ConnectionError,42.92654991149902
1786832963.3215487,ERROR:ConnectionError,30.649185180664062
1786832963.3269343,ERROR:ConnectionError,29.877901077270508
1786832963.3276703,ERROR:ConnectionError,31.533241271972656
1786832963.3247447,ERROR:ConnectionError,41.88108444213867
1786832963.343215,ERROR:ConnectionError,24.723529815673828
1786832963.339829,ERROR:ConnectionError,30.646800994873047
1786832963.327397,ERROR:ConnectionError,46.317338943481445
1786832963.3186855,ERROR:ConnectionError,57.46746063232422
1786832963.3522089,ERROR:ConnectionError,28.55229377746582
1786832963.3267193,ERROR:ConnectionError,54.36348915100098
1786832963.3283393,ERROR:ConnectionError,57.335615158081055
1786832963.3592134,ERROR:ConnectionError,26.82185173034668
1786832963.3666403,ERROR:ConnectionError,23.027420043945312
1786832963.367946,ERROR:ConnectionError,22.15266227722168
1786832963.3568227,ERROR:ConnectionError,38.15817832946777
1786832963.3704836,ERROR:ConnectionError,27.144670486450195
1786832963.3737247,ERROR:ConnectionError,25.905370712280273
1786832963.3810887,ERROR:ConnectionError,29.731273651123047
1786832963.3761618,ERROR:ConnectionError,42.13070869445801
1786832963.3860407,ERROR:ConnectionError,42.70768165588379
1786832963.390104,ERROR:ConnectionError,51.96738243103027
1786832963.3896823,ERROR:ConnectionError,54.16226387023926
1786832963.3856819,ERROR:ConnectionError,59.366464614868164
1786832963.399638,ERROR:ConnectionError,63.16065788269043
1786832963.394991,ERROR:ConnectionError,73.1821060180664
1786832963.3807695,ERROR:ConnectionError,95.60561180114746
1786832963.3976336,ERROR:ConnectionError,84.1071605682373
1786832963.428759,ERROR:ConnectionError,59.043169021606445
1786832963.4108303,ERROR:ConnectionError,78.19724082946777
1786832963.418301,ERROR:ConnectionError,72.8614330291748
1786832963.4763794,ERROR:ConnectionError,18.024444580078125
1786832963.442077,ERROR:ConnectionError,52.64759063720703
1786832963.443852,ERROR:ConnectionError,51.358699798583984
1786832963.4628046,ERROR:ConnectionError,33.06460380554199
1786832963.4450536,ERROR:ConnectionError,53.69973182678223
1786832963.4817495,ERROR:ConnectionError,18.86606216430664
1786832963.4890366,ERROR:ConnectionError,13.30709457397461
1786832963.491169,ERROR:ConnectionError,13.005733489990234
1786832963.4681776,ERROR:ConnectionError,36.30352020263672
1786832963.4878116,ERROR:ConnectionError,18.726587295532227
1786832963.49473,ERROR:ConnectionError,14.62101936340332
1786832963.4952154,ERROR:ConnectionError,52.80780792236328
1786832963.494412,ERROR:ConnectionError,54.450035095214844
1786832963.5023513,ERROR:ConnectionError,53.80678176879883
1786832963.4987588,ERROR:ConnectionError,58.637142181396484
1786832963.5006216,ERROR:ConnectionError,58.00938606262207
1786832963.5044847,ERROR:ConnectionError,54.58974838256836
1786832963.5488656,ERROR:ConnectionError,11.540651321411133
1786832963.4958746,ERROR:ConnectionError,65.58489799499512
1786832963.5041823,ERROR:ConnectionError,59.37504768371582
1786832963.506545,ERROR:ConnectionError,59.05961990356445
1786832963.557402,ERROR:ConnectionError,9.89389419555664
1786832963.509363,ERROR:ConnectionError,59.729576110839844
1786832963.5561724,ERROR:ConnectionError,13.16523551940918
1786832963.558637,ERROR:ConnectionError,13.065814971923828
1786832963.56041,ERROR:ConnectionError,13.178110122680664
1786832963.561465,ERROR:ConnectionError,14.788627624511719
1786832963.559077,ERROR:ConnectionError,19.1192626953125
1786832963.5656106,ERROR:ConnectionError,19.367218017578125
1786832963.5717118,ERROR:ConnectionError,14.674186706542969
1786832963.573594,ERROR:ConnectionError,13.695955276489258
1786832963.56934,ERROR:ConnectionError,20.204544067382812
1786832963.5690997,ERROR:ConnectionError,21.98505401611328
1786832963.567301,ERROR:ConnectionError,24.925947189331055
1786832963.5480325,ERROR:ConnectionError,46.97012901306152
1786832963.5635636,ERROR:ConnectionError,32.86004066467285
1786832963.5782027,ERROR:ConnectionError,20.69830894470215
1786832963.5762613,ERROR:ConnectionError,22.851943969726562
1786832963.5849874,ERROR:ConnectionError,15.43736457824707
1786832963.5873036,ERROR:ConnectionError,14.081716537475586
1786832963.586392,ERROR:ConnectionError,15.663385391235352
1786832963.5910928,ERROR:ConnectionError,12.12310791015625
1786832963.589557,ERROR:ConnectionError,17.175674438476562
1786832963.5950227,ERROR:ConnectionError,14.777183532714844
1786832963.5922327,ERROR:ConnectionError,19.652605056762695
1786832963.5964286,ERROR:ConnectionError,17.679452896118164
1786832963.5991163,ERROR:ConnectionError,15.78521728515625
1786832963.600429,ERROR:ConnectionError,17.01974868774414
1786832963.5989072,ERROR:ConnectionError,19.54054832458496
1786832963.6013908,ERROR:ConnectionError,18.767833709716797
1786832963.6067407,ERROR:ConnectionError,17.77195930480957
1786832963.6032214,ERROR:ConnectionError,23.344039916992188
1786832963.6149068,ERROR:ConnectionError,16.780376434326172
1786832963.609808,ERROR:ConnectionError,22.192716598510742
1786832963.6174574,ERROR:ConnectionError,16.734838485717773
1786832963.6201618,ERROR:ConnectionError,14.239788055419922
1786832963.6184528,ERROR:ConnectionError,16.184329986572266
1786832963.6141133,ERROR:ConnectionError,20.695209503173828
1786832963.6265712,ERROR:ConnectionError,10.165691375732422
1786832963.6245213,ERROR:ConnectionError,15.156745910644531
1786832963.6020603,ERROR:ConnectionError,39.556026458740234
1786832963.6118903,ERROR:ConnectionError,33.731937408447266
1786832963.631697,ERROR:ConnectionError,60.83536148071289
1786832963.6341963,ERROR:ConnectionError,59.25941467285156
1786832963.6348119,ERROR:ConnectionError,59.48185920715332
1786832963.6346407,ERROR:ConnectionError,60.36853790283203
1786832963.6320071,ERROR:ConnectionError,63.990116119384766
1786832963.6367433,ERROR:ConnectionError,59.757232666015625
1786832963.6344051,ERROR:ConnectionError,64.61524963378906
1786832963.6416247,ERROR:ConnectionError,70.51968574523926
1786832963.6396868,ERROR:ConnectionError,73.13179969787598
1786832963.6456275,ERROR:ConnectionError,69.71430778503418
1786832963.6925428,ERROR:ConnectionError,29.24513816833496
1786832963.693461,ERROR:ConnectionError,53.60126495361328
1786832963.7121508,ERROR:ConnectionError,36.18669509887695
1786832963.7153463,ERROR:ConnectionError,34.22093391418457
1786832963.721843,ERROR:ConnectionError,28.609275817871094
1786832963.7128215,ERROR:ConnectionError,41.93472862243652
1786832963.699026,ERROR:ConnectionError,56.02741241455078
1786832963.696001,ERROR:ConnectionError,59.569597244262695
1786832963.6965039,ERROR:ConnectionError,59.52715873718262
1786832963.694298,ERROR:ConnectionError,64.91470336914062
1786832963.747071,ERROR:ConnectionError,15.059709548950195
1786832963.7483425,ERROR:ConnectionError,15.520334243774414
1786832963.7495713,ERROR:ConnectionError,17.346858978271484
1786832963.7504594,ERROR:ConnectionError,18.12267303466797
1786832963.7555778,ERROR:ConnectionError,13.849496841430664
1786832963.7547636,ERROR:ConnectionError,20.685434341430664
1786832963.7550578,ERROR:ConnectionError,20.827531814575195
1786832963.7560372,ERROR:ConnectionError,26.20553970336914
1786832963.7685893,ERROR:ConnectionError,15.042781829833984
1786832963.7694314,ERROR:ConnectionError,15.567541122436523
1786832963.7758904,ERROR:ConnectionError,15.511035919189453
1786832963.7592223,ERROR:ConnectionError,33.057451248168945
1786832963.695012,ERROR:ConnectionError,97.40877151489258
1786832963.7638698,ERROR:ConnectionError,32.98664093017578
1786832963.7754667,ERROR:ConnectionError,27.881145477294922
1786832963.7822516,ERROR:ConnectionError,23.16737174987793
1786832963.7669258,ERROR:ConnectionError,40.84038734436035
1786832963.7850046,ERROR:ConnectionError,24.60169792175293
1786832963.762134,ERROR:ConnectionError,53.287506103515625
1786832963.7924242,ERROR:ConnectionError,30.17449378967285
1786832963.7922833,ERROR:ConnectionError,43.692827224731445
1786832963.7836373,ERROR:ConnectionError,52.646636962890625
1786832963.8054292,ERROR:ConnectionError,33.928871154785156
1786832963.8033538,ERROR:ConnectionError,36.4077091217041
1786832963.7914186,ERROR:ConnectionError,48.581600189208984
1786832963.8096125,ERROR:ConnectionError,33.468008041381836
1786832963.8077736,ERROR:ConnectionError,36.689043045043945
1786832963.7968645,ERROR:ConnectionError,50.04692077636719
1786832963.8154266,ERROR:ConnectionError,36.350250244140625
1786832963.82261,ERROR:ConnectionError,37.0175838470459
1786832963.8359838,ERROR:ConnectionError,25.028705596923828
1786832963.8400047,ERROR:ConnectionError,29.109954833984375
1786832963.8517845,ERROR:ConnectionError,18.5699462890625
1786832963.8469152,ERROR:ConnectionError,27.82440185546875
1786832963.8362877,ERROR:ConnectionError,46.24676704406738
1786832963.8610182,ERROR:ConnectionError,22.320032119750977
1786832963.8430874,ERROR:ConnectionError,41.67532920837402
1786832963.839369,ERROR:ConnectionError,45.75085639953613
1786832963.8703613,ERROR:ConnectionError,22.320032119750977
1786832963.8596377,ERROR:ConnectionError,38.41209411621094
1786832963.8691218,ERROR:ConnectionError,31.429529190063477
1786832963.8397672,ERROR:ConnectionError,72.64924049377441
1786832963.8825433,ERROR:ConnectionError,30.09963035583496
1786832963.8926897,ERROR:ConnectionError,23.07415008544922
1786832963.8847682,ERROR:ConnectionError,31.426668167114258
1786832963.8851233,ERROR:ConnectionError,37.42384910583496
1786832963.9005568,ERROR:ConnectionError,24.74498748779297
1786832963.883342,ERROR:ConnectionError,42.867422103881836
1786832963.8444686,ERROR:ConnectionError,85.01482009887695
1786832963.8747487,ERROR:ConnectionError,55.48858642578125
1786832963.9126463,ERROR:ConnectionError,18.51940155029297
1786832963.9157696,ERROR:ConnectionError,16.486644744873047
1786832963.8980567,ERROR:ConnectionError,34.71636772155762
1786832963.912423,ERROR:ConnectionError,22.559642791748047
1786832963.9161975,ERROR:ConnectionError,22.750377655029297
1786832963.9225612,ERROR:ConnectionError,16.8917179107666
1786832963.925309,ERROR:ConnectionError,16.9222354888916
1786832963.9294899,ERROR:ConnectionError,16.742467880249023
1786832963.9262154,ERROR:ConnectionError,26.852130889892578
1786832963.932778,ERROR:ConnectionError,30.974388122558594
1786832963.932262,ERROR:ConnectionError,36.99064254760742
1786832963.9311714,ERROR:ConnectionError,40.16256332397461
1786832963.9349902,ERROR:ConnectionError,36.6215705871582
1786832963.9422374,ERROR:ConnectionError,31.895875930786133
1786832963.9302418,ERROR:ConnectionError,45.14050483703613
1786832963.9389558,ERROR:ConnectionError,52.31308937072754
1786832963.9530745,ERROR:ConnectionError,38.596391677856445
1786832963.9462414,ERROR:ConnectionError,46.71621322631836
1786832963.9637604,ERROR:ConnectionError,31.036376953125
1786832963.97134,ERROR:ConnectionError,24.603843688964844
1786832963.974138,ERROR:ConnectionError,22.848844528198242
1786832963.9716158,ERROR:ConnectionError,25.789976119995117
1786832963.9394584,ERROR:ConnectionError,64.33963775634766
1786832963.9692616,ERROR:ConnectionError,36.38720512390137
1786832963.975386,ERROR:ConnectionError,31.92758560180664
1786832963.9912798,ERROR:ConnectionError,17.98844337463379
1786832963.99168,ERROR:ConnectionError,22.270917892456055
1786832963.9948025,ERROR:ConnectionError,21.084070205688477
1786832963.9929652,ERROR:ConnectionError,32.14550018310547
1786832963.9959486,ERROR:ConnectionError,31.494855880737305
1786832963.996993,ERROR:ConnectionError,35.5992317199707
1786832964.003805,ERROR:ConnectionError,31.227827072143555
1786832964.0056572,ERROR:ConnectionError,29.674530029296875
1786832964.0073192,ERROR:ConnectionError,31.912803649902344
1786832964.0092793,ERROR:ConnectionError,32.1507453918457
1786832964.0158937,ERROR:ConnectionError,35.491943359375
1786832964.0139565,ERROR:ConnectionError,38.44785690307617
1786832964.0251184,ERROR:ConnectionError,31.394481658935547
1786832964.02745,ERROR:ConnectionError,35.29191017150879
1786832964.0353367,ERROR:ConnectionError,32.35125541687012
1786832964.0350397,ERROR:ConnectionError,36.81039810180664
1786832963.9974103,ERROR:ConnectionError,85.86645126342773
1786832964.0627499,ERROR:ConnectionError,23.830175399780273
1786832964.0565197,ERROR:ConnectionError,30.266523361206055
1786832964.0392396,ERROR:ConnectionError,51.09882354736328
1786832964.0718591,ERROR:ConnectionError,27.388334274291992
1786832964.0414364,ERROR:ConnectionError,58.36343765258789
1786832964.0676975,ERROR:ConnectionError,38.562774658203125
1786832964.0513937,ERROR:ConnectionError,58.00008773803711
1786832964.0524106,ERROR:ConnectionError,61.77210807800293
1786832964.08679,ERROR:ConnectionError,35.262107849121094
1786832964.0865855,ERROR:ConnectionError,36.76581382751465
1786832964.0832863,ERROR:ConnectionError,49.6213436126709
1786832964.090347,ERROR:ConnectionError,50.96125602722168
1786832964.099257,ERROR:ConnectionError,53.02739143371582
1786832964.0998046,ERROR:ConnectionError,52.92391777038574
1786832964.0326016,ERROR:ConnectionError,121.87504768371582
1786832964.1141915,ERROR:ConnectionError,44.827938079833984
1786832964.1094017,ERROR:ConnectionError,50.72593688964844
1786832964.132916,ERROR:ConnectionError,31.072616577148438
1786832964.141317,ERROR:ConnectionError,22.972822189331055
1786832964.1220613,ERROR:ConnectionError,42.42062568664551
1786832964.1062686,ERROR:ConnectionError,62.56723403930664
1786832964.152294,ERROR:ConnectionError,17.3952579498291
1786832964.1233573,ERROR:ConnectionError,46.804189682006836
1786832964.1527493,ERROR:ConnectionError,48.00128936767578
1786832964.1590266,ERROR:ConnectionError,43.805837631225586
1786832964.164295,ERROR:ConnectionError,39.517879486083984
1786832964.1601346,ERROR:ConnectionError,50.82869529724121
1786832964.169694,ERROR:ConnectionError,55.718421936035156
1786832964.1644864,ERROR:ConnectionError,61.38420104980469
1786832964.1701653,ERROR:ConnectionError,55.93681335449219
1786832964.1688423,ERROR:ConnectionError,57.48891830444336
1786832964.1639967,ERROR:ConnectionError,65.74654579162598
1786832964.1544828,ERROR:ConnectionError,83.33110809326172
1786832964.2007604,ERROR:ConnectionError,42.59538650512695
1786832964.2109733,ERROR:ConnectionError,33.08749198913574
1786832964.2038198,ERROR:ConnectionError,46.29182815551758
1786832964.2028391,ERROR:ConnectionError,49.585819244384766
1786832964.2254205,ERROR:ConnectionError,27.817487716674805
1786832964.2263348,ERROR:ConnectionError,32.51838684082031
1786832964.2261062,ERROR:ConnectionError,37.51206398010254
1786832964.2258766,ERROR:ConnectionError,46.76008224487305
1786832964.2501192,ERROR:ConnectionError,27.14848518371582
1786832964.244066,ERROR:ConnectionError,34.01517868041992
1786832964.2378237,ERROR:ConnectionError,43.417930603027344
1786832964.2297485,ERROR:ConnectionError,56.15639686584473
1786832964.243362,ERROR:ConnectionError,44.47293281555176
1786832964.252455,ERROR:ConnectionError,45.281171798706055
1786832964.258861,ERROR:ConnectionError,39.27206993103027
1786832964.2532432,ERROR:ConnectionError,47.8360652923584
1786832964.2726414,ERROR:ConnectionError,33.27798843383789
1786832964.2772772,ERROR:ConnectionError,28.985261917114258
1786832964.2780852,ERROR:ConnectionError,31.040430068969727
1786832964.2636242,ERROR:ConnectionError,49.61204528808594
1786832964.2878428,ERROR:ConnectionError,35.08424758911133
1786832964.2859128,ERROR:ConnectionError,41.34035110473633
1786832964.2812488,ERROR:ConnectionError,46.295166015625
1786832964.2977443,ERROR:ConnectionError,40.24529457092285
1786832964.3010867,ERROR:ConnectionError,42.99306869506836
1786832964.2981558,ERROR:ConnectionError,48.68912696838379
1786832964.3062675,ERROR:ConnectionError,55.28688430786133
1786832964.3059263,ERROR:ConnectionError,57.5411319732666
1786832964.309131,ERROR:ConnectionError,55.18174171447754
1786832964.3229368,ERROR:ConnectionError,57.08169937133789
1786832964.3132432,ERROR:ConnectionError,67.08836555480957
1786832964.3275473,ERROR:ConnectionError,70.59049606323242
1786832964.3379967,ERROR:ConnectionError,68.32170486450195
1786832964.3440912,ERROR:ConnectionError,63.4613037109375
1786832964.380336,ERROR:ConnectionError,53.724050521850586
1786832964.361564,ERROR:ConnectionError,72.82423973083496
1786832964.327261,ERROR:ConnectionError,109.28130149841309
1786832964.3634765,ERROR:ConnectionError,78.22179794311523
1786832964.3643212,ERROR:ConnectionError,78.71675491333008
1786832964.346853,ERROR:ConnectionError,98.7856388092041
1786832964.380027,ERROR:ConnectionError,67.81268119812012
1786832964.406332,ERROR:ConnectionError,47.40118980407715
1786832964.4365463,ERROR:ConnectionError,18.366098403930664
1786832964.3981495,ERROR:ConnectionError,59.921979904174805
1786832964.4075594,ERROR:ConnectionError,63.63654136657715
1786832964.434392,ERROR:ConnectionError,37.007808685302734
1786832964.4430442,ERROR:ConnectionError,28.489112854003906
1786832964.4340677,ERROR:ConnectionError,48.93088340759277
1786832964.4417095,ERROR:ConnectionError,70.80817222595215
1786832964.4830039,ERROR:ConnectionError,32.80830383300781
1786832964.454921,ERROR:ConnectionError,61.19728088378906
1786832964.4712036,ERROR:ConnectionError,47.69611358642578
1786832964.4715369,ERROR:ConnectionError,50.75335502624512
1786832964.445646,ERROR:ConnectionError,83.50014686584473
1786832964.4714031,ERROR:ConnectionError,58.162689208984375
1786832964.458083,ERROR:ConnectionError,74.76067543029785
1786832964.447848,ERROR:ConnectionError,87.85271644592285
1786832964.4537427,ERROR:ConnectionError,84.48004722595215
1786832964.512527,ERROR:ConnectionError,35.87603569030762
1786832964.5161233,ERROR:ConnectionError,34.64031219482422
1786832964.5222976,ERROR:ConnectionError,38.091421127319336
1786832964.5189073,ERROR:ConnectionError,44.48127746582031
1786832964.51582,ERROR:ConnectionError,66.7107105255127
1786832964.535708,ERROR:ConnectionError,73.16446304321289
1786832964.529572,ERROR:ConnectionError,79.65731620788574
1786832964.538231,ERROR:ConnectionError,78.88174057006836
1786832964.5328496,ERROR:ConnectionError,93.02353858947754
1786832964.5484126,ERROR:ConnectionError,78.69935035705566
1786832964.5291598,ERROR:ConnectionError,101.04918479919434
1786832964.5507731,ERROR:ConnectionError,87.08071708679199
1786832964.5603998,ERROR:ConnectionError,77.7435302734375
1786832964.6092362,ERROR:ConnectionError,38.01989555358887
1786832964.6088831,ERROR:ConnectionError,38.71631622314453
1786832964.5825403,ERROR:ConnectionError,71.24972343444824
1786832964.6171203,ERROR:ConnectionError,42.05608367919922
1786832964.6258848,ERROR:ConnectionError,39.237260818481445
1786832964.5633998,ERROR:ConnectionError,103.76906394958496
1786832964.630219,ERROR:ConnectionError,51.369667053222656
1786832964.6381483,ERROR:ConnectionError,58.249473571777344
1786832964.6537979,ERROR:ConnectionError,42.906999588012695
1786832964.6476064,ERROR:ConnectionError,56.583404541015625
1786832964.6591885,ERROR:ConnectionError,59.20052528381348
1786832964.6271212,ERROR:ConnectionError,92.36645698547363
1786832964.647266,ERROR:ConnectionError,72.46255874633789
1786832964.637865,ERROR:ConnectionError,82.09013938903809
1786832964.6651368,ERROR:ConnectionError,62.000274658203125
1786832964.667177,ERROR:ConnectionError,71.33889198303223
1786832964.681598,ERROR:ConnectionError,58.231353759765625
1786832964.6964097,ERROR:ConnectionError,50.231218338012695
1786832964.6967106,ERROR:ConnectionError,54.677724838256836
1786832964.7199593,ERROR:ConnectionError,52.70791053771973
1786832964.7398355,ERROR:ConnectionError,36.05246543884277
1786832964.7041948,ERROR:ConnectionError,72.03221321105957
1786832964.7197332,ERROR:ConnectionError,58.956146240234375
1786832964.738527,ERROR:ConnectionError,43.066978454589844
1786832964.7271461,ERROR:ConnectionError,67.84772872924805
1786832964.718399,ERROR:ConnectionError,79.00094985961914
1786832964.7194934,ERROR:ConnectionError,85.12711524963379
1786832964.746652,ERROR:ConnectionError,61.97309494018555
1786832964.7513974,ERROR:ConnectionError,64.9709701538086
1786832964.7726774,ERROR:ConnectionError,66.09153747558594
1786832964.778698,ERROR:ConnectionError,62.418460845947266
1786832964.775897,ERROR:ConnectionError,70.30677795410156
1786832964.7762327,ERROR:ConnectionError,70.33419609069824
1786832964.797408,ERROR:ConnectionError,56.64801597595215
1786832964.7950103,ERROR:ConnectionError,61.21397018432617
1786832964.804629,ERROR:ConnectionError,51.91850662231445
1786832964.8163788,ERROR:ConnectionError,46.43511772155762
1786832964.8387797,ERROR:ConnectionError,34.15656089782715
1786832964.8462138,ERROR:ConnectionError,34.493207931518555
1786832964.808635,ERROR:ConnectionError,73.87161254882812
1786832964.7816014,ERROR:ConnectionError,105.38458824157715
1786832964.8411267,ERROR:ConnectionError,96.03667259216309
1786832964.8465745,ERROR:ConnectionError,105.80253601074219
1786832964.8540661,ERROR:ConnectionError,107.75613784790039
1786832964.8565521,ERROR:ConnectionError,107.89680480957031
1786832964.86283,ERROR:ConnectionError,102.74934768676758
1786832964.8729455,ERROR:ConnectionError,95.6873893737793
1786832964.8562312,ERROR:ConnectionError,112.72144317626953
1786832964.8869946,ERROR:ConnectionError,86.35330200195312
1786832964.8807168,ERROR:ConnectionError,93.08743476867676
1786832964.882513,ERROR:ConnectionError,97.45550155639648
1786832964.9371743,ERROR:ConnectionError,45.52459716796875
1786832964.9523876,ERROR:ConnectionError,41.63765907287598
1786832964.9618337,ERROR:ConnectionError,42.894840240478516
1786832964.9655907,ERROR:ConnectionError,50.040483474731445
1786832964.9686408,ERROR:ConnectionError,47.310590744018555
1786832964.973355,ERROR:ConnectionError,43.502092361450195
1786832964.9644768,ERROR:ConnectionError,54.251909255981445
1786832964.9689581,ERROR:ConnectionError,50.203800201416016
1786832964.979986,ERROR:ConnectionError,43.96247863769531
1786832964.9940362,ERROR:ConnectionError,35.66098213195801
1786832964.9738095,ERROR:ConnectionError,57.280540466308594
1786832965.0047379,ERROR:ConnectionError,26.662111282348633
1786832964.9827073,ERROR:ConnectionError,51.163434982299805
1786832965.0156424,ERROR:ConnectionError,22.52960205078125
1786832965.0159557,ERROR:ConnectionError,35.158634185791016
1786832965.0168898,ERROR:ConnectionError,41.762351989746094
1786832965.018734,ERROR:ConnectionError,48.51531982421875
1786832965.0191686,ERROR:ConnectionError,53.15732955932617
1786832965.0239587,ERROR:ConnectionError,48.76232147216797
1786832965.0314047,ERROR:ConnectionError,45.43709754943848
1786832965.0297108,ERROR:ConnectionError,200.87313652038574
1786832965.0338757,ERROR:ConnectionError,212.64171600341797
1786832965.067258,ERROR:ConnectionError,187.3781681060791
1786832965.0310962,ERROR:ConnectionError,231.8878173828125
1786832965.0381794,ERROR:ConnectionError,225.6002426147461
1786832965.0586653,ERROR:ConnectionError,210.27445793151855
1786832965.072768,ERROR:ConnectionError,205.33227920532227
1786832965.0768507,ERROR:ConnectionError,202.9435634613037
1786832965.2305937,ERROR:ConnectionError,60.94074249267578
1786832965.0723352,ERROR:ConnectionError,223.05035591125488
1786832965.0511246,ERROR:ConnectionError,256.2711238861084
1786832965.2546437,ERROR:ConnectionError,56.74242973327637
1786832965.2465239,ERROR:ConnectionError,73.26221466064453
1786832965.2637854,ERROR:ConnectionError,77.11672782897949
1786832965.2689447,ERROR:ConnectionError,75.81973075866699
1786832965.2629905,ERROR:ConnectionError,83.0070972442627
1786832965.278109,ERROR:ConnectionError,95.77107429504395
1786832965.2798011,ERROR:ConnectionError,103.95550727844238
1786832965.2916946,ERROR:ConnectionError,102.48684883117676
1786832965.3409142,ERROR:ConnectionError,63.185691833496094
1786832965.3447726,ERROR:ConnectionError,63.466548919677734
1786832965.3074086,ERROR:ConnectionError,105.9119701385498
1786832965.319796,ERROR:ConnectionError,99.75290298461914
1786832965.346006,ERROR:ConnectionError,80.61838150024414
1786832965.383767,ERROR:ConnectionError,45.52721977233887
1786832965.2953954,ERROR:ConnectionError,134.16767120361328
1786832965.3738906,ERROR:ConnectionError,57.24143981933594
1786832965.3114026,ERROR:ConnectionError,121.4606761932373
1786832965.3941953,ERROR:ConnectionError,56.17260932922363
1786832965.4082513,ERROR:ConnectionError,50.13465881347656
1786832965.4041097,ERROR:ConnectionError,56.97298049926758
1786832965.4195626,ERROR:ConnectionError,53.044795989990234
1786832965.4295676,ERROR:ConnectionError,56.111812591552734
1786832965.4133308,ERROR:ConnectionError,119.88234519958496
1786832965.4293036,ERROR:ConnectionError,106.48918151855469
1786832965.426634,ERROR:ConnectionError,115.49496650695801
1786832965.4328709,ERROR:ConnectionError,117.74349212646484
1786832965.450379,ERROR:ConnectionError,108.96515846252441
1786832965.4311392,ERROR:ConnectionError,161.4391803741455
1786832965.458399,ERROR:ConnectionError,163.2072925567627
1786832965.4726174,ERROR:ConnectionError,160.28070449829102
1786832965.4856908,ERROR:ConnectionError,157.05323219299316
1786832965.5358012,ERROR:ConnectionError,110.82696914672852
1786832965.461094,ERROR:ConnectionError,190.0029182434082
1786832965.5506258,ERROR:ConnectionError,114.39895629882812
1786832965.5332425,ERROR:ConnectionError,132.17687606811523
1786832965.63291,ERROR:ConnectionError,39.57629203796387
1786832965.6427584,ERROR:ConnectionError,41.31746292114258
1786832965.6216156,ERROR:ConnectionError,63.62771987915039
1786832965.651104,ERROR:ConnectionError,38.1929874420166
1786832965.6650405,ERROR:ConnectionError,26.282787322998047
1786832965.6724963,ERROR:ConnectionError,20.435094833374023
1786832965.542138,ERROR:ConnectionError,151.20553970336914
1786832965.6654272,ERROR:ConnectionError,32.083749771118164
1786832965.6466389,ERROR:ConnectionError,57.9988956451416
1786832965.6893044,ERROR:ConnectionError,24.950504302978516
1786832965.6840844,ERROR:ConnectionError,31.826496124267578
1786832965.5925913,ERROR:ConnectionError,123.63982200622559
1786832965.6913307,ERROR:ConnectionError,37.56999969482422
1786832965.6933482,ERROR:ConnectionError,37.98317909240723
1786832965.5593581,ERROR:ConnectionError,174.66425895690918
1786832965.6975353,ERROR:ConnectionError,52.82902717590332
1786832965.6852505,ERROR:ConnectionError,78.6294937133789
1786832965.7046485,ERROR:ConnectionError,68.89533996582031
1786832965.6929393,ERROR:ConnectionError,81.1762809753418
1786832965.7142665,ERROR:ConnectionError,82.22579956054688
1786832965.7340317,ERROR:ConnectionError,83.47916603088379
1786832965.7162378,ERROR:ConnectionError,111.97161674499512
1786832965.72891,ERROR:ConnectionError,102.17142105102539
1786832965.7503743,ERROR:ConnectionError,81.23302459716797
1786832965.7638884,ERROR:ConnectionError,73.28510284423828
1786832965.731341,ERROR:ConnectionError,108.94370079040527
1786832965.7159498,ERROR:ConnectionError,128.2176971435547
1786832965.77412,ERROR:ConnectionError,86.7457389831543
1786832965.8175201,ERROR:ConnectionError,70.68967819213867
1786832965.7735534,ERROR:ConnectionError,114.95852470397949
1786832965.7965071,ERROR:ConnectionError,93.13821792602539
1786832965.8310938,ERROR:ConnectionError,70.54018974304199
1786832965.8282223,ERROR:ConnectionError,73.71664047241211
1786832965.8316123,ERROR:ConnectionError,74.01728630065918
1786832965.8402948,ERROR:ConnectionError,71.82550430297852
1786832965.8441763,ERROR:ConnectionError,69.5497989654541
1786832965.8371842,ERROR:ConnectionError,76.80058479309082
1786832965.8608806,ERROR:ConnectionError,57.57260322570801
1786832965.888517,ERROR:ConnectionError,34.0571403503418
1786832965.8896515,ERROR:ConnectionError,34.69657897949219
1786832965.9019432,ERROR:ConnectionError,45.60375213623047
1786832965.901643,ERROR:ConnectionError,63.79532814025879
1786832965.9184608,ERROR:ConnectionError,47.45769500732422
1786832965.9056382,ERROR:ConnectionError,60.53614616394043
1786832965.9137323,ERROR:ConnectionError,65.02032279968262
1786832965.8882208,ERROR:ConnectionError,91.86816215515137
1786832965.9225838,ERROR:ConnectionError,61.615943908691406
1786832965.912133,ERROR:ConnectionError,72.46804237365723
1786832965.9475565,ERROR:ConnectionError,41.765451431274414
1786832965.966179,ERROR:ConnectionError,23.565053939819336
1786832965.9654484,ERROR:ConnectionError,25.908946990966797
1786832965.9139912,ERROR:ConnectionError,81.94851875305176
1786832965.9659252,ERROR:ConnectionError,32.389163970947266
1786832965.9243536,ERROR:ConnectionError,82.75485038757324
1786832965.9897487,ERROR:ConnectionError,36.40174865722656
1786832965.980097,ERROR:ConnectionError,49.108266830444336
1786832965.9893308,ERROR:ConnectionError,59.04531478881836
1786832965.9913652,ERROR:ConnectionError,62.35027313232422
1786832965.9959476,ERROR:ConnectionError,58.15386772155762
1786832965.9787643,ERROR:ConnectionError,78.48763465881348
1786832966.0261612,ERROR:ConnectionError,37.764549255371094
1786832965.9983208,ERROR:ConnectionError,68.26615333557129
1786832965.984606,ERROR:ConnectionError,87.10384368896484
1786832965.9842088,ERROR:ConnectionError,94.79498863220215
1786832966.0071182,ERROR:ConnectionError,79.65683937072754
1786832966.029216,ERROR:ConnectionError,70.18542289733887
1786832966.0537245,ERROR:ConnectionError,65.73200225830078
1786832966.0483847,ERROR:ConnectionError,72.6156234741211
1786832966.0541074,ERROR:ConnectionError,70.01471519470215
1786832966.0572581,ERROR:ConnectionError,72.51667976379395
1786832966.0639381,ERROR:ConnectionError,68.33934783935547
1786832966.0717216,ERROR:ConnectionError,74.82147216796875
1786832966.0790184,ERROR:ConnectionError,70.51539421081543
1786832966.1194656,ERROR:ConnectionError,35.22324562072754
1786832966.066603,ERROR:ConnectionError,96.09532356262207
1786832966.0994112,ERROR:ConnectionError,75.26516914367676
1786832966.0867896,ERROR:ConnectionError,96.2667465209961
1786832966.1241314,ERROR:ConnectionError,71.69890403747559
1786832966.1210098,ERROR:ConnectionError,75.1793384552002
1786832966.1322868,ERROR:ConnectionError,68.44377517700195
1786832966.146557,ERROR:ConnectionError,55.12690544128418
1786832966.1495414,ERROR:ConnectionError,55.08065223693848
1786832966.1297853,ERROR:ConnectionError,77.5294303894043
1786832966.162706,ERROR:ConnectionError,54.46600914001465
1786832966.1546993,ERROR:ConnectionError,67.12031364440918
1786832966.1746857,ERROR:ConnectionError,48.42972755432129
1786832966.1830657,ERROR:ConnectionError,51.59187316894531
1786832966.1958416,ERROR:ConnectionError,45.01008987426758
1786832966.1962204,ERROR:ConnectionError,60.98628044128418
1786832966.2016904,ERROR:ConnectionError,55.802106857299805
1786832966.2073226,ERROR:ConnectionError,54.57711219787598
1786832966.2231233,ERROR:ConnectionError,41.243553161621094
1786832966.2046323,ERROR:ConnectionError,60.05263328552246
1786832966.2408605,ERROR:ConnectionError,28.202295303344727
1786832966.217182,ERROR:ConnectionError,52.62422561645508
1786832966.2007382,ERROR:ConnectionError,69.34881210327148
1786832966.221833,ERROR:ConnectionError,52.18815803527832
1786832966.2346702,ERROR:ConnectionError,41.86129570007324
1786832966.2572143,ERROR:ConnectionError,26.301860809326172
1786832966.2619104,ERROR:ConnectionError,27.8170108795166
1786832966.2574975,ERROR:ConnectionError,39.9017333984375
1786832966.2646914,ERROR:ConnectionError,37.74738311767578
1786832966.2643802,ERROR:ConnectionError,42.7093505859375
1786832966.2740297,ERROR:ConnectionError,37.93954849243164
1786832966.269814,ERROR:ConnectionError,50.99630355834961
1786832966.2835937,ERROR:ConnectionError,52.48856544494629
1786832966.2765422,ERROR:ConnectionError,63.76290321350098
1786832966.2897353,ERROR:ConnectionError,51.512718200683594
1786832966.2700908,ERROR:ConnectionError,71.56801223754883
1786832966.2974076,ERROR:ConnectionError,47.89447784423828
1786832966.2690704,ERROR:ConnectionError,78.11117172241211
1786832966.3119955,ERROR:ConnectionError,42.495012283325195
1786832966.3070982,ERROR:ConnectionError,50.02021789550781
1786832966.3024497,ERROR:ConnectionError,57.511329650878906
1786832966.3208215,ERROR:ConnectionError,42.92011260986328
1786832966.3403149,ERROR:ConnectionError,35.1567268371582
1786832966.345311,ERROR:ConnectionError,44.77691650390625
1786832966.341664,ERROR:ConnectionError,50.73690414428711
1786832966.3412552,ERROR:ConnectionError,60.074806213378906
1786832966.3471892,ERROR:ConnectionError,56.9155216217041
1786832966.359973,ERROR:ConnectionError,54.799795150756836
1786832966.3545032,ERROR:ConnectionError,64.86153602600098
1786832966.3360963,ERROR:ConnectionError,88.16027641296387
1786832966.3637514,ERROR:ConnectionError,70.63174247741699
1786832966.3924105,ERROR:ConnectionError,52.53481864929199
1786832966.3900986,ERROR:ConnectionError,55.18531799316406
1786832966.4013412,ERROR:ConnectionError,44.28911209106445
1786832966.4041164,ERROR:ConnectionError,46.94008827209473
1786832966.357126,ERROR:ConnectionError,99.55835342407227
1786832966.4147913,ERROR:ConnectionError,47.562360763549805
1786832966.3754814,ERROR:ConnectionError,91.71891212463379
1786832966.4193735,ERROR:ConnectionError,49.13496971130371
1786832966.4343984,ERROR:ConnectionError,37.29128837585449
1786832966.4242651,ERROR:ConnectionError,52.489280700683594
1786832966.444957,ERROR:ConnectionError,35.13503074645996
1786832966.44529,ERROR:ConnectionError,43.53213310241699
1786832966.4623635,ERROR:ConnectionError,28.009414672851562
1786832966.4456358,ERROR:ConnectionError,53.31087112426758
1786832966.4510655,ERROR:ConnectionError,52.0932674407959
1786832966.4685156,ERROR:ConnectionError,44.168710708618164
1786832966.4672124,ERROR:ConnectionError,47.96934127807617
1786832966.456691,ERROR:ConnectionError,58.87436866760254
1786832966.4716983,ERROR:ConnectionError,44.11172866821289
1786832966.4767635,ERROR:ConnectionError,45.8216667175293
1786832966.480101,ERROR:ConnectionError,42.80662536621094
1786832966.4888358,ERROR:ConnectionError,37.576913833618164
1786832966.4989588,ERROR:ConnectionError,36.14187240600586
1786832966.5031693,ERROR:ConnectionError,34.226417541503906
1786832966.5155704,ERROR:ConnectionError,23.232221603393555
1786832966.5158162,ERROR:ConnectionError,29.043197631835938
1786832966.5264242,ERROR:ConnectionError,40.56429862976074
1786832966.5229125,ERROR:ConnectionError,47.03021049499512
1786832966.5225933,ERROR:ConnectionError,48.53081703186035
1786832966.515193,ERROR:ConnectionError,68.94278526306152
1786832966.5351093,ERROR:ConnectionError,64.70084190368652
1786832966.5670006,ERROR:ConnectionError,35.89630126953125
1786832966.5388126,ERROR:ConnectionError,91.47000312805176
1786832966.5448704,ERROR:ConnectionError,88.49549293518066
1786832966.5374057,ERROR:ConnectionError,96.28725051879883
1786832966.5699556,ERROR:ConnectionError,77.32892036437988
1786832966.4903798,ERROR:ConnectionError,165.18616676330566
1786832966.5711317,ERROR:ConnectionError,86.43984794616699
1786832966.5841446,ERROR:ConnectionError,76.28226280212402
1786832966.6029055,ERROR:ConnectionError,76.69949531555176
1786832966.5998209,ERROR:ConnectionError,84.35320854187012
1786832966.6336982,ERROR:ConnectionError,50.75335502624512
1786832966.630296,ERROR:ConnectionError,57.0223331451416
1786832966.6333742,ERROR:ConnectionError,58.411598205566406
1786832966.5126965,ERROR:ConnectionError,179.4278621673584
1786832966.6472979,ERROR:ConnectionError,48.60997200012207
1786832966.6604402,ERROR:ConnectionError,43.00212860107422
1786832966.6555753,ERROR:ConnectionError,53.31754684448242
1786832966.6575782,ERROR:ConnectionError,51.607370376586914
1786832966.6873262,ERROR:ConnectionError,30.42125701904297
1786832966.691794,ERROR:ConnectionError,27.971506118774414
1786832966.6844566,ERROR:ConnectionError,38.94305229187012
1786832966.6921291,ERROR:ConnectionError,40.36116600036621
1786832966.7034516,ERROR:ConnectionError,32.93442726135254
1786832966.679618,ERROR:ConnectionError,57.07502365112305
1786832966.6841846,ERROR:ConnectionError,56.177377700805664
1786832966.7091904,ERROR:ConnectionError,31.45456314086914
1786832966.695919,ERROR:ConnectionError,51.08165740966797
1786832966.7177553,ERROR:ConnectionError,38.77091407775879
1786832966.7234116,ERROR:ConnectionError,33.756256103515625
1786832966.7089057,ERROR:ConnectionError,48.612356185913086
1786832966.7198045,ERROR:ConnectionError,43.057918548583984
1786832966.7325048,ERROR:ConnectionError,44.33274269104004
1786832966.7363966,ERROR:ConnectionError,42.09709167480469
1786832966.7366986,ERROR:ConnectionError,53.18903923034668
1786832966.7571733,ERROR:ConnectionError,53.20167541503906
1786832966.74037,ERROR:ConnectionError,76.44915580749512
1786832966.7565372,ERROR:ConnectionError,65.22059440612793
1786832966.7470117,ERROR:ConnectionError,80.45697212219238
1786832966.7406502,ERROR:ConnectionError,91.04037284851074
1786832966.8103886,ERROR:ConnectionError,24.358272552490234
1786832966.7768521,ERROR:ConnectionError,58.91227722167969
1786832966.7785022,ERROR:ConnectionError,68.79162788391113
1786832966.7898965,ERROR:ConnectionError,62.71982192993164
1786832966.757548,ERROR:ConnectionError,103.05929183959961
1786832966.8168294,ERROR:ConnectionError,52.36673355102539
1786832966.7628732,ERROR:ConnectionError,109.16733741760254
1786832966.8317044,ERROR:ConnectionError,46.40793800354004
1786832966.8347566,ERROR:ConnectionError,43.7624454498291
1786832966.8217707,ERROR:ConnectionError,60.62912940979004
1786832966.8274832,ERROR:ConnectionError,61.91730499267578
1786832966.835771,ERROR:ConnectionError,59.519052505493164
1786832966.8473077,ERROR:ConnectionError,52.06894874572754
1786832966.8781261,ERROR:ConnectionError,31.682491302490234
1786832966.8526237,ERROR:ConnectionError,60.62483787536621
1786832966.869205,ERROR:ConnectionError,45.78423500061035
1786832966.878527,ERROR:ConnectionError,46.30684852600098
1786832966.889411,ERROR:ConnectionError,38.6500358581543
1786832966.8606246,ERROR:ConnectionError,76.0793685913086
1786832966.882408,ERROR:ConnectionError,59.197425842285156
1786832966.8720517,ERROR:ConnectionError,70.70112228393555
1786832966.8993871,ERROR:ConnectionError,46.95844650268555
1786832966.913257,ERROR:ConnectionError,37.322282791137695
1786832966.8952997,ERROR:ConnectionError,55.600643157958984
1786832966.909819,ERROR:ConnectionError,48.53034019470215
1786832966.9150014,ERROR:ConnectionError,43.62344741821289
1786832966.9427588,ERROR:ConnectionError,23.274660110473633
1786832966.9248443,ERROR:ConnectionError,41.5647029876709
1786832966.9280746,ERROR:ConnectionError,41.80097579956055
1786832966.9416132,ERROR:ConnectionError,30.66873550415039
1786832966.9367168,ERROR:ConnectionError,38.88368606567383
1786832966.9463563,ERROR:ConnectionError,36.34142875671387
1786832966.950589,ERROR:ConnectionError,34.59644317626953
1786832966.9586291,ERROR:ConnectionError,42.81878471374512
1786832966.966045,ERROR:ConnectionError,41.541337966918945
1786832966.9509058,ERROR:ConnectionError,60.95147132873535
1786832966.9583597,ERROR:ConnectionError,122.72930145263672
1786832966.9664133,ERROR:ConnectionError,123.37160110473633
1786832966.97229,ERROR:ConnectionError,124.5124340057373
1786832966.985193,ERROR:ConnectionError,116.66584014892578
1786832966.9699209,ERROR:ConnectionError,137.1145248413086
1786832966.9756262,ERROR:ConnectionError,134.37247276306152
1786832966.9827118,ERROR:ConnectionError,128.54981422424316
1786832967.001458,ERROR:ConnectionError,117.54798889160156
1786832967.0075965,ERROR:ConnectionError,119.1098690032959
1786832967.0811055,ERROR:ConnectionError,45.94254493713379
1786832967.0118685,ERROR:ConnectionError,115.51547050476074
1786832967.096811,ERROR:ConnectionError,37.56999969482422
1786832967.110006,ERROR:ConnectionError,35.18199920654297
1786832967.0897949,ERROR:ConnectionError,55.76515197753906
1786832967.1018672,ERROR:ConnectionError,46.93961143493652
1786832967.119019,ERROR:ConnectionError,34.51037406921387
1786832967.1070447,ERROR:ConnectionError,49.49688911437988
1786832967.1112773,ERROR:ConnectionError,50.13608932495117
1786832967.127389,ERROR:ConnectionError,36.867380142211914
1786832967.126716,ERROR:ConnectionError,37.915945053100586
1786832967.1270545,ERROR:ConnectionError,37.967681884765625
1786832967.1343958,ERROR:ConnectionError,36.68475151062012
1786832967.1455667,ERROR:ConnectionError,27.8167724609375
1786832967.148817,ERROR:ConnectionError,35.44807434082031
1786832967.1452055,ERROR:ConnectionError,45.38369178771973
1786832967.1535387,ERROR:ConnectionError,47.9731559753418
1786832967.1646369,ERROR:ConnectionError,57.4345588684082
1786832967.15663,ERROR:ConnectionError,67.78144836425781
1786832967.1650267,ERROR:ConnectionError,59.68475341796875
1786832967.1614308,ERROR:ConnectionError,65.38510322570801
1786832967.164265,ERROR:ConnectionError,64.26310539245605
1786832967.1905987,ERROR:ConnectionError,55.99164962768555
1786832967.2015216,ERROR:ConnectionError,45.429229736328125
1786832967.1842816,ERROR:ConnectionError,64.10813331604004
1786832967.2220848,ERROR:ConnectionError,26.633262634277344
1786832967.224715,ERROR:ConnectionError,30.25650978088379
1786832967.1710885,ERROR:ConnectionError,90.55042266845703
1786832967.2469573,ERROR:ConnectionError,21.2249755859375
1786832967.1733956,ERROR:ConnectionError,97.50652313232422
1786832967.22854,ERROR:ConnectionError,46.900033950805664
1786832967.2244203,ERROR:ConnectionError,51.294803619384766
1786832967.2268233,ERROR:ConnectionError,49.07369613647461
1786832967.2487237,ERROR:ConnectionError,50.209999084472656
1786832967.2466028,ERROR:ConnectionError,58.32338333129883
1786832967.2484,ERROR:ConnectionError,84.75971221923828
1786832967.2549832,ERROR:ConnectionError,81.22754096984863
1786832967.2616565,ERROR:ConnectionError,90.08002281188965
1786832967.2759023,ERROR:ConnectionError,78.37247848510742
1786832967.2681994,ERROR:ConnectionError,93.33682060241699
1786832967.2754474,ERROR:ConnectionError,89.17975425720215
1786832967.270911,ERROR:ConnectionError,99.00832176208496
1786832967.2757192,ERROR:ConnectionError,99.28584098815918
1786832967.2989564,ERROR:ConnectionError,80.95908164978027
1786832967.3331773,ERROR:ConnectionError,50.11558532714844
1786832967.3362188,ERROR:ConnectionError,49.065351486206055
1786832967.3049386,ERROR:ConnectionError,83.50110054016113
1786832967.3517454,ERROR:ConnectionError,48.534393310546875
1786832967.3542829,ERROR:ConnectionError,48.326969146728516
1786832967.3699276,ERROR:ConnectionError,36.382198333740234
1786832967.361551,ERROR:ConnectionError,47.83201217651367
1786832967.3750145,ERROR:ConnectionError,45.61138153076172
1786832967.3833025,ERROR:ConnectionError,48.551321029663086
1786832967.3852909,ERROR:ConnectionError,50.73046684265137
1786832967.4093893,ERROR:ConnectionError,28.823375701904297
1786832967.4026186,ERROR:ConnectionError,36.75651550292969
1786832967.3884475,ERROR:ConnectionError,52.83808708190918
1786832967.4206364,ERROR:ConnectionError,23.48613739013672
1786832967.364637,ERROR:ConnectionError,83.58263969421387
1786832967.4063208,ERROR:ConnectionError,42.861223220825195
1786832967.4318633,ERROR:ConnectionError,24.035215377807617
1786832967.4360297,ERROR:ConnectionError,23.79584312438965
1786832967.4393852,ERROR:ConnectionError,23.61464500427246
1786832967.3799255,ERROR:ConnectionError,88.40394020080566
1786832967.4002917,ERROR:ConnectionError,71.61092758178711
1786832967.4382203,ERROR:ConnectionError,35.773515701293945
1786832967.44919,ERROR:ConnectionError,25.04754066467285
1786832967.4412925,ERROR:ConnectionError,33.19406509399414
1786832967.444131,ERROR:ConnectionError,34.147024154663086
1786832967.4482312,ERROR:ConnectionError,35.002946853637695
1786832967.4559104,ERROR:ConnectionError,43.7779426574707
1786832967.4683392,ERROR:ConnectionError,31.884431838989258
1786832967.4742422,ERROR:ConnectionError,26.235580444335938
1786832967.459847,ERROR:ConnectionError,42.964935302734375
1786832967.4740024,ERROR:ConnectionError,36.30566596984863
1786832967.463009,ERROR:ConnectionError,47.86324501037598
1786832967.4744906,ERROR:ConnectionError,40.184974670410156
1786832967.471909,ERROR:ConnectionError,43.14374923706055
1786832967.483272,ERROR:ConnectionError,36.39507293701172
1786832967.4782875,ERROR:ConnectionError,52.66261100769043
1786832967.5028195,ERROR:ConnectionError,28.499841690063477
1786832967.500484,ERROR:ConnectionError,34.296512603759766
1786832967.4997015,ERROR:ConnectionError,38.901567459106445
1786832967.5002313,ERROR:ConnectionError,45.85838317871094
1786832967.5108802,ERROR:ConnectionError,36.70382499694824
1786832967.5103173,ERROR:ConnectionError,43.317556381225586
1786832967.5146847,ERROR:ConnectionError,44.4331169128418
1786832967.5347874,ERROR:ConnectionError,40.02952575683594
1786832967.5313263,ERROR:ConnectionError,43.796539306640625
1786832967.5150578,ERROR:ConnectionError,60.94098091125488
1786832967.5196764,ERROR:ConnectionError,56.540727615356445
1786832967.5475914,ERROR:ConnectionError,32.00411796569824
1786832967.5386147,ERROR:ConnectionError,41.50104522705078
1786832967.5591273,ERROR:ConnectionError,22.68505096435547
1786832967.5461068,ERROR:ConnectionError,41.90182685852051
1786832967.5309632,ERROR:ConnectionError,60.767412185668945
1786832967.5536447,ERROR:ConnectionError,44.56901550292969
1786832967.5748274,ERROR:ConnectionError,31.116485595703125
1786832967.579605,ERROR:ConnectionError,38.93327713012695
1786832967.575129,ERROR:ConnectionError,51.213741302490234
1786832967.5762203,ERROR:ConnectionError,52.63090133666992
1786832967.5760045,ERROR:ConnectionError,70.90234756469727
1786832967.5880182,ERROR:ConnectionError,61.425209045410156
1786832967.5801253,ERROR:ConnectionError,69.62347030639648
1786832967.6185482,ERROR:ConnectionError,37.07623481750488
1786832967.6263545,ERROR:ConnectionError,31.579017639160156
1786832967.5818202,ERROR:ConnectionError,77.96525955200195
1786832967.6059651,ERROR:ConnectionError,63.35735321044922
1786832967.5982232,ERROR:ConnectionError,72.50308990478516
1786832967.591739,ERROR:ConnectionError,79.24342155456543
1786832967.6469178,ERROR:ConnectionError,26.697397232055664
1786832967.6494539,ERROR:ConnectionError,27.86087989807129
1786832967.6497562,ERROR:ConnectionError,48.57969284057617
1786832967.655634,ERROR:ConnectionError,45.13263702392578
1786832967.659792,ERROR:ConnectionError,43.395280838012695
1786832967.6579416,ERROR:ConnectionError,45.57967185974121
1786832967.6707346,ERROR:ConnectionError,40.71927070617676
1786832967.6693325,ERROR:ConnectionError,43.7769889831543
1786832967.628861,ERROR:ConnectionError,96.41313552856445
1786832967.6709867,ERROR:ConnectionError,59.7226619720459
1786832967.673623,ERROR:ConnectionError,66.0860538482666
1786832967.6773243,ERROR:ConnectionError,67.28148460388184
1786832967.698347,ERROR:ConnectionError,49.683332443237305
1786832967.700774,ERROR:ConnectionError,48.62475395202637
1786832967.7031956,ERROR:ConnectionError,51.19156837463379
1786832967.7307205,ERROR:ConnectionError,40.906429290771484
1786832967.713119,ERROR:ConnectionError,60.93859672546387
1786832967.748054,ERROR:ConnectionError,39.98279571533203
1786832967.725284,ERROR:ConnectionError,63.06028366088867
1786832967.7494075,ERROR:ConnectionError,44.37398910522461
1786832967.7446187,ERROR:ConnectionError,49.51071739196777
1786832967.7035666,ERROR:ConnectionError,100.58045387268066
1786832967.739721,ERROR:ConnectionError,67.60311126708984
1786832967.7543979,ERROR:ConnectionError,85.66522598266602
1786832967.7114642,ERROR:ConnectionError,130.51629066467285
1786832967.788047,ERROR:ConnectionError,57.03592300415039
1786832967.774066,ERROR:ConnectionError,77.7895450592041
1786832967.7937884,ERROR:ConnectionError,66.89858436584473
1786832967.7941344,ERROR:ConnectionError,69.3521499633789
1786832967.7883482,ERROR:ConnectionError,82.5653076171875
1786832967.8073368,ERROR:ConnectionError,66.60318374633789
1786832967.7716389,ERROR:ConnectionError,118.99328231811523
1786832967.8041582,ERROR:ConnectionError,88.42158317565918
1786832967.8400736,ERROR:ConnectionError,52.77299880981445
1786832967.8450978,ERROR:ConnectionError,89.76149559020996
1786832967.8419867,ERROR:ConnectionError,96.78387641906738
1786832967.851868,ERROR:ConnectionError,90.2094841003418
1786832967.8634953,ERROR:ConnectionError,95.23463249206543
1786832967.892586,ERROR:ConnectionError,69.19598579406738
1786832967.8709242,ERROR:ConnectionError,103.21736335754395
1786832967.8606968,ERROR:ConnectionError,116.37663841247559
1786832967.873948,ERROR:ConnectionError,110.29696464538574
1786832967.8906422,ERROR:ConnectionError,100.7230281829834
1786832967.9387777,ERROR:ConnectionError,53.63798141479492
1786832967.8928494,ERROR:ConnectionError,104.62331771850586
1786832967.9587395,ERROR:ConnectionError,45.40085792541504
1786832967.9420848,ERROR:ConnectionError,64.20683860778809
1786832967.9617946,ERROR:ConnectionError,66.34664535522461
1786832967.9348707,ERROR:ConnectionError,99.78485107421875
1786832967.9842544,ERROR:ConnectionError,59.480905532836914
1786832967.9770808,ERROR:ConnectionError,82.51690864562988
1786832967.9741507,ERROR:ConnectionError,99.5168685913086
1786832967.991373,ERROR:ConnectionError,84.11765098571777
1786832967.9924214,ERROR:ConnectionError,91.61639213562012
1786832968.00415,ERROR:ConnectionError,85.68191528320312
1786832968.0063002,ERROR:ConnectionError,83.95028114318848
1786832967.9974854,ERROR:ConnectionError,96.01068496704102
1786832968.0281508,ERROR:ConnectionError,76.52807235717773
1786832968.0437431,ERROR:ConnectionError,66.28799438476562
1786832968.0754962,ERROR:ConnectionError,37.60790824890137
1786832968.0346642,ERROR:ConnectionError,82.64923095703125
1786832968.0596077,ERROR:ConnectionError,64.40281867980957
1786832968.0840483,ERROR:ConnectionError,47.109127044677734
1786832968.073694,ERROR:ConnectionError,64.38708305358887
1786832968.0935025,ERROR:ConnectionError,95.75009346008301
1786832968.0898433,ERROR:ConnectionError,100.57497024536133
1786832968.0902596,ERROR:ConnectionError,102.67782211303711
1786832968.1046896,ERROR:ConnectionError,98.37865829467773
1786832968.1131165,ERROR:ConnectionError,108.62851142883301
1786832968.110038,ERROR:ConnectionError,115.51427841186523
1786832968.117328,ERROR:ConnectionError,116.44697189331055
1786832968.1240191,ERROR:ConnectionError,119.27509307861328
1786832968.1311667,ERROR:ConnectionError,120.41664123535156
1786832968.13809,ERROR:ConnectionError,115.94319343566895
1786832968.1892633,ERROR:ConnectionError,98.10829162597656
1786832968.2433038,ERROR:ConnectionError,53.39193344116211
1786832968.1929436,ERROR:ConnectionError,118.31521987915039
1786832968.2540448,ERROR:ConnectionError,64.24665451049805
1786832968.2337852,ERROR:ConnectionError,86.81774139404297
1786832968.1904266,ERROR:ConnectionError,130.4330825805664
1786832968.2030785,ERROR:ConnectionError,123.38137626647949
1786832968.251601,ERROR:ConnectionError,89.9972915649414
1786832968.2217531,ERROR:ConnectionError,120.8047866821289
1786832968.326469,ERROR:ConnectionError,32.48763084411621
1786832968.3112664,ERROR:ConnectionError,51.22065544128418
1786832968.3183007,ERROR:ConnectionError,44.56663131713867
1786832968.2873802,ERROR:ConnectionError,89.23125267028809
1786832968.320613,ERROR:ConnectionError,58.025360107421875
1786832968.2967114,ERROR:ConnectionError,95.69168090820312
1786832968.3416083,ERROR:ConnectionError,60.629844665527344
1786832968.3589659,ERROR:ConnectionError,47.335147857666016
1786832968.3208642,ERROR:ConnectionError,87.5093936920166
1786832968.2255642,ERROR:ConnectionError,188.12966346740723
1786832968.342565,ERROR:ConnectionError,71.69151306152344
1786832968.3766203,ERROR:ConnectionError,67.70920753479004
1786832968.3924136,ERROR:ConnectionError,53.30610275268555
1786832968.37865,ERROR:ConnectionError,68.22943687438965
1786832968.4142656,ERROR:ConnectionError,40.81225395202637
1786832968.4022474,ERROR:ConnectionError,57.9681396484375
1786832968.413732,ERROR:ConnectionError,62.328338623046875
1786832968.3624976,ERROR:ConnectionError,118.36981773376465
1786832968.4063118,ERROR:ConnectionError,81.90774917602539
1786832968.4443374,ERROR:ConnectionError,49.20005798339844
1786832968.4083805,ERROR:ConnectionError,87.08000183105469
1786832968.362875,ERROR:ConnectionError,139.68133926391602
1786832968.4468877,ERROR:ConnectionError,62.084197998046875
1786832968.4457262,ERROR:ConnectionError,80.29794692993164
1786832968.4602256,ERROR:ConnectionError,84.63716506958008
1786832968.47607,ERROR:ConnectionError,83.58120918273926
1786832968.4808774,ERROR:ConnectionError,80.95169067382812
1786832968.4882338,ERROR:ConnectionError,86.89188957214355
1786832968.4935443,ERROR:ConnectionError,81.88843727111816
1786832968.4550867,ERROR:ConnectionError,125.30755996704102
1786832968.508999,ERROR:ConnectionError,103.37281227111816
1786832968.5448747,ERROR:ConnectionError,70.97387313842773
1786832968.5025659,ERROR:ConnectionError,124.56369400024414
1786832968.4954689,ERROR:ConnectionError,143.4321403503418
1786832968.5618372,ERROR:ConnectionError,78.14955711364746
1786832968.559661,ERROR:ConnectionError,82.2763442993164
1786832968.5754375,ERROR:ConnectionError,70.55926322937012
1786832968.575138,ERROR:ConnectionError,74.22208786010742
1786832968.6158578,ERROR:ConnectionError,40.23480415344238
1786832968.580408,ERROR:ConnectionError,79.49113845825195
1786832968.6123805,ERROR:ConnectionError,50.342559814453125
1786832968.5260339,ERROR:ConnectionError,141.0517692565918
1786832968.6419442,ERROR:ConnectionError,33.82301330566406
1786832968.6271389,ERROR:ConnectionError,62.10589408874512
1786832968.6460097,ERROR:ConnectionError,44.258832931518555
1786832968.6561038,ERROR:ConnectionError,46.36549949645996
1786832968.638911,ERROR:ConnectionError,63.95864486694336
1786832968.6399949,ERROR:ConnectionError,66.01476669311523
1786832968.662734,ERROR:ConnectionError,47.32108116149902
1786832968.6599083,ERROR:ConnectionError,56.461334228515625
1786832968.6493685,ERROR:ConnectionError,70.10388374328613
1786832968.667096,ERROR:ConnectionError,55.916786193847656
1786832968.675779,ERROR:ConnectionError,47.58954048156738
1786832968.7024791,ERROR:ConnectionError,31.986713409423828
1786832968.6902754,ERROR:ConnectionError,51.16152763366699
1786832968.6892543,ERROR:ConnectionError,56.705474853515625
1786832968.702877,ERROR:ConnectionError,48.3860969543457
1786832968.7100644,ERROR:ConnectionError,47.07145690917969
1786832968.719483,ERROR:ConnectionError,53.225040435791016
1786832968.7163851,ERROR:ConnectionError,66.41411781311035
1786832968.7060182,ERROR:ConnectionError,82.55672454833984
1786832968.7230213,ERROR:ConnectionError,78.3698558807373
1786832968.734484,ERROR:ConnectionError,74.08928871154785
1786832968.7459688,ERROR:ConnectionError,64.35465812683105
1786832968.7233756,ERROR:ConnectionError,87.60190010070801
1786832968.78281,ERROR:ConnectionError,31.598567962646484
1786832968.757145,ERROR:ConnectionError,62.86454200744629
1786832968.7885845,ERROR:ConnectionError,41.92709922790527
1786832968.7512736,ERROR:ConnectionError,80.99770545959473
1786832968.7414503,ERROR:ConnectionError,107.67650604248047
1786832968.8014085,ERROR:ConnectionError,51.75137519836426
1786832968.810982,ERROR:ConnectionError,54.78310585021973
1786832968.8103287,ERROR:ConnectionError,63.84134292602539
1786832968.7727199,ERROR:ConnectionError,104.75039482116699
1786832968.8144217,ERROR:ConnectionError,71.10476493835449
1786832968.8200185,ERROR:ConnectionError,73.09103012084961
1786832968.8085845,ERROR:ConnectionError,86.39335632324219
1786832968.8305247,ERROR:ConnectionError,73.09412956237793
1786832968.8322804,ERROR:ConnectionError,76.10368728637695
1786832968.849142,ERROR:ConnectionError,64.63861465454102
1786832968.8531673,ERROR:ConnectionError,66.0400390625
1786832968.87748,ERROR:ConnectionError,49.085378646850586
1786832968.8657753,ERROR:ConnectionError,62.5920295715332
1786832968.87418,ERROR:ConnectionError,57.96170234680176
1786832968.8855464,ERROR:ConnectionError,48.10166358947754
1786832968.8931177,ERROR:ConnectionError,73.49157333374023
1786832968.903626,ERROR:ConnectionError,64.9271011352539
1786832968.9083934,ERROR:ConnectionError,60.87088584899902
1786832968.9137897,ERROR:ConnectionError,60.25099754333496
1786832968.8949847,ERROR:ConnectionError,85.58273315429688
1786832968.9192266,ERROR:ConnectionError,66.0560131072998
1786832968.926574,ERROR:ConnectionError,61.49721145629883
1786832968.9283738,ERROR:ConnectionError,61.6757869720459
1786832968.9666164,ERROR:ConnectionError,25.393962860107422
1786832968.9740498,ERROR:ConnectionError,18.24784278869629
1786832968.9336536,ERROR:ConnectionError,60.99200248718262
1786832968.9685583,ERROR:ConnectionError,26.612520217895508
1786832968.9321482,ERROR:ConnectionError,64.03088569641113
1786832968.9805744,ERROR:ConnectionError,16.501188278198242
1786832968.9692702,ERROR:ConnectionError,34.148454666137695
1786832968.98529,ERROR:ConnectionError,21.139860153198242
1786832968.9880786,ERROR:ConnectionError,20.102500915527344
1786832968.992303,ERROR:ConnectionError,25.46834945678711
1786832968.9946525,ERROR:ConnectionError,28.806209564208984
1786832968.9900556,ERROR:ConnectionError,33.69283676147461
1786832968.9920173,ERROR:ConnectionError,34.61575508117676
1786832968.9970794,ERROR:ConnectionError,29.822349548339844
1786832968.9951756,ERROR:ConnectionError,35.21895408630371
1786832969.003426,ERROR:ConnectionError,28.143882751464844
1786832968.9961846,ERROR:ConnectionError,38.25664520263672
1786832969.0234685,ERROR:ConnectionError,15.45095443725586
1786832969.0177808,ERROR:ConnectionError,23.972749710083008
1786832969.0237517,ERROR:ConnectionError,18.313169479370117
1786832969.0269053,ERROR:ConnectionError,18.545866012573242
1786832969.0064373,ERROR:ConnectionError,39.343833923339844
1786832969.026646,ERROR:ConnectionError,19.405364990234375
1786832969.0304,ERROR:ConnectionError,16.665935516357422
1786832969.008187,ERROR:ConnectionError,47.733306884765625
1786832969.0315762,ERROR:ConnectionError,24.617910385131836
1786832969.0344474,ERROR:ConnectionError,26.656627655029297
1786832969.0389268,ERROR:ConnectionError,25.104045867919922
1786832969.0417619,ERROR:ConnectionError,25.716304779052734
1786832969.0420694,ERROR:ConnectionError,27.37283706665039
1786832969.0457869,ERROR:ConnectionError,25.553464889526367
1786832969.0470715,ERROR:ConnectionError,26.74555778503418
1786832969.0559285,ERROR:ConnectionError,18.28932762145996
1786832969.0454807,ERROR:ConnectionError,30.231714248657227
1786832969.0460546,ERROR:ConnectionError,32.173871994018555
1786832969.056199,ERROR:ConnectionError,23.309946060180664
1786832969.0611124,ERROR:ConnectionError,21.966934204101562
1786832969.06404,ERROR:ConnectionError,21.11029624938965
1786832969.0674853,ERROR:ConnectionError,21.268129348754883
1786832969.06945,ERROR:ConnectionError,22.161483764648438
1786832969.0713472,ERROR:ConnectionError,25.040388107299805
1786832969.0742235,ERROR:ConnectionError,29.01172637939453
1786832969.0782359,ERROR:ConnectionError,26.231765747070312
1786832969.0738235,ERROR:ConnectionError,32.62758255004883
1786832969.0757184,ERROR:ConnectionError,37.979841232299805
1786832969.083086,ERROR:ConnectionError,31.544208526611328
1786832969.0795155,ERROR:ConnectionError,39.52360153198242
1786832969.1044743,ERROR:ConnectionError,26.19791030883789
1786832969.1146357,ERROR:ConnectionError,16.307353973388672
1786832969.1032455,ERROR:ConnectionError,27.875900268554688
1786832969.1064563,ERROR:ConnectionError,28.217315673828125
1786832969.0851557,ERROR:ConnectionError,53.21812629699707
1786832969.1137075,ERROR:ConnectionError,26.270627975463867
1786832969.0916195,ERROR:ConnectionError,48.59280586242676
1786832969.088762,ERROR:ConnectionError,54.6879768371582
1786832969.119046,ERROR:ConnectionError,28.460264205932617
1786832969.1346812,ERROR:ConnectionError,16.753673553466797
1786832969.1306798,ERROR:ConnectionError,21.169424057006836
1786832969.131125,ERROR:ConnectionError,20.95198631286621
1786832969.1383805,ERROR:ConnectionError,18.0356502532959
1786832969.1399856,ERROR:ConnectionError,18.36705207824707
1786832969.1434588,ERROR:ConnectionError,16.51740074157715
1786832969.1402166,ERROR:ConnectionError,19.941329956054688
1786832969.096394,ERROR:ConnectionError,67.06905364990234
1786832969.1520813,ERROR:ConnectionError,19.463062286376953
1786832969.1475127,ERROR:ConnectionError,25.99310874938965
1786832969.1309469,ERROR:ConnectionError,44.62146759033203
1786832969.1583588,ERROR:ConnectionError,26.41773223876953
1786832969.1634822,ERROR:ConnectionError,24.017810821533203
1786832969.1514776,ERROR:ConnectionError,37.73045539855957
1786832969.1564224,ERROR:ConnectionError,33.072471618652344
1786832969.1518548,ERROR:ConnectionError,48.22492599487305
1786832969.1715543,ERROR:ConnectionError,35.527944564819336
1786832969.1599813,ERROR:ConnectionError,47.411203384399414
1786832969.1755757,ERROR:ConnectionError,37.896156311035156
1786832969.173513,ERROR:ConnectionError,41.754961013793945
1786832969.1601615,ERROR:ConnectionError,57.524919509887695
1786832969.1847887,ERROR:ConnectionError,71.00796699523926
1786832969.200091,ERROR:ConnectionError,63.968658447265625
1786832969.1892133,ERROR:ConnectionError,79.70762252807617
1786832969.2073975,ERROR:ConnectionError,69.85688209533691
1786832969.2070918,ERROR:ConnectionError,71.17199897766113
1786832969.189499,ERROR:ConnectionError,89.15066719055176
1786832969.2134807,ERROR:ConnectionError,68.53461265563965
1786832969.2152746,ERROR:ConnectionError,67.83866882324219
1786832969.217693,ERROR:ConnectionError,75.25444030761719
1786832969.1875079,ERROR:ConnectionError,108.978271484375
1786832969.2558053,ERROR:ConnectionError,49.74484443664551
1786832969.2964933,ERROR:ConnectionError,50.37117004394531
1786832969.282024,ERROR:ConnectionError,65.2778148651123
1786832969.2640696,ERROR:ConnectionError,83.52184295654297
1786832969.2786548,ERROR:ConnectionError,69.75173950195312
1786832969.2782693,ERROR:ConnectionError,70.32465934753418
1786832969.2689302,ERROR:ConnectionError,79.82349395751953
1786832969.2772634,ERROR:ConnectionError,72.07322120666504
1786832969.2831178,ERROR:ConnectionError,66.60127639770508
1786832969.2929566,ERROR:ConnectionError,63.20524215698242
1786832969.3485975,ERROR:ConnectionError,35.94398498535156
1786832969.348757,ERROR:ConnectionError,38.26141357421875
1786832969.3473065,ERROR:ConnectionError,45.7308292388916
1786832969.3468735,ERROR:ConnectionError,62.01887130737305
1786832969.3055594,ERROR:ConnectionError,107.82623291015625
1786832969.3497229,ERROR:ConnectionError,64.8043155670166
1786832969.3475955,ERROR:ConnectionError,70.6026554107666
1786832969.3484104,ERROR:ConnectionError,81.41827583312988
1786832969.3493414,ERROR:ConnectionError,83.2068920135498
1786832969.3561692,ERROR:ConnectionError,78.9649486541748
1786832969.3870304,ERROR:ConnectionError,51.106929779052734
1786832969.3845513,ERROR:ConnectionError,60.5313777923584
1786832969.393049,ERROR:ConnectionError,56.26678466796875
1786832969.4089048,ERROR:ConnectionError,42.99807548522949
1786832969.4133925,ERROR:ConnectionError,40.526390075683594
1786832969.4145348,ERROR:ConnectionError,44.794321060180664
1786832969.4182131,ERROR:ConnectionError,46.23103141784668
1786832969.4325569,ERROR:ConnectionError,55.64308166503906
1786832969.4351413,ERROR:ConnectionError,66.85185432434082
1786832969.4381468,ERROR:ConnectionError,66.68353080749512
1786832969.449328,ERROR:ConnectionError,60.94503402709961
1786832969.4450927,ERROR:ConnectionError,69.4739818572998
1786832969.459339,ERROR:ConnectionError,61.04469299316406
1786832969.451918,ERROR:ConnectionError,68.75920295715332
1786832969.4644551,ERROR:ConnectionError,59.227943420410156
1786832969.5020025,ERROR:ConnectionError,26.068687438964844
1786832969.4882095,ERROR:ConnectionError,50.51827430725098
1786832969.4539258,ERROR:ConnectionError,85.13236045837402
1786832969.5145802,ERROR:ConnectionError,28.93519401550293
1786832969.520392,ERROR:ConnectionError,24.280309677124023
1786832969.5102801,ERROR:ConnectionError,35.72845458984375
1786832969.5206816,ERROR:ConnectionError,26.266813278198242
1786832969.5048456,ERROR:ConnectionError,42.867422103881836
1786832969.5387402,ERROR:ConnectionError,16.18361473083496
1786832969.5236905,ERROR:ConnectionError,31.700849533081055
1786832969.52808,ERROR:ConnectionError,30.698776245117188
1786832969.5390627,ERROR:ConnectionError,24.346113204956055
1786832969.4298372,ERROR:ConnectionError,133.81528854370117
1786832969.546955,ERROR:ConnectionError,25.374650955200195
1786832969.5446804,ERROR:ConnectionError,29.80804443359375
1786832969.5460155,ERROR:ConnectionError,29.35194969177246
1786832969.5435255,ERROR:ConnectionError,35.218238830566406
1786832969.547719,ERROR:ConnectionError,37.31107711791992
1786832969.5549364,ERROR:ConnectionError,82.48376846313477
1786832969.5636578,ERROR:ConnectionError,80.16347885131836
1786832969.5634162,ERROR:ConnectionError,82.25536346435547
1786832969.555396,ERROR:ConnectionError,91.1104679107666
1786832969.5723405,ERROR:ConnectionError,88.32502365112305
1786832969.6438317,ERROR:ConnectionError,17.11440086364746
1786832969.6374319,ERROR:ConnectionError,23.778200149536133
1786832969.5850406,ERROR:ConnectionError,77.87084579467773
1786832969.5753734,ERROR:ConnectionError,92.9110050201416
1786832969.6456783,ERROR:ConnectionError,28.060197830200195
1786832969.646511,ERROR:ConnectionError,27.504920959472656
1786832969.5587902,ERROR:ConnectionError,115.7538890838623
1786832969.5787516,ERROR:ConnectionError,96.09198570251465
1786832969.5744958,ERROR:ConnectionError,106.53829574584961
1786832969.6609514,ERROR:ConnectionError,35.819292068481445
1786832969.660675,ERROR:ConnectionError,37.670135498046875
1786832969.662916,ERROR:ConnectionError,37.54544258117676
1786832969.661214,ERROR:ConnectionError,42.441368103027344
1786832969.6682985,ERROR:ConnectionError,41.58735275268555
1786832969.674021,ERROR:ConnectionError,36.2858772277832
1786832969.6745512,ERROR:ConnectionError,39.33382034301758
1786832969.6748483,ERROR:ConnectionError,41.71299934387207
1786832969.6737494,ERROR:ConnectionError,46.11515998840332
1786832969.698358,ERROR:ConnectionError,30.65776824951172
1786832969.700467,ERROR:ConnectionError,28.834819793701172
1786832969.6810446,ERROR:ConnectionError,49.62754249572754
1786832969.7036655,ERROR:ConnectionError,38.47002983093262
1786832969.7098956,ERROR:ConnectionError,34.95049476623535
1786832969.7138934,ERROR:ConnectionError,32.91726112365723
1786832969.7103152,ERROR:ConnectionError,37.17970848083496
1786832969.7165706,ERROR:ConnectionError,35.95089912414551
1786832969.7293086,ERROR:ConnectionError,23.668527603149414
1786832969.719875,ERROR:ConnectionError,35.219669342041016
1786832969.6967828,ERROR:ConnectionError,58.77184867858887
1786832969.7306786,ERROR:ConnectionError,29.778242111206055
1786832969.7290242,ERROR:ConnectionError,31.721115112304688
1786832969.7421477,ERROR:ConnectionError,26.366710662841797
1786832969.7468183,ERROR:ConnectionError,27.593135833740234
1786832969.7529814,ERROR:ConnectionError,25.43497085571289
1786832969.7551022,ERROR:ConnectionError,26.095151901245117
1786832969.7525616,ERROR:ConnectionError,29.088497161865234
1786832969.7475016,ERROR:ConnectionError,38.8033390045166
1786832969.755559,ERROR:ConnectionError,37.1396541595459
1786832969.7607493,ERROR:ConnectionError,36.765098571777344
1786832969.7604914,ERROR:ConnectionError,38.14387321472168
1786832969.768529,ERROR:ConnectionError,30.46107292175293
1786832969.7449336,ERROR:ConnectionError,59.944868087768555
1786832969.774422,ERROR:ConnectionError,37.45865821838379
1786832969.778425,ERROR:ConnectionError,35.616159439086914
1786832969.781659,ERROR:ConnectionError,81.02869987487793
1786832969.797524,ERROR:ConnectionError,76.16591453552246
1786832969.7927136,ERROR:ConnectionError,88.82951736450195
1786832969.7863169,ERROR:ConnectionError,101.12977027893066
1786832969.7989986,ERROR:ConnectionError,99.61771965026855
1786832969.7986479,ERROR:ConnectionError,115.11945724487305
1786832969.814048,ERROR:ConnectionError,104.98189926147461
1786832969.7812076,ERROR:ConnectionError,143.48101615905762
1786832969.8048918,ERROR:ConnectionError,122.20525741577148
1786832969.873704,ERROR:ConnectionError,61.698198318481445
1786832969.8626978,ERROR:ConnectionError,79.3004035949707
1786832969.8815584,ERROR:ConnectionError,62.99901008605957
1786832969.8874562,ERROR:ConnectionError,64.85843658447266
1786832969.898632,ERROR:ConnectionError,62.15524673461914
1786832969.9190428,ERROR:ConnectionError,44.268131256103516
1786832969.8118868,ERROR:ConnectionError,155.26294708251953
1786832969.9247,ERROR:ConnectionError,47.03879356384277
1786832969.9137785,ERROR:ConnectionError,61.51556968688965
1786832969.9445648,ERROR:ConnectionError,39.1843318939209
1786832969.9633188,ERROR:ConnectionError,22.83453941345215
1786832969.9271073,ERROR:ConnectionError,59.34619903564453
1786832969.9523227,ERROR:ConnectionError,37.82844543457031
1786832969.942006,ERROR:ConnectionError,52.14071273803711
1786832969.9671562,ERROR:ConnectionError,27.6641845703125
1786832969.9607983,ERROR:ConnectionError,37.06526756286621
1786832969.9354112,ERROR:ConnectionError,71.53582572937012
1786832969.9837599,ERROR:ConnectionError,32.37557411193848
1786832969.971754,ERROR:ConnectionError,47.12104797363281
1786832969.986161,ERROR:ConnectionError,33.935546875
1786832969.9901574,ERROR:ConnectionError,34.11269187927246
1786832969.994827,ERROR:ConnectionError,37.7659797668457
1786832969.9753048,ERROR:ConnectionError,67.94905662536621
1786832969.9978693,ERROR:ConnectionError,46.29397392272949
1786832969.9864573,ERROR:ConnectionError,60.02998352050781
1786832969.9941533,ERROR:ConnectionError,54.979562759399414
1786832970.01615,ERROR:ConnectionError,40.16613960266113
1786832970.0069559,ERROR:ConnectionError,56.41031265258789
1786832970.0188823,ERROR:ConnectionError,54.12483215332031
1786832970.020104,ERROR:ConnectionError,53.18045616149902
1786832970.0242782,ERROR:ConnectionError,54.09693717956543
1786832970.0432634,ERROR:ConnectionError,35.832881927490234
1786832970.04417,ERROR:ConnectionError,42.72127151489258
1786832970.056325,ERROR:ConnectionError,32.994747161865234
1786832970.0491443,ERROR:ConnectionError,42.226552963256836
1786832970.0633755,ERROR:ConnectionError,32.52601623535156
1786832970.0464945,ERROR:ConnectionError,51.59759521484375
1786832970.0732892,ERROR:ConnectionError,25.556087493896484
1786832970.0326054,ERROR:ConnectionError,70.32966613769531
1786832970.0730174,ERROR:ConnectionError,34.09171104431152
1786832970.0783827,ERROR:ConnectionError,41.22567176818848
1786832970.089327,ERROR:ConnectionError,35.279035568237305
1786832970.079101,ERROR:ConnectionError,47.652244567871094
1786832970.0869098,ERROR:ConnectionError,40.1155948638916
1786832970.0981045,ERROR:ConnectionError,32.010793685913086
1786832970.0913775,ERROR:ConnectionError,48.099517822265625
1786832970.0988538,ERROR:ConnectionError,42.65856742858887
1786832970.1196215,ERROR:ConnectionError,28.327226638793945
1786832970.1246145,ERROR:ConnectionError,26.39150619506836
1786832970.107118,ERROR:ConnectionError,44.31915283203125
1786832970.1029413,ERROR:ConnectionError,53.282737731933594
1786832970.1270301,ERROR:ConnectionError,35.41851043701172
1786832970.0959086,ERROR:ConnectionError,73.72021675109863
1786832970.1301215,ERROR:ConnectionError,42.13118553161621
1786832970.1415195,ERROR:ConnectionError,32.79304504394531
1786832970.1267602,ERROR:ConnectionError,48.67720603942871
1786832970.1510136,ERROR:ConnectionError,29.63089942932129
1786832970.147957,ERROR:ConnectionError,36.519765853881836
1786832970.13949,ERROR:ConnectionError,47.37114906311035
1786832970.1624582,ERROR:ConnectionError,32.228946685791016
1786832970.1562316,ERROR:ConnectionError,40.77005386352539
1786832970.169646,ERROR:ConnectionError,33.67757797241211
1786832970.1722603,ERROR:ConnectionError,31.483173370361328
1786832970.174323,ERROR:ConnectionError,32.468318939208984
1786832970.1514442,ERROR:ConnectionError,62.746286392211914
1786832970.1806526,ERROR:ConnectionError,41.092872619628906
1786832970.1868691,ERROR:ConnectionError,35.81047058105469
1786832970.1844873,ERROR:ConnectionError,40.33541679382324
1786832970.175444,ERROR:ConnectionError,51.19132995605469
1786832970.1970096,ERROR:ConnectionError,31.442880630493164
1786832970.1946988,ERROR:ConnectionError,39.63160514831543
1786832970.2067978,ERROR:ConnectionError,32.87053108215332
1786832970.2033336,ERROR:ConnectionError,40.83871841430664
1786832970.214229,ERROR:ConnectionError,31.725645065307617
1786832970.2037516,ERROR:ConnectionError,42.98901557922363
1786832970.2226875,ERROR:ConnectionError,27.051687240600586
1786832970.2266414,ERROR:ConnectionError,25.7871150970459
1786832970.2217538,ERROR:ConnectionError,32.976388931274414
1786832970.2248273,ERROR:ConnectionError,32.714128494262695
1786832970.2284586,ERROR:ConnectionError,34.93523597717285
1786832970.2343392,ERROR:ConnectionError,33.19859504699707
1786832970.246747,ERROR:ConnectionError,23.257017135620117
1786832970.239681,ERROR:ConnectionError,33.27751159667969
1786832970.2497506,ERROR:ConnectionError,26.34572982788086
1786832970.245963,ERROR:ConnectionError,30.52210807800293
1786832970.244182,ERROR:ConnectionError,48.47383499145508
1786832970.2524395,ERROR:ConnectionError,43.77102851867676
1786832970.2575495,ERROR:ConnectionError,50.882577896118164
1786832970.2634041,ERROR:ConnectionError,45.32814025878906
1786832970.2729702,ERROR:ConnectionError,36.779165267944336
1786832970.2547376,ERROR:ConnectionError,67.21329689025879
1786832970.2761054,ERROR:ConnectionError,49.35193061828613
1786832970.2700117,ERROR:ConnectionError,55.702924728393555
1786832970.276491,ERROR:ConnectionError,54.60858345031738
1786832970.2675474,ERROR:ConnectionError,66.13302230834961
1786832970.2962177,ERROR:ConnectionError,44.28982734680176
1786832970.2926662,ERROR:ConnectionError,52.147626876831055
1786832970.3087378,ERROR:ConnectionError,36.689043045043945
1786832970.3084412,ERROR:ConnectionError,39.56913948059082
1786832970.3097548,ERROR:ConnectionError,65.90700149536133
1786832970.3257186,ERROR:ConnectionError,51.825523376464844
1786832970.333689,ERROR:ConnectionError,45.506954193115234
1786832970.3219612,ERROR:ConnectionError,57.49845504760742
1786832970.3454323,ERROR:ConnectionError,38.388729095458984
1786832970.3311079,ERROR:ConnectionError,58.50076675415039
1786832970.340516,ERROR:ConnectionError,55.46998977661133
1786832970.3254652,ERROR:ConnectionError,70.81127166748047
1786832970.3756723,ERROR:ConnectionError,24.568796157836914
1786832970.3792007,ERROR:ConnectionError,23.655414581298828
1786832970.3480175,ERROR:ConnectionError,62.76965141296387
1786832970.3448248,ERROR:ConnectionError,68.14026832580566
1786832970.3775523,ERROR:ConnectionError,36.23843193054199
1786832970.3794649,ERROR:ConnectionError,38.85626792907715
1786832970.3838313,ERROR:ConnectionError,46.61250114440918
1786832970.3896177,ERROR:ConnectionError,51.90682411193848
1786832970.395993,ERROR:ConnectionError,50.84729194641113
1786832970.396283,ERROR:ConnectionError,53.182125091552734
1786832970.4002535,ERROR:ConnectionError,53.174734115600586
1786832970.4137971,ERROR:ConnectionError,42.19222068786621
1786832970.4028676,ERROR:ConnectionError,62.87813186645508
1786832970.4129715,ERROR:ConnectionError,65.13595581054688
1786832970.4183326,ERROR:ConnectionError,61.53535842895508
1786832970.4107978,ERROR:ConnectionError,70.82581520080566
1786832970.430456,ERROR:ConnectionError,57.053565979003906
1786832970.4494762,ERROR:ConnectionError,44.00897026062012
1786832970.4534457,ERROR:ConnectionError,42.91105270385742
1786832970.441535,ERROR:ConnectionError,55.107831954956055
1786832970.4468515,ERROR:ConnectionError,50.00615119934082
1786832970.4559968,ERROR:ConnectionError,49.237966537475586
1786832970.4798763,ERROR:ConnectionError,27.61673927307129
1786832970.4657595,ERROR:ConnectionError,52.51359939575195
1786832970.4934957,ERROR:ConnectionError,29.781103134155273
1786832970.4816291,ERROR:ConnectionError,42.11854934692383
1786832970.487523,ERROR:ConnectionError,37.032127380371094
1786832970.478118,ERROR:ConnectionError,46.98467254638672
1786832970.4963648,ERROR:ConnectionError,34.891605377197266
1786832970.5052447,ERROR:ConnectionError,34.566640853881836
1786832970.5074997,ERROR:ConnectionError,42.56606101989746
1786832970.496885,ERROR:ConnectionError,56.72740936279297
1786832970.4966462,ERROR:ConnectionError,57.27219581604004
1786832970.5182862,ERROR:ConnectionError,38.42878341674805
1786832970.5245602,ERROR:ConnectionError,32.70101547241211
1786832970.5312645,ERROR:ConnectionError,36.95225715637207
1786832970.5232878,ERROR:ConnectionError,45.38297653198242
1786832970.5237525,ERROR:ConnectionError,50.46653747558594
1786832970.5251079,ERROR:ConnectionError,52.5202751159668
1786832970.5500748,ERROR:ConnectionError,29.613971710205078
1786832970.5398211,ERROR:ConnectionError,54.21805381774902
1786832970.556723,ERROR:ConnectionError,45.37177085876465
1786832970.5572665,ERROR:ConnectionError,45.67909240722656
1786832970.5682302,ERROR:ConnectionError,35.09521484375
1786832970.574227,ERROR:ConnectionError,29.422998428344727
1786832970.5536232,ERROR:ConnectionError,50.7807731628418
1786832970.568679,ERROR:ConnectionError,36.516666412353516
1786832970.5797586,ERROR:ConnectionError,31.470775604248047
1786832970.5539231,ERROR:ConnectionError,66.54191017150879
1786832970.5940492,ERROR:ConnectionError,36.13924980163574
1786832970.602108,ERROR:ConnectionError,28.425931930541992
1786832970.5776374,ERROR:ConnectionError,58.759212493896484
1786832970.604413,ERROR:ConnectionError,39.24679756164551
1786832970.603656,ERROR:ConnectionError,42.3579216003418
1786832970.6029587,ERROR:ConnectionError,60.83822250366211
1786832970.6033347,ERROR:ConnectionError,60.78648567199707
1786832970.6052022,ERROR:ConnectionError,90.49820899963379
1786832970.6112392,ERROR:ConnectionError,100.1887321472168
1786832970.6204767,ERROR:ConnectionError,109.58313941955566
1786832970.6305377,ERROR:ConnectionError,100.87180137634277
1786832970.630198,ERROR:ConnectionError,113.8312816619873
1786832970.6364114,ERROR:ConnectionError,114.36820030212402
1786832970.6436708,ERROR:ConnectionError,107.52391815185547
1786832970.6638072,ERROR:ConnectionError,88.71793746948242
1786832970.6641273,ERROR:ConnectionError,92.0257568359375
1786832970.6460247,ERROR:ConnectionError,124.84169006347656
1786832970.7114398,ERROR:ConnectionError,72.29781150817871
1786832970.7440424,ERROR:ConnectionError,42.226314544677734
1786832970.7314215,ERROR:ConnectionError,55.90415000915527
1786832970.7507956,ERROR:ConnectionError,36.84878349304199
1786832970.6957107,ERROR:ConnectionError,95.5345630645752
1786832970.730069,ERROR:ConnectionError,69.78487968444824
1786832970.7708766,ERROR:ConnectionError,30.301570892333984
1786832970.7525322,ERROR:ConnectionError,49.05343055725098
1786832970.756165,ERROR:ConnectionError,51.982879638671875
1786832970.7837539,ERROR:ConnectionError,34.264326095581055
1786832970.7873352,ERROR:ConnectionError,41.00203514099121
1786832970.7912545,ERROR:ConnectionError,39.240360260009766
1786832970.7998636,ERROR:ConnectionError,30.880212783813477
1786832970.7862775,ERROR:ConnectionError,44.69919204711914
1786832970.801186,ERROR:ConnectionError,31.469106674194336
1786832970.8015924,ERROR:ConnectionError,35.1254940032959
1786832970.7511995,ERROR:ConnectionError,90.09504318237305
1786832970.7876499,ERROR:ConnectionError,54.81100082397461
1786832970.808158,ERROR:ConnectionError,35.87532043457031
1786832970.81803,ERROR:ConnectionError,29.103517532348633
1786832970.8283517,ERROR:ConnectionError,20.107030868530273
1786832970.8305032,ERROR:ConnectionError,22.84073829650879
1786832970.8309808,ERROR:ConnectionError,27.00018882751465
1786832970.8307478,ERROR:ConnectionError,31.185388565063477
1786832970.8367274,ERROR:ConnectionError,27.767181396484375
1786832970.8413022,ERROR:ConnectionError,26.839733123779297
1786832970.832663,ERROR:ConnectionError,37.661075592041016
1786832970.8440418,ERROR:ConnectionError,31.99934959411621
1786832970.8424685,ERROR:ConnectionError,35.66312789916992
1786832970.847147,ERROR:ConnectionError,33.43987464904785
1786832970.848465,ERROR:ConnectionError,35.75778007507324
1786832970.8533523,ERROR:ConnectionError,36.67759895324707
1786832970.8579893,ERROR:ConnectionError,34.378767013549805
1786832970.861946,ERROR:ConnectionError,32.34076499938965
1786832970.8645046,ERROR:ConnectionError,50.90451240539551
1786832970.8703322,ERROR:ConnectionError,49.08299446105957
1786832970.8781404,ERROR:ConnectionError,54.164886474609375
1786832970.876053,ERROR:ConnectionError,57.65032768249512
1786832970.8681495,ERROR:ConnectionError,96.68755531311035
1786832970.8805976,ERROR:ConnectionError,87.8608226776123
1786832970.8900435,ERROR:ConnectionError,85.37149429321289
1786832970.894297,ERROR:ConnectionError,81.72392845153809
1786832970.91542,ERROR:ConnectionError,64.95261192321777
1786832970.8923764,ERROR:ConnectionError,88.60015869140625
1786832970.88424,ERROR:ConnectionError,106.16254806518555
1786832970.9337142,ERROR:ConnectionError,58.83932113647461
1786832970.9323184,ERROR:ConnectionError,71.12503051757812
1786832970.919425,ERROR:ConnectionError,86.6086483001709
1786832970.9648468,ERROR:ConnectionError,63.55643272399902
1786832970.9684706,ERROR:ConnectionError,62.26778030395508
1786832970.9760277,ERROR:ConnectionError,71.87342643737793
1786832970.9754252,ERROR:ConnectionError,76.81512832641602
1786832970.9809813,ERROR:ConnectionError,96.24528884887695
1786832970.9803808,ERROR:ConnectionError,99.34687614440918
1786832970.990414,ERROR:ConnectionError,90.62671661376953
1786832970.9925613,ERROR:ConnectionError,94.77615356445312
1786832971.0284154,ERROR:ConnectionError,64.26739692687988
1786832971.0060441,ERROR:ConnectionError,89.0815258026123
1786832971.0307484,ERROR:ConnectionError,66.62917137145996
1786832971.0479107,ERROR:ConnectionError,62.04581260681152
1786832971.003455,ERROR:ConnectionError,108.4752082824707
1786832971.0522532,ERROR:ConnectionError,62.139034271240234
1786832971.0772393,ERROR:ConnectionError,38.95163536071777
1786832971.079736,ERROR:ConnectionError,69.51498985290527
1786832971.081046,ERROR:ConnectionError,72.72624969482422
1786832971.087348,ERROR:ConnectionError,74.21422004699707
1786832971.0951393,ERROR:ConnectionError,84.27214622497559
1786832971.109966,ERROR:ConnectionError,70.94430923461914
1786832971.0973847,ERROR:ConnectionError,87.45598793029785
1786832971.111938,ERROR:ConnectionError,73.63200187683105
1786832971.1144001,ERROR:ConnectionError,75.37364959716797
1786832971.1161983,ERROR:ConnectionError,81.43949508666992
1786832971.0926938,ERROR:ConnectionError,122.95699119567871
1786832971.1615748,ERROR:ConnectionError,56.22100830078125
1786832971.1537826,ERROR:ConnectionError,73.80986213684082
1786832971.1855786,ERROR:ConnectionError,45.95947265625
1786832971.1809213,ERROR:ConnectionError,52.1237850189209
1786832971.179423,ERROR:ConnectionError,55.91917037963867
1786832971.1848502,ERROR:ConnectionError,56.0147762298584
1786832971.1897812,ERROR:ConnectionError,63.21454048156738
1786832971.1976492,ERROR:ConnectionError,59.31591987609863
1786832971.1492631,ERROR:ConnectionError,110.72587966918945
1786832971.215661,ERROR:ConnectionError,46.53358459472656
1786832971.2178085,ERROR:ConnectionError,60.28151512145996
1786832971.2276025,ERROR:ConnectionError,71.96402549743652
1786832971.2315476,ERROR:ConnectionError,72.07155227661133
1786832971.2408748,ERROR:ConnectionError,63.04669380187988
1786832971.233052,ERROR:ConnectionError,78.41634750366211
1786832971.25698,ERROR:ConnectionError,57.29556083679199
1786832971.2599967,ERROR:ConnectionError,70.30582427978516
1786832971.2353513,ERROR:ConnectionError,95.27468681335449
1786832971.2781034,ERROR:ConnectionError,55.1605224609375
1786832971.253007,ERROR:ConnectionError,82.6573371887207
1786832971.3036284,ERROR:ConnectionError,40.1611328125
1786832971.3039265,ERROR:ConnectionError,46.990156173706055
1786832971.314285,ERROR:ConnectionError,43.37811470031738
1786832971.3114803,ERROR:ConnectionError,47.2867488861084
1786832971.3332696,ERROR:ConnectionError,26.71957015991211
1786832971.3303137,ERROR:ConnectionError,33.48875045776367
1786832971.3306315,ERROR:ConnectionError,37.586212158203125
1786832971.2622051,ERROR:ConnectionError,108.66975784301758
1786832971.3438005,ERROR:ConnectionError,29.97875213623047
1786832971.3356729,ERROR:ConnectionError,40.014028549194336
1786832971.3509338,ERROR:ConnectionError,27.00948715209961
1786832971.2995784,ERROR:ConnectionError,90.84224700927734
1786832971.3599958,ERROR:ConnectionError,39.13760185241699
1786832971.373788,ERROR:ConnectionError,31.45599365234375
1786832971.368229,ERROR:ConnectionError,37.51730918884277
1786832971.3638113,ERROR:ConnectionError,45.33553123474121
1786832971.3708835,ERROR:ConnectionError,39.347171783447266
1786832971.3576725,ERROR:ConnectionError,67.00396537780762
1786832971.4102364,ERROR:ConnectionError,20.737409591674805
1786832971.3756957,ERROR:ConnectionError,57.34443664550781
1786832971.4052544,ERROR:ConnectionError,30.716657638549805
1786832971.3991418,ERROR:ConnectionError,38.720130920410156
1786832971.4057565,ERROR:ConnectionError,33.83779525756836
1786832971.3587735,ERROR:ConnectionError,86.45176887512207
1786832971.4246867,ERROR:ConnectionError,22.84717559814453
1786832971.4091551,ERROR:ConnectionError,41.1221981048584
1786832971.4309819,ERROR:ConnectionError,31.354665756225586
1786832971.4359803,ERROR:ConnectionError,40.411949157714844
1786832971.3779511,ERROR:ConnectionError,100.07524490356445
1786832971.4452357,ERROR:ConnectionError,35.73966026306152
1786832971.4330468,ERROR:ConnectionError,52.23226547241211
1786832971.390432,ERROR:ConnectionError,95.41034698486328
1786832971.4475586,ERROR:ConnectionError,41.18609428405762
1786832971.4623497,ERROR:ConnectionError,30.02643585205078
1786832971.439602,ERROR:ConnectionError,55.37223815917969
1786832971.4764028,ERROR:ConnectionError,22.995710372924805
1786832971.4780333,ERROR:ConnectionError,28.455495834350586
1786832971.4809842,ERROR:ConnectionError,26.761531829833984
1786832971.4502892,ERROR:ConnectionError,60.1198673248291
1786832971.4852884,ERROR:ConnectionError,28.405427932739258
1786832971.4858477,ERROR:ConnectionError,30.09629249572754
1786832971.4887536,ERROR:ConnectionError,38.054704666137695
1786832971.4923859,ERROR:ConnectionError,37.206411361694336
1786832971.507754,ERROR:ConnectionError,25.435686111450195
1786832971.5065017,ERROR:ConnectionError,29.616832733154297
1786832971.4949827,ERROR:ConnectionError,46.187639236450195
1786832971.5137053,ERROR:ConnectionError,27.860403060913086
1786832971.499407,ERROR:ConnectionError,45.400142669677734
1786832971.5104158,ERROR:ConnectionError,35.34340858459473
1786832971.52682,ERROR:ConnectionError,24.555683135986328
1786832971.5159512,ERROR:ConnectionError,39.34884071350098
1786832971.529604,ERROR:ConnectionError,36.56625747680664
1786832971.5331964,ERROR:ConnectionError,45.18437385559082
1786832971.5361276,ERROR:ConnectionError,44.42024230957031
1786832971.5411787,ERROR:ConnectionError,41.34798049926758
1786832971.5457683,ERROR:ConnectionError,40.941715240478516
1786832971.5448146,ERROR:ConnectionError,45.725107192993164
1786832971.43787,ERROR:ConnectionError,156.10003471374512
1786832971.5513873,ERROR:ConnectionError,49.13330078125
1786832971.5661788,ERROR:ConnectionError,48.19369316101074
1786832971.55531,ERROR:ConnectionError,59.46636199951172
1786832971.586719,ERROR:ConnectionError,29.386281967163086
1786832971.59398,ERROR:ConnectionError,27.84419059753418
1786832971.590548,ERROR:ConnectionError,32.027244567871094
1786832971.5415716,ERROR:ConnectionError,87.88657188415527
1786832971.5825334,ERROR:ConnectionError,49.31759834289551
1786832971.5805569,ERROR:ConnectionError,59.89527702331543
1786832971.600537,ERROR:ConnectionError,46.2648868560791
1786832971.5783954,ERROR:ConnectionError,70.44005393981934
1786832971.6218565,ERROR:ConnectionError,28.27739715576172
1786832971.6143818,ERROR:ConnectionError,38.19704055786133
1786832971.6161113,ERROR:ConnectionError,45.74131965637207
1786832971.6318593,ERROR:ConnectionError,30.28106689453125
1786832971.6147804,ERROR:ConnectionError,48.10762405395508
1786832971.6404724,ERROR:ConnectionError,27.750730514526367
1786832971.6294703,ERROR:ConnectionError,39.28518295288086
1786832971.646817,ERROR:ConnectionError,26.51357650756836
1786832971.6225836,ERROR:ConnectionError,59.931039810180664
1786832971.662898,ERROR:ConnectionError,31.694889068603516
1786832971.6501412,ERROR:ConnectionError,47.074317932128906
1786832971.6488428,ERROR:ConnectionError,51.71823501586914
1786832971.6525872,ERROR:ConnectionError,48.31957817077637
1786832971.6618612,ERROR:ConnectionError,40.938615798950195
1786832971.6621442,ERROR:ConnectionError,45.169830322265625
1786832971.6682339,ERROR:ConnectionError,42.16480255126953
1786832971.6687622,ERROR:ConnectionError,51.442861557006836
1786832971.673339,ERROR:ConnectionError,53.47561836242676
1786832971.694604,ERROR:ConnectionError,46.80657386779785
1786832971.6825235,ERROR:ConnectionError,59.21626091003418
1786832971.7028086,ERROR:ConnectionError,43.788909912109375
1786832971.697223,ERROR:ConnectionError,57.57498741149902
1786832971.7009454,ERROR:ConnectionError,57.91616439819336
1786832971.7005699,ERROR:ConnectionError,71.11787796020508
1786832971.707325,ERROR:ConnectionError,90.45982360839844
1786832971.726824,ERROR:ConnectionError,81.67672157287598
1786832971.7414205,ERROR:ConnectionError,74.59282875061035
1786832971.7104075,ERROR:ConnectionError,113.12150955200195
1786832971.7202168,ERROR:ConnectionError,104.67338562011719
1786832971.74661,ERROR:ConnectionError,84.24496650695801
1786832971.754807,ERROR:ConnectionError,77.3167610168457
1786832971.741746,ERROR:ConnectionError,91.75348281860352
1786832971.7588723,ERROR:ConnectionError,80.46984672546387
1786832971.7977974,ERROR:ConnectionError,52.63495445251465
1786832971.7717025,ERROR:ConnectionError,80.12127876281738
1786832971.8160229,ERROR:ConnectionError,41.036367416381836
1786832971.8248968,ERROR:ConnectionError,34.38401222229004
1786832971.808512,ERROR:ConnectionError,51.68509483337402
1786832971.8235435,ERROR:ConnectionError,38.50746154785156
1786832971.8308625,ERROR:ConnectionError,34.84082221984863
1786832971.8393667,ERROR:ConnectionError,31.896114349365234
1786832971.8321292,ERROR:ConnectionError,43.88022422790527
1786832971.8335044,ERROR:ConnectionError,44.509172439575195
1786832971.8518312,ERROR:ConnectionError,51.82504653930664
1786832971.8592875,ERROR:ConnectionError,51.55134201049805
1786832971.850442,ERROR:ConnectionError,63.10844421386719
1786832971.8570707,ERROR:ConnectionError,61.86842918395996
1786832971.862059,ERROR:ConnectionError,62.4542236328125
1786832971.860204,ERROR:ConnectionError,64.98861312866211
1786832971.8657103,ERROR:ConnectionError,62.78657913208008
1786832971.876017,ERROR:ConnectionError,59.700727462768555
1786832971.8712716,ERROR:ConnectionError,70.33991813659668
1786832971.9037132,ERROR:ConnectionError,42.699575424194336
1786832971.9135628,ERROR:ConnectionError,36.03363037109375
1786832971.8780234,ERROR:ConnectionError,78.27425003051758
1786832971.9245226,ERROR:ConnectionError,42.10090637207031
1786832971.9108515,ERROR:ConnectionError,56.33068084716797
1786832971.9251986,ERROR:ConnectionError,57.83200263977051
1786832971.9285243,ERROR:ConnectionError,55.547475814819336
1786832971.9189503,ERROR:ConnectionError,132.30180740356445
1786832971.9357302,ERROR:ConnectionError,120.85676193237305
1786832971.9416213,ERROR:ConnectionError,117.78426170349121
1786832971.9496043,ERROR:ConnectionError,110.94999313354492
1786832971.9671867,ERROR:ConnectionError,108.55960845947266
1786832971.9666307,ERROR:ConnectionError,117.1560287475586
1786832971.98304,ERROR:ConnectionError,104.51436042785645
1786832971.9464235,ERROR:ConnectionError,148.90670776367188
1786832971.984078,ERROR:ConnectionError,114.13359642028809
1786832972.0605602,ERROR:ConnectionError,46.85163497924805
1786832972.0512693,ERROR:ConnectionError,61.42377853393555
1786832972.0566027,ERROR:ConnectionError,58.63761901855469
1786832971.9563134,ERROR:ConnectionError,165.50064086914062
1786832972.0837953,ERROR:ConnectionError,70.88065147399902
1786832972.1152477,ERROR:ConnectionError,43.74217987060547
1786832972.0757575,ERROR:ConnectionError,89.27202224731445
1786832972.059413,ERROR:ConnectionError,106.03451728820801
1786832972.0953405,ERROR:ConnectionError,70.39523124694824
1786832972.1218228,ERROR:ConnectionError,47.119140625
1786832972.0875661,ERROR:ConnectionError,83.18352699279785
1786832972.107422,ERROR:ConnectionError,69.31257247924805
1786832972.0982196,ERROR:ConnectionError,79.47683334350586
1786832972.1127024,ERROR:ConnectionError,74.15032386779785
1786832972.1546893,ERROR:ConnectionError,59.7386360168457
1786832972.1650374,ERROR:ConnectionError,106.9643497467041
1786832972.1589992,ERROR:ConnectionError,115.3872013092041
1786832972.1689537,ERROR:ConnectionError,107.22136497497559
1786832972.1654532,ERROR:ConnectionError,111.00912094116211
1786832972.1657407,ERROR:ConnectionError,124.9997615814209
1786832972.1767423,ERROR:ConnectionError,120.17536163330078
1786832972.170759,ERROR:ConnectionError,129.7473907470703
1786832972.214491,ERROR:ConnectionError,112.94054985046387
1786832972.1777024,ERROR:ConnectionError,152.05144882202148
1786832972.1868637,ERROR:ConnectionError,153.69081497192383
1786832972.2720134,ERROR:ConnectionError,114.00818824768066
1786832972.2743943,ERROR:ConnectionError,121.88601493835449
1786832972.2907605,ERROR:ConnectionError,116.50347709655762
1786832972.2764666,ERROR:ConnectionError,133.6531639099121
1786832972.2761846,ERROR:ConnectionError,145.90144157409668
1786832972.2969272,ERROR:ConnectionError,129.88996505737305
1786832972.300517,ERROR:ConnectionError,153.8403034210205
1786832972.3274436,ERROR:ConnectionError,132.84754753112793
1786832972.3297622,ERROR:ConnectionError,143.88418197631836
1786832972.3405707,ERROR:ConnectionError,160.66217422485352
1786832972.3962903,ERROR:ConnectionError,118.13759803771973
1786832972.3860352,ERROR:ConnectionError,129.43363189697266
1786832972.4072733,ERROR:ConnectionError,109.01117324829102
1786832972.4268293,ERROR:ConnectionError,91.52007102966309
1786832972.4602997,ERROR:ConnectionError,62.53170967102051
1786832972.422095,ERROR:ConnectionError,102.84066200256348
1786832972.4101279,ERROR:ConnectionError,115.10634422302246
1786832972.4543686,ERROR:ConnectionError,73.49824905395508
1786832972.4736738,ERROR:ConnectionError,59.75794792175293
1786832972.5012405,ERROR:ConnectionError,33.07676315307617
1786832972.5154753,ERROR:ConnectionError,22.910118103027344
1786832972.5162892,ERROR:ConnectionError,30.736923217773438
1786832972.5144374,ERROR:ConnectionError,37.49418258666992
1786832972.5252397,ERROR:ConnectionError,29.35171127319336
1786832972.5228453,ERROR:ConnectionError,33.00285339355469
1786832972.5249426,ERROR:ConnectionError,40.54713249206543
1786832972.5183575,ERROR:ConnectionError,50.2009391784668
1786832972.5278745,ERROR:ConnectionError,50.60148239135742
1786832972.5343244,ERROR:ConnectionError,46.15664482116699
1786832972.5334406,ERROR:ConnectionError,58.56680870056152
1786832972.5470383,ERROR:ConnectionError,50.43196678161621
1786832972.551941,ERROR:ConnectionError,51.550865173339844
1786832972.5383933,ERROR:ConnectionError,69.44656372070312
1786832972.5558574,ERROR:ConnectionError,60.65964698791504
1786832972.5546005,ERROR:ConnectionError,71.65026664733887
1786832972.5655007,ERROR:ConnectionError,99.42030906677246
1786832972.5685647,ERROR:ConnectionError,105.76057434082031
1786832972.5784867,ERROR:ConnectionError,119.22311782836914
1786832972.5804875,ERROR:ConnectionError,203.98640632629395
1786832972.6649306,ERROR:ConnectionError,1013.22340965271
1786832972.5974824,ERROR:ConnectionError,1093.8308238983154
1786832972.5920215,ERROR:ConnectionError,1107.060432434082
1786832972.6165245,ERROR:ConnectionError,1084.6278667449951
1786832972.6035082,ERROR:ConnectionError,1103.1403541564941
1786832972.6262617,ERROR:ConnectionError,1083.4851264953613
1786832972.6078563,ERROR:ConnectionError,1106.7006587982178
1786832972.6743429,ERROR:ConnectionError,1045.5286502838135
1786832972.697721,ERROR:ConnectionError,1065.542459487915
1786832972.7844985,ERROR:ConnectionError,981.7819595336914
1786832973.6781664,ERROR:ConnectionError,101.03368759155273
1786832973.7011602,ERROR:ConnectionError,82.33880996704102
1786832973.6913216,ERROR:ConnectionError,101.66454315185547
1786832973.69909,ERROR:ConnectionError,104.4917106628418
1786832973.763273,ERROR:ConnectionError,50.10485649108887
1786832973.7066584,ERROR:ConnectionError,109.10868644714355
1786832973.7145662,ERROR:ConnectionError,119.44365501403809
1786832973.77921,ERROR:ConnectionError,65.60921669006348
1786832973.7097542,ERROR:ConnectionError,137.89987564086914
1786832973.783507,ERROR:ConnectionError,150.5270004272461
1786832973.7198782,ERROR:ConnectionError,215.47985076904297
1786832973.8035917,ERROR:ConnectionError,139.09316062927246
1786832973.7663155,ERROR:ConnectionError,184.08751487731934
1786832973.813388,ERROR:ConnectionError,142.37093925476074
1786832973.7929974,ERROR:ConnectionError,202.55255699157715
1786832973.8157778,ERROR:ConnectionError,226.7305850982666
1786832973.8476634,ERROR:ConnectionError,2832.25154876709
1786832973.83402,ERROR:ConnectionError,2851.682186126709
1786832973.9340444,ERROR:ConnectionError,2760.502338409424
1786832973.935364,ERROR:ConnectionError,2764.310359954834
1786832973.9426963,ERROR:ConnectionError,2758.514642715454
1786832973.8448277,ERROR:ConnectionError,2861.762046813965
1786832973.9504163,ERROR:ConnectionError,2767.085313796997
1786832973.955773,ERROR:ConnectionError,2822.798490524292
1786832973.9955587,ERROR:ConnectionError,2785.0303649902344
1786832974.0425227,ERROR:ConnectionError,2746.7315196990967
1786832976.6857133,ERROR:ConnectionError,202.25882530212402
1786832976.694558,ERROR:ConnectionError,203.49478721618652
1786832976.6799362,ERROR:ConnectionError,220.39246559143066
1786832976.7012181,ERROR:ConnectionError,229.3379306793213
1786832976.7805967,ERROR:ConnectionError,163.87152671813965
1786832976.6996834,ERROR:ConnectionError,252.56729125976562
1786832976.778581,ERROR:ConnectionError,178.14111709594727
1786832976.717512,ERROR:ConnectionError,253.37982177734375
1786832976.7892647,ERROR:ConnectionError,191.56789779663086
1786832976.8879807,ERROR:ConnectionError,99.96676445007324
1786832976.9522617,ERROR:ConnectionError,42.795419692993164
1786832976.9305656,ERROR:ConnectionError,68.30501556396484
1786832976.9567304,ERROR:ConnectionError,66.71667098999023
1786832976.7065978,ERROR:ConnectionError,317.2869682312012
1786832976.9709039,ERROR:ConnectionError,85.02316474914551
1786832976.9003384,ERROR:ConnectionError,161.9858741760254
1786832976.898064,ERROR:ConnectionError,191.58554077148438
1786832976.9808471,ERROR:ConnectionError,111.25636100769043
1786832976.987961,ERROR:ConnectionError,110.54611206054688
1786832976.94448,ERROR:ConnectionError,156.34679794311523
1786832976.998881,ERROR:ConnectionError,142.98081398010254
1786832976.9950697,ERROR:ConnectionError,154.6304225921631
1786832977.0234544,ERROR:ConnectionError,147.36294746398926
1786832977.0238912,ERROR:ConnectionError,163.4535789489746
1786832977.062336,ERROR:ConnectionError,141.46995544433594
1786832977.0896583,ERROR:ConnectionError,116.05286598205566
1786832977.0985196,ERROR:ConnectionError,112.5035285949707
1786832977.1008344,ERROR:ConnectionError,115.94891548156738
1786832977.0921159,ERROR:ConnectionError,134.04297828674316
1786832977.0559382,ERROR:ConnectionError,188.97199630737305
1786832977.149716,ERROR:ConnectionError,140.33102989196777
1786832977.1418881,ERROR:ConnectionError,173.27046394348145
1786832977.1873565,ERROR:ConnectionError,130.54585456848145
1786832977.1708288,ERROR:ConnectionError,168.80464553833008
1786832977.2038162,ERROR:ConnectionError,176.27477645874023
1786832977.2057207,ERROR:ConnectionError,181.98442459106445
1786832977.211034,ERROR:ConnectionError,196.44975662231445
1786832977.216794,ERROR:ConnectionError,229.5238971710205
1786832977.2261708,ERROR:ConnectionError,229.98833656311035
1786832977.2900558,ERROR:ConnectionError,171.19336128234863
1786832977.3151703,ERROR:ConnectionError,153.58281135559082
1786832977.3179111,ERROR:ConnectionError,151.61490440368652
1786832977.3801098,ERROR:ConnectionError,97.89156913757324
1786832977.2449214,ERROR:ConnectionError,236.83643341064453
1786832977.3877165,ERROR:ConnectionError,98.09994697570801
1786832977.3396425,ERROR:ConnectionError,148.240327835083
1786832977.446329,ERROR:ConnectionError,47.37424850463867
1786832977.4074929,ERROR:ConnectionError,103.7747859954834
1786832977.4612594,ERROR:ConnectionError,96.54736518859863
1786832977.469571,ERROR:ConnectionError,96.53139114379883
1786832977.4561672,ERROR:ConnectionError,113.4641170501709
1786832977.4687643,ERROR:ConnectionError,113.43932151794434
1786832977.4878948,ERROR:ConnectionError,94.6035385131836
1786832977.4780138,ERROR:ConnectionError,110.43477058410645
1786832977.4937158,ERROR:ConnectionError,97.04446792602539
1786832977.4858246,ERROR:ConnectionError,105.54122924804688
1786832977.557817,ERROR:ConnectionError,39.443254470825195
1786832977.511283,ERROR:ConnectionError,89.86544609069824
1786832977.5696378,ERROR:ConnectionError,38.07353973388672
1786832977.5825047,ERROR:ConnectionError,29.057741165161133
1786832977.5822115,ERROR:ConnectionError,30.720233917236328
1786832977.5884569,ERROR:ConnectionError,27.08148956298828
1786832977.5907657,ERROR:ConnectionError,31.373262405395508
1786832977.481766,ERROR:ConnectionError,142.6217555999756
1786832977.5661125,ERROR:ConnectionError,59.426307678222656
1786832977.59727,ERROR:ConnectionError,99.49040412902832
1786832977.591396,ERROR:ConnectionError,112.73980140686035
1786832977.6011577,ERROR:ConnectionError,107.71512985229492
1786832977.6129398,ERROR:ConnectionError,113.12484741210938
1786832977.6115923,ERROR:ConnectionError,120.86176872253418
1786832977.6221485,ERROR:ConnectionError,116.47367477416992
1786832977.615545,ERROR:ConnectionError,125.58197975158691
1786832977.6255453,ERROR:ConnectionError,115.8440113067627
1786832977.6077209,ERROR:ConnectionError,140.3481960296631
1786832977.6243947,ERROR:ConnectionError,126.83486938476562
1786832977.6967733,ERROR:ConnectionError,56.59222602844238
1786832977.7041461,ERROR:ConnectionError,67.43645668029785
1786832977.7260754,ERROR:ConnectionError,63.56191635131836
1786832977.7324648,ERROR:ConnectionError,58.847665786743164
1786832977.7386334,ERROR:ConnectionError,57.117462158203125
1786832977.7088811,ERROR:ConnectionError,97.35870361328125
1786832977.7413929,ERROR:ConnectionError,66.95127487182617
1786832977.7411342,ERROR:ConnectionError,146.80004119873047
1786832977.7512374,ERROR:ConnectionError,143.56231689453125
1786832977.7533736,ERROR:ConnectionError,145.40958404541016
1786832977.7715926,ERROR:ConnectionError,132.2343349456787
1786832977.8062487,ERROR:ConnectionError,100.63815116882324
1786832977.7957618,ERROR:ConnectionError,121.7801570892334
1786832977.7913172,ERROR:ConnectionError,130.43951988220215
1786832977.7896469,ERROR:ConnectionError,134.13548469543457
1786832977.8083506,ERROR:ConnectionError,116.65606498718262
1786832977.8879445,ERROR:ConnectionError,45.156002044677734
1786832977.7480783,ERROR:ConnectionError,186.38873100280762
1786832977.8988025,ERROR:ConnectionError,36.41009330749512
1786832977.9038363,ERROR:ConnectionError,32.18269348144531
1786832977.8948143,ERROR:ConnectionError,52.553415298461914
1786832977.9250135,ERROR:ConnectionError,28.933286666870117
1786832977.9068947,ERROR:ConnectionError,47.71828651428223
1786832977.9175525,ERROR:ConnectionError,38.29169273376465
1786832977.9217677,ERROR:ConnectionError,41.690826416015625
1786832977.9237888,ERROR:ConnectionError,42.90890693664551
1786832977.9352195,ERROR:ConnectionError,34.13033485412598
1786832977.9331124,ERROR:ConnectionError,44.79026794433594
1786832977.9344745,ERROR:ConnectionError,47.342777252197266
1786832977.9360237,ERROR:ConnectionError,50.07529258728027
1786832977.9473794,ERROR:ConnectionError,42.166948318481445
1786832977.9546244,ERROR:ConnectionError,59.838294982910156
1786832977.9539564,ERROR:ConnectionError,70.60623168945312
1786832977.9558516,ERROR:ConnectionError,72.84212112426758
1786832977.977917,ERROR:ConnectionError,70.03140449523926
1786832977.9634666,ERROR:ConnectionError,88.8514518737793
1786832977.9667077,ERROR:ConnectionError,89.12229537963867
1786832977.9861095,ERROR:ConnectionError,75.88624954223633
1786832977.981824,ERROR:ConnectionError,93.0945873260498
1786832977.9696896,ERROR:ConnectionError,107.47051239013672
1786832977.989556,ERROR:ConnectionError,90.56496620178223
1786832978.0144744,ERROR:ConnectionError,68.83740425109863
1786832978.028707,ERROR:ConnectionError,57.55782127380371
1786832978.0245714,ERROR:ConnectionError,64.87631797790527
1786832978.055841,ERROR:ConnectionError,37.86492347717285
1786832978.0479593,ERROR:ConnectionError,49.77703094482422
1786832978.062008,ERROR:ConnectionError,38.80786895751953
1786832978.0523283,ERROR:ConnectionError,52.137136459350586
1786832978.0749302,ERROR:ConnectionError,31.047821044921875
1786832978.077171,ERROR:ConnectionError,31.08048439025879
1786832978.080129,ERROR:ConnectionError,29.922008514404297
1786832978.0833209,ERROR:ConnectionError,36.97657585144043
1786832978.0864148,ERROR:ConnectionError,34.896135330200195
1786832978.0937147,ERROR:ConnectionError,33.84065628051758
1786832978.0977452,ERROR:ConnectionError,33.90622138977051
1786832978.1008244,ERROR:ConnectionError,32.92584419250488
1786832978.1044734,ERROR:ConnectionError,32.27066993713379
1786832978.089459,ERROR:ConnectionError,52.5205135345459
1786832978.1059868,ERROR:ConnectionError,38.38038444519043
1786832978.1082578,ERROR:ConnectionError,44.82412338256836
1786832978.1100578,ERROR:ConnectionError,49.84307289123535
1786832978.1275692,ERROR:ConnectionError,41.67747497558594
1786832978.1203082,ERROR:ConnectionError,52.28853225708008
1786832978.1213198,ERROR:ConnectionError,56.035757064819336
1786832978.1367521,ERROR:ConnectionError,45.90749740600586
1786832978.1316595,ERROR:ConnectionError,51.300048828125
1786832978.1419902,ERROR:ConnectionError,44.569969177246094
1786832978.1337583,ERROR:ConnectionError,53.10368537902832
1786832978.1443796,ERROR:ConnectionError,61.19680404663086
1786832978.1530914,ERROR:ConnectionError,53.67541313171387
1786832978.1599097,ERROR:ConnectionError,57.86442756652832
1786832978.1692562,ERROR:ConnectionError,52.07109451293945
1786832978.1726065,ERROR:ConnectionError,52.00624465942383
1786832978.177366,ERROR:ConnectionError,53.29537391662598
1786832978.1865695,ERROR:ConnectionError,45.96877098083496
1786832978.1826694,ERROR:ConnectionError,51.73087120056152
1786832978.1868675,ERROR:ConnectionError,52.068233489990234
1786832978.182964,ERROR:ConnectionError,57.2512149810791
1786832978.2055883,ERROR:ConnectionError,35.919189453125
1786832978.206775,ERROR:ConnectionError,43.892621994018555
1786832978.217787,ERROR:ConnectionError,40.78364372253418
1786832978.2213368,ERROR:ConnectionError,40.91835021972656
1786832978.2246373,ERROR:ConnectionError,41.788578033447266
1786832978.2307265,ERROR:ConnectionError,45.140743255615234
1786832978.238944,ERROR:ConnectionError,44.94118690490723
1786832978.2325494,ERROR:ConnectionError,56.83135986328125
1786832978.2344103,ERROR:ConnectionError,56.30373954772949
1786832978.241514,ERROR:ConnectionError,58.42852592468262
1786832978.2402244,ERROR:ConnectionError,61.020612716674805
1786832978.2506766,ERROR:ConnectionError,53.63297462463379
1786832978.2622705,ERROR:ConnectionError,61.405181884765625
1786832978.2664368,ERROR:ConnectionError,59.41963195800781
1786832978.2585819,ERROR:ConnectionError,72.85404205322266
1786832978.2758775,ERROR:ConnectionError,59.31806564331055
1786832978.2893922,ERROR:ConnectionError,48.52104187011719
1786832978.283895,ERROR:ConnectionError,56.50138854980469
1786832978.2907212,ERROR:ConnectionError,54.15654182434082
1786832978.299953,ERROR:ConnectionError,47.22738265991211
1786832978.301253,ERROR:ConnectionError,61.07068061828613
1786832978.3314478,ERROR:ConnectionError,37.57619857788086
1786832978.323684,ERROR:ConnectionError,46.630144119262695
1786832978.337922,ERROR:ConnectionError,36.667585372924805
1786832978.3352041,ERROR:ConnectionError,45.87674140930176
1786832978.3258727,ERROR:ConnectionError,61.76614761352539
1786832978.3043206,ERROR:ConnectionError,87.40377426147461
1786832978.3404028,ERROR:ConnectionError,63.638925552368164
1786832978.34719,ERROR:ConnectionError,60.831546783447266
1786832978.344893,ERROR:ConnectionError,63.47799301147461
1786832978.3703232,ERROR:ConnectionError,45.58610916137695
1786832978.3745992,ERROR:ConnectionError,47.113656997680664
1786832978.362338,ERROR:ConnectionError,63.78030776977539
1786832978.3690345,ERROR:ConnectionError,63.10606002807617
1786832978.3810923,ERROR:ConnectionError,55.09781837463379
1786832978.387648,ERROR:ConnectionError,53.31873893737793
1786832978.3917325,ERROR:ConnectionError,49.492835998535156
1786832978.4040494,ERROR:ConnectionError,51.584482192993164
1786832978.4080524,ERROR:ConnectionError,59.64064598083496
1786832978.4083755,ERROR:ConnectionError,61.97357177734375
1786832978.4321496,ERROR:ConnectionError,43.00570487976074
1786832978.4217257,ERROR:ConnectionError,54.33964729309082
1786832978.4261272,ERROR:ConnectionError,56.30302429199219
1786832978.4159222,ERROR:ConnectionError,69.2746639251709
1786832978.4362,ERROR:ConnectionError,112.4570369720459
1786832978.4412296,ERROR:ConnectionError,115.84353446960449
1786832978.467705,ERROR:ConnectionError,97.54395484924316
1786832978.4703577,ERROR:ConnectionError,97.82266616821289
1786832978.4751675,ERROR:ConnectionError,93.28985214233398
1786832978.4556441,ERROR:ConnectionError,118.89839172363281
1786832978.4409745,ERROR:ConnectionError,141.68286323547363
1786832978.4760716,ERROR:ConnectionError,110.78619956970215
1786832978.4824483,ERROR:ConnectionError,106.77313804626465
1786832978.548671,ERROR:ConnectionError,44.03257369995117
1786832978.485207,ERROR:ConnectionError,113.50131034851074
1786832978.5681887,ERROR:ConnectionError,45.682430267333984
1786832978.568464,ERROR:ConnectionError,56.4117431640625
1786832978.5570822,ERROR:ConnectionError,68.17364692687988
1786832978.5652585,ERROR:ConnectionError,66.4069652557373
1786832978.5826752,ERROR:ConnectionError,51.89323425292969
1786832978.57455,ERROR:ConnectionError,62.427520751953125
1786832978.5892327,ERROR:ConnectionError,49.92794990539551
1786832978.592711,ERROR:ConnectionError,48.87819290161133
1786832978.613882,ERROR:ConnectionError,33.34832191467285
1786832978.5987191,ERROR:ConnectionError,52.20985412597656
1786832978.5868683,ERROR:ConnectionError,69.41652297973633
1786832978.6252613,ERROR:ConnectionError,32.163143157958984
1786832978.6248856,ERROR:ConnectionError,41.81241989135742
1786832978.631677,ERROR:ConnectionError,44.725656509399414
1786832978.6345758,ERROR:ConnectionError,46.77987098693848
1786832978.6391711,ERROR:ConnectionError,50.762176513671875
1786832978.6369848,ERROR:ConnectionError,55.10973930358887
1786832978.6415987,ERROR:ConnectionError,50.77385902404785
1786832978.6472397,ERROR:ConnectionError,60.78481674194336
1786832978.6509376,ERROR:ConnectionError,57.40666389465332
1786832978.65743,ERROR:ConnectionError,60.07528305053711
1786832978.6563,ERROR:ConnectionError,69.40746307373047
1786832978.6667185,ERROR:ConnectionError,66.60842895507812
1786832978.676412,ERROR:ConnectionError,65.2625560760498
1786832978.6813655,ERROR:ConnectionError,66.73169136047363
1786832978.689948,ERROR:ConnectionError,61.47146224975586
1786832978.7080362,ERROR:ConnectionError,50.206661224365234
1786832978.7083495,ERROR:ConnectionError,54.17656898498535
1786832978.7175174,ERROR:ConnectionError,47.92189598083496
1786832978.7257166,ERROR:ConnectionError,44.59404945373535
1786832978.7333422,ERROR:ConnectionError,39.50953483581543
1786832978.7416847,ERROR:ConnectionError,33.32209587097168
1786832978.7481084,ERROR:ConnectionError,29.239416122436523
1786832978.692378,ERROR:ConnectionError,89.83230590820312
1786832978.6921017,ERROR:ConnectionError,94.40994262695312
1786832978.7625408,ERROR:ConnectionError,37.82057762145996
1786832978.7514355,ERROR:ConnectionError,54.11195755004883
1786832978.7582514,ERROR:ConnectionError,51.70130729675293
1786832978.7654502,ERROR:ConnectionError,44.88801956176758
1786832978.7703245,ERROR:ConnectionError,43.79844665527344
1786832978.7750123,ERROR:ConnectionError,51.46622657775879
1786832978.805558,ERROR:ConnectionError,25.679588317871094
1786832978.7822194,ERROR:ConnectionError,49.29208755493164
1786832978.7728634,ERROR:ConnectionError,58.87603759765625
1786832978.8103423,ERROR:ConnectionError,27.896881103515625
1786832978.8003824,ERROR:ConnectionError,38.144588470458984
1786832978.8141313,ERROR:ConnectionError,24.663925170898438
1786832978.8099616,ERROR:ConnectionError,29.176712036132812
1786832978.826488,ERROR:ConnectionError,28.334856033325195
1786832978.7865217,ERROR:ConnectionError,72.4794864654541
1786832978.7773552,ERROR:ConnectionError,84.37967300415039
1786832978.8317459,ERROR:ConnectionError,32.62948989868164
1786832978.831249,ERROR:ConnectionError,40.67111015319824
1786832978.8315172,ERROR:ConnectionError,40.708065032958984
1786832978.8382468,ERROR:ConnectionError,36.77678108215332
1786832978.8388002,ERROR:ConnectionError,38.763999938964844
1786832978.8385327,ERROR:ConnectionError,39.28995132446289
1786832978.8391428,ERROR:ConnectionError,62.0572566986084
1786832978.8548336,ERROR:ConnectionError,71.21658325195312
1786832978.8617482,ERROR:ConnectionError,70.10221481323242
1786832978.877571,ERROR:ConnectionError,57.967424392700195
1786832978.8643835,ERROR:ConnectionError,73.19188117980957
1786832978.85901,ERROR:ConnectionError,78.97377014160156
1786832978.8778274,ERROR:ConnectionError,70.42145729064941
1786832978.8719306,ERROR:ConnectionError,85.96062660217285
1786832978.8750331,ERROR:ConnectionError,86.81583404541016
1786832978.8722298,ERROR:ConnectionError,99.91288185119629
1786832978.90121,ERROR:ConnectionError,73.71973991394043
1786832978.9260604,ERROR:ConnectionError,213.62042427062988
1786832978.931861,ERROR:ConnectionError,211.64345741271973
1786832978.9355478,ERROR:ConnectionError,209.23137664794922
1786832978.9379904,ERROR:ConnectionError,215.1780128479004
1786832978.9375842,ERROR:ConnectionError,218.91403198242188
1786832978.948257,ERROR:ConnectionError,215.96121788024902
1786832978.9579024,ERROR:ConnectionError,207.69309997558594
1786832978.9618618,ERROR:ConnectionError,211.29369735717773
1786832979.1396928,ERROR:ConnectionError,35.95113754272461
1786832978.97216,ERROR:ConnectionError,203.74226570129395
1786832979.1656017,ERROR:ConnectionError,14.429569244384766
1786832978.9749374,ERROR:ConnectionError,207.9629898071289
1786832979.1435127,ERROR:ConnectionError,39.78753089904785
1786832979.1565118,ERROR:ConnectionError,28.832197189331055
1786832979.1531794,ERROR:ConnectionError,38.809776306152344
1786832979.1642287,ERROR:ConnectionError,28.078556060791016
1786832979.1447873,ERROR:ConnectionError,63.24458122253418
1786832979.1731694,ERROR:ConnectionError,41.324615478515625
1786832979.1800466,ERROR:ConnectionError,59.152841567993164
1786832979.1853516,ERROR:ConnectionError,54.960012435913086
1786832979.1833074,ERROR:ConnectionError,59.58700180053711
1786832979.1756506,ERROR:ConnectionError,73.30894470214844
1786832979.1923122,ERROR:ConnectionError,62.937259674072266
1786832979.191999,ERROR:ConnectionError,67.23761558532715
1786832979.175906,ERROR:ConnectionError,85.54220199584961
1786832979.2080393,ERROR:ConnectionError,58.686017990112305
1786832979.2145019,ERROR:ConnectionError,54.91900444030762
1786832979.2392097,ERROR:ConnectionError,41.350364685058594
1786832979.2403185,ERROR:ConnectionError,43.134212493896484
1786832979.2429004,ERROR:ConnectionError,43.1218147277832
1786832979.182911,ERROR:ConnectionError,104.5992374420166
1786832979.2489698,ERROR:ConnectionError,40.949106216430664
1786832979.255259,ERROR:ConnectionError,46.10300064086914
1786832979.2614558,ERROR:ConnectionError,42.231082916259766
1786832979.2592444,ERROR:ConnectionError,48.35033416748047
1786832979.266735,ERROR:ConnectionError,41.140079498291016
1786832979.2694292,ERROR:ConnectionError,48.42329025268555
1786832979.2805698,ERROR:ConnectionError,44.297218322753906
1786832979.301375,ERROR:ConnectionError,26.42679214477539
1786832979.3036952,ERROR:ConnectionError,33.42747688293457
1786832979.3076036,ERROR:ConnectionError,30.483007431030273
1786832979.287517,ERROR:ConnectionError,53.88832092285156
1786832979.2899284,ERROR:ConnectionError,56.65135383605957
1786832979.3078787,ERROR:ConnectionError,39.215803146362305
1786832979.2860353,ERROR:ConnectionError,65.49787521362305
1786832979.283466,ERROR:ConnectionError,68.54033470153809
1786832979.3248737,ERROR:ConnectionError,31.093835830688477
1786832979.3278131,ERROR:ConnectionError,28.802871704101562
1786832979.3371325,ERROR:ConnectionError,23.358583450317383
1786832979.3178625,ERROR:ConnectionError,42.94443130493164
1786832979.3380938,ERROR:ConnectionError,23.532390594482422
1786832979.3414164,ERROR:ConnectionError,29.6781063079834
1786832979.346595,ERROR:ConnectionError,36.545515060424805
1786832979.3471005,ERROR:ConnectionError,37.37831115722656
1786832979.3520138,ERROR:ConnectionError,37.691354751586914
1786832979.3566227,ERROR:ConnectionError,35.567522048950195
1786832979.360812,ERROR:ConnectionError,31.96430206298828
1786832979.351544,ERROR:ConnectionError,42.943477630615234
1786832979.3711042,ERROR:ConnectionError,28.47123146057129
1786832979.3616323,ERROR:ConnectionError,38.33889961242676
1786832979.360499,ERROR:ConnectionError,40.009498596191406
1786832979.3559773,ERROR:ConnectionError,47.27602005004883
1786832979.3831594,ERROR:ConnectionError,28.235435485839844
1786832979.384488,ERROR:ConnectionError,28.233051300048828
1786832979.389717,ERROR:ConnectionError,46.33069038391113
1786832979.3944936,ERROR:ConnectionError,42.612552642822266
1786832979.3922002,ERROR:ConnectionError,49.84116554260254
1786832979.3927836,ERROR:ConnectionError,57.06214904785156
1786832979.399978,ERROR:ConnectionError,55.92536926269531
1786832979.4005144,ERROR:ConnectionError,55.68361282348633
1786832979.4032605,ERROR:ConnectionError,55.54914474487305
1786832979.3995833,ERROR:ConnectionError,61.80548667907715
1786832979.4127307,ERROR:ConnectionError,52.05059051513672
1786832979.411404,ERROR:ConnectionError,56.50520324707031
1786832979.449855,ERROR:ConnectionError,31.714916229248047
1786832979.437114,ERROR:ConnectionError,44.8918342590332
1786832979.442053,ERROR:ConnectionError,41.55302047729492
1786832979.4360607,ERROR:ConnectionError,51.1322021484375
1786832979.4559126,ERROR:ConnectionError,31.610488891601562
1786832979.4562027,ERROR:ConnectionError,154.05869483947754
1786832979.4613996,ERROR:ConnectionError,151.68309211730957
1786832979.467944,ERROR:ConnectionError,164.58415985107422
1786832979.4815867,ERROR:ConnectionError,156.44454956054688
1786832979.4588177,ERROR:ConnectionError,184.81707572937012
1786832979.4647913,ERROR:ConnectionError,179.12936210632324
1786832979.4820127,ERROR:ConnectionError,172.5010871887207
1786832979.4875286,ERROR:ConnectionError,168.17164421081543
1786832979.4836116,ERROR:ConnectionError,179.49652671813965
1786832979.4872,ERROR:ConnectionError,184.05508995056152
1786832979.613096,ERROR:ConnectionError,62.52741813659668
1786832979.632541,ERROR:ConnectionError,44.150590896606445
1786832979.6380424,ERROR:ConnectionError,40.85350036621094
1786832979.6439238,ERROR:ConnectionError,36.27443313598633
1786832979.6102731,ERROR:ConnectionError,73.22335243225098
1786832979.643644,ERROR:ConnectionError,41.05830192565918
1786832979.6557088,ERROR:ConnectionError,40.402889251708984
1786832979.6545238,ERROR:ConnectionError,55.97519874572754
1786832979.6631222,ERROR:ConnectionError,50.0950813293457
1786832979.68021,ERROR:ConnectionError,58.58111381530762
1786832979.6789038,ERROR:ConnectionError,60.87088584899902
1786832979.6756341,ERROR:ConnectionError,75.52337646484375
1786832979.683507,ERROR:ConnectionError,73.62604141235352
1786832979.6847115,ERROR:ConnectionError,73.33183288574219
1786832979.671265,ERROR:ConnectionError,87.17203140258789
1786832979.696127,ERROR:ConnectionError,64.6214485168457
1786832979.710509,ERROR:ConnectionError,56.38313293457031
1786832979.676699,ERROR:ConnectionError,94.67053413391113
1786832979.7387996,ERROR:ConnectionError,33.957481384277344
1786832979.7132425,ERROR:ConnectionError,60.25862693786621
1786832979.7511685,ERROR:ConnectionError,23.385286331176758
1786832979.7571397,ERROR:ConnectionError,20.59149742126465
1786832979.7397788,ERROR:ConnectionError,52.397727966308594
1786832979.7580476,ERROR:ConnectionError,35.600900650024414
1786832979.7669027,ERROR:ConnectionError,29.035329818725586
1786832979.7735088,ERROR:ConnectionError,25.738239288330078
1786832979.7713792,ERROR:ConnectionError,34.02423858642578
1786832979.7584403,ERROR:ConnectionError,48.329830169677734
1786832979.7607517,ERROR:ConnectionError,50.61745643615723
1786832979.7727652,ERROR:ConnectionError,61.28191947937012
1786832979.7745576,ERROR:ConnectionError,64.38684463500977
1786832979.7921824,ERROR:ConnectionError,115.9358024597168
1786832979.8113768,ERROR:ConnectionError,97.60928153991699
1786832979.8067825,ERROR:ConnectionError,103.03354263305664
1786832979.8054154,ERROR:ConnectionError,104.55560684204102
1786832979.7777395,ERROR:ConnectionError,133.14557075500488
1786832979.793654,ERROR:ConnectionError,121.83523178100586
1786832979.8340604,ERROR:ConnectionError,82.21602439880371
1786832979.8389554,ERROR:ConnectionError,78.5379409790039
1786832979.7959452,ERROR:ConnectionError,121.96731567382812
1786832979.799259,ERROR:ConnectionError,118.85356903076172
1786832979.9081247,ERROR:ConnectionError,24.56498146057129
1786832979.9098203,ERROR:ConnectionError,52.5970458984375
1786832979.9108875,ERROR:ConnectionError,67.16322898864746
1786832979.9099731,ERROR:ConnectionError,71.62618637084961
1786832979.9154997,ERROR:ConnectionError,72.35002517700195
1786832979.9181154,ERROR:ConnectionError,76.39527320861816
1786832979.9327,ERROR:ConnectionError,65.50836563110352
1786832979.916285,ERROR:ConnectionError,82.11922645568848
1786832979.908992,ERROR:ConnectionError,89.54954147338867
1786832979.9175,ERROR:ConnectionError,85.78729629516602
1786832979.9624248,ERROR:ConnectionError,42.77992248535156
1786832979.917916,ERROR:ConnectionError,90.74854850769043
1786832979.9816096,ERROR:ConnectionError,28.57232093811035
1786832979.9780557,ERROR:ConnectionError,44.74139213562012
1786832979.9878626,ERROR:ConnectionError,41.43333435058594
1786832979.9982135,ERROR:ConnectionError,60.82010269165039
1786832979.9984074,ERROR:ConnectionError,68.42255592346191
1786832979.9985452,ERROR:ConnectionError,69.35763359069824
1786832979.9945178,ERROR:ConnectionError,77.73303985595703
1786832980.0293045,ERROR:ConnectionError,50.35734176635742
1786832980.0228114,ERROR:ConnectionError,57.43765830993652
1786832980.0086722,ERROR:ConnectionError,73.4860897064209
1786832980.0032945,ERROR:ConnectionError,79.13422584533691
1786832980.0101912,ERROR:ConnectionError,78.4306526184082
1786832980.0052128,ERROR:ConnectionError,84.21730995178223
1786832980.05904,ERROR:ConnectionError,30.733346939086914
1786832980.06791,ERROR:ConnectionError,39.91866111755371
1786832980.0722587,ERROR:ConnectionError,41.016578674316406
1786832980.0668418,ERROR:ConnectionError,49.53956604003906
1786832980.0796974,ERROR:ConnectionError,56.49900436401367
1786832980.0802572,ERROR:ConnectionError,57.802438735961914
1786832980.0821655,ERROR:ConnectionError,56.65230751037598
1786832980.0886297,ERROR:ConnectionError,57.45124816894531
1786832980.0824332,ERROR:ConnectionError,66.55144691467285
1786832980.0894349,ERROR:ConnectionError,65.03677368164062
1786832980.1078389,ERROR:ConnectionError,56.296586990356445
1786832980.089778,ERROR:ConnectionError,75.84238052368164
1786832980.1132915,ERROR:ConnectionError,57.837486267089844
1786832980.116391,ERROR:ConnectionError,66.74027442932129
1786832980.1362362,ERROR:ConnectionError,56.33139610290527
1786832980.138065,ERROR:ConnectionError,60.99343299865723
1786832980.1388216,ERROR:ConnectionError,85.95681190490723
1786832980.165628,ERROR:ConnectionError,107.74397850036621
1786832980.148993,ERROR:ConnectionError,126.33633613586426
1786832980.1460881,ERROR:ConnectionError,130.5999755859375
1786832980.1544795,ERROR:ConnectionError,133.17465782165527
1786832980.16415,ERROR:ConnectionError,139.69087600708008
1786832980.17114,ERROR:ConnectionError,137.6323699951172
1786832980.1831453,ERROR:ConnectionError,135.09798049926758
1786832980.1925764,ERROR:ConnectionError,140.67769050598145
1786832980.1990695,ERROR:ConnectionError,195.0056552886963
1786832980.224833,ERROR:ConnectionError,170.09949684143066
1786832980.2753363,ERROR:ConnectionError,132.30466842651367
1786832980.2733824,ERROR:ConnectionError,140.02633094787598
1786832980.2876637,ERROR:ConnectionError,138.37409019470215
1786832980.276693,ERROR:ConnectionError,151.83305740356445
1786832980.3182585,ERROR:ConnectionError,112.59222030639648
1786832980.308801,ERROR:ConnectionError,122.50137329101562
1786832980.333265,ERROR:ConnectionError,105.32736778259277
1786832980.407653,ERROR:ConnectionError,32.8676700592041
1786832980.394937,ERROR:ConnectionError,45.928955078125
1786832980.30385,ERROR:ConnectionError,139.78028297424316
1786832980.4134197,ERROR:ConnectionError,31.38446807861328
1786832980.3940864,ERROR:ConnectionError,54.03923988342285
1786832980.4260454,ERROR:ConnectionError,26.848793029785156
1786832980.428533,ERROR:ConnectionError,37.03451156616211
1786832980.430859,ERROR:ConnectionError,35.9654426574707
1786832980.431312,ERROR:ConnectionError,45.19081115722656
1786832980.4386027,ERROR:ConnectionError,39.9472713470459
1786832980.4408722,ERROR:ConnectionError,39.4434928894043
1786832980.4448087,ERROR:ConnectionError,50.940513610839844
1786832980.4436402,ERROR:ConnectionError,57.20400810241699
1786832980.4405289,ERROR:ConnectionError,60.85014343261719
1786832980.4481368,ERROR:ConnectionError,60.918331146240234
1786832980.4668307,ERROR:ConnectionError,63.822031021118164
1786832980.4529018,ERROR:ConnectionError,82.11779594421387
1786832980.465618,ERROR:ConnectionError,78.69267463684082
1786832980.476512,ERROR:ConnectionError,81.97808265686035
1786832980.4803245,ERROR:ConnectionError,79.89621162414551
1786832980.4957557,ERROR:ConnectionError,68.33171844482422
1786832980.478557,ERROR:ConnectionError,88.53673934936523
1786832980.5008578,ERROR:ConnectionError,68.24493408203125
1786832980.5585,ERROR:ConnectionError,21.408557891845703
1786832980.509061,ERROR:ConnectionError,75.12402534484863
1786832980.544317,ERROR:ConnectionError,41.03398323059082
1786832980.5641017,ERROR:ConnectionError,23.547649383544922
1786832980.5013847,ERROR:ConnectionError,86.54069900512695
1786832980.5671022,ERROR:ConnectionError,22.681713104248047
1786832980.560225,ERROR:ConnectionError,36.94653511047363
1786832980.5841928,ERROR:ConnectionError,17.176389694213867
1786832980.5691147,ERROR:ConnectionError,35.13050079345703
1786832980.5799181,ERROR:ConnectionError,29.054641723632812
1786832980.5306673,ERROR:ConnectionError,82.92675018310547
1786832980.5350304,ERROR:ConnectionError,81.2077522277832
1786832980.587657,ERROR:ConnectionError,33.64753723144531
1786832980.5897899,ERROR:ConnectionError,37.25004196166992
1786832980.5853584,ERROR:ConnectionError,42.57702827453613
1786832980.5879304,ERROR:ConnectionError,42.49453544616699
1786832980.5971792,ERROR:ConnectionError,46.33450508117676
1786832980.601381,ERROR:ConnectionError,43.828725814819336
1786832980.608985,ERROR:ConnectionError,37.02425956726074
1786832980.6136067,ERROR:ConnectionError,42.270660400390625
1786832980.616246,ERROR:ConnectionError,41.5492057800293
1786832980.6042542,ERROR:ConnectionError,55.11593818664551
1786832980.6213138,ERROR:ConnectionError,41.77045822143555
1786832980.6279402,ERROR:ConnectionError,39.458513259887695
1786832980.630434,ERROR:ConnectionError,37.755727767944336
1786832980.6435218,ERROR:ConnectionError,27.99677848815918
1786832980.6460152,ERROR:ConnectionError,26.4737606048584
1786832980.6270492,ERROR:ConnectionError,51.23448371887207
1786832980.6558888,ERROR:ConnectionError,24.243831634521484
1786832980.6452162,ERROR:ConnectionError,37.71662712097168
1786832980.6593778,ERROR:ConnectionError,23.979902267456055
1786832980.671526,ERROR:ConnectionError,13.208150863647461
1786832980.6578028,ERROR:ConnectionError,29.48784828186035
1786832980.6630917,ERROR:ConnectionError,24.724483489990234
1786832980.667411,ERROR:ConnectionError,27.109861373901367
1786832980.6681967,ERROR:ConnectionError,190.2787685394287
1786832980.6833622,ERROR:ConnectionError,177.05655097961426
1786832980.684741,ERROR:ConnectionError,180.65881729125977
1786832980.694529,ERROR:ConnectionError,212.64410018920898
1786832980.8604255,ERROR:ConnectionError,51.344871520996094
1786832980.6829429,ERROR:ConnectionError,234.2212200164795
1786832980.6873002,ERROR:ConnectionError,236.2532615661621
1786832980.6782916,ERROR:ConnectionError,247.60913848876953
1786832980.858485,ERROR:ConnectionError,79.85043525695801
1786832980.6724963,ERROR:ConnectionError,274.02400970458984
1786832980.6801553,ERROR:ConnectionError,266.7388916015625
1786832980.9071867,ERROR:ConnectionError,47.51276969909668
1786832980.8654082,ERROR:ConnectionError,92.66114234924316
1786832980.6878536,ERROR:ConnectionError,272.4270820617676
1786832980.9259052,ERROR:ConnectionError,294.94547843933105
1786832980.911778,ERROR:ConnectionError,321.0880756378174
1786832980.9171734,ERROR:ConnectionError,316.0204887390137
1786832980.938347,ERROR:ConnectionError,295.87268829345703
1786832980.9547088,ERROR:ConnectionError,292.2523021697998
1786832980.9580812,ERROR:ConnectionError,290.2214527130127
1786832980.9465287,ERROR:ConnectionError,302.0670413970947
1786832981.2208698,ERROR:ConnectionError,45.458316802978516
1786832980.9468987,ERROR:ConnectionError,322.39580154418945
1786832980.960285,ERROR:ConnectionError,313.9469623565674
1786832981.2328763,ERROR:ConnectionError,50.24409294128418
1786832980.923563,ERROR:ConnectionError,372.29108810424805
1786832981.234223,ERROR:ConnectionError,62.13951110839844
1786832981.2469678,ERROR:ConnectionError,73.97079467773438
1786832981.233199,ERROR:ConnectionError,104.99310493469238
1786832981.2483108,ERROR:ConnectionError,95.29304504394531
1786832981.2486029,ERROR:ConnectionError,103.70063781738281
1786832981.2663336,ERROR:ConnectionError,91.43733978271484
1786832981.2693074,ERROR:ConnectionError,90.45767784118652
1786832981.2742412,ERROR:ConnectionError,92.98276901245117
