timestamp,status,latency_ms
1786831234.9094203,200,670.8252429962158
1786831234.9191473,200,2089.308738708496
1786831234.9272656,200,2194.700002670288
1786831234.9145901,200,2239.8433685302734
1786831234.911149,200,2325.124979019165
1786831234.9105623,200,2676.746129989624
1786831234.9247108,200,2969.705581665039
1786831234.9117289,200,3603.3384799957275
1786831234.910097,200,3750.6909370422363
1786831235.5802698,200,4044.034242630005
1786831234.9128544,200,4903.423309326172
1786831237.5873172,200,3757.995128631592
1786831238.5150864,200,2958.836078643799
1786831237.2362819,200,4244.625568389893
1786831237.1219723,200,4623.812913894653
1786831237.008476,200,4801.121234893799
1786831237.1544409,200,4664.6716594696045
1786831238.6607983,200,3203.8440704345703
1786831239.6243188,200,2244.0292835235596
1786831237.8944244,200,4032.7584743499756
1786831239.8162868,200,3023.4830379486084
1786831241.3453295,200,2034.5139503479004
1786831241.7457967,200,1715.5988216400146
1786831241.8096097,200,1834.7759246826172
1786831241.4809165,200,2201.216697692871
1786831241.4739342,200,2348.4020233154297
1786831241.8191214,200,2043.5237884521484
1786831241.9271927,200,1955.7793140411377
1786831242.8397796,200,1047.5411415100098
1786831241.868357,200,2028.5708904266357
1786831241.8646557,200,2035.627841949463
1786831243.3798559,200,1234.7636222839355
1786831243.4614203,200,1408.7929725646973
1786831243.682149,200,1322.5505352020264
1786831243.8223433,200,1339.984655380249
1786831243.6443977,200,1541.9905185699463
1786831243.9002914,200,1316.8697357177734
1786831243.8626554,200,1391.6122913360596
1786831243.8873312,200,1424.3354797363281
1786831243.8969436,200,1449.1593837738037
1786831243.8829837,200,1469.4793224334717
1786831244.6146333,200,850.8245944976807
1786831245.0047097,200,962.2440338134766
1786831244.8702247,200,1429.5415878295898
1786831245.311674,200,1127.8221607208252
1786831245.2171733,200,1354.8283576965332
1786831245.1863978,200,1420.5925464630127
1786831245.3461115,200,1283.296823501587
1786831245.2542784,200,1377.601146697998
1786831245.3524768,200,1279.7253131866455
1786831245.465472,200,1170.7842350006104
1786831245.1623378,200,1474.966287612915
1786831245.9669642,200,908.8695049285889
1786831246.2997804,200,856.6274642944336
1786831246.4395082,200,840.8796787261963
1786831246.63189,200,2665.454387664795
1786831246.57201,200,2782.7060222625732
1786831246.6070054,200,2882.3254108428955
1786831247.1564207,200,2342.8876399993896
1786831246.6322105,200,3159.641981124878
1786831246.8758497,200,2922.3406314849854
1786831246.6362646,200,3171.8389987945557
1786831246.629416,200,3196.0153579711914
1786831246.637312,200,3223.7446308135986
1786831247.2803998,200,2599.313974380493
1786831249.3547328,200,1374.467134475708
1786831249.4993196,200,1453.1846046447754
1786831249.4893522,200,1508.6817741394043
1786831249.7918625,200,1217.0376777648926
1786831249.2973585,200,1891.5574550628662
1786831249.798202,200,1434.2844486236572
1786831249.8254454,200,1426.1820316314697
1786831249.8081164,200,1709.470510482788
1786831249.86107,200,1695.2319145202637
1786831249.8797297,200,1886.9976997375488
1786831250.729207,200,1089.3208980560303
1786831250.9525187,200,941.5297508239746
1786831251.0089118,200,899.6295928955078
1786831250.9980526,200,912.5516414642334
1786831251.1889272,200,828.0811309814453
1786831251.25164,200,1184.347152709961
1786831251.232497,200,1399.9524116516113
1786831251.5175953,200,1283.1709384918213
1786831251.8185382,200,1177.8154373168945
1786831251.5563135,200,1530.3089618682861
1786831251.9106114,200,1256.8609714508057
1786831251.766734,200,1419.173002243042
1786831251.908548,200,1390.21897315979
1786831251.894059,200,1427.6819229125977
1786831252.017017,200,1351.468563079834
1786831252.4359937,200,1106.809377670288
1786831252.8007734,200,999.1047382354736
1786831252.6324558,200,1416.203260421753
1786831252.9963634,200,1385.3821754455566
1786831253.0866308,200,1329.9286365509033
1786831253.185914,200,1593.2586193084717
1786831253.167486,200,1810.40620803833
1786831253.3217485,200,1691.175937652588
1786831253.2987747,200,1876.3887882232666
1786831253.3684962,200,1833.1711292266846
1786831254.3817577,200,1025.8612632751465
1786831253.7998903,200,1634.0255737304688
1786831253.5428147,200,1949.7764110565186
1786831254.4165711,200,1105.8435440063477
1786831254.0486765,200,1566.5864944458008
1786831254.7791872,ERROR:ReadTimeout,10008.72015953064
1786831254.9779036,ERROR:ReadTimeout,10006.608247756958
1786831255.0129387,ERROR:ReadTimeout,10007.379531860352
1786831255.1751726,ERROR:ReadTimeout,10025.080442428589
1786831255.2016764,ERROR:ReadTimeout,10013.449430465698
1786831255.407629,ERROR:ReadTimeout,10029.369354248047
1786831255.4339259,ERROR:ReadTimeout,10055.305242538452
1786831255.492604,ERROR:ReadTimeout,10020.441055297852
1786831255.5224242,ERROR:ReadTimeout,10030.62629699707
1786831255.6152723,ERROR:ReadTimeout,10014.442443847656
1786831264.7879198,ERROR:ReadTimeout,10014.2662525177
1786831274.802201,ERROR:ConnectionError,19.75870132446289
1786831274.8219814,ERROR:ConnectionError,14.319658279418945
1786831274.8363142,ERROR:ConnectionError,17.617464065551758
1786831274.853942,ERROR:ConnectionError,24.078845977783203
1786831274.8780336,ERROR:ConnectionError,19.344091415405273
1786831274.8973868,ERROR:ConnectionError,20.076990127563477
1786831274.9174762,ERROR:ConnectionError,10.937929153442383
1786831274.928423,ERROR:ConnectionError,12.936115264892578
1786831274.9413686,ERROR:ConnectionError,9.681224822998047
1786831274.9510567,ERROR:ConnectionError,17.53377914428711
1786831274.968602,ERROR:ConnectionError,14.567136764526367
1786831274.9832418,ERROR:ConnectionError,19.311189651489258
1786831264.9845247,ERROR:ReadTimeout,10019.360780715942
1786831275.0040019,ERROR:ConnectionError,13.23556900024414
1786831275.0025663,ERROR:ConnectionError,18.971920013427734
1786831275.0215514,ERROR:ConnectionError,11.6119384765625
1786831265.02033,ERROR:ReadTimeout,10016.79539680481
1786831275.0172474,ERROR:ConnectionError,23.233652114868164
1786831275.0331748,ERROR:ConnectionError,19.788265228271484
1786831275.037278,ERROR:ConnectionError,19.175291061401367
1786831275.0404913,ERROR:ConnectionError,20.896196365356445
1786831275.0529733,ERROR:ConnectionError,42.65785217285156
1786831275.061403,ERROR:ConnectionError,37.03665733337402
1786831275.0564656,ERROR:ConnectionError,44.03376579284668
1786831275.0984523,ERROR:ConnectionError,14.931440353393555
1786831275.0956445,ERROR:ConnectionError,22.780418395996094
1786831275.1005075,ERROR:ConnectionError,25.048017501831055
1786831275.1133933,ERROR:ConnectionError,14.904022216796875
1786831275.11844,ERROR:ConnectionError,24.647235870361328
1786831275.1255724,ERROR:ConnectionError,23.390531539916992
1786831275.1283119,ERROR:ConnectionError,21.03447914123535
1786831275.143097,ERROR:ConnectionError,12.460708618164062
1786831275.1493528,ERROR:ConnectionError,13.807296752929688
1786831275.1555665,ERROR:ConnectionError,12.640237808227539
1786831275.1489725,ERROR:ConnectionError,23.32782745361328
1786831275.1682174,ERROR:ConnectionError,12.536764144897461
1786831275.1723108,ERROR:ConnectionError,13.093948364257812
1786831275.1631813,ERROR:ConnectionError,24.773597717285156
1786831275.180767,ERROR:ConnectionError,11.055946350097656
1786831275.1854188,ERROR:ConnectionError,14.306068420410156
1786831265.200271,ERROR:ReadTimeout,10006.52003288269
1786831275.1918347,ERROR:ConnectionError,22.47929573059082
1786831275.1879663,ERROR:ConnectionError,26.78513526916504
1786831275.1997356,ERROR:ConnectionError,21.409273147583008
1786831265.2151372,ERROR:ReadTimeout,10008.76522064209
1786831275.206802,ERROR:ConnectionError,20.249366760253906
1786831275.2143278,ERROR:ConnectionError,15.959739685058594
1786831275.2211545,ERROR:ConnectionError,13.67950439453125
1786831275.2147577,ERROR:ConnectionError,24.40619468688965
1786831275.2239108,ERROR:ConnectionError,16.19100570678711
1786831275.2303004,ERROR:ConnectionError,14.974117279052734
1786831275.2270606,ERROR:ConnectionError,18.6765193939209
1786831275.2348444,ERROR:ConnectionError,15.644550323486328
1786831275.2391784,ERROR:ConnectionError,20.578622817993164
1786831275.2401092,ERROR:ConnectionError,37.43624687194824
1786831275.245744,ERROR:ConnectionError,34.57903861999512
1786831275.2504988,ERROR:ConnectionError,32.46474266052246
1786831275.2452834,ERROR:ConnectionError,38.33436965942383
1786831275.2597713,ERROR:ConnectionError,25.75540542602539
1786831275.280332,ERROR:ConnectionError,15.900135040283203
1786831275.2775617,ERROR:ConnectionError,21.954774856567383
1786831275.2855349,ERROR:ConnectionError,20.863056182861328
1786831275.2832723,ERROR:ConnectionError,23.618459701538086
1786831275.2836268,ERROR:ConnectionError,27.81200408935547
1786831275.29625,ERROR:ConnectionError,29.70600128173828
1786831275.3064082,ERROR:ConnectionError,20.111560821533203
1786831275.299526,ERROR:ConnectionError,31.70609474182129
1786831275.3069022,ERROR:ConnectionError,30.854225158691406
1786831275.3114486,ERROR:ConnectionError,28.952598571777344
1786831275.3259735,ERROR:ConnectionError,16.0214900970459
1786831275.3265316,ERROR:ConnectionError,19.528865814208984
1786831275.331241,ERROR:ConnectionError,23.470640182495117
1786831275.3377657,ERROR:ConnectionError,25.01201629638672
1786831275.3420038,ERROR:ConnectionError,21.100759506225586
1786831275.3404381,ERROR:ConnectionError,23.9408016204834
1786831275.346068,ERROR:ConnectionError,18.93019676208496
1786831275.354722,ERROR:ConnectionError,18.602371215820312
1786831275.3631103,ERROR:ConnectionError,17.865896224975586
1786831275.3627882,ERROR:ConnectionError,23.680925369262695
1786831275.3643837,ERROR:ConnectionError,29.878616333007812
1786831275.3650029,ERROR:ConnectionError,42.95611381530762
1786831275.3809915,ERROR:ConnectionError,30.82442283630371
1786831275.3733325,ERROR:ConnectionError,42.57631301879883
1786831275.3864796,ERROR:ConnectionError,29.900550842285156
1786831275.3942733,ERROR:ConnectionError,24.4143009185791
1786831275.4118276,ERROR:ConnectionError,17.90785789489746
1786831275.4079757,ERROR:ConnectionError,24.51801300048828
1786831275.4163868,ERROR:ConnectionError,22.47929573059082
1786831275.4159179,ERROR:ConnectionError,28.74588966369629
1786831275.4193354,ERROR:ConnectionError,29.904603958129883
1786831265.4370124,ERROR:ReadTimeout,10015.360116958618
1786831275.4446743,ERROR:ConnectionError,15.856504440307617
1786831275.4297466,ERROR:ConnectionError,35.59684753417969
1786831275.4325035,ERROR:ConnectionError,34.388065338134766
1786831275.4523845,ERROR:ConnectionError,19.062042236328125
1786831275.438878,ERROR:ConnectionError,32.853126525878906
1786831275.449249,ERROR:ConnectionError,22.771596908569336
1786831275.4605465,ERROR:ConnectionError,25.995254516601562
1786831275.466899,ERROR:ConnectionError,23.53811264038086
1786831275.4717367,ERROR:ConnectionError,20.307302474975586
1786831275.4714546,ERROR:ConnectionError,24.816513061523438
1786831265.4892473,ERROR:ReadTimeout,10007.639169692993
1786831275.4653542,ERROR:ConnectionError,36.82708740234375
1786831275.472027,ERROR:ConnectionError,33.34641456604004
1786831275.4865541,ERROR:ConnectionError,22.541522979736328
1786831275.4968965,ERROR:ConnectionError,22.43781089782715
1786831275.4904506,ERROR:ConnectionError,31.969785690307617
1786831275.5091064,ERROR:ConnectionError,25.349855422973633
1786831275.4920516,ERROR:ConnectionError,46.404123306274414
1786831275.5021915,ERROR:ConnectionError,40.743350982666016
1786831275.505388,ERROR:ConnectionError,41.6717529296875
1786831275.5193458,ERROR:ConnectionError,30.34520149230957
1786831265.5130558,ERROR:ReadTimeout,10037.497758865356
1786831275.49628,ERROR:ConnectionError,55.46855926513672
1786831275.522431,ERROR:ConnectionError,34.32893753051758
1786831265.5530634,ERROR:ReadTimeout,10009.29570198059
1786831275.5344677,ERROR:ConnectionError,29.586076736450195
1786831275.5384648,ERROR:ConnectionError,30.904531478881836
1786831275.5429542,ERROR:ConnectionError,32.34052658081055
1786831275.5505614,ERROR:ConnectionError,26.17502212524414
1786831275.5470722,ERROR:ConnectionError,31.14008903503418
1786831275.5497003,ERROR:ConnectionError,32.77730941772461
1786831275.551758,ERROR:ConnectionError,47.4700927734375
1786831275.5567684,ERROR:ConnectionError,44.48199272155762
1786831275.5646627,ERROR:ConnectionError,43.128013610839844
1786831275.5693805,ERROR:ConnectionError,40.21477699279785
1786831275.576747,ERROR:ConnectionError,37.20378875732422
1786831275.5992408,ERROR:ConnectionError,17.715930938720703
1786831275.5753055,ERROR:ConnectionError,43.40386390686035
1786831275.5623693,ERROR:ConnectionError,58.02273750305176
1786831275.5824857,ERROR:ConnectionError,38.97428512573242
1786831275.578219,ERROR:ConnectionError,46.859025955200195
1786831275.6012611,ERROR:ConnectionError,24.416208267211914
1786831275.6078048,ERROR:ConnectionError,25.553226470947266
1786831265.6297233,ERROR:ReadTimeout,10008.543968200684
1786831275.6096082,ERROR:ConnectionError,35.407066345214844
1786831275.6169677,ERROR:ConnectionError,32.55128860473633
1786831275.6139598,ERROR:ConnectionError,38.931846618652344
1786831275.6187189,ERROR:ConnectionError,40.230512619018555
1786831275.6250927,ERROR:ConnectionError,37.69826889038086
1786831275.6256855,ERROR:ConnectionError,37.48726844787598
1786831275.6333685,ERROR:ConnectionError,37.87422180175781
1786831275.620401,ERROR:ConnectionError,59.45992469787598
1786831275.6214683,ERROR:ConnectionError,64.84127044677734
1786831275.645029,ERROR:ConnectionError,42.50502586364746
1786831275.638279,ERROR:ConnectionError,52.78301239013672
1786831275.649531,ERROR:ConnectionError,47.95336723327637
1786831275.6529014,ERROR:ConnectionError,46.42224311828613
1786831275.6589594,ERROR:ConnectionError,40.66777229309082
1786831275.6628015,ERROR:ConnectionError,43.52998733520508
1786831275.6631782,ERROR:ConnectionError,45.08018493652344
1786831275.6713452,ERROR:ConnectionError,38.477182388305664
1786831275.679871,ERROR:ConnectionError,33.316612243652344
1786831275.687542,ERROR:ConnectionError,29.22224998474121
1786831275.6863222,ERROR:ConnectionError,31.970739364624023
1786831275.6910744,ERROR:ConnectionError,28.693675994873047
1786831275.6974964,ERROR:ConnectionError,26.788949966430664
1786831275.6996334,ERROR:ConnectionError,31.9211483001709
1786831275.7063427,ERROR:ConnectionError,28.120040893554688
1786831275.6993332,ERROR:ConnectionError,41.896820068359375
1786831275.7098327,ERROR:ConnectionError,32.471656799316406
1786831275.7183025,ERROR:ConnectionError,30.22599220275879
1786831275.7135227,ERROR:ConnectionError,36.29255294799805
1786831275.7082725,ERROR:ConnectionError,45.99356651306152
1786831275.7167726,ERROR:ConnectionError,38.2692813873291
1786831275.719777,ERROR:ConnectionError,43.62201690673828
1786831275.7315702,ERROR:ConnectionError,34.3172550201416
1786831275.741243,ERROR:ConnectionError,26.033401489257812
1786831275.734472,ERROR:ConnectionError,35.70294380187988
1786831275.7242944,ERROR:ConnectionError,47.283172607421875
1786831275.7423158,ERROR:ConnectionError,35.74347496032715
1786831275.7485392,ERROR:ConnectionError,35.782575607299805
1786831275.7498233,ERROR:ConnectionError,46.076297760009766
1786831275.7542765,ERROR:ConnectionError,46.54073715209961
1786831275.7701876,ERROR:ConnectionError,38.210391998291016
1786831275.7672832,ERROR:ConnectionError,44.19064521789551
1786831275.7550519,ERROR:ConnectionError,65.99950790405273
1786831275.7634108,ERROR:ConnectionError,58.010101318359375
1786831275.7780774,ERROR:ConnectionError,46.9663143157959
1786831275.77159,ERROR:ConnectionError,57.72066116333008
1786831275.7658997,ERROR:ConnectionError,70.89734077453613
1786831275.7959096,ERROR:ConnectionError,44.51346397399902
1786831275.800828,ERROR:ConnectionError,43.065786361694336
1786831275.7844322,ERROR:ConnectionError,61.3248348236084
1786831275.8084087,ERROR:ConnectionError,38.971662521362305
1786831275.811488,ERROR:ConnectionError,37.63842582702637
1786831275.8214269,ERROR:ConnectionError,31.302928924560547
1786831275.8293223,ERROR:ConnectionError,25.473356246948242
1786831275.8210614,ERROR:ConnectionError,37.258148193359375
1786831275.8250592,ERROR:ConnectionError,136.86227798461914
1786831275.836808,ERROR:ConnectionError,138.83113861083984
1786831275.8404348,ERROR:ConnectionError,138.62347602844238
1786831275.8439062,ERROR:ConnectionError,137.78018951416016
1786831275.845769,ERROR:ConnectionError,143.7835693359375
1786831275.8473885,ERROR:ConnectionError,151.15928649902344
1786831275.849136,ERROR:ConnectionError,156.32963180541992
1786831275.8527396,ERROR:ConnectionError,160.66861152648926
1786831275.8548038,ERROR:ConnectionError,161.59439086914062
1786831275.8583326,ERROR:ConnectionError,162.0943546295166
1786831275.979069,ERROR:ConnectionError,42.98090934753418
1786831275.9895637,ERROR:ConnectionError,33.16855430603027
1786831275.9619334,ERROR:ConnectionError,61.19227409362793
1786831275.9823234,ERROR:ConnectionError,46.69499397277832
1786831275.975647,ERROR:ConnectionError,56.972503662109375
1786831275.9985604,ERROR:ConnectionError,35.33577919006348
1786831276.0134184,ERROR:ConnectionError,22.083282470703125
1786831276.0054755,ERROR:ConnectionError,32.64594078063965
1786831276.0164094,ERROR:ConnectionError,33.97202491760254
1786831276.0220594,ERROR:ConnectionError,31.556367874145508
1786831276.0227387,ERROR:ConnectionError,35.11357307434082
1786831276.029061,ERROR:ConnectionError,32.69505500793457
1786831276.0204363,ERROR:ConnectionError,47.61505126953125
1786831276.0326307,ERROR:ConnectionError,37.09125518798828
1786831276.0231314,ERROR:ConnectionError,51.54252052307129
1786831276.0355148,ERROR:ConnectionError,41.808366775512695
1786831276.038132,ERROR:ConnectionError,47.31941223144531
1786831276.0339055,ERROR:ConnectionError,53.31087112426758
1786831276.0503912,ERROR:ConnectionError,37.220001220703125
1786831276.0578656,ERROR:ConnectionError,32.8364372253418
1786831276.0617669,ERROR:ConnectionError,30.031681060791016
1786831276.0680628,ERROR:ConnectionError,31.09288215637207
1786831276.053624,ERROR:ConnectionError,47.895193099975586
1786831276.0773346,ERROR:ConnectionError,33.77199172973633
1786831276.0697312,ERROR:ConnectionError,42.17338562011719
1786831276.0746849,ERROR:ConnectionError,38.99407386779785
1786831276.0876186,ERROR:ConnectionError,28.9766788482666
1786831276.0854626,ERROR:ConnectionError,34.45601463317871
1786831276.0907087,ERROR:ConnectionError,37.75382041931152
1786831276.0872276,ERROR:ConnectionError,41.771888732910156
1786831276.0918086,ERROR:ConnectionError,40.349721908569336
1786831276.0991702,ERROR:ConnectionError,38.51795196533203
1786831276.1015306,ERROR:ConnectionError,36.64112091064453
1786831276.1119108,ERROR:ConnectionError,33.75601768493652
1786831276.1137187,ERROR:ConnectionError,35.12406349182129
1786831276.1111171,ERROR:ConnectionError,39.1535758972168
1786831276.1166034,ERROR:ConnectionError,38.1009578704834
1786831276.1199286,ERROR:ConnectionError,36.25941276550293
1786831276.128477,ERROR:ConnectionError,34.55185890197754
1786831276.1290076,ERROR:ConnectionError,34.46054458618164
1786831276.1377168,ERROR:ConnectionError,30.765056610107422
1786831276.1381817,ERROR:ConnectionError,31.55040740966797
1786831276.1321692,ERROR:ConnectionError,40.53187370300293
1786831276.1488519,ERROR:ConnectionError,27.30536460876465
1786831276.1456752,ERROR:ConnectionError,31.343698501586914
1786831276.1502793,ERROR:ConnectionError,30.84087371826172
1786831276.154714,ERROR:ConnectionError,35.73036193847656
1786831276.1566117,ERROR:ConnectionError,38.40041160583496
1786831276.1697404,ERROR:ConnectionError,32.42683410644531
1786831276.1684918,ERROR:ConnectionError,37.76264190673828
1786831276.1630397,ERROR:ConnectionError,47.515869140625
1786831276.1770253,ERROR:ConnectionError,36.210060119628906
1786831276.1634753,ERROR:ConnectionError,62.50715255737305
1786831276.1727104,ERROR:ConnectionError,58.14409255981445
1786831276.176168,ERROR:ConnectionError,71.35438919067383
1786831276.1811323,ERROR:ConnectionError,66.93196296691895
1786831276.2021787,ERROR:ConnectionError,51.06806755065918
1786831276.1950228,ERROR:ConnectionError,62.12592124938965
1786831276.2105627,ERROR:ConnectionError,47.724246978759766
1786831276.2132435,ERROR:ConnectionError,45.64213752746582
1786831276.1904523,ERROR:ConnectionError,68.84646415710449
1786831276.2062688,ERROR:ConnectionError,57.1749210357666
1786831276.2260044,ERROR:ConnectionError,40.73929786682129
1786831276.2308643,ERROR:ConnectionError,45.97973823547363
1786831276.247542,ERROR:ConnectionError,30.861377716064453
1786831276.2593064,ERROR:ConnectionError,26.01480484008789
1786831276.2582986,ERROR:ConnectionError,27.41217613220215
1786831276.2480721,ERROR:ConnectionError,39.31164741516113
1786831276.2571564,ERROR:ConnectionError,40.24171829223633
1786831276.2588923,ERROR:ConnectionError,39.48616981506348
1786831276.2667556,ERROR:ConnectionError,36.21625900268555
1786831276.253346,ERROR:ConnectionError,61.037540435791016
1786831276.263454,ERROR:ConnectionError,55.73844909667969
1786831276.2784169,ERROR:ConnectionError,44.40140724182129
1786831276.2857168,ERROR:ConnectionError,38.47384452819824
1786831276.2873914,ERROR:ConnectionError,38.86914253234863
1786831276.2853322,ERROR:ConnectionError,41.35942459106445
1786831276.2768586,ERROR:ConnectionError,53.69400978088379
1786831276.2983851,ERROR:ConnectionError,35.913705825805664
1786831276.2974083,ERROR:ConnectionError,41.81957244873047
1786831276.3029845,ERROR:ConnectionError,38.49673271179199
1786831276.3144004,ERROR:ConnectionError,28.504133224487305
1786831276.3192043,ERROR:ConnectionError,31.008243560791016
1786831276.3241985,ERROR:ConnectionError,26.59130096435547
1786831276.3228276,ERROR:ConnectionError,34.43098068237305
1786831276.3262732,ERROR:ConnectionError,37.24217414855957
1786831276.3267336,ERROR:ConnectionError,38.49530220031738
1786831276.334311,ERROR:ConnectionError,33.287763595581055
1786831276.33066,ERROR:ConnectionError,39.49880599975586
1786831276.342918,ERROR:ConnectionError,33.777475357055664
1786831276.341491,ERROR:ConnectionError,38.16699981689453
1786831276.3502223,ERROR:ConnectionError,29.93321418762207
1786831276.3392363,ERROR:ConnectionError,41.1829948425293
1786831276.3507962,ERROR:ConnectionError,37.145376205444336
1786831276.3572671,ERROR:ConnectionError,39.12806510925293
1786831276.3638957,ERROR:ConnectionError,35.72583198547363
1786831276.367607,ERROR:ConnectionError,33.492326736450195
1786831276.3767064,ERROR:ConnectionError,28.09619903564453
1786831276.365238,ERROR:ConnectionError,40.05622863769531
1786831276.370169,ERROR:ConnectionError,40.24910926818848
1786831276.3796718,ERROR:ConnectionError,31.35395050048828
1786831276.3804247,ERROR:ConnectionError,35.1557731628418
1786831276.3879507,ERROR:ConnectionError,31.261205673217773
1786831276.380163,ERROR:ConnectionError,42.39535331726074
1786831276.3964117,ERROR:ConnectionError,32.94062614440918
1786831276.3996327,ERROR:ConnectionError,30.681371688842773
1786831276.4011078,ERROR:ConnectionError,35.25495529174805
1786831276.4048114,ERROR:ConnectionError,35.488128662109375
1786831276.4053035,ERROR:ConnectionError,36.25226020812988
1786831276.4110346,ERROR:ConnectionError,31.648635864257812
1786831276.41559,ERROR:ConnectionError,28.833627700805664
1786831276.4104269,ERROR:ConnectionError,37.78719902038574
1786831276.4192235,ERROR:ConnectionError,33.15925598144531
1786831276.4225695,ERROR:ConnectionError,32.69600868225098
1786831276.4293668,ERROR:ConnectionError,31.110525131225586
1786831276.4363742,ERROR:ConnectionError,26.18861198425293
1786831276.442695,ERROR:ConnectionError,22.91584014892578
1786831276.4403322,ERROR:ConnectionError,31.462669372558594
1786831276.4303222,ERROR:ConnectionError,42.96064376831055
1786831276.444434,ERROR:ConnectionError,29.95610237121582
1786831276.441563,ERROR:ConnectionError,34.11602973937988
1786831276.4482222,ERROR:ConnectionError,29.599428176879883
1786831276.4523945,ERROR:ConnectionError,27.605533599853516
1786831276.4604876,ERROR:ConnectionError,28.350114822387695
1786831276.4552772,ERROR:ConnectionError,34.17062759399414
1786831276.462571,ERROR:ConnectionError,34.03282165527344
1786831276.4656177,ERROR:ConnectionError,33.47468376159668
1786831276.47569,ERROR:ConnectionError,28.09906005859375
1786831276.4718037,ERROR:ConnectionError,41.80264472961426
1786831276.474398,ERROR:ConnectionError,43.59555244445801
1786831276.477832,ERROR:ConnectionError,43.37000846862793
1786831276.4894557,ERROR:ConnectionError,33.84208679199219
1786831276.4888465,ERROR:ConnectionError,39.537906646728516
1786831276.4991038,ERROR:ConnectionError,31.129837036132812
1786831276.4800074,ERROR:ConnectionError,53.95078659057617
1786831276.5037985,ERROR:ConnectionError,31.451702117919922
1786831276.4732919,ERROR:ConnectionError,63.532352447509766
1786831276.5136497,ERROR:ConnectionError,27.838706970214844
1786831276.5180058,ERROR:ConnectionError,32.40513801574707
1786831276.4966996,ERROR:ConnectionError,54.33964729309082
1786831276.5233083,ERROR:ConnectionError,28.841733932495117
1786831276.5283954,ERROR:ConnectionError,27.123212814331055
1786831276.5212138,ERROR:ConnectionError,41.986703872680664
1786831276.533967,ERROR:ConnectionError,39.20435905456543
1786831276.5352583,ERROR:ConnectionError,38.25879096984863
1786831276.5368347,ERROR:ConnectionError,41.606903076171875
1786831276.5302417,ERROR:ConnectionError,51.12862586975098
1786831276.5521572,ERROR:ConnectionError,34.44314002990723
1786831276.5414999,ERROR:ConnectionError,50.05025863647461
1786831276.5510476,ERROR:ConnectionError,44.890403747558594
1786831276.550422,ERROR:ConnectionError,48.62332344055176
1786831276.555625,ERROR:ConnectionError,44.194698333740234
1786831276.5632098,ERROR:ConnectionError,43.26653480529785
1786831276.5731814,ERROR:ConnectionError,36.898136138916016
1786831276.5813804,ERROR:ConnectionError,38.799285888671875
1786831276.573523,ERROR:ConnectionError,48.39277267456055
1786831276.5784502,ERROR:ConnectionError,47.838687896728516
1786831276.5959485,ERROR:ConnectionError,31.76259994506836
1786831276.591557,ERROR:ConnectionError,39.02268409729004
1786831276.5866113,ERROR:ConnectionError,50.69088935852051
1786831276.6201932,ERROR:ConnectionError,17.923831939697266
1786831276.5998278,ERROR:ConnectionError,42.18626022338867
1786831276.599054,ERROR:ConnectionError,44.79670524597168
1786831276.606487,ERROR:ConnectionError,39.78562355041504
1786831276.6100907,ERROR:ConnectionError,36.571502685546875
1786831276.6219282,ERROR:ConnectionError,26.601791381835938
1786831276.6277196,ERROR:ConnectionError,31.232118606567383
1786831276.6305885,ERROR:ConnectionError,41.684865951538086
1786831276.6263034,ERROR:ConnectionError,46.48423194885254
1786831276.6373134,ERROR:ConnectionError,47.25480079650879
1786831276.638125,ERROR:ConnectionError,47.04999923706055
1786831276.6420915,ERROR:ConnectionError,47.287702560424805
1786831276.6438599,ERROR:ConnectionError,47.612667083740234
1786831276.658967,ERROR:ConnectionError,34.89327430725098
1786831276.6466684,ERROR:ConnectionError,49.55554008483887
1786831276.672361,ERROR:ConnectionError,31.710386276245117
1786831276.6727946,ERROR:ConnectionError,31.78882598876953
1786831276.6845765,ERROR:ConnectionError,20.28059959411621
1786831276.6485384,ERROR:ConnectionError,58.838605880737305
1786831276.6462808,ERROR:ConnectionError,61.6605281829834
1786831276.685183,ERROR:ConnectionError,33.56003761291504
1786831276.691481,ERROR:ConnectionError,30.606985092163086
1786831276.6938674,ERROR:ConnectionError,29.43897247314453
1786831276.7048633,ERROR:ConnectionError,20.041942596435547
1786831276.7040813,ERROR:ConnectionError,22.501230239868164
1786831276.6893883,ERROR:ConnectionError,41.8698787689209
1786831276.707385,ERROR:ConnectionError,30.52973747253418
1786831276.6962364,ERROR:ConnectionError,48.36082458496094
1786831276.7220979,ERROR:ConnectionError,25.150060653686523
1786831276.718753,ERROR:ConnectionError,28.893709182739258
1786831276.704591,ERROR:ConnectionError,47.43504524230957
1786831276.7079477,ERROR:ConnectionError,45.702219009399414
1786831276.7249157,ERROR:ConnectionError,37.35160827636719
1786831276.723316,ERROR:ConnectionError,39.54434394836426
1786831276.7265923,ERROR:ConnectionError,37.53018379211426
1786831276.7312722,ERROR:ConnectionError,36.15832328796387
1786831276.737926,ERROR:ConnectionError,37.91403770446777
1786831276.7446244,ERROR:ConnectionError,32.01866149902344
1786831276.7476525,ERROR:ConnectionError,30.379533767700195
1786831276.7536602,ERROR:ConnectionError,26.57175064086914
1786831276.7520356,ERROR:ConnectionError,30.283451080322266
1786831276.7472587,ERROR:ConnectionError,43.22218894958496
1786831276.7628682,ERROR:ConnectionError,28.8236141204834
1786831276.7674396,ERROR:ConnectionError,24.771690368652344
1786831276.7766538,ERROR:ConnectionError,26.680469512939453
1786831276.764129,ERROR:ConnectionError,40.01212120056152
1786831276.7622764,ERROR:ConnectionError,44.342041015625
1786831276.782326,ERROR:ConnectionError,27.322053909301758
1786831276.7758524,ERROR:ConnectionError,34.18707847595215
1786831276.780244,ERROR:ConnectionError,38.435935974121094
1786831276.7780397,ERROR:ConnectionError,44.831275939941406
1786831276.7922173,ERROR:ConnectionError,33.9052677154541
1786831276.7904925,ERROR:ConnectionError,39.36362266540527
1786831276.8033445,ERROR:ConnectionError,28.668880462646484
1786831276.8045409,ERROR:ConnectionError,34.48009490966797
1786831276.7917016,ERROR:ConnectionError,48.40254783630371
1786831276.8066266,ERROR:ConnectionError,35.648345947265625
1786831276.810046,ERROR:ConnectionError,32.84883499145508
1786831276.809658,ERROR:ConnectionError,38.15960884094238
1786831276.8186896,ERROR:ConnectionError,29.504060745239258
1786831276.8228803,ERROR:ConnectionError,34.491539001464844
1786831276.8261325,ERROR:ConnectionError,34.24334526062012
1786831276.8401105,ERROR:ConnectionError,24.764537811279297
1786831276.829868,ERROR:ConnectionError,36.92197799682617
1786831276.8320234,ERROR:ConnectionError,35.27712821960449
1786831276.8390322,ERROR:ConnectionError,29.63089942932129
1786831276.8422852,ERROR:ConnectionError,32.048940658569336
1786831276.847829,ERROR:ConnectionError,36.14211082458496
1786831276.8481996,ERROR:ConnectionError,38.910627365112305
1786831276.842902,ERROR:ConnectionError,46.967267990112305
1786831276.8603868,ERROR:ConnectionError,32.5322151184082
1786831276.8573806,ERROR:ConnectionError,37.717580795288086
1786831276.8648837,ERROR:ConnectionError,38.854360580444336
1786831276.8667986,ERROR:ConnectionError,41.73016548156738
1786831276.8686736,ERROR:ConnectionError,40.8785343170166
1786831276.8673081,ERROR:ConnectionError,49.66235160827637
1786831276.8871195,ERROR:ConnectionError,37.40644454956055
1786831276.8951073,ERROR:ConnectionError,30.13324737548828
1786831276.8747082,ERROR:ConnectionError,50.90951919555664
1786831276.8839865,ERROR:ConnectionError,42.02461242675781
1786831276.8929322,ERROR:ConnectionError,42.3274040222168
1786831276.8898773,ERROR:ConnectionError,47.231197357177734
1786831276.909564,ERROR:ConnectionError,32.113075256347656
1786831276.9085407,ERROR:ConnectionError,34.859657287597656
1786831276.90375,ERROR:ConnectionError,40.82512855529785
1786831276.9252481,ERROR:ConnectionError,26.345252990722656
1786831276.9260175,ERROR:ConnectionError,30.834674835205078
1786831276.917013,ERROR:ConnectionError,41.90373420715332
1786831276.925625,ERROR:ConnectionError,33.80894660949707
1786831276.9245355,ERROR:ConnectionError,39.44802284240723
1786831276.9416893,ERROR:ConnectionError,73.99559020996094
1786831276.9352694,ERROR:ConnectionError,82.1847915649414
1786831276.9371147,ERROR:ConnectionError,83.48751068115234
1786831276.9639926,ERROR:ConnectionError,62.27755546569824
1786831276.943414,ERROR:ConnectionError,84.49769020080566
1786831276.9589243,ERROR:ConnectionError,69.29492950439453
1786831276.9568646,ERROR:ConnectionError,72.70932197570801
1786831276.9445827,ERROR:ConnectionError,89.02478218078613
1786831276.9594426,ERROR:ConnectionError,74.462890625
1786831276.9516032,ERROR:ConnectionError,82.64422416687012
1786831277.0174623,ERROR:ConnectionError,27.836322784423828
1786831277.0158212,ERROR:ConnectionError,30.234575271606445
1786831277.0295804,ERROR:ConnectionError,19.99974250793457
1786831277.028225,ERROR:ConnectionError,24.099111557006836
1786831277.0206108,ERROR:ConnectionError,33.18667411804199
1786831277.0262828,ERROR:ConnectionError,28.3658504486084
1786831277.0339105,ERROR:ConnectionError,24.091005325317383
1786831277.0342515,ERROR:ConnectionError,27.090072631835938
1786831277.0279188,ERROR:ConnectionError,36.21244430541992
1786831277.0336142,ERROR:ConnectionError,30.881881713867188
1786831277.0453088,ERROR:ConnectionError,27.053117752075195
1786831277.0460644,ERROR:ConnectionError,27.04334259033203
1786831277.0523334,ERROR:ConnectionError,26.32737159729004
1786831277.05801,ERROR:ConnectionError,21.337032318115234
1786831277.0495913,ERROR:ConnectionError,30.104398727416992
1786831277.0538065,ERROR:ConnectionError,32.187461853027344
1786831277.054656,ERROR:ConnectionError,32.097578048706055
1786831277.064504,ERROR:ConnectionError,23.005008697509766
1786831277.0613527,ERROR:ConnectionError,29.74700927734375
1786831277.0723748,ERROR:ConnectionError,23.274660110473633
1786831277.0731146,ERROR:ConnectionError,23.795127868652344
1786831277.0641408,ERROR:ConnectionError,33.0815315246582
1786831277.0793557,ERROR:ConnectionError,22.99952507019043
1786831277.0797064,ERROR:ConnectionError,23.48184585571289
1786831277.0786707,ERROR:ConnectionError,28.92303466796875
1786831277.0875223,ERROR:ConnectionError,21.281719207763672
1786831277.0860043,ERROR:ConnectionError,23.73218536376953
1786831277.0867624,ERROR:ConnectionError,30.475139617919922
1786831277.0911052,ERROR:ConnectionError,26.86142921447754
1786831277.0956628,ERROR:ConnectionError,24.814367294311523
1786831277.0972323,ERROR:ConnectionError,23.65398406982422
1786831277.1031978,ERROR:ConnectionError,20.36881446838379
1786831277.096918,ERROR:ConnectionError,30.87759017944336
1786831277.1088097,ERROR:ConnectionError,21.50416374206543
1786831277.1023664,ERROR:ConnectionError,30.285358428955078
1786831277.1076012,ERROR:ConnectionError,25.3446102142334
1786831277.1097436,ERROR:ConnectionError,26.00574493408203
1786831277.1172447,ERROR:ConnectionError,20.30181884765625
1786831277.1204877,ERROR:ConnectionError,20.682573318481445
1786831277.1179712,ERROR:ConnectionError,24.40953254699707
1786831277.1235728,ERROR:ConnectionError,23.059844970703125
1786831277.1303232,ERROR:ConnectionError,17.09127426147461
1786831277.127804,ERROR:ConnectionError,20.818471908569336
1786831277.120893,ERROR:ConnectionError,37.0631217956543
1786831277.1423872,ERROR:ConnectionError,19.535064697265625
1786831277.1329513,ERROR:ConnectionError,29.39629554748535
1786831277.1357582,ERROR:ConnectionError,29.47235107421875
1786831277.1411777,ERROR:ConnectionError,24.431705474853516
1786831277.1375551,ERROR:ConnectionError,32.64760971069336
1786831277.1326604,ERROR:ConnectionError,38.35606575012207
1786831277.1486309,ERROR:ConnectionError,22.71866798400879
1786831277.1474228,ERROR:ConnectionError,33.79034996032715
1786831277.1466413,ERROR:ConnectionError,35.01272201538086
1786831277.157965,ERROR:ConnectionError,25.010347366333008
1786831277.1623542,ERROR:ConnectionError,21.1946964263916
1786831277.1656175,ERROR:ConnectionError,22.38178253173828
1786831277.1710236,ERROR:ConnectionError,21.760225296020508
1786831277.165238,ERROR:ConnectionError,28.03206443786621
1786831277.16193,ERROR:ConnectionError,34.01517868041992
1786831277.1713567,ERROR:ConnectionError,32.674312591552734
1786831277.1812232,ERROR:ConnectionError,24.96814727783203
1786831277.170216,ERROR:ConnectionError,37.76669502258301
1786831277.183555,ERROR:ConnectionError,28.14030647277832
1786831277.1816595,ERROR:ConnectionError,32.351016998291016
1786831277.1829796,ERROR:ConnectionError,35.66908836364746
1786831277.1880102,ERROR:ConnectionError,33.908843994140625
1786831277.1927893,ERROR:ConnectionError,30.941009521484375
1786831277.2040408,ERROR:ConnectionError,20.088672637939453
1786831277.195953,ERROR:ConnectionError,34.79647636413574
1786831277.193276,ERROR:ConnectionError,39.31283950805664
1786831277.2079916,ERROR:ConnectionError,29.087066650390625
1786831277.2062032,ERROR:ConnectionError,34.35826301574707
1786831277.211705,ERROR:ConnectionError,34.98482704162598
1786831277.214019,ERROR:ConnectionError,33.91385078430176
1786831277.2241383,ERROR:ConnectionError,29.33645248413086
1786831277.2186575,ERROR:ConnectionError,38.433074951171875
1786831277.2237434,ERROR:ConnectionError,34.62100028991699
1786831277.2219355,ERROR:ConnectionError,36.85140609741211
1786831277.2307627,ERROR:ConnectionError,29.19149398803711
1786831277.2325978,ERROR:ConnectionError,33.59222412109375
1786831277.2370908,ERROR:ConnectionError,29.70266342163086
1786831277.2405689,ERROR:ConnectionError,28.134584426879883
1786831277.246699,ERROR:ConnectionError,29.272079467773438
1786831277.257107,ERROR:ConnectionError,20.517587661743164
1786831277.247943,ERROR:ConnectionError,30.077219009399414
1786831277.2583737,ERROR:ConnectionError,20.582914352416992
1786831277.253487,ERROR:ConnectionError,25.95210075378418
1786831277.2599604,ERROR:ConnectionError,29.370546340942383
1786831277.2687094,ERROR:ConnectionError,22.736310958862305
1786831277.2667997,ERROR:ConnectionError,25.24280548095703
1786831277.2661974,ERROR:ConnectionError,26.188373565673828
1786831277.258792,ERROR:ConnectionError,34.99770164489746
1786831277.2759852,ERROR:ConnectionError,26.170015335083008
1786831277.2776365,ERROR:ConnectionError,25.243759155273438
1786831277.2794452,ERROR:ConnectionError,25.640010833740234
1786831277.2789626,ERROR:ConnectionError,31.31246566772461
1786831277.289338,ERROR:ConnectionError,26.43108367919922
1786831277.2923932,ERROR:ConnectionError,23.71811866760254
1786831277.291455,ERROR:ConnectionError,25.74300765991211
1786831277.292052,ERROR:ConnectionError,25.80881118774414
1786831277.2780282,ERROR:ConnectionError,43.8234806060791
1786831277.3021653,ERROR:ConnectionError,23.45108985900879
1786831277.3050945,ERROR:ConnectionError,21.615982055664062
1786831277.2937994,ERROR:ConnectionError,33.26010704040527
1786831277.302888,ERROR:ConnectionError,25.29311180114746
1786831277.3102891,ERROR:ConnectionError,26.020288467407227
1786831277.3167121,ERROR:ConnectionError,20.580768585205078
1786831277.3178678,ERROR:ConnectionError,21.125316619873047
1786831277.3157778,ERROR:ConnectionError,28.261661529541016
1786831277.3172057,ERROR:ConnectionError,27.47631072998047
1786831277.3218627,ERROR:ConnectionError,23.600101470947266
1786831277.3256238,ERROR:ConnectionError,23.727893829345703
1786831277.3270679,ERROR:ConnectionError,24.864673614501953
1786831277.3281896,ERROR:ConnectionError,25.171279907226562
1786831277.3373003,ERROR:ConnectionError,25.964736938476562
1786831277.33632,ERROR:ConnectionError,28.455734252929688
1786831277.32672,ERROR:ConnectionError,41.05496406555176
1786831277.3519418,ERROR:ConnectionError,21.215200424194336
1786831277.345473,ERROR:ConnectionError,32.13953971862793
1786831277.3440487,ERROR:ConnectionError,35.46142578125
1786831277.3446894,ERROR:ConnectionError,36.24081611633301
1786831277.3390005,ERROR:ConnectionError,48.74682426452637
1786831277.3493602,ERROR:ConnectionError,39.755821228027344
1786831277.353371,ERROR:ConnectionError,36.17596626281738
1786831277.363277,ERROR:ConnectionError,41.605234146118164
1786831277.367785,ERROR:ConnectionError,39.57176208496094
1786831277.364785,ERROR:ConnectionError,44.936180114746094
1786831277.3731687,ERROR:ConnectionError,36.956071853637695
1786831277.380937,ERROR:ConnectionError,31.596899032592773
1786831277.3776677,ERROR:ConnectionError,40.43292999267578
1786831277.3895528,ERROR:ConnectionError,34.15393829345703
1786831277.379522,ERROR:ConnectionError,48.65074157714844
1786831277.3891258,ERROR:ConnectionError,44.003963470458984
1786831277.3877563,ERROR:ConnectionError,48.28691482543945
1786831277.409735,ERROR:ConnectionError,28.985023498535156
1786831277.4073656,ERROR:ConnectionError,33.40601921081543
1786831277.4048936,ERROR:ConnectionError,40.74430465698242
1786831277.4101336,ERROR:ConnectionError,37.48774528503418
1786831277.412543,ERROR:ConnectionError,37.80412673950195
1786831277.418109,ERROR:ConnectionError,32.6385498046875
1786831277.4237185,ERROR:ConnectionError,31.321048736572266
1786831277.4281812,ERROR:ConnectionError,35.96138954162598
1786831277.4387321,ERROR:ConnectionError,25.718212127685547
1786831277.4331439,ERROR:ConnectionError,32.941341400146484
1786831277.4407809,ERROR:ConnectionError,28.618812561035156
1786831277.4360523,ERROR:ConnectionError,33.78653526306152
1786831277.4476287,ERROR:ConnectionError,32.51361846923828
1786831277.4456513,ERROR:ConnectionError,35.54987907409668
1786831277.4550495,ERROR:ConnectionError,26.821374893188477
1786831277.4503574,ERROR:ConnectionError,35.99238395690918
1786831277.4507551,ERROR:ConnectionError,38.47002983093262
1786831277.4641519,ERROR:ConnectionError,36.12685203552246
1786831277.4660933,ERROR:ConnectionError,34.64365005493164
1786831277.4644575,ERROR:ConnectionError,40.20357131958008
1786831277.469845,ERROR:ConnectionError,36.077260971069336
1786831277.4694269,ERROR:ConnectionError,37.694692611694336
1786831277.4801521,ERROR:ConnectionError,31.852006912231445
1786831277.4812112,ERROR:ConnectionError,35.980224609375
1786831277.4892342,ERROR:ConnectionError,32.09567070007324
1786831277.4818769,ERROR:ConnectionError,39.77799415588379
1786831277.5046723,ERROR:ConnectionError,19.25182342529297
1786831277.4863942,ERROR:ConnectionError,39.78562355041504
1786831277.5007439,ERROR:ConnectionError,27.73284912109375
1786831277.500295,ERROR:ConnectionError,30.37881851196289
1786831277.5071282,ERROR:ConnectionError,33.33878517150879
1786831277.5059316,ERROR:ConnectionError,37.375688552856445
1786831277.521663,ERROR:ConnectionError,23.19169044494629
1786831277.5172064,ERROR:ConnectionError,28.049707412719727
1786831277.521339,ERROR:ConnectionError,30.133962631225586
1786831277.5120125,ERROR:ConnectionError,43.12539100646973
1786831277.5239341,ERROR:ConnectionError,35.71367263793945
1786831277.5306807,ERROR:ConnectionError,34.06119346618652
1786831277.5284836,ERROR:ConnectionError,40.59243202209473
1786831277.54048,ERROR:ConnectionError,33.75411033630371
1786831277.526187,ERROR:ConnectionError,48.38848114013672
1786831277.5448625,ERROR:ConnectionError,32.731056213378906
1786831277.543318,ERROR:ConnectionError,36.4840030670166
1786831277.5514867,ERROR:ConnectionError,33.5536003112793
1786831277.545262,ERROR:ConnectionError,48.41423034667969
1786831277.5596595,ERROR:ConnectionError,37.22643852233887
1786831277.5551474,ERROR:ConnectionError,42.48809814453125
1786831277.5690856,ERROR:ConnectionError,34.04855728149414
1786831277.5647566,ERROR:ConnectionError,39.040565490722656
1786831277.5745802,ERROR:ConnectionError,29.590606689453125
1786831277.5742466,ERROR:ConnectionError,30.942440032958984
1786831277.5798094,ERROR:ConnectionError,32.555580139160156
1786831277.5776067,ERROR:ConnectionError,36.28253936767578
1786831277.593695,ERROR:ConnectionError,22.41969108581543
1786831277.5850525,ERROR:ConnectionError,32.778024673461914
1786831277.597643,ERROR:ConnectionError,27.597427368164062
1786831277.5969012,ERROR:ConnectionError,31.890153884887695
1786831277.6041772,ERROR:ConnectionError,34.48748588562012
1786831277.6031454,ERROR:ConnectionError,37.10055351257324
1786831277.6038043,ERROR:ConnectionError,37.16588020324707
1786831277.612946,ERROR:ConnectionError,28.926610946655273
1786831277.617838,ERROR:ConnectionError,28.741121292114258
1786831277.616124,ERROR:ConnectionError,38.167476654052734
1786831277.6138997,ERROR:ConnectionError,41.84865951538086
1786831277.6051953,ERROR:ConnectionError,59.32903289794922
1786831277.628801,ERROR:ConnectionError,37.542104721069336
1786831277.6252496,ERROR:ConnectionError,43.56741905212402
1786831277.6410563,ERROR:ConnectionError,29.61277961730957
1786831277.6418822,ERROR:ConnectionError,32.79280662536621
1786831277.6543024,ERROR:ConnectionError,20.86806297302246
1786831277.6402543,ERROR:ConnectionError,36.00716590881348
1786831277.6465926,ERROR:ConnectionError,37.97149658203125
1786831277.6386817,ERROR:ConnectionError,48.236846923828125
1786831277.6557596,ERROR:ConnectionError,35.70103645324707
1786831277.6645415,ERROR:ConnectionError,30.794143676757812
1786831277.6706789,ERROR:ConnectionError,30.08890151977539
1786831277.668826,ERROR:ConnectionError,32.78994560241699
1786831277.6663597,ERROR:ConnectionError,36.96465492248535
1786831277.6762667,ERROR:ConnectionError,33.27584266662598
1786831277.674683,ERROR:ConnectionError,37.22238540649414
1786831277.6846037,ERROR:ConnectionError,30.793190002441406
1786831277.6869295,ERROR:ConnectionError,31.493425369262695
1786831277.6751766,ERROR:ConnectionError,44.98410224914551
1786831277.6953442,ERROR:ConnectionError,26.76558494567871
1786831277.69147,ERROR:ConnectionError,40.50946235656738
1786831277.7007804,ERROR:ConnectionError,32.15360641479492
1786831277.7016246,ERROR:ConnectionError,32.64141082763672
1786831277.7119157,ERROR:ConnectionError,29.14738655090332
1786831277.7154062,ERROR:ConnectionError,29.202699661254883
1786831277.7095811,ERROR:ConnectionError,35.47096252441406
1786831277.7033315,ERROR:ConnectionError,47.89566993713379
1786831277.7184331,ERROR:ConnectionError,36.91577911376953
1786831277.7201693,ERROR:ConnectionError,40.59886932373047
1786831277.7329412,ERROR:ConnectionError,28.512001037597656
1786831277.7221205,ERROR:ConnectionError,40.712594985961914
1786831277.734275,ERROR:ConnectionError,31.55350685119629
1786831277.7410753,ERROR:ConnectionError,30.098438262939453
1786831277.7319865,ERROR:ConnectionError,43.627262115478516
1786831277.7446227,ERROR:ConnectionError,34.374237060546875
1786831277.7512386,ERROR:ConnectionError,29.006242752075195
1786831277.7450583,ERROR:ConnectionError,41.021108627319336
1786831277.7553585,ERROR:ConnectionError,34.43765640258789
1786831277.7607987,ERROR:ConnectionError,30.493736267089844
1786831277.7614644,ERROR:ConnectionError,36.22174263000488
1786831277.76284,ERROR:ConnectionError,35.521507263183594
1786831277.7756226,ERROR:ConnectionError,24.981260299682617
1786831277.7711847,ERROR:ConnectionError,41.44644737243652
1786831277.765836,ERROR:ConnectionError,47.10984230041504
1786831277.7860892,ERROR:ConnectionError,30.248403549194336
1786831277.7790098,ERROR:ConnectionError,37.715911865234375
1786831277.780267,ERROR:ConnectionError,46.33593559265137
1786831277.7976954,ERROR:ConnectionError,32.13381767272949
1786831277.798372,ERROR:ConnectionError,33.24007987976074
1786831277.7912998,ERROR:ConnectionError,40.90118408203125
1786831277.7898083,ERROR:ConnectionError,47.09458351135254
1786831277.8167322,ERROR:ConnectionError,23.885011672973633
1786831277.8006132,ERROR:ConnectionError,42.33670234680176
1786831277.816347,ERROR:ConnectionError,34.30938720703125
1786831277.8126395,ERROR:ConnectionError,38.70129585266113
1786831277.8129528,ERROR:ConnectionError,41.078805923461914
1786831277.8298466,ERROR:ConnectionError,24.746179580688477
1786831277.8266134,ERROR:ConnectionError,34.039974212646484
1786831277.8429573,ERROR:ConnectionError,22.446870803833008
1786831277.8369122,ERROR:ConnectionError,36.14544868469238
1786831277.8322093,ERROR:ConnectionError,41.62120819091797
1786831277.8316214,ERROR:ConnectionError,44.50798034667969
1786831277.8506827,ERROR:ConnectionError,25.792837142944336
1786831277.8406267,ERROR:ConnectionError,43.28322410583496
1786831277.8513484,ERROR:ConnectionError,44.710397720336914
1786831277.8738396,ERROR:ConnectionError,26.93343162536621
1786831277.854607,ERROR:ConnectionError,46.81539535522461
1786831277.8540413,ERROR:ConnectionError,56.012630462646484
1786831277.876151,ERROR:ConnectionError,34.56687927246094
1786831277.8839178,ERROR:ConnectionError,33.25653076171875
1786831277.876484,ERROR:ConnectionError,41.135549545288086
1786831277.8606613,ERROR:ConnectionError,60.69493293762207
1786831277.8730674,ERROR:ConnectionError,50.79364776611328
1786831277.8960738,ERROR:ConnectionError,32.961368560791016
1786831277.9014306,ERROR:ConnectionError,35.355329513549805
1786831277.8654149,ERROR:ConnectionError,73.68898391723633
1786831277.9007864,ERROR:ConnectionError,39.348602294921875
1786831277.9107254,ERROR:ConnectionError,32.41872787475586
1786831277.9176273,ERROR:ConnectionError,30.534744262695312
1786831277.910064,ERROR:ConnectionError,40.27843475341797
1786831277.9171846,ERROR:ConnectionError,37.0025634765625
1786831277.9213684,ERROR:ConnectionError,40.2071475982666
1786831277.9367988,ERROR:ConnectionError,25.949716567993164
1786831277.929048,ERROR:ConnectionError,34.34181213378906
1786831277.9238706,ERROR:ConnectionError,39.86501693725586
1786831277.939118,ERROR:ConnectionError,31.492233276367188
1786831277.9481714,ERROR:ConnectionError,26.680946350097656
1786831277.9401445,ERROR:ConnectionError,40.24028778076172
1786831277.9431555,ERROR:ConnectionError,44.67368125915527
1786831277.9541988,ERROR:ConnectionError,36.74054145812988
1786831277.9503543,ERROR:ConnectionError,46.5540885925293
1786831277.9637432,ERROR:ConnectionError,37.528276443481445
1786831277.962756,ERROR:ConnectionError,39.1995906829834
1786831277.9634001,ERROR:ConnectionError,43.11633110046387
1786831277.961593,ERROR:ConnectionError,49.82709884643555
1786831277.9706228,ERROR:ConnectionError,41.34988784790039
1786831277.9804127,ERROR:ConnectionError,32.83977508544922
1786831277.987843,ERROR:ConnectionError,31.75830841064453
1786831277.9909508,ERROR:ConnectionError,29.15215492248535
1786831278.0019643,ERROR:ConnectionError,22.601842880249023
1786831277.996924,ERROR:ConnectionError,28.25617790222168
1786831278.0012798,ERROR:ConnectionError,24.657487869262695
1786831278.00653,ERROR:ConnectionError,25.847434997558594
1786831277.974889,ERROR:ConnectionError,57.84749984741211
1786831278.0114295,ERROR:ConnectionError,27.764081954956055
1786831278.0119812,ERROR:ConnectionError,27.979135513305664
1786831278.01326,ERROR:ConnectionError,29.422760009765625
1786831278.0196104,ERROR:ConnectionError,24.823665618896484
1786831278.0259428,ERROR:ConnectionError,31.228303909301758
1786831278.0245788,ERROR:ConnectionError,34.699201583862305
1786831278.0201087,ERROR:ConnectionError,42.12760925292969
1786831278.032743,ERROR:ConnectionError,34.03878211975098
1786831278.0323877,ERROR:ConnectionError,34.92903709411621
1786831278.0251875,ERROR:ConnectionError,48.74277114868164
1786831278.0426888,ERROR:ConnectionError,40.25530815124512
1786831278.0399902,ERROR:ConnectionError,44.33727264404297
1786831278.0444462,ERROR:ConnectionError,47.83034324645996
1786831278.0571806,ERROR:ConnectionError,36.50021553039551
1786831278.0667922,ERROR:ConnectionError,27.532577514648438
1786831278.0673254,ERROR:ConnectionError,29.639005661010742
1786831278.0392015,ERROR:ConnectionError,60.26601791381836
1786831278.0622444,ERROR:ConnectionError,46.22626304626465
1786831278.059286,ERROR:ConnectionError,53.21979522705078
1786831278.0739846,ERROR:ConnectionError,40.670156478881836
1786831278.0829563,ERROR:ConnectionError,41.99481010437012
1786831278.092287,ERROR:ConnectionError,39.310455322265625
1786831278.0936897,ERROR:ConnectionError,40.76433181762695
1786831278.0943332,ERROR:ConnectionError,42.32478141784668
1786831278.0843382,ERROR:ConnectionError,53.85565757751465
1786831278.0994766,ERROR:ConnectionError,39.36266899108887
1786831278.112517,ERROR:ConnectionError,34.60955619812012
1786831278.096973,ERROR:ConnectionError,50.611019134521484
1786831278.1316104,ERROR:ConnectionError,19.808530807495117
1786831278.1249588,ERROR:ConnectionError,28.08547019958496
1786831278.108596,ERROR:ConnectionError,47.05309867858887
1786831278.1146703,ERROR:ConnectionError,45.95375061035156
1786831278.134463,ERROR:ConnectionError,28.64241600036621
1786831278.1366677,ERROR:ConnectionError,28.043508529663086
1786831278.1382039,ERROR:ConnectionError,29.73151206970215
1786831278.1388464,ERROR:ConnectionError,33.32114219665527
1786831278.147143,ERROR:ConnectionError,29.129505157470703
1786831278.147594,ERROR:ConnectionError,29.645919799804688
1786831278.1514297,ERROR:ConnectionError,28.52487564086914
1786831278.1530538,ERROR:ConnectionError,27.24003791809082
1786831278.155658,ERROR:ConnectionError,33.116817474365234
1786831278.1606343,ERROR:ConnectionError,31.40878677368164
1786831278.163115,ERROR:ConnectionError,29.825448989868164
1786831278.164718,ERROR:ConnectionError,34.041404724121094
1786831278.1721766,ERROR:ConnectionError,36.071062088012695
1786831278.1679466,ERROR:ConnectionError,43.75600814819336
1786831278.177247,ERROR:ConnectionError,34.84916687011719
1786831278.1802988,ERROR:ConnectionError,39.19553756713867
1786831278.1762807,ERROR:ConnectionError,49.741506576538086
1786831278.188786,ERROR:ConnectionError,37.90616989135742
1786831278.192053,ERROR:ConnectionError,34.94119644165039
1786831278.179962,ERROR:ConnectionError,48.28906059265137
1786831278.1929502,ERROR:ConnectionError,48.233747482299805
1786831278.2117116,ERROR:ConnectionError,30.223369598388672
1786831278.1987724,ERROR:ConnectionError,44.88563537597656
1786831278.2082582,ERROR:ConnectionError,39.29424285888672
1786831278.2195053,ERROR:ConnectionError,36.336660385131836
1786831278.2121053,ERROR:ConnectionError,44.39973831176758
1786831278.2260308,ERROR:ConnectionError,34.250736236572266
1786831278.2282608,ERROR:ConnectionError,38.60330581665039
1786831278.2270014,ERROR:ConnectionError,40.78984260559082
1786831278.2266986,ERROR:ConnectionError,42.98973083496094
1786831278.2419434,ERROR:ConnectionError,30.0447940826416
1786831278.2411933,ERROR:ConnectionError,33.23173522949219
1786831278.2558522,ERROR:ConnectionError,23.804664611816406
1786831278.2476077,ERROR:ConnectionError,35.38846969604492
1786831278.256511,ERROR:ConnectionError,29.903411865234375
1786831278.2436666,ERROR:ConnectionError,48.43926429748535
1786831278.2602925,ERROR:ConnectionError,41.42427444458008
1786831278.2668731,ERROR:ConnectionError,36.0112190246582
1786831278.2830064,ERROR:ConnectionError,20.33209800720215
1786831278.2744377,ERROR:ConnectionError,36.58342361450195
1786831278.269697,ERROR:ConnectionError,42.025089263916016
1786831278.2921154,ERROR:ConnectionError,22.907495498657227
1786831278.279669,ERROR:ConnectionError,40.41647911071777
1786831278.286424,ERROR:ConnectionError,34.905433654785156
1786831278.2720046,ERROR:ConnectionError,49.73125457763672
1786831278.3028922,ERROR:ConnectionError,23.4072208404541
1786831278.2678041,ERROR:ConnectionError,59.342145919799805
1786831278.3110316,ERROR:ConnectionError,22.61042594909668
1786831278.3017273,ERROR:ConnectionError,32.2108268737793
1786831278.3117294,ERROR:ConnectionError,25.174856185913086
1786831278.320139,ERROR:ConnectionError,20.980119705200195
1786831278.3033454,ERROR:ConnectionError,41.9001579284668
1786831278.315032,ERROR:ConnectionError,33.104896545410156
1786831278.321339,ERROR:ConnectionError,35.93707084655762
1786831278.336913,ERROR:ConnectionError,22.536277770996094
1786831278.327153,ERROR:ConnectionError,33.556461334228516
1786831278.3336525,ERROR:ConnectionError,27.43697166442871
1786831278.3339436,ERROR:ConnectionError,29.40821647644043
1786831278.321742,ERROR:ConnectionError,42.03152656555176
1786831278.3263478,ERROR:ConnectionError,42.023420333862305
1786831278.3452575,ERROR:ConnectionError,26.664257049560547
1786831278.341127,ERROR:ConnectionError,38.67769241333008
1786831278.3481479,ERROR:ConnectionError,33.004045486450195
1786831278.357286,ERROR:ConnectionError,27.736425399780273
1786831278.3610966,ERROR:ConnectionError,28.57208251953125
1786831278.3607197,ERROR:ConnectionError,30.610084533691406
1786831278.3683832,ERROR:ConnectionError,29.999971389770508
1786831278.3637815,ERROR:ConnectionError,38.93280029296875
1786831278.3594632,ERROR:ConnectionError,46.35357856750488
1786831278.3633673,ERROR:ConnectionError,49.33738708496094
1786831278.3719323,ERROR:ConnectionError,47.23024368286133
1786831278.3798127,ERROR:ConnectionError,40.543317794799805
1786831278.386188,ERROR:ConnectionError,34.67440605163574
1786831278.3811603,ERROR:ConnectionError,40.91143608093262
1786831278.3896797,ERROR:ConnectionError,33.267974853515625
1786831278.3983948,ERROR:ConnectionError,29.880523681640625
1786831278.3913412,ERROR:ConnectionError,41.55564308166504
1786831278.412713,ERROR:ConnectionError,26.95322036743164
1786831278.419175,ERROR:ConnectionError,22.137880325317383
1786831278.402724,ERROR:ConnectionError,39.69073295593262
1786831278.4208705,ERROR:ConnectionError,24.97720718383789
1786831278.4203646,ERROR:ConnectionError,29.704809188842773
1786831278.428289,ERROR:ConnectionError,22.4912166595459
1786831278.4220793,ERROR:ConnectionError,28.94759178161621
1786831278.4058287,ERROR:ConnectionError,45.42088508605957
1786831278.4329076,ERROR:ConnectionError,21.631479263305664
1786831278.4229546,ERROR:ConnectionError,46.747446060180664
1786831278.450079,ERROR:ConnectionError,19.972562789916992
1786831278.4401023,ERROR:ConnectionError,31.60715103149414
1786831278.445863,ERROR:ConnectionError,28.087854385375977
1786831278.4424248,ERROR:ConnectionError,36.8649959564209
1786831278.4413195,ERROR:ConnectionError,38.99550437927246
1786831278.4507864,ERROR:ConnectionError,35.1715087890625
1786831278.4545496,ERROR:ConnectionError,34.24882888793945
1786831278.451255,ERROR:ConnectionError,37.909507751464844
1786831278.4739625,ERROR:ConnectionError,23.421764373779297
1786831278.4700577,ERROR:ConnectionError,28.23495864868164
1786831278.4697118,ERROR:ConnectionError,29.728174209594727
1786831278.4717174,ERROR:ConnectionError,30.16376495361328
1786831278.4792972,ERROR:ConnectionError,26.082754135131836
1786831278.4510314,ERROR:ConnectionError,56.91695213317871
1786831278.48917,ERROR:ConnectionError,20.071744918823242
1786831278.4803243,ERROR:ConnectionError,33.08415412902832
1786831278.4859688,ERROR:ConnectionError,27.906179428100586
1786831278.488808,ERROR:ConnectionError,36.54813766479492
1786831278.498299,ERROR:ConnectionError,30.24458885192871
1786831278.5079565,ERROR:ConnectionError,26.370763778686523
1786831278.497394,ERROR:ConnectionError,38.221120834350586
1786831278.509251,ERROR:ConnectionError,32.12332725524902
1786831278.5019095,ERROR:ConnectionError,39.89911079406738
1786831278.5053933,ERROR:ConnectionError,38.07568550109863
1786831278.5134213,ERROR:ConnectionError,36.1781120300293
1786831278.5138826,ERROR:ConnectionError,37.79458999633789
1786831278.525362,ERROR:ConnectionError,27.097702026367188
1786831278.5285592,ERROR:ConnectionError,27.350187301635742
1786831278.4994473,ERROR:ConnectionError,61.72299385070801
1786831278.5356255,ERROR:ConnectionError,31.59952163696289
1786831278.5343366,ERROR:ConnectionError,33.2794189453125
1786831278.5418155,ERROR:ConnectionError,34.58809852600098
1786831278.5496094,ERROR:ConnectionError,28.23042869567871
1786831278.552468,ERROR:ConnectionError,27.435779571533203
1786831278.5413837,ERROR:ConnectionError,39.807796478271484
1786831278.551687,ERROR:ConnectionError,31.534194946289062
1786831278.5435064,ERROR:ConnectionError,42.814016342163086
1786831278.5559194,ERROR:ConnectionError,30.808210372924805
1786831278.5612051,ERROR:ConnectionError,29.525279998779297
1786831278.567623,ERROR:ConnectionError,26.26657485961914
1786831278.5672355,ERROR:ConnectionError,31.823158264160156
1786831278.579914,ERROR:ConnectionError,23.670196533203125
1786831278.5778472,ERROR:ConnectionError,26.43442153930664
1786831278.5764122,ERROR:ConnectionError,28.524398803710938
1786831278.581202,ERROR:ConnectionError,25.9549617767334
1786831278.5832305,ERROR:ConnectionError,28.668642044067383
1786831278.586735,ERROR:ConnectionError,31.447649002075195
1786831278.5938985,ERROR:ConnectionError,26.442766189575195
1786831278.5863302,ERROR:ConnectionError,35.07113456726074
1786831278.6042902,ERROR:ConnectionError,29.953956604003906
1786831278.5907438,ERROR:ConnectionError,47.35374450683594
1786831278.5990677,ERROR:ConnectionError,39.97993469238281
1786831278.6035929,ERROR:ConnectionError,39.83616828918457
1786831278.611914,ERROR:ConnectionError,35.495758056640625
1786831278.6049447,ERROR:ConnectionError,42.9537296295166
1786831278.6071684,ERROR:ConnectionError,41.17107391357422
1786831278.6203501,ERROR:ConnectionError,32.037973403930664
1786831278.6214116,ERROR:ConnectionError,33.944129943847656
1786831278.6342533,ERROR:ConnectionError,25.932788848876953
1786831278.6181924,ERROR:ConnectionError,47.060489654541016
1786831278.6381133,ERROR:ConnectionError,28.387069702148438
1786831278.6434388,ERROR:ConnectionError,26.053428649902344
1786831278.6479073,ERROR:ConnectionError,27.41098403930664
1786831278.6390557,ERROR:ConnectionError,36.87930107116699
1786831278.6474407,ERROR:ConnectionError,29.59418296813965
1786831278.648346,ERROR:ConnectionError,35.87198257446289
1786831278.660198,ERROR:ConnectionError,31.353473663330078
1786831278.655364,ERROR:ConnectionError,36.887407302856445
1786831278.6665082,ERROR:ConnectionError,27.019262313842773
1786831278.652397,ERROR:ConnectionError,41.95427894592285
1786831278.669504,ERROR:ConnectionError,33.516883850097656
1786831278.6770463,ERROR:ConnectionError,30.37238121032715
1786831278.6759436,ERROR:ConnectionError,32.64021873474121
1786831278.6753275,ERROR:ConnectionError,33.5850715637207
1786831278.6652637,ERROR:ConnectionError,43.93625259399414
1786831278.6943583,ERROR:ConnectionError,32.09853172302246
1786831278.6935387,ERROR:ConnectionError,33.95676612854004
1786831278.691575,ERROR:ConnectionError,37.073612213134766
1786831278.6922588,ERROR:ConnectionError,44.22497749328613
1786831278.6842253,ERROR:ConnectionError,53.90214920043945
1786831278.7074275,ERROR:ConnectionError,34.063100814819336
1786831278.7085898,ERROR:ConnectionError,37.4910831451416
1786831278.7092042,ERROR:ConnectionError,43.81060600280762
1786831278.708919,ERROR:ConnectionError,44.42310333251953
1786831278.7030308,ERROR:ConnectionError,54.62932586669922
1786831278.7286582,ERROR:ConnectionError,31.884431838989258
1786831278.726466,ERROR:ConnectionError,39.551734924316406
1786831278.7275033,ERROR:ConnectionError,43.22648048400879
1786831278.741503,ERROR:ConnectionError,32.05251693725586
1786831278.7460947,ERROR:ConnectionError,31.192541122436523
1786831278.7530258,ERROR:ConnectionError,25.52342414855957
1786831278.7381353,ERROR:ConnectionError,44.38948631286621
1786831278.7364962,ERROR:ConnectionError,48.55751991271973
1786831278.7533476,ERROR:ConnectionError,39.61753845214844
1786831278.7576714,ERROR:ConnectionError,36.18645668029785
1786831278.7605503,ERROR:ConnectionError,33.75554084777832
1786831278.7660372,ERROR:ConnectionError,31.6927433013916
1786831278.7735662,ERROR:ConnectionError,26.453018188476562
1786831278.7707422,ERROR:ConnectionError,43.39957237243652
1786831278.7785602,ERROR:ConnectionError,37.13393211364746
1786831278.7772956,ERROR:ConnectionError,39.75701332092285
1786831278.7850661,ERROR:ConnectionError,32.691001892089844
1786831278.7929752,ERROR:ConnectionError,31.026840209960938
1786831278.797739,ERROR:ConnectionError,30.367136001586914
1786831278.782537,ERROR:ConnectionError,46.48256301879883
1786831278.7943122,ERROR:ConnectionError,36.504268646240234
1786831278.8000267,ERROR:ConnectionError,34.35540199279785
1786831278.8177645,ERROR:ConnectionError,21.811485290527344
1786831278.793866,ERROR:ConnectionError,47.044992446899414
1786831278.8170621,ERROR:ConnectionError,27.289390563964844
1786831278.8141575,ERROR:ConnectionError,35.78782081604004
1786831278.8157055,ERROR:ConnectionError,60.62197685241699
1786831278.8281164,ERROR:ConnectionError,51.53512954711914
1786831278.8240147,ERROR:ConnectionError,59.224843978881836
1786831278.8308246,ERROR:ConnectionError,57.9073429107666
1786831278.834391,ERROR:ConnectionError,54.68630790710449
1786831278.8290377,ERROR:ConnectionError,60.43672561645508
1786831278.8409228,ERROR:ConnectionError,54.52084541320801
1786831278.8395872,ERROR:ConnectionError,64.95785713195801
1786831278.8443604,ERROR:ConnectionError,71.2730884552002
1786831278.8499556,ERROR:ConnectionError,69.56076622009277
1786831278.879665,ERROR:ConnectionError,44.310569763183594
1786831278.8763392,ERROR:ConnectionError,48.775672912597656
1786831278.8832486,ERROR:ConnectionError,46.2641716003418
1786831278.8894806,ERROR:ConnectionError,44.02756690979004
1786831278.8954532,ERROR:ConnectionError,49.71742630004883
1786831278.8887417,ERROR:ConnectionError,62.15858459472656
1786831278.8890839,ERROR:ConnectionError,68.11022758483887
1786831278.9045568,ERROR:ConnectionError,61.80834770202637
1786831278.915644,ERROR:ConnectionError,51.89990997314453
1786831278.9195247,ERROR:ConnectionError,76.3998031616211
1786831278.9251251,ERROR:ConnectionError,71.46978378295898
1786831278.9239843,ERROR:ConnectionError,73.02594184875488
1786831278.9295278,ERROR:ConnectionError,78.61018180847168
1786831278.9335167,ERROR:ConnectionError,78.14502716064453
1786831278.9451807,ERROR:ConnectionError,71.23422622680664
1786831278.9509118,ERROR:ConnectionError,75.38890838623047
1786831278.9572043,ERROR:ConnectionError,69.56863403320312
1786831278.966378,ERROR:ConnectionError,61.19728088378906
1786831278.9675498,ERROR:ConnectionError,61.295270919799805
1786831278.9966042,ERROR:ConnectionError,39.47257995605469
1786831279.016432,ERROR:ConnectionError,21.15917205810547
1786831279.011671,ERROR:ConnectionError,26.915311813354492
1786831279.0081515,ERROR:ConnectionError,31.90755844116211
1786831278.995936,ERROR:ConnectionError,44.47507858276367
1786831278.9970171,ERROR:ConnectionError,44.81840133666992
1786831279.026783,ERROR:ConnectionError,23.823022842407227
1786831279.0288527,ERROR:ConnectionError,35.56966781616211
1786831279.0263155,ERROR:ConnectionError,38.72060775756836
1786831279.0275838,ERROR:ConnectionError,44.43049430847168
1786831279.04007,ERROR:ConnectionError,35.6903076171875
1786831279.0404167,ERROR:ConnectionError,36.22174263000488
1786831279.0375986,ERROR:ConnectionError,49.54385757446289
1786831279.0385935,ERROR:ConnectionError,50.66728591918945
1786831279.0418441,ERROR:ConnectionError,50.958871841430664
1786831279.0757706,ERROR:ConnectionError,23.177146911621094
1786831279.0360868,ERROR:ConnectionError,63.24052810668945
1786831279.0506222,ERROR:ConnectionError,50.026893615722656
1786831279.0766451,ERROR:ConnectionError,26.609182357788086
1786831279.065044,ERROR:ConnectionError,39.990901947021484
1786831279.0644324,ERROR:ConnectionError,49.62515830993652
1786831279.0871575,ERROR:ConnectionError,34.1641902923584
1786831279.098962,ERROR:ConnectionError,25.175809860229492
1786831279.0892715,ERROR:ConnectionError,36.00358963012695
1786831279.0720234,ERROR:ConnectionError,53.757667541503906
1786831279.0928187,ERROR:ConnectionError,42.24848747253418
1786831279.1006572,ERROR:ConnectionError,37.19067573547363
1786831279.1050436,ERROR:ConnectionError,38.430213928222656
1786831279.1032631,ERROR:ConnectionError,43.73931884765625
1786831279.0993335,ERROR:ConnectionError,48.650264739990234
1786831279.1252847,ERROR:ConnectionError,34.86990928649902
1786831279.1378582,ERROR:ConnectionError,23.23174476623535
1786831279.1140733,ERROR:ConnectionError,47.65748977661133
1786831279.135079,ERROR:ConnectionError,28.309345245361328
1786831279.1213305,ERROR:ConnectionError,42.93084144592285
1786831279.12415,ERROR:ConnectionError,44.48437690734863
1786831279.147014,ERROR:ConnectionError,26.45587921142578
1786831279.1479926,ERROR:ConnectionError,26.202917098999023
1786831279.143482,ERROR:ConnectionError,40.31801223754883
1786831279.1601684,ERROR:ConnectionError,29.53505516052246
1786831279.1617398,ERROR:ConnectionError,28.568744659423828
1786831279.1257885,ERROR:ConnectionError,69.77605819702148
1786831279.161098,ERROR:ConnectionError,38.89036178588867
1786831279.1734786,ERROR:ConnectionError,28.006315231323242
1786831279.1642697,ERROR:ConnectionError,40.178775787353516
1786831279.1686487,ERROR:ConnectionError,39.29495811462402
1786831279.163401,ERROR:ConnectionError,45.02248764038086
1786831279.183809,ERROR:ConnectionError,36.798715591430664
1786831279.1742034,ERROR:ConnectionError,47.00517654418945
1786831279.1903152,ERROR:ConnectionError,36.78417205810547
1786831279.195577,ERROR:ConnectionError,36.277055740356445
1786831279.189714,ERROR:ConnectionError,45.16720771789551
1786831279.2044601,ERROR:ConnectionError,34.905195236206055
1786831279.2015011,ERROR:ConnectionError,42.67525672912598
1786831279.2079542,ERROR:ConnectionError,41.437387466430664
1786831279.200007,ERROR:ConnectionError,50.04096031188965
1786831279.2084324,ERROR:ConnectionError,45.69363594055176
1786831279.2206173,ERROR:ConnectionError,37.52470016479492
1786831279.2212167,ERROR:ConnectionError,42.510986328125
1786831279.231863,ERROR:ConnectionError,35.91752052307129
1786831279.2271101,ERROR:ConnectionError,41.1527156829834
1786831279.2500572,ERROR:ConnectionError,27.955055236816406
1786831279.234893,ERROR:ConnectionError,46.95415496826172
1786831279.2541373,ERROR:ConnectionError,28.27763557434082
1786831279.2441866,ERROR:ConnectionError,41.900634765625
1786831279.2393742,ERROR:ConnectionError,48.941850662231445
1786831279.2494051,ERROR:ConnectionError,39.295196533203125
1786831279.2677882,ERROR:ConnectionError,27.7864933013916
1786831279.2637413,ERROR:ConnectionError,34.98053550720215
1786831279.268269,ERROR:ConnectionError,31.212568283081055
1786831279.2581515,ERROR:ConnectionError,42.77205467224121
1786831279.2780263,ERROR:ConnectionError,29.156208038330078
1786831279.282424,ERROR:ConnectionError,28.50961685180664
1786831279.2860956,ERROR:ConnectionError,31.29434585571289
1786831279.2887058,ERROR:ConnectionError,38.02824020385742
1786831279.2987313,ERROR:ConnectionError,30.101299285888672
1786831279.2994921,ERROR:ConnectionError,31.341075897216797
1786831279.2818615,ERROR:ConnectionError,55.50670623779297
1786831279.3009377,ERROR:ConnectionError,37.87803649902344
1786831279.3174038,ERROR:ConnectionError,24.33037757873535
1786831279.2955832,ERROR:ConnectionError,51.34105682373047
1786831279.3071916,ERROR:ConnectionError,40.41409492492676
1786831279.2883253,ERROR:ConnectionError,62.96205520629883
1786831279.3109436,ERROR:ConnectionError,40.7865047454834
1786831279.3267462,ERROR:ConnectionError,25.723695755004883
1786831279.3308408,ERROR:ConnectionError,22.423744201660156
1786831279.32884,ERROR:ConnectionError,35.938262939453125
1786831279.3373783,ERROR:ConnectionError,32.05227851867676
1786831279.341742,ERROR:ConnectionError,31.42547607421875
1786831279.347612,ERROR:ConnectionError,29.8001766204834
1786831279.3532724,ERROR:ConnectionError,30.724287033081055
1786831279.346936,ERROR:ConnectionError,39.6723747253418
1786831279.3524764,ERROR:ConnectionError,37.47272491455078
1786831279.3388252,ERROR:ConnectionError,51.62191390991211
1786831279.3648064,ERROR:ConnectionError,28.629541397094727
1786831279.3694444,ERROR:ConnectionError,30.446290969848633
1786831279.3512948,ERROR:ConnectionError,49.12567138671875
1786831279.3517358,ERROR:ConnectionError,49.06010627746582
1786831279.3866181,ERROR:ConnectionError,23.395776748657227
1786831279.3731804,ERROR:ConnectionError,40.25888442993164
1786831279.377423,ERROR:ConnectionError,40.83728790283203
1786831279.3934455,ERROR:ConnectionError,29.17313575744629
1786831279.3899608,ERROR:ConnectionError,35.764455795288086
1786831279.390457,ERROR:ConnectionError,37.86826133728027
1786831279.399904,ERROR:ConnectionError,29.944658279418945
1786831279.384012,ERROR:ConnectionError,50.0788688659668
1786831279.4008005,ERROR:ConnectionError,34.441232681274414
1786831279.413451,ERROR:ConnectionError,28.67293357849121
1786831279.4004297,ERROR:ConnectionError,42.36340522766113
1786831279.4100242,ERROR:ConnectionError,34.271955490112305
1786831279.418276,ERROR:ConnectionError,26.401281356811523
1786831279.4226294,ERROR:ConnectionError,33.590078353881836
1786831279.4257338,ERROR:ConnectionError,35.20560264587402
1786831279.4283872,ERROR:ConnectionError,35.012245178222656
1786831279.4341135,ERROR:ConnectionError,29.691219329833984
1786831279.429859,ERROR:ConnectionError,40.03715515136719
1786831279.4443057,ERROR:ConnectionError,27.668476104736328
1786831279.4428108,ERROR:ConnectionError,35.512447357177734
1786831279.4446847,ERROR:ConnectionError,39.093017578125
1786831279.4562275,ERROR:ConnectionError,28.14483642578125
1786831279.4352503,ERROR:ConnectionError,54.59880828857422
1786831279.4421334,ERROR:ConnectionError,48.18415641784668
1786831279.4609518,ERROR:ConnectionError,41.150808334350586
1786831279.4638126,ERROR:ConnectionError,39.18790817260742
1786831279.4634073,ERROR:ConnectionError,39.945125579833984
1786831279.469908,ERROR:ConnectionError,39.728641510009766
1786831279.4719894,ERROR:ConnectionError,38.17319869995117
1786831279.4783337,ERROR:ConnectionError,35.62808036804199
1786831279.4837892,ERROR:ConnectionError,35.759925842285156
1786831279.4898584,ERROR:ConnectionError,35.82620620727539
1786831279.5030103,ERROR:ConnectionError,23.387908935546875
1786831279.490325,ERROR:ConnectionError,36.461591720581055
1786831279.484378,ERROR:ConnectionError,45.18890380859375
1786831279.503359,ERROR:ConnectionError,26.55792236328125
1786831279.5101714,ERROR:ConnectionError,22.410869598388672
1786831279.502111,ERROR:ConnectionError,36.634206771850586
1786831279.5139706,ERROR:ConnectionError,36.914825439453125
1786831279.509646,ERROR:ConnectionError,45.89724540710449
1786831279.5195584,ERROR:ConnectionError,38.69199752807617
1786831279.5299244,ERROR:ConnectionError,35.60447692871094
1786831279.5267932,ERROR:ConnectionError,39.472341537475586
1786831279.5264058,ERROR:ConnectionError,41.7180061340332
1786831279.5325909,ERROR:ConnectionError,48.6912727355957
1786831279.5387557,ERROR:ConnectionError,43.13516616821289
1786831279.5256977,ERROR:ConnectionError,58.52341651916504
1786831279.529575,ERROR:ConnectionError,55.00531196594238
1786831279.5508933,ERROR:ConnectionError,37.24384307861328
1786831279.5681365,ERROR:ConnectionError,31.683683395385742
1786831279.5582645,ERROR:ConnectionError,46.344757080078125
1786831279.565543,ERROR:ConnectionError,40.2829647064209
1786831279.5556557,ERROR:ConnectionError,52.97660827636719
1786831279.5662725,ERROR:ConnectionError,42.8156852722168
1786831279.5812924,ERROR:ConnectionError,28.471708297729492
1786831279.588146,ERROR:ConnectionError,33.30373764038086
1786831279.5819318,ERROR:ConnectionError,40.16566276550293
1786831279.5842276,ERROR:ConnectionError,39.66259956359863
1786831279.584586,ERROR:ConnectionError,47.927141189575195
1786831279.5998297,ERROR:ConnectionError,36.97681427001953
1786831279.6058333,ERROR:ConnectionError,37.146568298339844
1786831279.6046224,ERROR:ConnectionError,45.38726806640625
1786831279.6086407,ERROR:ConnectionError,44.79050636291504
1786831279.609771,ERROR:ConnectionError,53.096771240234375
1786831279.6090953,ERROR:ConnectionError,65.02223014831543
1786831279.6214607,ERROR:ConnectionError,53.969621658325195
1786831279.622105,ERROR:ConnectionError,58.11357498168945
1786831279.6368146,ERROR:ConnectionError,49.33309555053711
1786831279.6238976,ERROR:ConnectionError,63.38834762573242
1786831279.6429887,ERROR:ConnectionError,49.569129943847656
1786831279.6325216,ERROR:ConnectionError,68.49813461303711
1786831279.650025,ERROR:ConnectionError,52.521467208862305
1786831279.6534395,ERROR:ConnectionError,53.45964431762695
1786831279.6754384,ERROR:ConnectionError,37.30940818786621
1786831279.6802356,ERROR:ConnectionError,33.83755683898926
1786831279.6741304,ERROR:ConnectionError,40.59791564941406
1786831279.6861584,ERROR:ConnectionError,31.62837028503418
1786831279.6873317,ERROR:ConnectionError,34.833669662475586
1786831279.6628811,ERROR:ConnectionError,61.06209754943848
1786831279.7010672,ERROR:ConnectionError,25.676488876342773
1786831279.7025554,ERROR:ConnectionError,30.960798263549805
1786831279.6925673,ERROR:ConnectionError,42.8006649017334
1786831279.7140863,ERROR:ConnectionError,21.825790405273438
1786831279.7069254,ERROR:ConnectionError,39.97921943664551
1786831279.7127583,ERROR:ConnectionError,34.8513126373291
1786831279.7177956,ERROR:ConnectionError,33.76483917236328
1786831279.7221744,ERROR:ConnectionError,32.053232192993164
1786831279.733524,ERROR:ConnectionError,25.348424911499023
1786831279.7147355,ERROR:ConnectionError,44.74616050720215
1786831279.7359195,ERROR:ConnectionError,24.367094039916992
1786831279.7239518,ERROR:ConnectionError,39.61372375488281
1786831279.75157,ERROR:ConnectionError,18.36872100830078
1786831279.7267559,ERROR:ConnectionError,45.53842544555664
1786831279.735375,ERROR:ConnectionError,38.073062896728516
1786831279.7476172,ERROR:ConnectionError,31.575918197631836
1786831279.7469158,ERROR:ConnectionError,34.46769714355469
1786831279.7602928,ERROR:ConnectionError,31.331539154052734
1786831279.7542384,ERROR:ConnectionError,37.65678405761719
1786831279.7588847,ERROR:ConnectionError,36.25798225402832
1786831279.7699518,ERROR:ConnectionError,29.78062629699707
1786831279.7594886,ERROR:ConnectionError,43.37501525878906
1786831279.7723062,ERROR:ConnectionError,35.03704071044922
1786831279.7792065,ERROR:ConnectionError,33.56194496154785
1786831279.7916338,ERROR:ConnectionError,23.784160614013672
1786831279.7734551,ERROR:ConnectionError,45.21059989929199
1786831279.7813947,ERROR:ConnectionError,39.368629455566406
1786831279.7635756,ERROR:ConnectionError,62.54720687866211
1786831279.7919009,ERROR:ConnectionError,36.4222526550293
1786831279.7997427,ERROR:ConnectionError,35.915374755859375
1786831279.7951527,ERROR:ConnectionError,48.77281188964844
1786831279.807352,ERROR:ConnectionError,39.098262786865234
1786831279.8028734,ERROR:ConnectionError,43.9300537109375
1786831279.8127775,ERROR:ConnectionError,38.932085037231445
1786831279.8186758,ERROR:ConnectionError,35.93134880065918
1786831279.8154283,ERROR:ConnectionError,45.522451400756836
1786831279.8261335,ERROR:ConnectionError,42.7861213684082
1786831279.8356695,ERROR:ConnectionError,37.772178649902344
1786831279.82078,ERROR:ConnectionError,53.29704284667969
1786831279.8439355,ERROR:ConnectionError,31.630516052246094
1786831279.851739,ERROR:ConnectionError,28.405427932739258
1786831279.846459,ERROR:ConnectionError,39.71362113952637
1786831279.8283327,ERROR:ConnectionError,60.08172035217285
1786831279.854616,ERROR:ConnectionError,38.1007194519043
1786831279.8609776,ERROR:ConnectionError,39.69597816467285
1786831279.8689299,ERROR:ConnectionError,36.40103340148926
1786831279.8755734,ERROR:ConnectionError,32.28163719177246
1786831279.846811,ERROR:ConnectionError,64.60690498352051
1786831279.8740835,ERROR:ConnectionError,42.74606704711914
1786831279.873451,ERROR:ConnectionError,53.41196060180664
1786831279.880154,ERROR:ConnectionError,47.21498489379883
1786831279.8927321,ERROR:ConnectionError,38.519859313964844
1786831279.8861823,ERROR:ConnectionError,53.73334884643555
1786831279.8884237,ERROR:ConnectionError,54.00657653808594
1786831279.9078667,ERROR:ConnectionError,41.47601127624512
1786831279.9053411,ERROR:ConnectionError,44.41022872924805
1786831279.900685,ERROR:ConnectionError,49.382686614990234
1786831279.9273763,ERROR:ConnectionError,31.14032745361328
1786831279.9114273,ERROR:ConnectionError,49.947500228881836
1786831279.9268734,ERROR:ConnectionError,34.90328788757324
1786831279.9312618,ERROR:ConnectionError,39.85905647277832
1786831279.9168618,ERROR:ConnectionError,59.03935432434082
1786831279.939927,ERROR:ConnectionError,39.58940505981445
1786831279.9493523,ERROR:ConnectionError,34.69038009643555
1786831279.9500754,ERROR:ConnectionError,37.24932670593262
1786831279.9424381,ERROR:ConnectionError,45.651912689208984
1786831279.9585278,ERROR:ConnectionError,31.10194206237793
1786831279.949758,ERROR:ConnectionError,46.38266563415527
1786831279.9759104,ERROR:ConnectionError,25.934934616088867
1786831279.9795277,ERROR:ConnectionError,26.021718978881836
1786831279.9617822,ERROR:ConnectionError,44.96335983276367
1786831279.9873364,ERROR:ConnectionError,20.139455795288086
1786831279.9613848,ERROR:ConnectionError,46.57268524169922
1786831279.9712145,ERROR:ConnectionError,47.968387603759766
1786831279.9880972,ERROR:ConnectionError,32.61566162109375
1786831279.9840548,ERROR:ConnectionError,40.6947135925293
1786831279.9961503,ERROR:ConnectionError,32.69243240356445
1786831279.9896371,ERROR:ConnectionError,44.602155685424805
1786831280.0018537,ERROR:ConnectionError,37.047386169433594
1786831280.0055614,ERROR:ConnectionError,42.04416275024414
1786831280.0074835,ERROR:ConnectionError,54.60524559020996
1786831280.0247588,ERROR:ConnectionError,38.93637657165527
1786831280.0207214,ERROR:ConnectionError,47.44863510131836
1786831280.0067556,ERROR:ConnectionError,62.97492980957031
1786831280.0389132,ERROR:ConnectionError,34.09266471862793
1786831280.0191967,ERROR:ConnectionError,54.29244041442871
1786831280.0079648,ERROR:ConnectionError,69.03481483459473
1786831280.0342507,ERROR:ConnectionError,46.05865478515625
1786831280.0620997,ERROR:ConnectionError,28.325796127319336
1786831280.0476146,ERROR:ConnectionError,43.13254356384277
1786831280.0637078,ERROR:ConnectionError,27.47964859008789
1786831280.0288496,ERROR:ConnectionError,68.68577003479004
1786831280.0734973,ERROR:ConnectionError,28.611421585083008
1786831280.0682242,ERROR:ConnectionError,37.88900375366211
1786831280.0730143,ERROR:ConnectionError,42.366743087768555
1786831280.069739,ERROR:ConnectionError,52.56247520446777
1786831280.0803237,ERROR:ConnectionError,48.627376556396484
1786831280.0911934,ERROR:ConnectionError,42.702436447143555
1786831280.0907547,ERROR:ConnectionError,46.190738677978516
1786831280.115392,ERROR:ConnectionError,27.57883071899414
1786831280.0770109,ERROR:ConnectionError,68.3584213256836
1786831280.0975592,ERROR:ConnectionError,54.885149002075195
1786831280.1021168,ERROR:ConnectionError,54.068565368652344
1786831280.090435,ERROR:ConnectionError,68.79472732543945
1786831280.1339054,ERROR:ConnectionError,29.294252395629883
1786831280.1223118,ERROR:ConnectionError,41.233062744140625
1786831280.1289623,ERROR:ConnectionError,34.93380546569824
1786831280.1453824,ERROR:ConnectionError,18.814802169799805
1786831280.1061249,ERROR:ConnectionError,59.26036834716797
1786831280.1429858,ERROR:ConnectionError,30.86233139038086
1786831280.1524537,ERROR:ConnectionError,26.346683502197266
1786831280.1592398,ERROR:ConnectionError,29.812097549438477
1786831280.1561959,ERROR:ConnectionError,33.88357162475586
1786831280.165392,ERROR:ConnectionError,27.716398239135742
1786831280.1369548,ERROR:ConnectionError,56.66780471801758
1786831280.1738572,ERROR:ConnectionError,30.95531463623047
1786831280.1639018,ERROR:ConnectionError,45.64499855041504
1786831280.1788082,ERROR:ConnectionError,33.25605392456055
1786831280.1642041,ERROR:ConnectionError,58.27760696411133
1786831280.1632133,ERROR:ConnectionError,61.90824508666992
1786831280.1635518,ERROR:ConnectionError,70.40286064147949
1786831280.1890674,ERROR:ConnectionError,53.5433292388916
1786831280.1931176,ERROR:ConnectionError,51.78713798522949
1786831280.1900904,ERROR:ConnectionError,63.65394592285156
1786831280.193634,ERROR:ConnectionError,61.234474182128906
1786831280.2095575,ERROR:ConnectionError,48.87032508850098
1786831280.204825,ERROR:ConnectionError,59.93843078613281
1786831280.2224941,ERROR:ConnectionError,43.52283477783203
1786831280.225131,ERROR:ConnectionError,41.59188270568848
1786831280.2426217,ERROR:ConnectionError,24.722576141357422
1786831280.2120726,ERROR:ConnectionError,59.36241149902344
1786831280.2339709,ERROR:ConnectionError,46.11825942993164
1786831280.2449136,ERROR:ConnectionError,37.94121742248535
1786831280.2537553,ERROR:ConnectionError,34.89804267883301
1786831280.2548747,ERROR:ConnectionError,53.42817306518555
1786831280.2660484,ERROR:ConnectionError,49.3161678314209
1786831280.2667322,ERROR:ConnectionError,49.10540580749512
1786831280.258438,ERROR:ConnectionError,58.81857872009277
1786831280.271449,ERROR:ConnectionError,51.990509033203125
1786831280.2673519,ERROR:ConnectionError,59.847354888916016
1786831280.2828634,ERROR:ConnectionError,44.860124588012695
1786831280.2647748,ERROR:ConnectionError,68.20464134216309
1786831280.2800992,ERROR:ConnectionError,56.70166015625
1786831280.2886612,ERROR:ConnectionError,49.80754852294922
1786831280.315847,ERROR:ConnectionError,31.316757202148438
1786831280.315381,ERROR:ConnectionError,35.47382354736328
1786831280.3083124,ERROR:ConnectionError,44.420480728149414
1786831280.3272088,ERROR:ConnectionError,35.37392616271973
1786831280.3172636,ERROR:ConnectionError,47.49488830566406
1786831280.3234484,ERROR:ConnectionError,42.10209846496582
1786831280.3277328,ERROR:ConnectionError,46.50521278381348
1786831280.3471735,ERROR:ConnectionError,30.269384384155273
1786831280.333072,ERROR:ConnectionError,49.96609687805176
1786831280.3384802,ERROR:ConnectionError,44.9681282043457
1786831280.3368132,ERROR:ConnectionError,52.61564254760742
1786831280.3527465,ERROR:ConnectionError,43.38264465332031
1786831280.3647687,ERROR:ConnectionError,32.69243240356445
1786831280.350866,ERROR:ConnectionError,51.36680603027344
1786831280.362592,ERROR:ConnectionError,43.970584869384766
1786831280.3742514,ERROR:ConnectionError,33.228397369384766
1786831280.3774521,ERROR:ConnectionError,35.672664642333984
1786831280.3655584,ERROR:ConnectionError,49.24464225769043
1786831280.3830488,ERROR:ConnectionError,35.48431396484375
1786831280.3834572,ERROR:ConnectionError,35.53056716918945
1786831280.3894386,ERROR:ConnectionError,37.6439094543457
1786831280.3961403,ERROR:ConnectionError,41.14508628845215
1786831280.4065728,ERROR:ConnectionError,36.607980728149414
1786831280.4022486,ERROR:ConnectionError,41.701555252075195
1786831280.4074893,ERROR:ConnectionError,43.07293891906738
1786831280.3974693,ERROR:ConnectionError,56.46657943725586
1786831280.4185476,ERROR:ConnectionError,36.92984580993652
1786831280.4132085,ERROR:ConnectionError,45.2122688293457
1786831280.4189956,ERROR:ConnectionError,47.43361473083496
1786831280.443958,ERROR:ConnectionError,23.89073371887207
1786831280.4148126,ERROR:ConnectionError,53.41458320617676
1786831280.443192,ERROR:ConnectionError,33.24437141418457
1786831280.4505756,ERROR:ConnectionError,27.118682861328125
1786831280.4270904,ERROR:ConnectionError,52.80804634094238
1786831280.437296,ERROR:ConnectionError,49.17573928833008
1786831280.4539473,ERROR:ConnectionError,37.31942176818848
1786831280.455487,ERROR:ConnectionError,36.38339042663574
1786831280.4584317,ERROR:ConnectionError,38.034915924072266
1786831280.4664388,ERROR:ConnectionError,42.595863342285156
1786831280.4682345,ERROR:ConnectionError,44.24619674682617
1786831280.4777007,ERROR:ConnectionError,38.15007209777832
1786831280.4764457,ERROR:ConnectionError,39.92748260498047
1786831280.4678547,ERROR:ConnectionError,52.062034606933594
1786831280.491877,ERROR:ConnectionError,45.94874382019043
1786831280.5158594,ERROR:ConnectionError,26.062726974487305
1786831280.4912765,ERROR:ConnectionError,55.0997257232666
1786831280.496476,ERROR:ConnectionError,51.230669021606445
1786831280.4864805,ERROR:ConnectionError,65.66262245178223
1786831280.5124934,ERROR:ConnectionError,46.330928802490234
1786831280.479954,ERROR:ConnectionError,80.75356483459473
1786831280.5090432,ERROR:ConnectionError,55.67526817321777
1786831280.5199265,ERROR:ConnectionError,50.193071365356445
1786831280.5163798,ERROR:ConnectionError,55.8164119720459
1786831280.5378337,ERROR:ConnectionError,38.08736801147461
1786831280.5419362,ERROR:ConnectionError,43.1523323059082
1786831280.558834,ERROR:ConnectionError,26.998519897460938
1786831280.5477154,ERROR:ConnectionError,38.70987892150879
1786831280.5521574,ERROR:ConnectionError,40.602922439575195
1786831280.5607164,ERROR:ConnectionError,35.11214256286621
1786831280.5647318,ERROR:ConnectionError,32.0582389831543
1786831280.5463874,ERROR:ConnectionError,65.16671180725098
1786831280.5701435,ERROR:ConnectionError,42.37794876098633
1786831280.5759292,ERROR:ConnectionError,37.221670150756836
1786831280.5851138,ERROR:ConnectionError,35.309553146362305
1786831280.5858412,ERROR:ConnectionError,35.355567932128906
1786831280.5722082,ERROR:ConnectionError,54.1377067565918
1786831280.5958397,ERROR:ConnectionError,36.834001541137695
1786831280.596844,ERROR:ConnectionError,40.868520736694336
1786831280.592771,ERROR:ConnectionError,49.529075622558594
1786831280.586434,ERROR:ConnectionError,56.212425231933594
1786831280.6125305,ERROR:ConnectionError,34.23571586608887
1786831280.6131566,ERROR:ConnectionError,35.153865814208984
1786831280.6205084,ERROR:ConnectionError,31.307458877563477
1786831280.6115634,ERROR:ConnectionError,40.750741958618164
1786831280.6263564,ERROR:ConnectionError,28.308629989624023
1786831280.6212044,ERROR:ConnectionError,39.73674774169922
1786831280.6423106,ERROR:ConnectionError,20.33233642578125
1786831280.6326833,ERROR:ConnectionError,30.559301376342773
1786831280.6426525,ERROR:ConnectionError,21.077871322631836
1786831280.6377213,ERROR:ConnectionError,28.467416763305664
1786831280.6467743,ERROR:ConnectionError,19.964218139648438
1786831280.6483195,ERROR:ConnectionError,25.422334671020508
1786831280.6518235,ERROR:ConnectionError,31.357526779174805
1786831280.6523201,ERROR:ConnectionError,31.98528289794922
1786831280.660951,ERROR:ConnectionError,29.25896644592285
1786831280.663737,ERROR:ConnectionError,28.59807014465332
1786831280.6546748,ERROR:ConnectionError,38.07711601257324
1786831280.666201,ERROR:ConnectionError,27.985334396362305
1786831280.6667466,ERROR:ConnectionError,27.700424194335938
1786831280.663247,ERROR:ConnectionError,32.23776817321777
1786831280.66265,ERROR:ConnectionError,41.864871978759766
1786831280.673753,ERROR:ConnectionError,31.512975692749023
1786831280.6843183,ERROR:ConnectionError,24.039506912231445
1786831280.6944544,ERROR:ConnectionError,20.339250564575195
1786831280.6954901,ERROR:ConnectionError,19.94943618774414
1786831280.6831923,ERROR:ConnectionError,32.90700912475586
1786831280.6923444,ERROR:ConnectionError,25.280237197875977
1786831280.6927602,ERROR:ConnectionError,43.65229606628418
1786831280.7045248,ERROR:ConnectionError,39.75033760070801
1786831280.690218,ERROR:ConnectionError,55.847883224487305
1786831280.7083662,ERROR:ConnectionError,38.19441795349121
1786831280.705274,ERROR:ConnectionError,43.73574256896973
1786831280.694195,ERROR:ConnectionError,58.46810340881348
1786831280.7148044,ERROR:ConnectionError,44.538021087646484
1786831280.7161074,ERROR:ConnectionError,46.28777503967285
1786831280.717635,ERROR:ConnectionError,48.54702949523926
1786831280.715448,ERROR:ConnectionError,52.24919319152832
1786831280.7364612,ERROR:ConnectionError,36.95273399353027
1786831280.7465668,ERROR:ConnectionError,28.3505916595459
1786831280.7490184,ERROR:ConnectionError,32.76968002319336
1786831280.7460735,ERROR:ConnectionError,37.1556282043457
1786831280.7442875,ERROR:ConnectionError,39.276123046875
1786831280.7526715,ERROR:ConnectionError,39.873361587524414
1786831280.7593532,ERROR:ConnectionError,39.79778289794922
1786831280.7624092,ERROR:ConnectionError,37.917137145996094
1786831280.7661939,ERROR:ConnectionError,52.79898643493652
1786831280.7749307,ERROR:ConnectionError,47.13606834411621
1786831280.7677054,ERROR:ConnectionError,57.050228118896484
1786831280.783239,ERROR:ConnectionError,43.43533515930176
1786831280.7734241,ERROR:ConnectionError,54.74591255187988
1786831280.7925534,ERROR:ConnectionError,42.13976860046387
1786831280.7835732,ERROR:ConnectionError,53.55477333068848
1786831280.7818148,ERROR:ConnectionError,58.53700637817383
1786831280.7992914,ERROR:ConnectionError,41.95094108581543
1786831280.8247652,ERROR:ConnectionError,17.580270767211914
1786831280.8220756,ERROR:ConnectionError,22.49908447265625
1786831280.8003347,ERROR:ConnectionError,44.524431228637695
1786831280.8190053,ERROR:ConnectionError,26.074647903442383
1786831280.8347044,ERROR:ConnectionError,13.99540901184082
1786831280.8266814,ERROR:ConnectionError,22.302627563476562
1786831280.8281777,ERROR:ConnectionError,21.05426788330078
1786831280.8371375,ERROR:ConnectionError,23.577213287353516
1786831280.840359,ERROR:ConnectionError,21.66581153869629
1786831280.8412478,ERROR:ConnectionError,27.9996395111084
1786831280.8448634,ERROR:ConnectionError,26.12924575805664
1786831280.849237,ERROR:ConnectionError,24.870634078979492
1786831280.8423514,ERROR:ConnectionError,37.65249252319336
1786831280.8445804,ERROR:ConnectionError,39.908647537231445
1786831280.8487065,ERROR:ConnectionError,37.613630294799805
1786831280.8450923,ERROR:ConnectionError,42.409420013427734
1786831280.8489895,ERROR:ConnectionError,47.12677001953125
1786831280.8607237,ERROR:ConnectionError,35.7060432434082
1786831280.8620324,ERROR:ConnectionError,39.25347328186035
1786831280.8692605,ERROR:ConnectionError,36.50093078613281
1786831280.874118,ERROR:ConnectionError,36.898136138916016
1786831280.8710039,ERROR:ConnectionError,40.46916961669922
1786831280.8845723,ERROR:ConnectionError,30.87162971496582
1786831280.886368,ERROR:ConnectionError,30.731678009033203
1786831280.8961246,ERROR:ConnectionError,23.429155349731445
1786831280.8800156,ERROR:ConnectionError,43.07389259338379
1786831280.8875098,ERROR:ConnectionError,42.89960861206055
1786831280.9012978,ERROR:ConnectionError,31.39662742614746
1786831280.9057739,ERROR:ConnectionError,27.51326560974121
1786831280.8964353,ERROR:ConnectionError,39.81184959411621
1786831280.9110296,ERROR:ConnectionError,26.88884735107422
1786831280.9114826,ERROR:ConnectionError,36.05294227600098
1786831280.9154592,ERROR:ConnectionError,36.83948516845703
1786831280.9171073,ERROR:ConnectionError,38.366079330444336
1786831280.9332945,ERROR:ConnectionError,24.096965789794922
1786831280.9195683,ERROR:ConnectionError,41.252851486206055
1786831280.9327044,ERROR:ConnectionError,33.2033634185791
1786831280.9230976,ERROR:ConnectionError,43.25985908508301
1786831280.9304202,ERROR:ConnectionError,44.638633728027344
1786831280.9475455,ERROR:ConnectionError,29.630184173583984
1786831280.936253,ERROR:ConnectionError,44.6009635925293
1786831280.9554853,ERROR:ConnectionError,29.91032600402832
1786831280.9523156,ERROR:ConnectionError,34.662723541259766
1786831280.9379287,ERROR:ConnectionError,54.56423759460449
1786831280.9574003,ERROR:ConnectionError,37.28318214416504
1786831280.9608305,ERROR:ConnectionError,42.70744323730469
1786831280.9659448,ERROR:ConnectionError,38.73467445373535
1786831280.9771833,ERROR:ConnectionError,32.10186958312988
1786831280.9663649,ERROR:ConnectionError,45.900583267211914
1786831280.9750726,ERROR:ConnectionError,41.82028770446777
1786831280.9808972,ERROR:ConnectionError,39.01553153991699
1786831280.9854078,ERROR:ConnectionError,38.03849220275879
1786831280.9869878,ERROR:ConnectionError,38.10834884643555
1786831281.0035489,ERROR:ConnectionError,24.686098098754883
1786831280.9946923,ERROR:ConnectionError,37.908315658569336
1786831281.0092971,ERROR:ConnectionError,24.027585983276367
1786831280.992504,ERROR:ConnectionError,41.126251220703125
1786831281.0046868,ERROR:ConnectionError,29.987812042236328
1786831281.0122745,ERROR:ConnectionError,24.906635284423828
1786831281.0169058,ERROR:ConnectionError,29.25419807434082
1786831281.02346,ERROR:ConnectionError,23.631811141967773
1786831281.0199301,ERROR:ConnectionError,29.942750930786133
1786831281.025104,ERROR:ConnectionError,27.74834632873535
1786831281.0282435,ERROR:ConnectionError,31.846046447753906
1786831281.0346825,ERROR:ConnectionError,28.126239776611328
1786831281.046172,ERROR:ConnectionError,20.505189895629883
1786831281.0336375,ERROR:ConnectionError,37.11247444152832
1786831281.0326197,ERROR:ConnectionError,41.275978088378906
1786831281.0333352,ERROR:ConnectionError,41.8550968170166
1786831281.0470965,ERROR:ConnectionError,31.858444213867188
1786831281.0498793,ERROR:ConnectionError,35.48932075500488
1786831281.0371895,ERROR:ConnectionError,52.07204818725586
1786831281.0600991,ERROR:ConnectionError,29.92701530456543
1786831281.0528603,ERROR:ConnectionError,42.80567169189453
1786831281.0628202,ERROR:ConnectionError,33.557891845703125
1786831281.0666933,ERROR:ConnectionError,31.965017318725586
1786831281.07076,ERROR:ConnectionError,31.331539154052734
1786831281.0853796,ERROR:ConnectionError,17.85874366760254
1786831281.073904,ERROR:ConnectionError,30.882835388183594
1786831281.0789654,ERROR:ConnectionError,26.798248291015625
1786831281.0751956,ERROR:ConnectionError,38.01584243774414
1786831281.089278,ERROR:ConnectionError,26.5958309173584
1786831281.0900323,ERROR:ConnectionError,29.866933822631836
1786831281.0956752,ERROR:ConnectionError,26.437044143676758
1786831281.1032524,ERROR:ConnectionError,24.008750915527344
1786831281.0963845,ERROR:ConnectionError,33.67328643798828
1786831281.1047997,ERROR:ConnectionError,32.02462196350098
1786831281.0986664,ERROR:ConnectionError,42.19532012939453
1786831281.113221,ERROR:ConnectionError,27.932405471801758
1786831281.1057768,ERROR:ConnectionError,39.59321975708008
1786831281.1021097,ERROR:ConnectionError,52.25801467895508
1786831281.1199121,ERROR:ConnectionError,36.16619110107422
1786831281.1300666,ERROR:ConnectionError,26.253938674926758
1786831281.1158876,ERROR:ConnectionError,43.860435485839844
1786831281.1221242,ERROR:ConnectionError,40.71998596191406
1786831281.127274,ERROR:ConnectionError,35.85219383239746
1786831281.141158,ERROR:ConnectionError,29.7853946685791
1786831281.1408732,ERROR:ConnectionError,32.96494483947754
1786831281.1368332,ERROR:ConnectionError,40.23551940917969
1786831281.1453793,ERROR:ConnectionError,34.58976745605469
1786831281.1543758,ERROR:ConnectionError,32.598257064819336
1786831281.1563263,ERROR:ConnectionError,31.87727928161621
1786831281.1560838,ERROR:ConnectionError,32.61113166809082
1786831281.1597583,ERROR:ConnectionError,38.524627685546875
1786831281.1628537,ERROR:ConnectionError,37.16540336608887
1786831281.179977,ERROR:ConnectionError,21.524667739868164
1786831281.1709561,ERROR:ConnectionError,31.0366153717041
1786831281.1869915,ERROR:ConnectionError,16.32094383239746
1786831281.163132,ERROR:ConnectionError,40.62652587890625
1786831281.177082,ERROR:ConnectionError,28.46813201904297
1786831281.1738486,ERROR:ConnectionError,33.15854072570801
1786831281.1882117,ERROR:ConnectionError,26.78084373474121
1786831281.1887007,ERROR:ConnectionError,30.122756958007812
1786831281.1982934,ERROR:ConnectionError,21.530866622924805
1786831281.2000296,ERROR:ConnectionError,38.74039649963379
1786831281.2055614,ERROR:ConnectionError,33.88714790344238
1786831281.2037642,ERROR:ConnectionError,36.93509101867676
1786831281.2150028,ERROR:ConnectionError,28.33080291748047
1786831281.2015097,ERROR:ConnectionError,45.58849334716797
1786831281.2033198,ERROR:ConnectionError,44.11673545837402
1786831281.2020018,ERROR:ConnectionError,47.69110679626465
1786831281.2070148,ERROR:ConnectionError,47.934532165527344
1786831281.2198732,ERROR:ConnectionError,37.12821006774902
1786831281.2188358,ERROR:ConnectionError,39.07465934753418
1786831281.2387817,ERROR:ConnectionError,19.366741180419922
1786831281.2394562,ERROR:ConnectionError,25.55990219116211
1786831281.240709,ERROR:ConnectionError,30.56931495666504
1786831281.2471058,ERROR:ConnectionError,28.04279327392578
1786831281.2579162,ERROR:ConnectionError,20.50614356994629
1786831281.2433412,ERROR:ConnectionError,35.508155822753906
1786831281.2581525,ERROR:ConnectionError,21.30436897277832
1786831281.249701,ERROR:ConnectionError,35.07518768310547
1786831281.2549546,ERROR:ConnectionError,30.51900863647461
1786831281.265028,ERROR:ConnectionError,25.62713623046875
1786831281.247442,ERROR:ConnectionError,45.2578067779541
1786831281.25701,ERROR:ConnectionError,36.144256591796875
1786831281.275171,ERROR:ConnectionError,21.338701248168945
1786831281.2712908,ERROR:ConnectionError,34.647464752197266
1786831281.2794628,ERROR:ConnectionError,27.814865112304688
1786831281.2847867,ERROR:ConnectionError,24.993896484375
1786831281.2854815,ERROR:ConnectionError,24.637937545776367
1786831281.278856,ERROR:ConnectionError,37.476539611816406
1786831281.2927077,ERROR:ConnectionError,24.713516235351562
1786831281.2784333,ERROR:ConnectionError,47.211408615112305
1786831281.3072865,ERROR:ConnectionError,19.837617874145508
1786831281.2906673,ERROR:ConnectionError,37.8117561340332
1786831281.2931604,ERROR:ConnectionError,36.20648384094238
1786831281.2965178,ERROR:ConnectionError,35.3240966796875
1786831281.305948,ERROR:ConnectionError,31.107425689697266
1786831281.3174286,ERROR:ConnectionError,24.430513381958008
1786831281.3101244,ERROR:ConnectionError,33.29324722290039
1786831281.3097882,ERROR:ConnectionError,34.157514572143555
1786831281.3163435,ERROR:ConnectionError,28.05924415588379
1786831281.3271365,ERROR:ConnectionError,17.73357391357422
1786831281.325654,ERROR:ConnectionError,23.46062660217285
1786831281.331851,ERROR:ConnectionError,24.566173553466797
1786831281.3293746,ERROR:ConnectionError,27.873754501342773
1786831281.3284864,ERROR:ConnectionError,40.727853775024414
1786831281.3371,ERROR:ConnectionError,35.74967384338379
1786831281.3444107,ERROR:ConnectionError,31.889677047729492
1786831281.3448753,ERROR:ConnectionError,36.138057708740234
1786831281.3434277,ERROR:ConnectionError,53.070068359375
1786831281.341871,ERROR:ConnectionError,54.99887466430664
1786831281.356427,ERROR:ConnectionError,46.58174514770508
1786831281.3439524,ERROR:ConnectionError,60.33611297607422
1786831281.3572545,ERROR:ConnectionError,50.916433334350586
1786831281.369225,ERROR:ConnectionError,39.85333442687988
1786831281.3491268,ERROR:ConnectionError,60.292720794677734
1786831281.3728595,ERROR:ConnectionError,41.76640510559082
1786831281.3763108,ERROR:ConnectionError,49.32522773742676
1786831281.3965075,ERROR:ConnectionError,29.727935791015625
1786831281.3968744,ERROR:ConnectionError,30.493497848510742
1786831281.4030273,ERROR:ConnectionError,24.669885635375977
1786831281.3810213,ERROR:ConnectionError,49.710988998413086
1786831281.4090862,ERROR:ConnectionError,29.245615005493164
1786831281.4042976,ERROR:ConnectionError,34.653425216674805
1786831281.4094248,ERROR:ConnectionError,38.52343559265137
1786831281.4256496,ERROR:ConnectionError,25.606632232666016
1786831281.4307413,ERROR:ConnectionError,26.372909545898438
1786831281.4262414,ERROR:ConnectionError,36.66424751281738
1786831281.40818,ERROR:ConnectionError,55.60302734375
1786831281.4146376,ERROR:ConnectionError,53.994178771972656
1786831281.427377,ERROR:ConnectionError,49.67665672302246
1786831281.4277027,ERROR:ConnectionError,50.60291290283203
1786831281.438958,ERROR:ConnectionError,43.88904571533203
1786831281.4479587,ERROR:ConnectionError,38.717031478881836
1786831281.4512653,ERROR:ConnectionError,39.25609588623047
1786831281.4383411,ERROR:ConnectionError,54.80051040649414
1786831281.4571233,ERROR:ConnectionError,41.88728332519531
1786831281.462919,ERROR:ConnectionError,47.00183868408203
1786831281.4637926,ERROR:ConnectionError,49.12400245666504
1786831281.4686406,ERROR:ConnectionError,47.23644256591797
1786831281.47707,ERROR:ConnectionError,39.2918586730957
1786831281.493151,ERROR:ConnectionError,28.940916061401367
1786831281.4828558,ERROR:ConnectionError,39.80684280395508
1786831281.4783132,ERROR:ConnectionError,46.40483856201172
1786831281.4905298,ERROR:ConnectionError,35.66884994506836
1786831281.4990215,ERROR:ConnectionError,34.64102745056152
1786831281.486685,ERROR:ConnectionError,47.484397888183594
1786831281.5129266,ERROR:ConnectionError,21.85201644897461
1786831281.515893,ERROR:ConnectionError,20.765304565429688
1786831281.509932,ERROR:ConnectionError,27.646780014038086
1786831281.5163689,ERROR:ConnectionError,26.77130699157715
1786831281.5262074,ERROR:ConnectionError,17.748355865478516
1786831281.52267,ERROR:ConnectionError,27.733564376831055
1786831281.5247254,ERROR:ConnectionError,33.499956130981445
1786831281.5221078,ERROR:ConnectionError,37.468910217285156
1786831281.5439625,ERROR:ConnectionError,22.801876068115234
1786831281.5341778,ERROR:ConnectionError,36.470890045166016
1786831281.5347874,ERROR:ConnectionError,36.75389289855957
1786831281.5336714,ERROR:ConnectionError,41.80192947387695
1786831281.5366664,ERROR:ConnectionError,44.5253849029541
1786831281.5431504,ERROR:ConnectionError,46.781301498413086
1786831281.5504146,ERROR:ConnectionError,40.56119918823242
1786831281.5375874,ERROR:ConnectionError,58.567047119140625
1786831281.5595853,ERROR:ConnectionError,37.4140739440918
1786831281.5582354,ERROR:ConnectionError,40.26055335998535
1786831281.57155,ERROR:ConnectionError,27.530193328857422
1786831281.5754833,ERROR:ConnectionError,49.21460151672363
1786831281.5899434,ERROR:ConnectionError,39.8409366607666
1786831281.570663,ERROR:ConnectionError,60.31465530395508
1786831281.5909853,ERROR:ConnectionError,40.279388427734375
1786831281.581201,ERROR:ConnectionError,51.01799964904785
1786831281.5667818,ERROR:ConnectionError,67.91400909423828
1786831281.5961647,ERROR:ConnectionError,40.048837661743164
1786831281.597005,ERROR:ConnectionError,46.69547080993652
1786831281.5990868,ERROR:ConnectionError,48.48074913024902
1786831281.598501,ERROR:ConnectionError,49.378156661987305
1786831281.6247108,ERROR:ConnectionError,28.259992599487305
1786831281.6297936,ERROR:ConnectionError,23.594379425048828
1786831281.6322272,ERROR:ConnectionError,33.011436462402344
1786831281.6347036,ERROR:ConnectionError,35.52985191345215
1786831281.6309853,ERROR:ConnectionError,39.78228569030762
1786831281.6312711,ERROR:ConnectionError,39.79086875915527
1786831281.6437082,ERROR:ConnectionError,31.833171844482422
1786831281.6475759,ERROR:ConnectionError,34.85751152038574
1786831281.647884,ERROR:ConnectionError,34.998178482055664
1786831281.6652503,ERROR:ConnectionError,19.750118255615234
1786831281.653395,ERROR:ConnectionError,32.85360336303711
1786831281.6529822,ERROR:ConnectionError,37.86063194274902
1786831281.636227,ERROR:ConnectionError,57.28292465209961
1786831281.6707757,ERROR:ConnectionError,27.33635902404785
1786831281.6702468,ERROR:ConnectionError,30.07650375366211
1786831281.6710672,ERROR:ConnectionError,31.467914581298828
1786831281.6824408,ERROR:ConnectionError,26.248693466186523
1786831281.6850097,ERROR:ConnectionError,24.508953094482422
1786831281.6755495,ERROR:ConnectionError,35.14504432678223
1786831281.6828895,ERROR:ConnectionError,30.12251853942871
1786831281.693519,ERROR:ConnectionError,19.957780838012695
1786831281.6862564,ERROR:ConnectionError,29.691457748413086
1786831281.6908581,ERROR:ConnectionError,29.88719940185547
1786831281.700338,ERROR:ConnectionError,25.772571563720703
1786831281.7025442,ERROR:ConnectionError,27.29964256286621
1786831281.698122,ERROR:ConnectionError,32.099246978759766
1786831281.7107005,ERROR:ConnectionError,24.604082107543945
1786831281.7087,ERROR:ConnectionError,33.68020057678223
1786831281.7134848,ERROR:ConnectionError,31.548500061035156
1786831281.7298534,ERROR:ConnectionError,17.64202117919922
1786831281.7207534,ERROR:ConnectionError,27.498483657836914
1786831281.713021,ERROR:ConnectionError,35.60018539428711
1786831281.7095263,ERROR:ConnectionError,39.37363624572754
1786831281.7261229,ERROR:ConnectionError,23.441791534423828
1786831281.715956,ERROR:ConnectionError,36.08226776123047
1786831281.7302306,ERROR:ConnectionError,25.054216384887695
1786831281.7450433,ERROR:ConnectionError,18.52250099182129
1786831281.7423913,ERROR:ConnectionError,24.342060089111328
1786831281.7482579,ERROR:ConnectionError,18.979310989379883
1786831281.7489045,ERROR:ConnectionError,23.366212844848633
1786831281.7353206,ERROR:ConnectionError,38.99693489074707
1786831281.7486255,ERROR:ConnectionError,37.99724578857422
1786831281.7475052,ERROR:ConnectionError,39.53695297241211
1786831281.7495692,ERROR:ConnectionError,41.640520095825195
1786831281.7635732,ERROR:ConnectionError,28.128385543823242
1786831281.7667432,ERROR:ConnectionError,25.423288345336914
1786831281.7722778,ERROR:ConnectionError,21.040916442871094
1786831281.7672458,ERROR:ConnectionError,27.99844741821289
1786831281.7552927,ERROR:ConnectionError,40.891170501708984
1786831281.7743247,ERROR:ConnectionError,29.684066772460938
1786831281.7520504,ERROR:ConnectionError,52.48260498046875
1786831281.7866316,ERROR:ConnectionError,21.94380760192871
1786831281.7870488,ERROR:ConnectionError,23.076772689819336
1786831281.7921734,ERROR:ConnectionError,22.626161575317383
1786831281.793325,ERROR:ConnectionError,24.748563766479492
1786831281.7952557,ERROR:ConnectionError,26.482820510864258
1786831281.8045404,ERROR:ConnectionError,24.135589599609375
1786831281.8040168,ERROR:ConnectionError,26.284217834472656
1786831281.8101366,ERROR:ConnectionError,20.550251007080078
1786831281.7912185,ERROR:ConnectionError,41.11075401306152
1786831281.7961988,ERROR:ConnectionError,36.88502311706543
1786831281.7917092,ERROR:ConnectionError,41.75591468811035
1786831281.8085873,ERROR:ConnectionError,25.135517120361328
1786831281.8180807,ERROR:ConnectionError,24.34372901916504
1786831281.814808,ERROR:ConnectionError,28.003454208374023
1786831281.82175,ERROR:ConnectionError,22.231340408325195
1786831281.8286881,ERROR:ConnectionError,24.054288864135742
1786831281.8303106,ERROR:ConnectionError,24.417877197265625
1786831281.8330927,ERROR:ConnectionError,26.69692039489746
1786831281.832336,ERROR:ConnectionError,29.62946891784668
1786831281.83347,ERROR:ConnectionError,28.877735137939453
1786831281.8428197,ERROR:ConnectionError,20.64347267150879
1786831281.8306928,ERROR:ConnectionError,33.292531967163086
1786831281.8424344,ERROR:ConnectionError,27.233362197875977
1786831281.843989,ERROR:ConnectionError,33.21576118469238
1786831281.8337266,ERROR:ConnectionError,43.77484321594238
1786831281.8527575,ERROR:ConnectionError,26.951313018798828
1786831281.8547363,ERROR:ConnectionError,26.43728256225586
1786831281.8623543,ERROR:ConnectionError,25.54607391357422
1786831281.8598025,ERROR:ConnectionError,33.095359802246094
1786831281.8639917,ERROR:ConnectionError,32.761573791503906
1786831281.861976,ERROR:ConnectionError,38.23041915893555
1786831281.8775072,ERROR:ConnectionError,24.647235870361328
1786831281.869678,ERROR:ConnectionError,32.91630744934082
1786831281.8797169,ERROR:ConnectionError,25.42567253112793
1786831281.8811812,ERROR:ConnectionError,25.528430938720703
1786831281.8634725,ERROR:ConnectionError,43.60604286193848
1786831281.8772147,ERROR:ConnectionError,30.984163284301758
1786831281.88791,ERROR:ConnectionError,25.680065155029297
1786831281.8929095,ERROR:ConnectionError,22.2012996673584
1786831281.8967621,ERROR:ConnectionError,18.614530563354492
1786831281.9002178,ERROR:ConnectionError,145.91050148010254
1786831281.9051518,ERROR:ConnectionError,147.37582206726074
1786831281.9021635,ERROR:ConnectionError,152.9552936553955
1786831281.9070868,ERROR:ConnectionError,149.71208572387695
1786831281.9026015,ERROR:ConnectionError,160.3081226348877
1786831281.9082074,ERROR:ConnectionError,156.07452392578125
1786831281.9067187,ERROR:ConnectionError,159.87205505371094
1786831281.9151177,ERROR:ConnectionError,157.26184844970703
1786831281.913601,ERROR:ConnectionError,163.4538173675537
1786831282.0551286,ERROR:ConnectionError,25.455474853515625
1786831282.046138,ERROR:ConnectionError,37.73379325866699
1786831282.0568125,ERROR:ConnectionError,28.467893600463867
1786831281.9153802,ERROR:ConnectionError,170.23849487304688
1786831282.052546,ERROR:ConnectionError,41.57733917236328
1786831282.066602,ERROR:ConnectionError,29.91342544555664
1786831282.0642905,ERROR:ConnectionError,32.50432014465332
1786831282.0723886,ERROR:ConnectionError,35.27331352233887
1786831282.06292,ERROR:ConnectionError,46.41318321228027
1786831282.0770643,ERROR:ConnectionError,36.77201271057129
1786831282.0805945,ERROR:ConnectionError,35.39276123046875
1786831282.0838814,ERROR:ConnectionError,34.011125564575195
1786831282.0856252,ERROR:ConnectionError,36.176204681396484
1786831282.0852911,ERROR:ConnectionError,39.35647010803223
1786831282.0941312,ERROR:ConnectionError,31.095504760742188
1786831282.0965226,ERROR:ConnectionError,35.437583923339844
1786831282.0968025,ERROR:ConnectionError,38.38300704956055
1786831282.107671,ERROR:ConnectionError,27.883291244506836
1786831282.1159947,ERROR:ConnectionError,28.208255767822266
1786831282.1093414,ERROR:ConnectionError,35.376787185668945
1786831282.1179054,ERROR:ConnectionError,32.49716758728027
1786831282.1218126,ERROR:ConnectionError,31.508684158325195
1786831282.1252325,ERROR:ConnectionError,28.450727462768555
1786831282.113845,ERROR:ConnectionError,40.62485694885254
1786831282.1351976,ERROR:ConnectionError,26.375532150268555
1786831282.124657,ERROR:ConnectionError,39.58272933959961
1786831282.1355593,ERROR:ConnectionError,29.316425323486328
1786831282.1319685,ERROR:ConnectionError,37.984609603881836
1786831282.144726,ERROR:ConnectionError,25.74300765991211
1786831282.1442142,ERROR:ConnectionError,27.917861938476562
1786831282.153692,ERROR:ConnectionError,21.253347396850586
1786831282.1544776,ERROR:ConnectionError,29.2966365814209
1786831282.1504126,ERROR:ConnectionError,36.85450553894043
1786831282.1533344,ERROR:ConnectionError,37.9185676574707
1786831282.1642494,ERROR:ConnectionError,29.99114990234375
1786831282.161582,ERROR:ConnectionError,33.83970260620117
1786831282.1649017,ERROR:ConnectionError,38.28024864196777
1786831282.169967,ERROR:ConnectionError,34.97648239135742
1786831282.172138,ERROR:ConnectionError,36.004066467285156
1786831282.1704755,ERROR:ConnectionError,42.50907897949219
1786831282.1749554,ERROR:ConnectionError,38.77878189086914
1786831282.1837883,ERROR:ConnectionError,35.38918495178223
1786831282.1872818,ERROR:ConnectionError,32.22298622131348
1786831282.191265,ERROR:ConnectionError,32.77182579040527
1786831282.1942525,ERROR:ConnectionError,32.53793716430664
1786831282.1954284,ERROR:ConnectionError,35.54272651672363
1786831282.2031908,ERROR:ConnectionError,28.2437801361084
1786831282.2129948,ERROR:ConnectionError,28.698444366455078
1786831282.219185,ERROR:ConnectionError,26.143312454223633
1786831282.213742,ERROR:ConnectionError,31.973600387573242
1786831282.2049515,ERROR:ConnectionError,41.36347770690918
1786831282.2081525,ERROR:ConnectionError,40.12918472290039
1786831282.224046,ERROR:ConnectionError,28.73086929321289
1786831282.2195103,ERROR:ConnectionError,39.2153263092041
1786831282.226801,ERROR:ConnectionError,32.506704330444336
1786831282.2309802,ERROR:ConnectionError,33.156394958496094
1786831282.2314403,ERROR:ConnectionError,33.1573486328125
1786831282.2417066,ERROR:ConnectionError,30.702590942382812
1786831282.2453406,ERROR:ConnectionError,28.48052978515625
1786831282.2457235,ERROR:ConnectionError,31.905651092529297
1786831282.2482882,ERROR:ConnectionError,32.202959060668945
1786831282.2641459,ERROR:ConnectionError,26.653528213500977
1786831282.2527864,ERROR:ConnectionError,38.863182067871094
1786831282.2463224,ERROR:ConnectionError,47.17564582824707
1786831282.2593153,ERROR:ConnectionError,35.78758239746094
1786831282.272421,ERROR:ConnectionError,23.958921432495117
1786831282.2646034,ERROR:ConnectionError,32.78088569641113
1786831282.2587378,ERROR:ConnectionError,40.863752365112305
1786831282.2738297,ERROR:ConnectionError,35.515785217285156
1786831282.277639,ERROR:ConnectionError,36.89146041870117
1786831282.2805016,ERROR:ConnectionError,35.16077995300293
1786831282.2908337,ERROR:ConnectionError,25.740861892700195
1786831282.2973936,ERROR:ConnectionError,26.041030883789062
1786831282.2996128,ERROR:ConnectionError,27.346372604370117
1786831282.295111,ERROR:ConnectionError,32.84096717834473
1786831282.293507,ERROR:ConnectionError,36.21172904968262
1786831282.2963874,ERROR:ConnectionError,35.216331481933594
1786831282.3145413,ERROR:ConnectionError,26.52597427368164
1786831282.2916596,ERROR:ConnectionError,50.84061622619629
1786831282.3093555,ERROR:ConnectionError,33.737897872924805
1786831282.315671,ERROR:ConnectionError,35.97116470336914
1786831282.326973,ERROR:ConnectionError,26.146888732910156
1786831282.3165824,ERROR:ConnectionError,37.84656524658203
1786831282.3279605,ERROR:ConnectionError,30.97701072692871
1786831282.3316143,ERROR:ConnectionError,29.391765594482422
1786831282.3234437,ERROR:ConnectionError,41.02587699890137
1786831282.3431036,ERROR:ConnectionError,27.71592140197754
1786831282.3425076,ERROR:ConnectionError,36.542415618896484
1786831282.3544364,ERROR:ConnectionError,25.508880615234375
1786831282.3297274,ERROR:ConnectionError,52.12831497192383
1786831282.351654,ERROR:ConnectionError,30.553579330444336
1786831282.341083,ERROR:ConnectionError,41.6102409362793
1786831282.3589454,ERROR:ConnectionError,30.605554580688477
1786831282.37083,ERROR:ConnectionError,24.765729904174805
1786831282.3799562,ERROR:ConnectionError,17.54593849182129
1786831282.3610158,ERROR:ConnectionError,38.21253776550293
1786831282.3531327,ERROR:ConnectionError,50.34661293029785
1786831282.3790576,ERROR:ConnectionError,28.247356414794922
1786831282.3644793,ERROR:ConnectionError,44.9833869934082
1786831282.3818643,ERROR:ConnectionError,30.500411987304688
1786831282.382215,ERROR:ConnectionError,33.31327438354492
1786831282.382699,ERROR:ConnectionError,35.282135009765625
1786831282.3895583,ERROR:ConnectionError,34.681081771850586
1786831282.3956056,ERROR:ConnectionError,31.844139099121094
1786831282.3975112,ERROR:ConnectionError,34.20448303222656
1786831282.3992379,ERROR:ConnectionError,36.60106658935547
1786831282.4123743,ERROR:ConnectionError,26.30138397216797
1786831282.4155369,ERROR:ConnectionError,27.196407318115234
1786831282.4073148,ERROR:ConnectionError,35.921335220336914
1786831282.403487,ERROR:ConnectionError,42.63782501220703
1786831282.4094732,ERROR:ConnectionError,40.3597354888916
1786831282.4179916,ERROR:ConnectionError,43.23768615722656
1786831282.4317257,ERROR:ConnectionError,30.284881591796875
1786831282.4274583,ERROR:ConnectionError,37.18233108520508
1786831282.4242618,ERROR:ConnectionError,41.60189628601074
1786831282.4358482,ERROR:ConnectionError,31.362056732177734
1786831282.438684,ERROR:ConnectionError,34.594058990478516
1786831282.446133,ERROR:ConnectionError,32.44280815124512
1786831282.4427493,ERROR:ConnectionError,36.315202713012695
1786831282.4432433,ERROR:ConnectionError,40.746212005615234
1786831282.4498427,ERROR:ConnectionError,35.94708442687988
1786831282.4612448,ERROR:ConnectionError,27.46415138244629
1786831282.467222,ERROR:ConnectionError,26.08942985534668
1786831282.4620235,ERROR:ConnectionError,32.24897384643555
1786831282.4658706,ERROR:ConnectionError,34.55066680908203
1786831282.4646475,ERROR:ConnectionError,38.25068473815918
1786831282.473286,ERROR:ConnectionError,34.61408615112305
1786831282.4785903,ERROR:ConnectionError,29.765605926513672
1786831282.4840026,ERROR:ConnectionError,25.67601203918457
1786831282.4790723,ERROR:ConnectionError,31.045198440551758
1786831282.488722,ERROR:ConnectionError,33.34331512451172
1786831282.4858015,ERROR:ConnectionError,39.82353210449219
1786831282.5004282,ERROR:ConnectionError,25.92754364013672
1786831282.4942818,ERROR:ConnectionError,34.030914306640625
1786831282.507909,ERROR:ConnectionError,31.35371208190918
1786831282.493322,ERROR:ConnectionError,46.29349708557129
1786831282.5029054,ERROR:ConnectionError,37.08052635192871
1786831282.508361,ERROR:ConnectionError,34.04068946838379
1786831282.509687,ERROR:ConnectionError,38.906097412109375
1786831282.5220804,ERROR:ConnectionError,26.89504623413086
1786831282.5101233,ERROR:ConnectionError,40.36760330200195
1786831282.5256424,ERROR:ConnectionError,32.37485885620117
1786831282.526366,ERROR:ConnectionError,37.43386268615723
1786831282.5283244,ERROR:ConnectionError,36.03816032409668
1786831282.5392761,ERROR:ConnectionError,31.215667724609375
1786831282.5396214,ERROR:ConnectionError,31.442880630493164
1786831282.5424078,ERROR:ConnectionError,34.374237060546875
1786831282.5399902,ERROR:ConnectionError,38.5127067565918
1786831282.548604,ERROR:ConnectionError,33.22577476501465
1786831282.550501,ERROR:ConnectionError,37.86182403564453
1786831282.5489824,ERROR:ConnectionError,43.1973934173584
1786831282.558025,ERROR:ConnectionError,34.494638442993164
1786831282.5638106,ERROR:ConnectionError,34.95621681213379
1786831282.570505,ERROR:ConnectionError,30.053138732910156
1786831282.5643718,ERROR:ConnectionError,37.33420372009277
1786831282.571072,ERROR:ConnectionError,37.37497329711914
1786831282.5767937,ERROR:ConnectionError,37.98699378967285
1786831282.581839,ERROR:ConnectionError,35.41445732116699
1786831282.5785115,ERROR:ConnectionError,39.54267501831055
1786831282.5925262,ERROR:ConnectionError,28.71417999267578
1786831282.6017718,ERROR:ConnectionError,24.075031280517578
1786831282.5921898,ERROR:ConnectionError,34.247636795043945
1786831282.6005676,ERROR:ConnectionError,26.682615280151367
1786831282.5883727,ERROR:ConnectionError,39.19076919555664
1786831282.5987756,ERROR:ConnectionError,30.136585235595703
1786831282.6084578,ERROR:ConnectionError,30.34186363220215
1786831282.614792,ERROR:ConnectionError,27.119159698486328
1786831282.6212516,ERROR:ConnectionError,26.953697204589844
1786831282.618064,ERROR:ConnectionError,31.210660934448242
1786831282.6172626,ERROR:ConnectionError,32.26780891418457
1786831282.6272576,ERROR:ConnectionError,27.54378318786621
1786831282.6388085,ERROR:ConnectionError,22.531986236572266
1786831282.6289206,ERROR:ConnectionError,33.431053161621094
1786831282.625857,ERROR:ConnectionError,39.33262825012207
1786831282.6275694,ERROR:ConnectionError,38.85149955749512
1786831282.626445,ERROR:ConnectionError,40.4362678527832
1786831282.641921,ERROR:ConnectionError,25.513410568237305
1786831282.649536,ERROR:ConnectionError,18.98336410522461
1786831282.6492815,ERROR:ConnectionError,33.056020736694336
1786831282.6548104,ERROR:ConnectionError,28.038740158081055
1786831282.6482162,ERROR:ConnectionError,41.20993614196777
1786831282.6613505,ERROR:ConnectionError,29.558897018432617
1786831282.6652002,ERROR:ConnectionError,32.094717025756836
1786831282.6668882,ERROR:ConnectionError,38.32817077636719
1786831282.668527,ERROR:ConnectionError,37.75763511657715
1786831282.66236,ERROR:ConnectionError,48.20871353149414
1786831282.667444,ERROR:ConnectionError,45.21322250366211
1786831282.6828556,ERROR:ConnectionError,32.274484634399414
1786831282.6664312,ERROR:ConnectionError,53.4052848815918
1786831282.6823473,ERROR:ConnectionError,38.18368911743164
1786831282.6909192,ERROR:ConnectionError,29.928922653198242
1786831282.6894367,ERROR:ConnectionError,38.13791275024414
1786831282.710579,ERROR:ConnectionError,21.05545997619629
1786831282.7062938,ERROR:ConnectionError,27.257680892944336
1786831282.705235,ERROR:ConnectionError,30.57718276977539
1786831282.697309,ERROR:ConnectionError,41.17894172668457
1786831282.7151415,ERROR:ConnectionError,26.082515716552734
1786831282.7198486,ERROR:ConnectionError,22.40920066833496
1786831282.7126665,ERROR:ConnectionError,31.572818756103516
1786831282.7335613,ERROR:ConnectionError,16.34359359741211
1786831282.7358253,ERROR:ConnectionError,24.035215377807617
1786831282.7316434,ERROR:ConnectionError,28.888225555419922
1786831282.720537,ERROR:ConnectionError,40.44985771179199
1786831282.720884,ERROR:ConnectionError,41.04971885681152
1786831282.7384965,ERROR:ConnectionError,34.16037559509277
1786831282.7442462,ERROR:ConnectionError,28.8698673248291
1786831282.727587,ERROR:ConnectionError,47.419071197509766
1786831282.7499154,ERROR:ConnectionError,30.14659881591797
1786831282.7422643,ERROR:ConnectionError,38.884878158569336
1786831282.741231,ERROR:ConnectionError,40.79627990722656
1786831282.7619417,ERROR:ConnectionError,25.54941177368164
1786831282.7598703,ERROR:ConnectionError,32.71913528442383
1786831282.7609954,ERROR:ConnectionError,37.956953048706055
1786831282.7731235,ERROR:ConnectionError,26.308774948120117
1786831282.7605443,ERROR:ConnectionError,39.30497169494629
1786831282.7726667,ERROR:ConnectionError,33.002376556396484
1786831282.781157,ERROR:ConnectionError,31.280517578125
1786831282.780076,ERROR:ConnectionError,39.36886787414551
1786831282.7750132,ERROR:ConnectionError,44.816017150878906
1786831282.7926064,ERROR:ConnectionError,29.560089111328125
1786831282.7875018,ERROR:ConnectionError,35.17651557922363
1786831282.7820377,ERROR:ConnectionError,44.71397399902344
1786831282.799855,ERROR:ConnectionError,37.435054779052734
1786831282.7994404,ERROR:ConnectionError,39.11399841308594
1786831282.7989635,ERROR:ConnectionError,42.54293441772461
1786831282.8124533,ERROR:ConnectionError,30.663251876831055
1786831282.8198364,ERROR:ConnectionError,32.99355506896973
1786831282.8056786,ERROR:ConnectionError,47.94049263000488
1786831282.822177,ERROR:ConnectionError,37.398338317871094
1786831282.8226838,ERROR:ConnectionError,38.895368576049805
1786831282.841518,ERROR:ConnectionError,21.003246307373047
1786831282.8385646,ERROR:ConnectionError,26.804447174072266
1786831282.8536258,ERROR:ConnectionError,27.010202407836914
1786831282.8431253,ERROR:ConnectionError,38.19537162780762
1786831282.8267624,ERROR:ConnectionError,54.93879318237305
1786831282.852895,ERROR:ConnectionError,29.480934143066406
1786831282.819453,ERROR:ConnectionError,63.37094306945801
1786831282.8373005,ERROR:ConnectionError,52.94990539550781
1786831282.8615913,ERROR:ConnectionError,30.756711959838867
1786831282.859586,ERROR:ConnectionError,42.55318641662598
1786831282.8625295,ERROR:ConnectionError,40.32182693481445
1786831282.8653796,ERROR:ConnectionError,39.197683334350586
1786831282.8823845,ERROR:ConnectionError,23.970603942871094
1786831282.8806474,ERROR:ConnectionError,34.61122512817383
1786831282.8813288,ERROR:ConnectionError,39.205312728881836
1786831282.8817105,ERROR:ConnectionError,41.86534881591797
1786831282.8902593,ERROR:ConnectionError,33.92195701599121
1786831282.8828294,ERROR:ConnectionError,43.48039627075195
1786831282.8923576,ERROR:ConnectionError,46.20194435119629
1786831282.9021525,ERROR:ConnectionError,38.93160820007324
1786831282.9028578,ERROR:ConnectionError,39.07203674316406
1786831282.904589,ERROR:ConnectionError,38.895368576049805
1786831282.9063616,ERROR:ConnectionError,38.33198547363281
1786831282.9205499,ERROR:ConnectionError,30.712366104125977
1786831282.9235911,ERROR:ConnectionError,31.2197208404541
1786831282.924193,ERROR:ConnectionError,32.241106033325195
1786831282.9152668,ERROR:ConnectionError,48.85149002075195
1786831282.9263182,ERROR:ConnectionError,45.825958251953125
1786831282.9410942,ERROR:ConnectionError,32.42850303649902
1786831282.9385674,ERROR:ConnectionError,38.40780258178711
1786831282.9434912,ERROR:ConnectionError,35.097360610961914
1786831282.9419372,ERROR:ConnectionError,40.41290283203125
1786831282.9512718,ERROR:ConnectionError,31.63886070251465
1786831282.9564428,ERROR:ConnectionError,30.959606170654297
1786831282.9548273,ERROR:ConnectionError,36.862850189208984
1786831282.9641316,ERROR:ConnectionError,32.47976303100586
1786831282.972153,ERROR:ConnectionError,25.715112686157227
1786831282.944701,ERROR:ConnectionError,54.76188659667969
1786831282.9735308,ERROR:ConnectionError,30.612945556640625
1786831282.98236,ERROR:ConnectionError,27.14848518371582
1786831282.9786003,ERROR:ConnectionError,31.460046768188477
1786831282.9769855,ERROR:ConnectionError,38.08188438415527
1786831282.9874132,ERROR:ConnectionError,34.87420082092285
1786831282.9829187,ERROR:ConnectionError,40.261030197143555
1786831282.9916997,ERROR:ConnectionError,31.80670738220215
1786831282.9978766,ERROR:ConnectionError,29.262542724609375
1786831282.999469,ERROR:ConnectionError,35.247802734375
1786831283.0095184,ERROR:ConnectionError,27.161836624145508
1786831282.9966202,ERROR:ConnectionError,40.543556213378906
1786831283.0041559,ERROR:ConnectionError,35.367727279663086
1786831283.0100923,ERROR:ConnectionError,32.94014930725098
1786831283.023189,ERROR:ConnectionError,30.043363571166992
1786831283.0150762,ERROR:ConnectionError,43.88141632080078
1786831283.0223036,ERROR:ConnectionError,39.9012565612793
1786831283.0271504,ERROR:ConnectionError,42.70315170288086
1786831283.0235126,ERROR:ConnectionError,50.45366287231445
1786831283.0371706,ERROR:ConnectionError,37.66036033630371
1786831283.0366912,ERROR:ConnectionError,39.392709732055664
1786831283.043043,ERROR:ConnectionError,37.25886344909668
1786831283.0347269,ERROR:ConnectionError,46.54073715209961
1786831283.058968,ERROR:ConnectionError,22.57704734802246
1786831283.0532408,ERROR:ConnectionError,28.54442596435547
1786831283.0622175,ERROR:ConnectionError,24.009227752685547
1786831283.039532,ERROR:ConnectionError,49.631595611572266
1786831283.0698683,ERROR:ConnectionError,30.44724464416504
1786831283.0739758,ERROR:ConnectionError,27.050018310546875
1786831283.0803106,ERROR:ConnectionError,27.101755142211914
1786831283.0748575,ERROR:ConnectionError,36.8800163269043
1786831283.0760903,ERROR:ConnectionError,41.681528091430664
1786831283.0815508,ERROR:ConnectionError,37.72139549255371
1786831283.0891728,ERROR:ConnectionError,34.165143966674805
1786831283.081791,ERROR:ConnectionError,41.991233825683594
1786831283.0812752,ERROR:ConnectionError,47.81675338745117
1786831283.0862372,ERROR:ConnectionError,53.406715393066406
1786831283.1003246,ERROR:ConnectionError,41.60761833190918
1786831283.1010327,ERROR:ConnectionError,41.80479049682617
1786831283.107425,ERROR:ConnectionError,37.56594657897949
1786831283.111748,ERROR:ConnectionError,37.07528114318848
1786831283.117781,ERROR:ConnectionError,38.280487060546875
1786831283.1192873,ERROR:ConnectionError,41.953086853027344
1786831283.1237905,ERROR:ConnectionError,42.59991645812988
1786831283.129102,ERROR:ConnectionError,39.58249092102051
1786831283.1396525,ERROR:ConnectionError,29.423952102661133
1786831283.1233482,ERROR:ConnectionError,46.13494873046875
1786831283.14194,ERROR:ConnectionError,37.43910789489746
1786831283.1428423,ERROR:ConnectionError,37.10627555847168
1786831283.1450007,ERROR:ConnectionError,38.48147392272949
1786831283.1560745,ERROR:ConnectionError,31.198740005493164
1786831283.1488326,ERROR:ConnectionError,38.909196853637695
1786831283.161254,ERROR:ConnectionError,32.896995544433594
1786831283.1686969,ERROR:ConnectionError,27.96339988708496
1786831283.1664019,ERROR:ConnectionError,33.99038314819336
1786831283.1694922,ERROR:ConnectionError,31.717777252197266
1786831283.1690834,ERROR:ConnectionError,32.4554443359375
1786831283.179391,ERROR:ConnectionError,28.980255126953125
1786831283.1799586,ERROR:ConnectionError,36.365509033203125
1786831283.1834905,ERROR:ConnectionError,36.98611259460449
1786831283.1872818,ERROR:ConnectionError,36.20266914367676
1786831283.1877487,ERROR:ConnectionError,39.14976119995117
1786831283.196669,ERROR:ConnectionError,33.479928970336914
1786831283.1941602,ERROR:ConnectionError,40.93360900878906
1786831283.2004032,ERROR:ConnectionError,35.33339500427246
1786831283.2234926,ERROR:ConnectionError,17.451763153076172
1786831283.2012167,ERROR:ConnectionError,41.55373573303223
1786831283.2163355,ERROR:ConnectionError,26.98206901550293
1786831283.2083852,ERROR:ConnectionError,38.0101203918457
1786831283.2204888,ERROR:ConnectionError,26.282787322998047
1786831283.2269113,ERROR:ConnectionError,22.88818359375
1786831283.201545,ERROR:ConnectionError,49.46017265319824
1786831283.2301583,ERROR:ConnectionError,31.035661697387695
1786831283.2351053,ERROR:ConnectionError,27.411460876464844
1786831283.2427824,ERROR:ConnectionError,26.380538940429688
1786831283.2357452,ERROR:ConnectionError,34.37161445617676
1786831283.2409532,ERROR:ConnectionError,32.23919868469238
1786831283.2510154,ERROR:ConnectionError,26.561737060546875
1786831283.2464051,ERROR:ConnectionError,34.77811813354492
1786831283.2433267,ERROR:ConnectionError,42.787790298461914
1786831283.2612054,ERROR:ConnectionError,29.48164939880371
1786831283.2625244,ERROR:ConnectionError,28.558015823364258
1786831283.2467787,ERROR:ConnectionError,47.21355438232422
1786831283.2498078,ERROR:ConnectionError,50.0948429107666
1786831283.2691743,ERROR:ConnectionError,31.41951560974121
1786831283.270125,ERROR:ConnectionError,31.176090240478516
1786831283.2775884,ERROR:ConnectionError,24.166107177734375
1786831283.2732034,ERROR:ConnectionError,35.01558303833008
1786831283.2811916,ERROR:ConnectionError,27.893543243408203
1786831283.286127,ERROR:ConnectionError,25.019407272338867
1786831283.2906995,ERROR:ConnectionError,25.54798126220703
1786831283.2940028,ERROR:ConnectionError,26.706457138061523
1786831283.2911153,ERROR:ConnectionError,33.80107879638672
1786831283.3013067,ERROR:ConnectionError,24.0628719329834
1786831283.2999122,ERROR:ConnectionError,28.59210968017578
1786831283.3006003,ERROR:ConnectionError,31.776905059814453
1786831283.3090951,ERROR:ReadTimeout,10019.707202911377
1786831283.3082302,ERROR:ReadTimeout,10024.983644485474
1786831283.3162582,ERROR:ReadTimeout,10033.609390258789
1786831283.3017619,ERROR:ReadTimeout,10048.505544662476
1786831283.3285122,ERROR:ReadTimeout,10021.997451782227
1786831283.311155,ERROR:ReadTimeout,10039.565801620483
1786831283.33239,ERROR:ReadTimeout,10018.57304573059
1786831283.3253777,ERROR:ReadTimeout,10025.810718536377
1786831283.3207197,ERROR:ReadTimeout,10030.681610107422
1786831283.324926,ERROR:ReadTimeout,10026.730298995972
1786831293.3288195,ERROR:ReadTimeout,10012.775182723999
1786831293.33322,ERROR:ReadTimeout,10024.486064910889
1786831293.351406,ERROR:ReadTimeout,10023.48780632019
1786831293.3511946,ERROR:ReadTimeout,10023.824453353882
1786831293.350728,ERROR:ReadTimeout,10024.404048919678
1786831293.3498764,ERROR:ReadTimeout,10025.379180908203
1786831293.3502743,ERROR:ReadTimeout,10025.119066238403
1786831293.350969,ERROR:ReadTimeout,10024.545192718506
1786831293.3516617,ERROR:ReadTimeout,10028.097152709961
1786831293.3505151,ERROR:ReadTimeout,10029.354810714722
