timestamp,status,latency_ms
1786831776.0498824,ERROR:ReadTimeout,10086.854934692383
1786831776.0379333,ERROR:ReadTimeout,10100.696325302124
1786831776.0438128,ERROR:ReadTimeout,10095.487356185913
1786831776.0823119,ERROR:ReadTimeout,10064.388275146484
1786831776.074864,ERROR:ReadTimeout,10072.319746017456
1786831776.0972507,ERROR:ReadTimeout,10051.528453826904
1786831776.090064,ERROR:ReadTimeout,10067.446947097778
1786831776.113288,ERROR:ReadTimeout,10045.283079147339
1786831776.039375,ERROR:ReadTimeout,10120.520114898682
1786831776.0847576,ERROR:ReadTimeout,10075.737714767456
1786831776.0370235,ERROR:ReadTimeout,10124.243974685669
1786831776.0691285,ERROR:ReadTimeout,10092.674970626831
1786831776.1031244,ERROR:ReadTimeout,10061.826467514038
1786831776.1176007,ERROR:ReadTimeout,10048.290967941284
1786831776.0359066,ERROR:ReadTimeout,10130.521297454834
1786831776.0416117,ERROR:ReadTimeout,10127.497434616089
1786831776.1260808,ERROR:ReadTimeout,10066.459655761719
1786831776.1476862,ERROR:ReadTimeout,10048.414468765259
1786831776.1504972,ERROR:ReadTimeout,10046.523571014404
1786831776.1522338,ERROR:ReadTimeout,10045.970678329468
1786831776.1399827,ERROR:ReadTimeout,10058.67338180542
1786831776.160073,ERROR:ReadTimeout,10047.865629196167
1786831776.1842232,ERROR:ReadTimeout,10028.71298789978
1786831776.1947176,ERROR:ReadTimeout,10030.434846878052
1786831776.2020154,ERROR:ReadTimeout,10023.767232894897
1786831776.196712,ERROR:ReadTimeout,10029.464483261108
1786831776.191436,ERROR:ReadTimeout,10035.161018371582
1786831776.2058804,ERROR:ReadTimeout,10034.000635147095
1786831776.2098515,ERROR:ReadTimeout,10034.624576568604
1786831776.2304835,ERROR:ReadTimeout,10023.47183227539
1786831776.227412,ERROR:ReadTimeout,10027.080059051514
1786831776.2216682,ERROR:ReadTimeout,10038.269519805908
1786831776.2446713,ERROR:ReadTimeout,10027.579069137573
1786831776.2672646,ERROR:ReadTimeout,10021.076917648315
1786831776.2591293,ERROR:ReadTimeout,10029.80661392212
1786831776.2481897,ERROR:ReadTimeout,10044.692993164062
1786831776.2510848,ERROR:ReadTimeout,10048.328399658203
1786831776.2740138,ERROR:ReadTimeout,10030.539751052856
1786831776.2770746,ERROR:ReadTimeout,10029.287815093994
1786831776.2819207,ERROR:ReadTimeout,10041.462421417236
1786831776.2941508,ERROR:ReadTimeout,10032.126188278198
1786831776.289471,ERROR:ReadTimeout,10037.30845451355
1786831776.2875392,ERROR:ReadTimeout,10044.431686401367
1786831776.3005197,ERROR:ReadTimeout,10038.719892501831
1786831776.316004,ERROR:ReadTimeout,10031.214714050293
1786831776.3103442,ERROR:ReadTimeout,10037.790775299072
1786831776.3090312,ERROR:ReadTimeout,10039.970636367798
1786831776.3242447,ERROR:ReadTimeout,10025.853395462036
1786831776.306603,ERROR:ReadTimeout,10045.611143112183
1786831776.327012,ERROR:ReadTimeout,10033.872842788696
1786831776.3290153,ERROR:ReadTimeout,10035.646915435791
1786831776.3359995,ERROR:ReadTimeout,10036.572933197021
1786831776.3435962,ERROR:ReadTimeout,10030.468702316284
1786831776.3504417,ERROR:ReadTimeout,10028.542757034302
1786831776.3584402,ERROR:ReadTimeout,10029.875993728638
1786831776.3601751,ERROR:ReadTimeout,10041.861772537231
1786831776.3689907,ERROR:ReadTimeout,10033.832311630249
1786831776.372079,ERROR:ReadTimeout,10032.103538513184
1786831776.3797514,ERROR:ReadTimeout,10024.850130081177
1786831776.3740964,ERROR:ReadTimeout,10030.927419662476
1786831776.3960402,ERROR:ReadTimeout,10024.688005447388
1786831776.386104,ERROR:ReadTimeout,10036.99803352356
1786831776.3909185,ERROR:ReadTimeout,10032.8369140625
1786831776.404928,ERROR:ReadTimeout,10030.039548873901
1786831776.398673,ERROR:ReadTimeout,10037.858963012695
1786831776.4081323,ERROR:ReadTimeout,10033.422470092773
1786831776.420854,ERROR:ReadTimeout,10021.661758422852
1786831776.4164002,ERROR:ReadTimeout,10027.161121368408
1786831776.4218562,ERROR:ReadTimeout,10023.058414459229
1786831776.422575,ERROR:ReadTimeout,10025.225162506104
1786831776.4365146,ERROR:ReadTimeout,10025.036811828613
1786831776.4292479,ERROR:ReadTimeout,10036.518096923828
1786831776.4436383,ERROR:ReadTimeout,10028.725385665894
1786831776.4521353,ERROR:ReadTimeout,10020.772695541382
1786831776.45558,ERROR:ReadTimeout,10017.856359481812
1786831776.4493752,ERROR:ReadTimeout,10042.648315429688
1786831776.4608827,ERROR:ReadTimeout,10036.689519882202
1786831776.4731703,ERROR:ReadTimeout,10031.83889389038
1786831776.4623232,ERROR:ReadTimeout,10043.59769821167
1786831776.4705005,ERROR:ReadTimeout,10037.610292434692
1786831776.4768972,ERROR:ReadTimeout,10031.672477722168
1786831776.4842207,ERROR:ReadTimeout,10038.794994354248
1786831776.5015342,ERROR:ReadTimeout,10022.650241851807
1786831776.5141356,ERROR:ReadTimeout,10012.596607208252
1786831776.4903927,ERROR:ReadTimeout,10038.304090499878
1786831776.5221653,ERROR:ReadTimeout,10031.549453735352
1786831776.534179,ERROR:ReadTimeout,10020.01667022705
1786831776.5520608,ERROR:ReadTimeout,10028.230667114258
1786831776.55695,ERROR:ReadTimeout,10035.658359527588
1786831776.5886912,ERROR:ReadTimeout,10015.072107315063
1786831776.578628,ERROR:ReadTimeout,10025.560140609741
1786831776.5705667,ERROR:ReadTimeout,10034.250974655151
1786831776.604484,ERROR:ReadTimeout,10023.896217346191
1786831776.6012645,ERROR:ReadTimeout,10027.658224105835
1786831776.6080263,ERROR:ReadTimeout,10029.969692230225
1786831776.582128,ERROR:ReadTimeout,10057.216882705688
1786831776.6161296,ERROR:ReadTimeout,10023.58865737915
1786831776.6227036,ERROR:ReadTimeout,10026.999950408936
1786831776.6133132,ERROR:ReadTimeout,10037.837028503418
1786831776.61839,ERROR:ReadTimeout,10034.903764724731
1786831786.1386466,ERROR:ReadTimeout,10035.74275970459
1786831786.1393077,ERROR:ReadTimeout,10035.585403442383
1786831786.1487894,ERROR:ReadTimeout,10043.08533668518
1786831786.1471949,ERROR:ReadTimeout,10045.455694198608
1786831786.1367652,ERROR:ReadTimeout,10059.32903289795
1786831786.1618125,ERROR:ReadTimeout,10042.028903961182
1786831786.158581,ERROR:ReadTimeout,10046.828985214233
1786831786.1467166,ERROR:ReadTimeout,10059.110879898071
1786831786.1664395,ERROR:ReadTimeout,10043.910264968872
1786831786.1649613,ERROR:ReadTimeout,10046.724081039429
1786831786.1691206,ERROR:ReadTimeout,10050.52137374878
1786831786.1599095,ERROR:ReadTimeout,10061.228036880493
1786831786.1612778,ERROR:ReadTimeout,10062.397480010986
1786831786.1659033,ERROR:ReadTimeout,10059.201002120972
1786831786.1575234,ERROR:ReadTimeout,10071.318626403809
1786831786.1925583,ERROR:ReadTimeout,10041.521787643433
1786831786.1605313,ERROR:ReadTimeout,10075.508117675781
1786831786.2129476,ERROR:ReadTimeout,10026.663780212402
1786831786.2079525,ERROR:ReadTimeout,10032.535076141357
1786831786.1982143,ERROR:ReadTimeout,10042.764663696289
1786831786.197039,ERROR:ReadTimeout,10051.84817314148
1786831786.2261841,ERROR:ReadTimeout,10032.957792282104
1786831786.1986675,ERROR:ReadTimeout,10061.471462249756
1786831786.1961124,ERROR:ReadTimeout,10064.372062683105
1786831786.225795,ERROR:ReadTimeout,10036.89980506897
1786831786.2266061,ERROR:ReadTimeout,10039.374828338623
1786831786.2444887,ERROR:ReadTimeout,10030.346393585205
1786831786.2398922,ERROR:ReadTimeout,10038.86365890503
1786831786.2539673,ERROR:ReadTimeout,10029.470205307007
1786831786.2599487,ERROR:ReadTimeout,10025.472640991211
1786831786.2545006,ERROR:ReadTimeout,10031.773090362549
1786831786.225167,ERROR:ReadTimeout,10067.618608474731
1786831786.2722642,ERROR:ReadTimeout,10022.686004638672
1786831796.1744056,ERROR:ConnectionError,142.7772045135498
1786831786.3063745,ERROR:ReadTimeout,10017.53282546997
1786831796.1749022,ERROR:ConnectionError,149.9772071838379
1786831786.2994256,ERROR:ReadTimeout,10025.793313980103
1786831786.304564,ERROR:ReadTimeout,10021.183252334595
1786831786.2889452,ERROR:ReadTimeout,10037.105083465576
1786831786.288356,ERROR:ReadTimeout,10042.075395584106
1786831786.292898,ERROR:ReadTimeout,10044.673681259155
1786831786.3233984,ERROR:ReadTimeout,10026.982545852661
1786831786.3319862,ERROR:ReadTimeout,10034.122228622437
1786831796.1918857,ERROR:ConnectionError,179.1555881500244
1786831786.3392732,ERROR:ReadTimeout,10042.505979537964
1786831786.3481436,ERROR:ReadTimeout,10034.319162368774
1786831796.1926591,ERROR:ConnectionError,192.3055648803711
1786831786.3267882,ERROR:ReadTimeout,10070.096969604492
1786831786.350108,ERROR:ReadTimeout,10048.369884490967
1786831786.372583,ERROR:ReadTimeout,10026.577711105347
1786831786.3472378,ERROR:ReadTimeout,10055.634260177612
1786831786.3789964,ERROR:ReadTimeout,10024.503469467163
1786831786.3740823,ERROR:ReadTimeout,10030.024528503418
1786831786.3609014,ERROR:ReadTimeout,10043.951749801636
1786831786.3646812,ERROR:ReadTimeout,10040.76862335205
1786831786.3262937,ERROR:ReadTimeout,10079.554796218872
1786831786.388327,ERROR:ReadTimeout,10017.803430557251
1786831786.349013,ERROR:ReadTimeout,10058.815240859985
1786831786.3522234,ERROR:ReadTimeout,10062.55054473877
1786831786.4231112,ERROR:ReadTimeout,10014.629602432251
1786831786.4046106,ERROR:ReadTimeout,10037.214756011963
1786831786.4028344,ERROR:ReadTimeout,10044.285297393799
1786831796.2038515,ERROR:ConnectionError,245.1002597808838
1786831786.402049,ERROR:ReadTimeout,10047.910928726196
1786831786.4207416,ERROR:ReadTimeout,10029.794692993164
1786831786.4050314,ERROR:ReadTimeout,10048.283815383911
1786831786.4237638,ERROR:ReadTimeout,10031.602144241333
1786831786.404193,ERROR:ReadTimeout,10057.354927062988
1786831786.441567,ERROR:ReadTimeout,10022.4609375
1786831786.4449258,ERROR:ReadTimeout,10026.684284210205
1786831786.4365463,ERROR:ReadTimeout,10037.020206451416
1786831786.442527,ERROR:ReadTimeout,10033.578157424927
1786831786.4349787,ERROR:ReadTimeout,10043.954849243164
1786831786.4435704,ERROR:ReadTimeout,10038.110971450806
1786831796.2054226,ERROR:ConnectionError,278.51128578186035
1786831786.4478126,ERROR:ReadTimeout,10038.748502731323
1786831786.461571,ERROR:ReadTimeout,10043.512344360352
1786831786.4657779,ERROR:ReadTimeout,10042.618989944458
1786831786.4734437,ERROR:ReadTimeout,10044.65126991272
1786831786.472917,ERROR:ReadTimeout,10046.109676361084
1786831786.4723756,ERROR:ReadTimeout,10047.171592712402
1786831786.4920363,ERROR:ReadTimeout,10040.224313735962
1786831786.5050223,ERROR:ReadTimeout,10030.717134475708
1786831786.4975898,ERROR:ReadTimeout,10050.371885299683
1786831786.5267453,ERROR:ReadTimeout,10022.640705108643
1786831786.5059297,ERROR:ReadTimeout,10044.00110244751
1786831786.5081227,ERROR:ReadTimeout,10042.145729064941
1786831786.5241961,ERROR:ReadTimeout,10026.322364807129
1786831786.5287077,ERROR:ReadTimeout,10022.094249725342
1786831786.5085783,ERROR:ReadTimeout,10043.404817581177
1786831786.52303,ERROR:ReadTimeout,10042.697191238403
1786831786.5542057,ERROR:ReadTimeout,10017.12942123413
1786831786.5537314,ERROR:ReadTimeout,10018.656730651855
1786831786.592631,ERROR:ReadTimeout,10019.471406936646
1786831786.5803077,ERROR:ReadTimeout,10034.767627716064
1786831786.6048245,ERROR:ReadTimeout,10023.082971572876
1786831786.6037765,ERROR:ReadTimeout,10024.927377700806
1786831786.6041965,ERROR:ReadTimeout,10031.357288360596
1786831786.6533031,ERROR:ReadTimeout,10013.80705833435
1786831786.6380112,ERROR:ReadTimeout,10031.071901321411
1786831786.6289332,ERROR:ReadTimeout,10040.579319000244
1786831786.6284,ERROR:ReadTimeout,10041.924715042114
1786831786.6393573,ERROR:ReadTimeout,10036.182165145874
1786831786.6511598,ERROR:ReadTimeout,10025.17580986023
1786831786.6497154,ERROR:ReadTimeout,10027.268886566162
1786831786.6397252,ERROR:ReadTimeout,10041.758298873901
1786831796.205838,ERROR:ConnectionError,763.4077072143555
1786831796.2116969,ERROR:ConnectionError,774.3864059448242
1786831796.2103662,ERROR:ConnectionError,783.4937572479248
1786831796.221152,ERROR:ConnectionError,777.8298854827881
1786831796.234088,ERROR:ConnectionError,770.7302570343018
1786831796.196107,ERROR:ConnectionError,846.2469577789307
1786831796.228855,ERROR:ConnectionError,822.319507598877
1786831796.2196548,ERROR:ConnectionError,831.9578170776367
1786831796.2488966,ERROR:ConnectionError,807.7402114868164
1786831796.236051,ERROR:ConnectionError,825.9866237640381
1786831796.2409883,ERROR:ConnectionError,821.7654228210449
1786831796.2236936,ERROR:ConnectionError,843.9531326293945
1786831796.225114,ERROR:ConnectionError,843.2962894439697
1786831796.2404957,ERROR:ConnectionError,834.0260982513428
1786831796.2627022,ERROR:ConnectionError,818.3343410491943
1786831796.2396286,ERROR:ConnectionError,845.2198505401611
1786831796.2591524,ERROR:ConnectionError,827.1036148071289
1786831796.2787647,ERROR:ConnectionError,823.5230445861816
1786831796.260492,ERROR:ConnectionError,843.5473442077637
1786831796.2601461,ERROR:ConnectionError,863.649845123291
1786831796.2748463,ERROR:ConnectionError,854.4974327087402
1786831796.285429,ERROR:ConnectionError,848.6456871032715
1786831796.283455,ERROR:ConnectionError,852.5674343109131
1786831796.2949948,ERROR:ConnectionError,850.792646408081
1786831796.2927952,ERROR:ConnectionError,854.4893264770508
1786831796.3171945,ERROR:ConnectionError,833.2474231719971
1786831796.265989,ERROR:ConnectionError,885.4517936706543
1786831796.3257568,ERROR:ConnectionError,828.2873630523682
1786831796.3248901,ERROR:ConnectionError,838.2554054260254
1786831796.2862823,ERROR:ConnectionError,877.4259090423584
1786831796.3260581,ERROR:ConnectionError,839.1411304473877
1786831796.3252275,ERROR:ConnectionError,843.3890342712402
1786831796.323919,ERROR:ConnectionError,847.2142219543457
1786831796.3304412,ERROR:ConnectionError,843.5831069946289
1786831796.3375814,ERROR:ConnectionError,846.4112281799316
1786831796.3503902,ERROR:ConnectionError,835.8359336853027
1786831796.3661213,ERROR:ConnectionError,824.5692253112793
1786831796.3849735,ERROR:ConnectionError,806.6182136535645
1786831796.3710556,ERROR:ConnectionError,824.2640495300293
1786831796.3817894,ERROR:ConnectionError,814.3608570098877
1786831796.4048636,ERROR:ConnectionError,799.0796566009521
1786831796.3824725,ERROR:ConnectionError,827.1589279174805
1786831796.4054615,ERROR:ConnectionError,827.4388313293457
1786831796.3969014,ERROR:ConnectionError,851.6378402709961
1786831796.4147863,ERROR:ConnectionError,836.9948863983154
1786831796.4028802,ERROR:ConnectionError,850.6078720092773
1786831796.3991678,ERROR:ConnectionError,860.8694076538086
1786831796.4058564,ERROR:ConnectionError,863.173246383667
1786831796.3984938,ERROR:ConnectionError,871.131420135498
1786831796.4078403,ERROR:ConnectionError,862.1382713317871
1786831796.406141,ERROR:ConnectionError,871.1152076721191
1786831796.4418378,ERROR:ConnectionError,836.50803565979
1786831796.4035065,ERROR:ConnectionError,876.5702247619629
1786831796.404113,ERROR:ConnectionError,899.9130725860596
1786831796.4505434,ERROR:ConnectionError,855.1971912384033
1786831796.4641435,ERROR:ConnectionError,847.2518920898438
1786831796.4489622,ERROR:ConnectionError,865.0398254394531
1786831796.4377518,ERROR:ConnectionError,893.4853076934814
1786831796.4615655,ERROR:ConnectionError,871.3679313659668
1786831796.4716222,ERROR:ConnectionError,897.8190422058105
1786831796.4735765,ERROR:ConnectionError,896.2492942810059
1786831796.447131,ERROR:ConnectionError,927.7834892272949
1786831796.4761171,ERROR:ConnectionError,908.8842868804932
1786831796.4499698,ERROR:ConnectionError,939.1806125640869
1786831796.4533257,ERROR:ConnectionError,978.7788391113281
1786831796.4789534,ERROR:ConnectionError,953.5219669342041
1786831796.4839425,ERROR:ConnectionError,949.8531818389893
1786831796.5181067,ERROR:ConnectionError,921.7729568481445
1786831796.5050972,ERROR:ConnectionError,935.58669090271
1786831796.4816911,ERROR:ConnectionError,959.8886966705322
1786831796.519556,ERROR:ConnectionError,923.835277557373
1786831796.4553814,ERROR:ConnectionError,1003.9095878601074
1786831796.508412,ERROR:ConnectionError,953.0293941497803
1786831796.519035,ERROR:ConnectionError,951.7979621887207
1786831796.4865716,ERROR:ConnectionError,986.2930774688721
1786831796.5322704,ERROR:ConnectionError,952.9085159301758
1786831796.5357492,ERROR:ConnectionError,949.9838352203369
1786831796.549937,ERROR:ConnectionError,941.7581558227539
1786831796.5508096,ERROR:ConnectionError,959.0272903442383
1786831796.5493963,ERROR:ConnectionError,970.9517955780029
1786831796.5502744,ERROR:ConnectionError,972.6624488830566
1786831796.5505257,ERROR:ConnectionError,978.9738655090332
1786831796.5479739,ERROR:ConnectionError,985.9144687652588
1786831796.5520701,ERROR:ConnectionError,982.2971820831299
1786831796.5657365,ERROR:ConnectionError,981.1728000640869
1786831796.5723999,ERROR:ConnectionError,978.3599376678467
1786831796.6121166,ERROR:ConnectionError,946.8941688537598
1786831796.5713484,ERROR:ConnectionError,991.0783767700195
1786831796.6287177,ERROR:ConnectionError,936.3610744476318
1786831796.6279242,ERROR:ConnectionError,940.3805732727051
1786831796.6150875,ERROR:ConnectionError,958.888053894043
1786831796.6355639,ERROR:ConnectionError,954.0019035339355
1786831796.669093,ERROR:ConnectionError,926.0971546173096
1786831796.6671226,ERROR:ConnectionError,945.1782703399658
1786831796.6703324,ERROR:ConnectionError,984.7574234008789
1786831796.669526,ERROR:ConnectionError,988.5656833648682
1786831796.6755514,ERROR:ConnectionError,990.8113479614258
1786831796.6769924,ERROR:ConnectionError,991.14990234375
1786831796.6814928,ERROR:ConnectionError,996.7014789581299
1786831796.6763482,ERROR:ConnectionError,1009.1450214385986
1786831796.9692566,ERROR:ConnectionError,728.1606197357178
1786831796.998994,ERROR:ConnectionError,709.453821182251
1786831796.986095,ERROR:ConnectionError,730.4472923278809
1786831796.9938784,ERROR:ConnectionError,734.5778942108154
1786831797.042365,ERROR:ConnectionError,697.5417137145996
1786831797.0048301,ERROR:ConnectionError,739.4475936889648
1786831797.0516224,ERROR:ConnectionError,715.7700061798096
1786831797.0511844,ERROR:ConnectionError,723.9232063293457
1786831797.0620515,ERROR:ConnectionError,717.9470062255859
1786831797.0566483,ERROR:ConnectionError,727.7383804321289
1786831797.0627716,ERROR:ConnectionError,725.8346080780029
1786831797.0676556,ERROR:ConnectionError,733.5715293884277
1786831797.074532,ERROR:ConnectionError,730.1387786865234
1786831797.0810483,ERROR:ConnectionError,727.5197505950928
1786831797.0684183,ERROR:ConnectionError,744.9915409088135
1786831797.0848584,ERROR:ConnectionError,733.273983001709
1786831797.086265,ERROR:ConnectionError,739.4230365753174
1786831797.1023035,ERROR:ConnectionError,737.4758720397949
1786831797.1040514,ERROR:ConnectionError,748.3477592468262
1786831797.1238122,ERROR:ConnectionError,734.1554164886475
1786831797.1293552,ERROR:ConnectionError,749.7608661651611
1786831797.1340847,ERROR:ConnectionError,748.406171798706
1786831797.1360316,ERROR:ConnectionError,750.5612373352051
1786831797.1504564,ERROR:ConnectionError,739.6361827850342
1786831797.1457999,ERROR:ConnectionError,746.4702129364014
1786831797.1472955,ERROR:ConnectionError,748.0497360229492
1786831797.171144,ERROR:ConnectionError,731.1830520629883
1786831797.1540546,ERROR:ConnectionError,756.622314453125
1786831797.1652098,ERROR:ConnectionError,748.8839626312256
1786831797.1686428,ERROR:ConnectionError,748.2678890228271
1786831797.1631668,ERROR:ConnectionError,771.8868255615234
1786831797.1637716,ERROR:ConnectionError,779.5519828796387
1786831797.1740355,ERROR:ConnectionError,808.638334274292
1786831797.1916022,ERROR:ConnectionError,794.4533824920654
1786831797.184003,ERROR:ConnectionError,806.8437576293945
1786831797.186239,ERROR:ConnectionError,811.9871616363525
1786831797.151629,ERROR:ConnectionError,849.7226238250732
1786831797.1961641,ERROR:ConnectionError,809.3211650848389
1786831797.2039545,ERROR:ConnectionError,803.5476207733154
1786831797.1953323,ERROR:ConnectionError,814.1999244689941
1786831797.1907039,ERROR:ConnectionError,823.338508605957
1786831797.2096515,ERROR:ConnectionError,871.8104362487793
1786831797.248562,ERROR:ConnectionError,837.9521369934082
1786831797.2600493,ERROR:ConnectionError,835.1943492889404
1786831797.2535017,ERROR:ConnectionError,842.7548408508301
1786831797.269041,ERROR:ConnectionError,834.2981338500977
1786831797.2517908,ERROR:ConnectionError,861.0677719116211
1786831797.232911,ERROR:ConnectionError,885.2465152740479
1786831797.2696314,ERROR:ConnectionError,850.6729602813721
1786831797.277265,ERROR:ConnectionError,850.4123687744141
1786831797.3057516,ERROR:ConnectionError,825.0617980957031
1786831797.2800896,ERROR:ConnectionError,852.9481887817383
1786831797.3140233,ERROR:ConnectionError,833.4500789642334
1786831797.3694534,ERROR:ConnectionError,782.1779251098633
1786831797.311407,ERROR:ConnectionError,848.7362861633301
1786831797.3312564,ERROR:ConnectionError,829.5938968658447
1786831797.374952,ERROR:ConnectionError,793.4272289276123
1786831797.3329415,ERROR:ConnectionError,836.0419273376465
1786831797.3698347,ERROR:ConnectionError,803.2290935516357
1786831797.2699864,ERROR:ConnectionError,904.442548751831
1786831797.3891587,ERROR:ConnectionError,785.9210968017578
1786831797.2783577,ERROR:ConnectionError,903.7361145019531
1786831797.3850212,ERROR:ConnectionError,797.6315021514893
1786831797.4321153,ERROR:ConnectionError,751.582145690918
1786831797.4324834,ERROR:ConnectionError,756.8907737731934
1786831797.4338052,ERROR:ConnectionError,756.2994956970215
1786831797.304039,ERROR:ConnectionError,891.8085098266602
1786831797.4434001,ERROR:ConnectionError,761.2617015838623
1786831797.4415903,ERROR:ConnectionError,766.3085460662842
1786831797.4398928,ERROR:ConnectionError,779.3939113616943
1786831797.4593027,ERROR:ConnectionError,763.1077766418457
1786831797.4406986,ERROR:ConnectionError,784.3973636627197
1786831797.4728765,ERROR:ConnectionError,754.7659873962402
1786831797.4851909,ERROR:ConnectionError,745.2342510223389
1786831797.485741,ERROR:ConnectionError,757.9150199890137
1786831797.4614532,ERROR:ConnectionError,784.130334854126
1786831797.4708452,ERROR:ConnectionError,777.4002552032471
1786831797.4917061,ERROR:ConnectionError,761.8975639343262
1786831797.50986,ERROR:ConnectionError,753.026008605957
1786831797.5203805,ERROR:ConnectionError,746.7570304870605
1786831797.5229492,ERROR:ConnectionError,746.4621067047119
1786831797.534375,ERROR:ConnectionError,736.4590167999268
1786831797.5338972,ERROR:ConnectionError,742.7959442138672
1786831797.529514,ERROR:ConnectionError,753.5383701324463
1786831797.5683334,ERROR:ConnectionError,729.9728393554688
1786831797.5469246,ERROR:ConnectionError,758.091926574707
1786831797.5739892,ERROR:ConnectionError,734.142541885376
1786831797.5590212,ERROR:ConnectionError,749.5791912078857
1786831797.5624385,ERROR:ConnectionError,751.3842582702637
1786831797.5650926,ERROR:ConnectionError,754.8775672912598
1786831797.5952046,ERROR:ConnectionError,729.1414737701416
1786831797.6782072,ERROR:ConnectionError,659.1010093688965
1786831797.5507705,ERROR:ConnectionError,788.1424427032471
1786831797.6581068,ERROR:ConnectionError,686.2082481384277
1786831797.58958,ERROR:ConnectionError,755.2697658538818
1786831797.6663783,ERROR:ConnectionError,688.7598037719727
1786831797.61232,ERROR:ConnectionError,743.3652877807617
1786831797.6681573,ERROR:ConnectionError,701.8857002258301
1786831797.6855066,ERROR:ConnectionError,687.8867149353027
1786831797.6974347,ERROR:ConnectionError,691.0121440887451
1786831797.7084646,ERROR:ConnectionError,689.4652843475342
1786831797.7165592,ERROR:ConnectionError,690.2375221252441
1786831797.7284718,ERROR:ConnectionError,684.0684413909912
1786831797.7399175,ERROR:ConnectionError,677.0429611206055
1786831797.7442946,ERROR:ConnectionError,678.2362461090088
1786831797.7751231,ERROR:ConnectionError,648.320198059082
1786831797.780017,ERROR:ConnectionError,645.7152366638184
1786831797.6551015,ERROR:ConnectionError,775.3629684448242
1786831797.767405,ERROR:ConnectionError,664.7055149078369
1786831797.8012397,ERROR:ConnectionError,639.021635055542
1786831797.804683,ERROR:ConnectionError,636.4843845367432
1786831797.8085797,ERROR:ConnectionError,640.7272815704346
1786831797.7844,ERROR:ConnectionError,667.2389507293701
1786831797.8134277,ERROR:ConnectionError,639.4741535186768
1786831797.8397965,ERROR:ConnectionError,617.3081398010254
1786831797.8579838,ERROR:ConnectionError,600.6693840026855
1786831797.8181431,ERROR:ConnectionError,642.7953243255615
1786831797.8825018,ERROR:ConnectionError,580.4927349090576
1786831797.8791394,ERROR:ConnectionError,598.5615253448486
1786831797.8257,ERROR:ConnectionError,658.0996513366699
1786831797.7886229,ERROR:ConnectionError,697.7636814117432
1786831797.8524094,ERROR:ConnectionError,659.1007709503174
1786831797.8866067,ERROR:ConnectionError,651.4136791229248
1786831797.890104,ERROR:ConnectionError,649.2245197296143
1786831797.8922815,ERROR:ConnectionError,672.2066402435303
1786831797.895361,ERROR:ConnectionError,681.3144683837891
1786831797.9023385,ERROR:ConnectionError,699.2061138153076
1786831797.9106932,ERROR:ConnectionError,699.7356414794922
1786831797.9169233,ERROR:ConnectionError,704.1785717010498
1786831797.9141052,ERROR:ConnectionError,712.1195793151855
1786831797.9350684,ERROR:ConnectionError,700.9410858154297
1786831797.943341,ERROR:ConnectionError,712.8608226776123
1786831797.9826868,ERROR:ConnectionError,692.0053958892822
1786831797.9860659,ERROR:ConnectionError,698.5254287719727
1786831797.9908578,ERROR:ConnectionError,695.9831714630127
1786831798.0013618,ERROR:ConnectionError,688.8234615325928
1786831797.998242,ERROR:ConnectionError,700.1352310180664
1786831798.0075128,ERROR:ConnectionError,714.8241996765137
1786831798.0140572,ERROR:ConnectionError,785.9632968902588
1786831798.0095456,ERROR:ConnectionError,809.1678619384766
1786831798.0814846,ERROR:ConnectionError,740.0152683258057
1786831798.005499,ERROR:ConnectionError,816.4870738983154
1786831798.0865262,ERROR:ConnectionError,741.7740821838379
1786831798.095258,ERROR:ConnectionError,738.6751174926758
1786831798.0962675,ERROR:ConnectionError,744.6696758270264
1786831798.1128867,ERROR:ConnectionError,728.8904190063477
1786831798.1203165,ERROR:ConnectionError,726.508617401123
1786831798.1033494,ERROR:ConnectionError,761.5640163421631
1786831798.1181743,ERROR:ConnectionError,750.9589195251465
1786831798.1276915,ERROR:ConnectionError,759.9084377288818
1786831798.133049,ERROR:ConnectionError,761.5022659301758
1786831798.1474843,ERROR:ConnectionError,748.1160163879395
1786831798.1308298,ERROR:ConnectionError,771.2697982788086
1786831798.1516464,ERROR:ConnectionError,751.1608600616455
1786831798.1601548,ERROR:ConnectionError,751.2705326080322
1786831798.1608596,ERROR:ConnectionError,751.2109279632568
1786831798.1689913,ERROR:ConnectionError,743.6044216156006
1786831798.1683917,ERROR:ConnectionError,753.6096572875977
1786831798.1744416,ERROR:ConnectionError,754.8222541809082
1786831798.1837065,ERROR:ConnectionError,746.3092803955078
1786831798.1826606,ERROR:ConnectionError,748.2798099517822
1786831798.1821074,ERROR:ConnectionError,751.7702579498291
1786831798.1730752,ERROR:ConnectionError,763.3278369903564
1786831798.1893852,ERROR:ConnectionError,759.0022087097168
1786831798.219298,ERROR:ConnectionError,739.8042678833008
1786831798.2251098,ERROR:ConnectionError,737.6363277435303
1786831798.2079105,ERROR:ConnectionError,755.2297115325928
1786831798.230437,ERROR:ConnectionError,739.5515441894531
1786831798.17509,ERROR:ConnectionError,795.3011989593506
1786831798.1901143,ERROR:ConnectionError,785.5868339538574
1786831798.2046714,ERROR:ConnectionError,776.0009765625
1786831798.1958628,ERROR:ConnectionError,791.815996170044
1786831798.248258,ERROR:ConnectionError,1311.4726543426514
1786831798.2536163,ERROR:ConnectionError,1306.786298751831
1786831798.2456,ERROR:ConnectionError,1315.4535293579102
1786831798.2224236,ERROR:ConnectionError,1339.1411304473877
1786831798.2436752,ERROR:ConnectionError,1320.169448852539
1786831798.267151,ERROR:ConnectionError,1311.7036819458008
1786831798.2708452,ERROR:ConnectionError,1326.7066478729248
1786831798.2830658,ERROR:ConnectionError,1325.4995346069336
1786831798.269424,ERROR:ConnectionError,1341.0885334014893
1786831798.3050287,ERROR:ConnectionError,1309.8397254943848
1786831798.3138378,ERROR:ConnectionError,1305.5057525634766
1786831798.2276537,ERROR:ConnectionError,1397.7978229522705
1786831798.2983205,ERROR:ConnectionError,1329.5502662658691
1786831798.3199832,ERROR:ConnectionError,1310.9395503997803
1786831798.2628994,ERROR:ConnectionError,1373.8982677459717
1786831798.3086107,ERROR:ConnectionError,1330.2252292633057
1786831798.308144,ERROR:ConnectionError,1333.280324935913
1786831798.337344,ERROR:ConnectionError,1315.7052993774414
1786831798.338922,ERROR:ConnectionError,1315.089464187622
1786831798.276706,ERROR:ConnectionError,1381.1955451965332
1786831798.324357,ERROR:ConnectionError,1352.2391319274902
1786831798.3448732,ERROR:ConnectionError,1335.8075618743896
1786831798.3551524,ERROR:ConnectionError,1340.2647972106934
1786831798.355695,ERROR:ConnectionError,1345.1893329620361
1786831798.3443258,ERROR:ConnectionError,1357.1226596832275
1786831798.3700557,ERROR:ConnectionError,1344.827651977539
1786831798.3734086,ERROR:ConnectionError,1344.228744506836
1786831798.4068072,ERROR:ConnectionError,1318.8951015472412
1786831798.3884654,ERROR:ConnectionError,1339.9910926818848
1786831798.397944,ERROR:ConnectionError,1332.4284553527832
1786831798.4169774,ERROR:ConnectionError,1324.11527633667
1786831798.4225442,ERROR:ConnectionError,1328.7508487701416
1786831798.4321203,ERROR:ConnectionError,1321.042776107788
1786831798.4125593,ERROR:ConnectionError,1341.3264751434326
1786831798.4411812,ERROR:ConnectionError,1321.6807842254639
1786831798.4234555,ERROR:ConnectionError,1340.0249481201172
1786831798.4304752,ERROR:ConnectionError,1341.3655757904053
1786831798.4257476,ERROR:ConnectionError,1348.0110168457031
1786831798.4609494,ERROR:ConnectionError,1320.2533721923828
1786831798.4586637,ERROR:ConnectionError,1324.716329574585
1786831798.4493508,ERROR:ConnectionError,1334.9254131317139
1786831798.4402702,ERROR:ConnectionError,1350.5425453186035
1786831798.452918,ERROR:ConnectionError,1338.4392261505127
1786831798.4630065,ERROR:ConnectionError,1332.2052955627441
1786831798.5380335,ERROR:ConnectionError,1270.3101634979248
1786831798.4571147,ERROR:ConnectionError,1352.4689674377441
1786831798.4864051,ERROR:ConnectionError,1325.4656791687012
1786831798.5393376,ERROR:ConnectionError,1280.740737915039
1786831798.4838128,ERROR:ConnectionError,1339.066743850708
1786831798.5645366,ERROR:ConnectionError,1262.6760005950928
1786831798.5115235,ERROR:ConnectionError,1319.0584182739258
1786831798.4516485,ERROR:ConnectionError,1380.3834915161133
1786831798.5766861,ERROR:ConnectionError,1264.7414207458496
1786831798.4777124,ERROR:ConnectionError,1365.5474185943604
1786831798.6015575,ERROR:ConnectionError,1254.0831565856934
1786831798.6104417,ERROR:ConnectionError,1248.1791973114014
1786831798.6211236,ERROR:ConnectionError,1254.8303604125977
1786831798.6262376,ERROR:ConnectionError,1263.1244659423828
1786831798.6360228,ERROR:ConnectionError,1261.4071369171143
1786831798.656215,ERROR:ConnectionError,1254.5220851898193
1786831798.686857,ERROR:ConnectionError,1228.5451889038086
1786831798.6846042,ERROR:ConnectionError,1231.6279411315918
1786831798.674704,ERROR:ConnectionError,1243.1049346923828
1786831798.6983895,ERROR:ConnectionError,1227.8351783752441
1786831798.6901956,ERROR:ConnectionError,1236.6001605987549
1786831798.8000348,ERROR:ConnectionError,1130.7575702667236
1786831798.821995,ERROR:ConnectionError,1116.6636943817139
1786831798.7223518,ERROR:ConnectionError,1217.0865535736084
1786831798.8283105,ERROR:ConnectionError,1113.1868362426758
1786831798.8215709,ERROR:ConnectionError,1123.1327056884766
1786831798.8956096,ERROR:ConnectionError,1062.5128746032715
1786831798.8409495,ERROR:ConnectionError,1118.5688972473145
1786831798.864931,ERROR:ConnectionError,1094.9156284332275
1786831798.8468366,ERROR:ConnectionError,1113.278865814209
1786831798.8187237,ERROR:ConnectionError,1142.009973526001
1786831798.841788,ERROR:ConnectionError,1119.518518447876
1786831798.8339446,ERROR:ConnectionError,1140.0539875030518
1786831798.9028175,ERROR:ConnectionError,1078.7503719329834
1786831798.9126027,ERROR:ConnectionError,1071.7239379882812
1786831798.869146,ERROR:ConnectionError,1123.3408451080322
1786831798.9120786,ERROR:ConnectionError,1083.2829475402832
1786831798.9114377,ERROR:ConnectionError,1084.712028503418
1786831798.9220133,ERROR:ConnectionError,1074.4929313659668
1786831798.8876133,ERROR:ConnectionError,1113.3172512054443
1786831798.9364176,ERROR:ConnectionError,1067.8813457489014
1786831798.9021125,ERROR:ConnectionError,1104.9673557281494
1786831798.9300256,ERROR:ConnectionError,1089.0684127807617
1786831798.9292805,ERROR:ConnectionError,1095.5734252929688
1786831798.9483988,ERROR:ConnectionError,1079.946756362915
1786831798.894579,ERROR:ConnectionError,1134.645938873291
1786831798.9757133,ERROR:ConnectionError,1057.1379661560059
1786831798.9338899,ERROR:ConnectionError,1102.0398139953613
1786831798.9806864,ERROR:ConnectionError,1062.0341300964355
1786831798.970399,ERROR:ConnectionError,1072.8650093078613
1786831798.9627564,ERROR:ConnectionError,1084.1493606567383
1786831798.9876924,ERROR:ConnectionError,1071.2695121765137
1786831798.930951,ERROR:ConnectionError,1128.8681030273438
1786831799.561128,ERROR:ConnectionError,503.4804344177246
1786831799.6085799,ERROR:ConnectionError,457.05103874206543
1786831799.5615737,ERROR:ConnectionError,508.6205005645752
1786831799.578869,ERROR:ConnectionError,493.6871528625488
1786831798.9699996,ERROR:ConnectionError,1105.2556037902832
1786831799.559744,ERROR:ConnectionError,517.4219608306885
1786831799.5975664,ERROR:ConnectionError,483.20627212524414
1786831799.6193552,ERROR:ConnectionError,461.8973731994629
1786831799.5638568,ERROR:ConnectionError,523.2219696044922
1786831799.6105304,ERROR:ConnectionError,477.0221710205078
1786831799.627883,ERROR:ConnectionError,461.3320827484131
1786831798.9591146,ERROR:ConnectionError,1133.8615417480469
1786831799.6148841,ERROR:ConnectionError,494.1999912261963
1786831799.6368077,ERROR:ConnectionError,472.8865623474121
1786831798.9631474,ERROR:ConnectionError,1153.8724899291992
1786831799.6309435,ERROR:ConnectionError,491.52636528015137
1786831799.56041,ERROR:ConnectionError,568.7415599822998
1786831799.6254632,ERROR:ConnectionError,507.1697235107422
1786831799.6414413,ERROR:ConnectionError,495.6471920013428
1786831799.6579106,ERROR:ConnectionError,495.1820373535156
1786831799.6540234,ERROR:ConnectionError,504.58574295043945
1786831799.6954346,ERROR:ConnectionError,471.3399410247803
1786831799.6388514,ERROR:ConnectionError,542.9360866546631
1786831799.6766107,ERROR:ConnectionError,505.70201873779297
1786831799.6530638,ERROR:ConnectionError,535.9551906585693
1786831799.71491,ERROR:ConnectionError,475.92949867248535
1786831799.7303813,ERROR:ConnectionError,464.63513374328613
1786831799.7008991,ERROR:ConnectionError,501.8801689147949
1786831799.6806915,ERROR:ConnectionError,528.7990570068359
1786831799.7176492,ERROR:ConnectionError,497.4641799926758
1786831799.728472,ERROR:ConnectionError,494.382381439209
1786831799.701459,ERROR:ConnectionError,525.6834030151367
1786831799.7718532,ERROR:ConnectionError,456.5012454986572
1786831799.7538965,ERROR:ConnectionError,479.0692329406738
1786831799.753174,ERROR:ConnectionError,487.3230457305908
1786831799.7257202,ERROR:ConnectionError,515.3446197509766
1786831799.781372,ERROR:ConnectionError,460.1905345916748
1786831799.7411044,ERROR:ConnectionError,502.95042991638184
1786831799.7628765,ERROR:ConnectionError,483.33191871643066
1786831799.7513149,ERROR:ConnectionError,499.1769790649414
1786831799.763489,ERROR:ConnectionError,487.7645969390869
1786831799.7737708,ERROR:ConnectionError,486.39726638793945
1786831799.790854,ERROR:ConnectionError,478.4739017486572
1786831799.7833908,ERROR:ConnectionError,489.47763442993164
1786831799.7952232,ERROR:ConnectionError,488.77406120300293
1786831799.7842917,ERROR:ConnectionError,509.0763568878174
1786831799.791374,ERROR:ConnectionError,506.79922103881836
1786831799.8095937,ERROR:ConnectionError,491.02115631103516
1786831799.8083525,ERROR:ConnectionError,496.1848258972168
1786831799.811882,ERROR:ConnectionError,495.59807777404785
1786831799.8305967,ERROR:ConnectionError,479.69841957092285
1786831799.820096,ERROR:ConnectionError,501.4359951019287
1786831799.8320491,ERROR:ConnectionError,495.424747467041
1786831799.8432686,ERROR:ConnectionError,488.0986213684082
1786831799.8228922,ERROR:ConnectionError,524.4569778442383
1786831799.8272266,ERROR:ConnectionError,526.0789394378662
1786831799.8556511,ERROR:ConnectionError,500.61774253845215
1786831799.8414392,ERROR:ConnectionError,518.1639194488525
1786831799.9107502,ERROR:ConnectionError,453.2885551452637
1786831799.8974435,ERROR:ConnectionError,468.9593315124512
1786831799.9394462,ERROR:ConnectionError,431.9024085998535
1786831799.9415085,ERROR:ConnectionError,432.51752853393555
1786831799.8893735,ERROR:ConnectionError,485.54539680480957
1786831799.9154162,ERROR:ConnectionError,467.0870304107666
1786831799.8759656,ERROR:ConnectionError,508.4207057952881
1786831799.9162486,ERROR:ConnectionError,471.4205265045166
1786831799.9178185,ERROR:ConnectionError,491.12749099731445
1786831799.8586543,ERROR:ConnectionError,553.3530712127686
1786831799.9386685,ERROR:ConnectionError,474.66492652893066
1786831799.9447186,ERROR:ConnectionError,469.8145389556885
1786831799.9308023,ERROR:ConnectionError,484.4803810119629
1786831799.9595284,ERROR:ConnectionError,459.4902992248535
1786831799.926809,ERROR:ConnectionError,496.3219165802002
1786831799.9581356,ERROR:ConnectionError,483.4170341491699
1786831799.960743,ERROR:ConnectionError,486.497163772583
1786831799.926236,ERROR:ConnectionError,528.2082557678223
1786831799.9601212,ERROR:ConnectionError,528.3727645874023
1786831799.96138,ERROR:ConnectionError,542.5498485565186
1786831799.9598522,ERROR:ConnectionError,549.4670867919922
1786831799.9843378,ERROR:ConnectionError,529.4616222381592
1786831800.0009542,ERROR:ConnectionError,524.1477489471436
1786831799.9815807,ERROR:ConnectionError,544.9223518371582
1786831800.004308,ERROR:ConnectionError,525.6648063659668
1786831799.996531,ERROR:ConnectionError,538.5293960571289
1786831799.995376,ERROR:ConnectionError,552.8898239135742
1786831800.029241,ERROR:ConnectionError,522.057056427002
1786831799.9740102,ERROR:ConnectionError,586.045503616333
1786831800.019109,ERROR:ConnectionError,541.9554710388184
1786831800.0589757,ERROR:ConnectionError,502.6233196258545
1786831800.032865,ERROR:ConnectionError,535.2330207824707
1786831800.028359,ERROR:ConnectionError,542.116641998291
1786831799.9961588,ERROR:ConnectionError,577.7139663696289
1786831800.0070899,ERROR:ConnectionError,575.0789642333984
1786831800.059832,ERROR:ConnectionError,531.0649871826172
1786831800.0702062,ERROR:ConnectionError,526.4601707458496
1786831800.043331,ERROR:ConnectionError,556.6174983978271
1786831800.0725706,ERROR:ConnectionError,528.0835628509521
1786831800.0646229,ERROR:ConnectionError,537.2300148010254
1786831800.0427327,ERROR:ConnectionError,563.709020614624
1786831800.080782,ERROR:ConnectionError,532.6344966888428
1786831800.0469155,ERROR:ConnectionError,572.2198486328125
1786831799.9925013,ERROR:ConnectionError,630.962610244751
1786831800.065648,ERROR:ConnectionError,560.6801509857178
1786831800.0875614,ERROR:ConnectionError,541.4817333221436
1786831800.1170337,ERROR:ConnectionError,517.3225402832031
1786831800.1090946,ERROR:ConnectionError,530.8291912078857
1786831800.035941,ERROR:ConnectionError,604.7446727752686
1786831800.0892236,ERROR:ConnectionError,561.8894100189209
1786831800.1224878,ERROR:ConnectionError,536.1709594726562
1786831800.0771773,ERROR:ConnectionError,583.4109783172607
1786831800.0812597,ERROR:ConnectionError,580.7085037231445
1786831800.1326516,ERROR:ConnectionError,534.4862937927246
1786831800.166785,ERROR:ConnectionError,502.788782119751
1786831800.1818047,ERROR:ConnectionError,491.1677837371826
1786831800.1823232,ERROR:ConnectionError,494.6596622467041
1786831800.1531076,ERROR:ConnectionError,531.8198204040527
1786831800.0929868,ERROR:ConnectionError,602.5285720825195
1786831800.0248659,ERROR:ConnectionError,671.2982654571533
1786831800.158623,ERROR:ConnectionError,545.7479953765869
1786831800.2228694,ERROR:ConnectionError,485.4090213775635
1786831800.1373036,ERROR:ConnectionError,571.5558528900146
1786831800.1097035,ERROR:ConnectionError,601.7575263977051
1786831800.0870893,ERROR:ConnectionError,625.0920295715332
1786831800.1950326,ERROR:ConnectionError,520.2629566192627
1786831800.075267,ERROR:ConnectionError,647.8776931762695
1786831800.129166,ERROR:ConnectionError,594.8095321655273
1786831800.2151258,ERROR:ConnectionError,515.0001049041748
1786831800.2329783,ERROR:ConnectionError,500.64778327941895
1786831800.244065,ERROR:ConnectionError,498.89230728149414
1786831800.2027965,ERROR:ConnectionError,551.4132976531982
1786831800.251266,ERROR:ConnectionError,503.4329891204834
1786831800.2405105,ERROR:ConnectionError,515.6326293945312
1786831800.269342,ERROR:ConnectionError,491.53709411621094
1786831800.2505052,ERROR:ConnectionError,511.9805335998535
1786831800.2095025,ERROR:ConnectionError,558.3269596099854
1786831800.1890314,ERROR:ConnectionError,593.3833122253418
1786831800.241077,ERROR:ConnectionError,543.8706874847412
1786831800.228366,ERROR:ConnectionError,563.1399154663086
1786831800.241574,ERROR:ConnectionError,552.8957843780518
1786831800.3006287,ERROR:ConnectionError,495.0237274169922
1786831800.2271595,ERROR:ConnectionError,578.779935836792
1786831800.190851,ERROR:ConnectionError,622.8370666503906
1786831800.310304,ERROR:ConnectionError,513.4506225585938
1786831800.3843987,ERROR:ConnectionError,442.0301914215088
1786831800.2981832,ERROR:ConnectionError,529.7467708587646
1786831800.2840102,ERROR:ConnectionError,547.4927425384521
1786831800.3045506,ERROR:ConnectionError,528.1400680541992
1786831800.3562903,ERROR:ConnectionError,485.7923984527588
1786831800.272882,ERROR:ConnectionError,570.197582244873
1786831800.3596528,ERROR:ConnectionError,493.3128356933594
1786831800.2933803,ERROR:ConnectionError,562.4914169311523
1786831800.3215473,ERROR:ConnectionError,537.5840663909912
1786831800.37493,ERROR:ConnectionError,491.63079261779785
1786831800.2462187,ERROR:ConnectionError,624.7179508209229
1786831800.4190326,ERROR:ConnectionError,462.2955322265625
1786831800.3074923,ERROR:ConnectionError,576.4937400817871
1786831800.3825185,ERROR:ConnectionError,516.0219669342041
1786831800.2601829,ERROR:ConnectionError,639.4054889678955
1786831800.3313818,ERROR:ConnectionError,570.3215599060059
1786831800.4133482,ERROR:ConnectionError,489.0589714050293
1786831800.3740404,ERROR:ConnectionError,534.9903106689453
1786831800.387683,ERROR:ConnectionError,523.317813873291
1786831800.3473618,ERROR:ConnectionError,564.0902519226074
1786831800.4145417,ERROR:ConnectionError,504.641056060791
1786831800.40896,ERROR:ConnectionError,512.9265785217285
1786831800.5513217,ERROR:ConnectionError,389.2340660095215
1786831800.366415,ERROR:ConnectionError,576.0066509246826
1786831800.454455,ERROR:ConnectionError,490.1442527770996
1786831800.4885051,ERROR:ConnectionError,457.4713706970215
1786831800.509332,ERROR:ConnectionError,443.57824325561523
1786831800.3713646,ERROR:ConnectionError,584.4275951385498
1786831800.5251172,ERROR:ConnectionError,432.3539733886719
1786831800.5265436,ERROR:ConnectionError,431.5962791442871
1786831800.5821786,ERROR:ConnectionError,380.13362884521484
1786831800.5600667,ERROR:ConnectionError,403.3541679382324
1786831800.6018827,ERROR:ConnectionError,363.80457878112793
1786831800.3640506,ERROR:ConnectionError,602.7805805206299
1786831800.4415658,ERROR:ConnectionError,527.7893543243408
1786831800.5704875,ERROR:ConnectionError,403.2735824584961
1786831800.6064582,ERROR:ConnectionError,368.32451820373535
1786831800.568112,ERROR:ConnectionError,407.11045265197754
1786831800.4472501,ERROR:ConnectionError,534.3341827392578
1786831800.5909092,ERROR:ConnectionError,399.60503578186035
1786831800.6263404,ERROR:ConnectionError,369.8136806488037
1786831800.5482826,ERROR:ConnectionError,450.1512050628662
1786831800.5039449,ERROR:ConnectionError,507.7996253967285
1786831800.423142,ERROR:ConnectionError,590.3382301330566
1786831800.5738914,ERROR:ConnectionError,440.88172912597656
1786831800.3274891,ERROR:ConnectionError,689.4092559814453
1786831800.6006672,ERROR:ConnectionError,421.68593406677246
1786831800.4120238,ERROR:ConnectionError,611.107587814331
1786831800.5610743,ERROR:ConnectionError,462.5575542449951
1786831800.6343677,ERROR:ConnectionError,392.14468002319336
1786831800.6620715,ERROR:ConnectionError,374.7072219848633
1786831800.708869,ERROR:ConnectionError,331.56538009643555
1786831800.6196837,ERROR:ConnectionError,437.55102157592773
1786831800.5616076,ERROR:ConnectionError,496.34599685668945
1786831800.5966814,ERROR:ConnectionError,461.7750644683838
1786831800.6290562,ERROR:ConnectionError,433.98499488830566
1786831800.5138092,ERROR:ConnectionError,551.1059761047363
1786831800.5299873,ERROR:ConnectionError,542.346715927124
1786831800.6695886,ERROR:ConnectionError,410.7182025909424
1786831800.5999613,ERROR:ConnectionError,480.8676242828369
1786831800.5350761,ERROR:ConnectionError,546.3969707489014
1786831800.6605988,ERROR:ConnectionError,421.19526863098145
1786831800.7153077,ERROR:ConnectionError,372.22862243652344
1786831800.3533182,ERROR:ConnectionError,744.2300319671631
1786831800.6406944,ERROR:ConnectionError,466.5992259979248
1786831800.6134303,ERROR:ConnectionError,495.8076477050781
1786831800.6769948,ERROR:ConnectionError,435.47606468200684
1786831800.708294,ERROR:ConnectionError,413.86938095092773
1786831800.6234748,ERROR:ConnectionError,509.0773105621338
1786831800.4152906,ERROR:ConnectionError,717.7920341491699
1786831800.7301419,ERROR:ConnectionError,409.88850593566895
1786831800.651131,ERROR:ConnectionError,499.02963638305664
1786831800.7114716,ERROR:ConnectionError,443.5000419616699
1786831800.7547083,ERROR:ConnectionError,401.5979766845703
1786831800.7915163,ERROR:ConnectionError,369.11725997924805
1786831800.7608926,ERROR:ConnectionError,405.1070213317871
1786831800.795663,ERROR:ConnectionError,374.63831901550293
1786831800.784961,ERROR:ConnectionError,390.34104347229004
1786831800.767842,ERROR:ConnectionError,409.1629981994629
1786831800.8558855,ERROR:ConnectionError,322.2687244415283
1786831800.639937,ERROR:ConnectionError,542.5536632537842
1786831800.7429702,ERROR:ConnectionError,443.8636302947998
1786831800.724064,ERROR:ConnectionError,465.8966064453125
1786831800.859143,ERROR:ConnectionError,333.6460590362549
1786831800.8136988,ERROR:ConnectionError,381.9456100463867
1786831800.6961725,ERROR:ConnectionError,511.5244388580322
1786831800.958151,ERROR:ConnectionError,260.80942153930664
1786831800.7231555,ERROR:ConnectionError,497.72191047668457
1786831800.9114602,ERROR:ConnectionError,311.1224174499512
1786831800.842168,ERROR:ConnectionError,385.8366012573242
1786831800.8326993,ERROR:ConnectionError,400.1598358154297
1786831800.7542255,ERROR:ConnectionError,482.6643466949463
1786831800.658764,ERROR:ConnectionError,583.0943584442139
1786831800.7043927,ERROR:ConnectionError,541.1553382873535
1786831800.9024186,ERROR:ConnectionError,346.3292121887207
1786831800.7625005,ERROR:ConnectionError,490.38171768188477
1786831800.7561524,ERROR:ConnectionError,498.28314781188965
1786831800.9446156,ERROR:ConnectionError,328.40967178344727
1786831800.7824287,ERROR:ConnectionError,494.9486255645752
1786831800.8279388,ERROR:ConnectionError,456.2218189239502
1786831800.8840039,ERROR:ConnectionError,408.7040424346924
1786831800.9017177,ERROR:ConnectionError,397.3977565765381
1786831800.9634316,ERROR:ConnectionError,336.81440353393555
1786831801.0584655,ERROR:ConnectionError,244.70829963684082
1786831800.6671512,ERROR:ConnectionError,644.0503597259521
1786831800.8665764,ERROR:ConnectionError,445.1754093170166
1786831800.9110134,ERROR:ConnectionError,404.84094619750977
1786831800.8264394,ERROR:ConnectionError,500.9157657623291
1786831800.9090414,ERROR:ConnectionError,418.8857078552246
1786831800.6729865,ERROR:ConnectionError,655.4930210113525
1786831800.9961646,ERROR:ConnectionError,332.6869010925293
1786831800.6849406,ERROR:ConnectionError,645.8728313446045
1786831800.695528,ERROR:ConnectionError,636.4099979400635
1786831800.7121904,ERROR:ConnectionError,620.3789710998535
1786831800.843088,ERROR:ConnectionError,496.40393257141113
1786831801.014786,ERROR:ConnectionError,328.0003070831299
1786831800.9529245,ERROR:ConnectionError,395.97249031066895
1786831800.8315146,ERROR:ConnectionError,525.6381034851074
1786831800.9459877,ERROR:ConnectionError,426.7764091491699
1786831800.9984438,ERROR:ConnectionError,379.6365261077881
1786831800.8237655,ERROR:ConnectionError,559.6978664398193
1786831800.7336392,ERROR:ConnectionError,653.0458927154541
1786831800.9747968,ERROR:ConnectionError,412.9462242126465
1786831801.0803168,ERROR:ConnectionError,308.08115005493164
1786831800.962326,ERROR:ConnectionError,426.5761375427246
1786831800.805956,ERROR:ConnectionError,584.3992233276367
1786831801.023145,ERROR:ConnectionError,369.4193363189697
1786831800.9405694,ERROR:ConnectionError,452.65936851501465
1786831801.057961,ERROR:ConnectionError,337.09216117858887
1786831801.036792,ERROR:ConnectionError,363.7516498565674
1786831800.9192014,ERROR:ConnectionError,503.2486915588379
1786831800.8995993,ERROR:ConnectionError,526.6401767730713
1786831800.8813422,ERROR:ConnectionError,547.1131801605225
1786831800.9657004,ERROR:ConnectionError,463.61804008483887
1786831801.0117736,ERROR:ConnectionError,445.9359645843506
1786831800.955812,ERROR:ConnectionError,503.07536125183105
1786831801.0223653,ERROR:ConnectionError,439.48817253112793
1786831800.9668431,ERROR:ConnectionError,499.73344802856445
1786831801.1927986,ERROR:ConnectionError,276.7665386199951
1786831801.0572467,ERROR:ConnectionError,414.98565673828125
1786831800.990527,ERROR:ConnectionError,482.6943874359131
1786831801.15017,ERROR:ConnectionError,323.55594635009766
1786831801.1221757,ERROR:ConnectionError,352.22887992858887
1786831800.8985527,ERROR:ConnectionError,579.2567729949951
1786831800.7944815,ERROR:ConnectionError,691.4842128753662
1786831801.2208877,ERROR:ConnectionError,265.6054496765137
1786831800.8529832,ERROR:ConnectionError,638.2474899291992
1786831800.9424334,ERROR:ConnectionError,551.1696338653564
1786831801.18997,ERROR:ConnectionError,308.0170154571533
1786831800.9752297,ERROR:ConnectionError,523.3569145202637
1786831801.2328703,ERROR:ConnectionError,274.08862113952637
1786831800.973827,ERROR:ConnectionError,539.6950244903564
1786831801.15632,ERROR:ConnectionError,359.6782684326172
1786831801.27304,ERROR:ConnectionError,246.13022804260254
1786831801.0818014,ERROR:ConnectionError,439.3801689147949
1786831801.1073017,ERROR:ConnectionError,417.316198348999
1786831801.0649276,ERROR:ConnectionError,464.47110176086426
1786831801.1325626,ERROR:ConnectionError,397.611141204834
1786831801.1400406,ERROR:ConnectionError,391.1423683166504
1786831801.0404449,ERROR:ConnectionError,499.56464767456055
1786831801.0814838,ERROR:ConnectionError,470.02458572387695
1786831801.2225928,ERROR:ConnectionError,331.8145275115967
1786831801.1124804,ERROR:ConnectionError,443.1924819946289
1786831801.300256,ERROR:ConnectionError,256.15406036376953
1786831801.1703172,ERROR:ConnectionError,386.5542411804199
1786831801.2369044,ERROR:ConnectionError,330.80506324768066
1786831801.2280185,ERROR:ConnectionError,340.9450054168701
1786831801.1660116,ERROR:ConnectionError,412.8141403198242
1786831801.0236416,ERROR:ConnectionError,559.1578483581543
1786831801.21898,ERROR:ConnectionError,366.14418029785156
1786831801.097564,ERROR:ConnectionError,496.9017505645752
1786831800.981596,ERROR:ConnectionError,615.0515079498291
1786831801.1868563,ERROR:ConnectionError,411.93175315856934
1786831801.0875485,ERROR:ConnectionError,517.8673267364502
1786831801.1956563,ERROR:ConnectionError,412.1055603027344
1786831801.0808375,ERROR:ConnectionError,534.4016551971436
1786831801.252897,ERROR:ConnectionError,368.59774589538574
1786831801.1781633,ERROR:ConnectionError,446.46573066711426
1786831800.9219003,ERROR:ConnectionError,703.7291526794434
1786831801.2544513,ERROR:ConnectionError,378.32188606262207
1786831801.0265236,ERROR:ConnectionError,612.7855777740479
1786831800.8709507,ERROR:ConnectionError,771.0428237915039
1786831801.1606467,ERROR:ConnectionError,484.85636711120605
1786831801.3158684,ERROR:ConnectionError,332.33141899108887
1786831801.0630617,ERROR:ConnectionError,588.9866352081299
1786831801.2455618,ERROR:ConnectionError,408.04028511047363
1786831801.0134928,ERROR:ConnectionError,645.4737186431885
1786831801.3117807,ERROR:ConnectionError,349.0767478942871
1786831801.342798,ERROR:ConnectionError,318.51792335510254
1786831801.1330895,ERROR:ConnectionError,541.3708686828613
1786831801.2927263,ERROR:ConnectionError,387.61401176452637
1786831801.3571985,ERROR:ConnectionError,325.7920742034912
1786831801.3031857,ERROR:ConnectionError,385.5149745941162
1786831801.3950617,ERROR:ConnectionError,294.1241264343262
1786831801.0169835,ERROR:ConnectionError,673.0968952178955
1786831801.4262495,ERROR:ConnectionError,267.6351070404053
1786831800.9574835,ERROR:ConnectionError,738.7065887451172
1786831801.1092484,ERROR:ConnectionError,596.4362621307373
1786831801.4293296,ERROR:ConnectionError,278.1705856323242
1786831801.3727782,ERROR:ConnectionError,335.99257469177246
1786831801.383479,ERROR:ConnectionError,327.31008529663086
1786831801.3288605,ERROR:ConnectionError,383.58139991760254
1786831801.4618628,ERROR:ConnectionError,254.44746017456055
1786831801.3279848,ERROR:ConnectionError,396.8343734741211
1786831801.3489082,ERROR:ConnectionError,378.48854064941406
1786831801.2418702,ERROR:ConnectionError,489.6671772003174
1786831801.328488,ERROR:ConnectionError,403.8398265838623
1786831801.4912412,ERROR:ConnectionError,241.5907382965088
1786831801.3325787,ERROR:ConnectionError,405.64966201782227
1786831801.2077088,ERROR:ConnectionError,531.7440032958984
1786831801.4005532,ERROR:ConnectionError,342.87071228027344
1786831801.5788426,ERROR:ConnectionError,169.2941188812256
1786831801.4778252,ERROR:ConnectionError,274.8699188232422
1786831801.1770153,ERROR:ConnectionError,579.3013572692871
1786831801.388911,ERROR:ConnectionError,373.13389778137207
1786831801.551533,ERROR:ConnectionError,210.8750343322754
1786831801.3884063,ERROR:ConnectionError,377.8226375579834
1786831801.2991288,ERROR:ConnectionError,470.1673984527588
1786831801.4936152,ERROR:ConnectionError,281.296968460083
1786831801.3112118,ERROR:ConnectionError,468.1246280670166
1786831801.3932366,ERROR:ConnectionError,386.5065574645996
1786831800.969708,ERROR:ConnectionError,810.511589050293
1786831801.1825058,ERROR:ConnectionError,602.9644012451172
1786831801.521192,ERROR:ConnectionError,267.3149108886719
1786831801.556878,ERROR:ConnectionError,251.42812728881836
1786831801.4695761,ERROR:ConnectionError,340.2743339538574
1786831801.2841752,ERROR:ConnectionError,526.2694358825684
1786831801.2773867,ERROR:ConnectionError,536.0915660858154
1786831801.61527,ERROR:ConnectionError,201.32040977478027
1786831801.4722445,ERROR:ConnectionError,345.350980758667
1786831801.2487652,ERROR:ConnectionError,574.4853019714355
1786831801.3877523,ERROR:ConnectionError,446.17390632629395
1786831801.4737322,ERROR:ConnectionError,360.89158058166504
1786831801.4859798,ERROR:ConnectionError,351.98092460632324
1786831801.1549873,ERROR:ConnectionError,683.3343505859375
1786831801.3308265,ERROR:ConnectionError,508.0375671386719
1786831801.4865108,ERROR:ConnectionError,356.28509521484375
1786831801.3319476,ERROR:ConnectionError,517.829418182373
1786831801.4284692,ERROR:ConnectionError,423.4185218811035
1786831801.51918,ERROR:ConnectionError,337.62645721435547
1786831801.4666708,ERROR:ConnectionError,395.36070823669434
1786831801.5294127,ERROR:ConnectionError,333.42576026916504
1786831801.3925734,ERROR:ConnectionError,471.00138664245605
1786831801.0723505,ERROR:ConnectionError,799.8490333557129
1786831801.3273692,ERROR:ConnectionError,549.8871803283691
1786831801.5556817,ERROR:ConnectionError,449.9669075012207
1786831801.1753137,ERROR:ConnectionError,831.5262794494629
1786831801.3866994,ERROR:ConnectionError,621.7317581176758
1786831801.4224613,ERROR:ConnectionError,593.1389331817627
1786831801.5851343,ERROR:ConnectionError,430.8640956878662
1786831801.5160174,ERROR:ConnectionError,500.5779266357422
1786831801.6077719,ERROR:ConnectionError,409.9850654602051
1786831801.5069702,ERROR:ConnectionError,514.6543979644775
1786831801.3904002,ERROR:ConnectionError,633.4559917449951
1786831801.5966592,ERROR:ConnectionError,428.7426471710205
1786831801.4744213,ERROR:ConnectionError,561.2273216247559
1786831801.5944753,ERROR:ConnectionError,449.2321014404297
1786831801.5689745,ERROR:ConnectionError,475.4753112792969
1786831801.4732285,ERROR:ConnectionError,572.9849338531494
1786831801.5828109,ERROR:ConnectionError,468.3711528778076
1786831801.5544207,ERROR:ConnectionError,502.26664543151855
1786831801.6215053,ERROR:ConnectionError,445.68943977355957
1786831801.3395038,ERROR:ConnectionError,741.7013645172119
1786831801.6393607,ERROR:ConnectionError,445.39499282836914
1786831801.5311928,ERROR:ConnectionError,559.3991279602051
1786831801.3780904,ERROR:ConnectionError,713.6461734771729
1786831801.6900885,ERROR:ConnectionError,403.58543395996094
1786831801.6744707,ERROR:ConnectionError,422.1053123474121
1786831801.6520603,ERROR:ConnectionError,451.4355659484863
1786831801.498594,ERROR:ConnectionError,605.633020401001
1786831801.6887147,ERROR:ConnectionError,439.93091583251953
1786831801.5246284,ERROR:ConnectionError,609.731912612915
1786831801.458896,ERROR:ConnectionError,682.2354793548584
1786831801.712452,ERROR:ConnectionError,444.10228729248047
1786831801.6589773,ERROR:ConnectionError,499.3894100189209
1786831801.5677214,ERROR:ConnectionError,593.4898853302002
1786831801.73946,ERROR:ConnectionError,426.32389068603516
1786831801.6420057,ERROR:ConnectionError,527.1332263946533
1786831801.6536126,ERROR:ConnectionError,516.2830352783203
1786831801.689195,ERROR:ConnectionError,487.1034622192383
1786831801.7749207,ERROR:ConnectionError,401.7951488494873
1786831801.6482112,ERROR:ConnectionError,528.9006233215332
1786831801.7328444,ERROR:ConnectionError,457.15975761413574
1786831801.556418,ERROR:ConnectionError,643.871545791626
1786831801.5400205,ERROR:ConnectionError,662.8282070159912
1786831801.7563257,ERROR:ConnectionError,447.31926918029785
1786831801.645512,ERROR:ConnectionError,558.7813854217529
1786831801.6613276,ERROR:ConnectionError,557.4831962585449
1786831801.6327918,ERROR:ConnectionError,587.8217220306396
1786831801.4979966,ERROR:ConnectionError,727.6663780212402
1786831801.5301838,ERROR:ConnectionError,706.3157558441162
1786831801.5988083,ERROR:ConnectionError,639.540433883667
1786831801.6803946,ERROR:ConnectionError,559.2920780181885
1786831801.6054277,ERROR:ConnectionError,639.6999359130859
1786831801.7315493,ERROR:ConnectionError,520.8220481872559
1786831801.6608684,ERROR:ConnectionError,593.7035083770752
1786831801.7056947,ERROR:ConnectionError,549.454927444458
1786831801.6246388,ERROR:ConnectionError,634.5207691192627
1786831801.743433,ERROR:ConnectionError,518.7525749206543
1786831801.6938944,ERROR:ConnectionError,571.563720703125
1786831801.766244,ERROR:ConnectionError,514.5351886749268
1786831801.7527144,ERROR:ConnectionError,529.2210578918457
1786831801.7323363,ERROR:ConnectionError,551.5871047973633
1786831801.4577188,ERROR:ConnectionError,828.3429145812988
1786831801.7693105,ERROR:ConnectionError,525.6805419921875
1786831801.724829,ERROR:ConnectionError,581.0613632202148
1786831801.7163289,ERROR:ConnectionError,590.5179977416992
1786831801.7885153,ERROR:ConnectionError,524.6365070343018
1786831801.8176115,ERROR:ConnectionError,495.9547519683838
1786831801.762415,ERROR:ConnectionError,556.025505065918
1786831801.7382379,ERROR:ConnectionError,583.2266807556152
1786831801.8232608,ERROR:ConnectionError,500.19168853759766
1786831801.8428032,ERROR:ConnectionError,481.08744621276855
1786831801.7274058,ERROR:ConnectionError,599.3704795837402
1786831801.8346364,ERROR:ConnectionError,501.6331672668457
1786831801.779346,ERROR:ConnectionError,578.946590423584
1786831801.7087793,ERROR:ConnectionError,650.5887508392334
1786831801.7620547,ERROR:ConnectionError,598.5889434814453
1786831801.8134966,ERROR:ConnectionError,549.196720123291
1786831801.5135365,ERROR:ConnectionError,857.6033115386963
1786831801.7481477,ERROR:ConnectionError,624.3062019348145
1786831801.7108,ERROR:ConnectionError,662.5113487243652
1786831801.6962004,ERROR:ConnectionError,680.739164352417
1786831801.6830065,ERROR:ConnectionError,699.3112564086914
1786831801.7854824,ERROR:ConnectionError,598.1450080871582
1786831801.7802281,ERROR:ConnectionError,607.9328060150146
1786831801.7797525,ERROR:ConnectionError,609.5578670501709
1786831801.8519504,ERROR:ConnectionError,542.0331954956055
1786831801.8388712,ERROR:ConnectionError,556.5555095672607
1786831801.8098614,ERROR:ConnectionError,590.1501178741455
1786831801.8104522,ERROR:ConnectionError,606.0259342193604
1786831801.838329,ERROR:ConnectionError,581.510066986084
1786831801.8339465,ERROR:ConnectionError,588.6363983154297
1786831801.8083181,ERROR:ConnectionError,618.854284286499
1786831801.863585,ERROR:ConnectionError,582.3049545288086
1786831801.8379707,ERROR:ConnectionError,609.9836826324463
1786831801.8497977,ERROR:ConnectionError,599.703311920166
1786831801.862848,ERROR:ConnectionError,589.9612903594971
1786831802.0068538,ERROR:ConnectionError,446.47908210754395
1786831802.0084388,ERROR:ConnectionError,447.9336738586426
1786831801.7075093,ERROR:ConnectionError,751.9538402557373
1786831801.8722088,ERROR:ConnectionError,600.8648872375488
1786831802.0156114,ERROR:ConnectionError,457.99803733825684
1786831801.8166053,ERROR:ConnectionError,660.7487201690674
1786831801.8772674,ERROR:ConnectionError,603.8422584533691
1786831802.0160062,ERROR:ConnectionError,482.3763370513916
1786831802.0437179,ERROR:ConnectionError,463.0310535430908
1786831801.856819,ERROR:ConnectionError,655.4670333862305
1786831802.0177686,ERROR:ConnectionError,497.4339008331299
1786831801.8620663,ERROR:ConnectionError,658.8015556335449
1786831801.6256378,ERROR:ConnectionError,900.2783298492432
1786831802.0462236,ERROR:ConnectionError,483.9158058166504
1786831802.0216637,ERROR:ConnectionError,512.326717376709
1786831802.016602,ERROR:ConnectionError,529.5352935791016
1786831802.044457,ERROR:ConnectionError,502.82955169677734
1786831802.0511975,ERROR:ConnectionError,496.46854400634766
1786831802.0056684,ERROR:ConnectionError,561.6066455841064
1786831802.1042373,ERROR:ConnectionError,465.0096893310547
1786831802.0965858,ERROR:ConnectionError,473.7699031829834
1786831802.0672076,ERROR:ConnectionError,503.69930267333984
1786831802.0566983,ERROR:ConnectionError,516.7372226715088
1786831802.0254474,ERROR:ConnectionError,549.4203567504883
1786831802.0356622,ERROR:ConnectionError,541.6808128356934
1786831802.0238695,ERROR:ConnectionError,557.4274063110352
1786831802.090603,ERROR:ConnectionError,504.40311431884766
1786831802.0812218,ERROR:ConnectionError,518.1012153625488
1786831802.0847726,ERROR:ConnectionError,523.0047702789307
1786831802.0917463,ERROR:ConnectionError,517.8999900817871
1786831802.1035106,ERROR:ConnectionError,507.2896480560303
1786831802.1286569,ERROR:ConnectionError,490.09060859680176
1786831802.093681,ERROR:ConnectionError,525.7833003997803
1786831802.1565716,ERROR:ConnectionError,463.8323783874512
1786831802.141144,ERROR:ConnectionError,493.5934543609619
1786831802.134376,ERROR:ConnectionError,510.1597309112549
1786831802.1658156,ERROR:ConnectionError,479.3426990509033
1786831802.1612177,ERROR:ConnectionError,486.1254692077637
1786831802.1583788,ERROR:ConnectionError,492.34986305236816
1786831802.1699035,ERROR:ConnectionError,498.2144832611084
1786831802.1900196,ERROR:ConnectionError,479.72869873046875
1786831802.169158,ERROR:ConnectionError,504.55570220947266
1786831802.176726,ERROR:ConnectionError,501.8928050994873
1786831802.204305,ERROR:ConnectionError,485.4416847229004
1786831802.17631,ERROR:ConnectionError,516.761064529419
1786831802.2036946,ERROR:ConnectionError,491.43266677856445
1786831802.2365317,ERROR:ConnectionError,459.50818061828613
1786831802.200307,ERROR:ConnectionError,499.3119239807129
1786831802.2028618,ERROR:ConnectionError,499.5906352996826
1786831802.2206318,ERROR:ConnectionError,486.8204593658447
1786831802.2256763,ERROR:ConnectionError,485.6133460998535
1786831802.1771195,ERROR:ConnectionError,535.4983806610107
1786831802.2383623,ERROR:ConnectionError,476.85790061950684
1786831802.265469,ERROR:ConnectionError,460.552453994751
1786831802.2397053,ERROR:ConnectionError,490.5545711517334
1786831802.254588,ERROR:ConnectionError,481.4465045928955
1786831802.2523868,ERROR:ConnectionError,485.4257106781006
1786831802.2188246,ERROR:ConnectionError,525.4387855529785
1786831802.2451384,ERROR:ConnectionError,500.962495803833
1786831802.262197,ERROR:ConnectionError,487.1478080749512
1786831802.2551606,ERROR:ConnectionError,498.5971450805664
1786831802.2860734,ERROR:ConnectionError,471.84252738952637
1786831802.2807922,ERROR:ConnectionError,478.70397567749023
1786831802.2591717,ERROR:ConnectionError,501.6927719116211
1786831802.281947,ERROR:ConnectionError,489.6056652069092
1786831802.3184571,ERROR:ConnectionError,453.56249809265137
1786831802.2839377,ERROR:ConnectionError,494.0032958984375
1786831802.3234644,ERROR:ConnectionError,460.2656364440918
1786831802.3131616,ERROR:ConnectionError,471.09079360961914
1786831802.306857,ERROR:ConnectionError,485.41784286499023
1786831802.2950053,ERROR:ConnectionError,501.19853019714355
1786831802.3059106,ERROR:ConnectionError,490.9629821777344
1786831802.3362849,ERROR:ConnectionError,464.9841785430908
1786831802.3267856,ERROR:ConnectionError,486.59610748291016
1786831802.313577,ERROR:ConnectionError,500.9894371032715
1786831802.372467,ERROR:ConnectionError,443.6604976654053
1786831802.3214772,ERROR:ConnectionError,503.94415855407715
1786831802.3239014,ERROR:ConnectionError,514.1308307647705
1786831802.3606584,ERROR:ConnectionError,478.9140224456787
1786831802.3881748,ERROR:ConnectionError,458.7569236755371
1786831802.358308,ERROR:ConnectionError,492.2068119049072
1786831802.3733244,ERROR:ConnectionError,493.8070774078369
1786831802.3954372,ERROR:ConnectionError,475.53157806396484
1786831802.3836389,ERROR:ConnectionError,490.8010959625244
1786831802.4000278,ERROR:ConnectionError,476.83167457580566
1786831802.359379,ERROR:ConnectionError,521.5480327606201
1786831802.371152,ERROR:ConnectionError,511.9502544403076
1786831802.3823285,ERROR:ConnectionError,501.2967586517334
1786831802.3627048,ERROR:ConnectionError,523.3578681945801
1786831802.3769498,ERROR:ConnectionError,517.7676677703857
1786831802.4495137,ERROR:ConnectionError,448.6651420593262
1786831802.3939962,ERROR:ConnectionError,508.7549686431885
1786831802.5067627,ERROR:ConnectionError,398.12374114990234
1786831802.4164886,ERROR:ConnectionError,492.86484718322754
1786831802.473091,ERROR:ConnectionError,443.65787506103516
1786831802.4271824,ERROR:ConnectionError,493.2293891906738
1786831802.5259283,ERROR:ConnectionError,396.7299461364746
1786831802.4198534,ERROR:ConnectionError,506.6235065460205
1786831802.4563851,ERROR:ConnectionError,470.66354751586914
1786831802.448127,ERROR:ConnectionError,481.0211658477783
1786831802.4594786,ERROR:ConnectionError,483.17551612854004
1786831802.4811225,ERROR:ConnectionError,465.42906761169434
1786831802.4225934,ERROR:ConnectionError,526.557445526123
1786831802.5476744,ERROR:ConnectionError,403.6293029785156
1786831802.581307,ERROR:ConnectionError,376.1584758758545
1786831802.4533427,ERROR:ConnectionError,510.3433132171631
1786831802.5672882,ERROR:ConnectionError,401.81422233581543
1786831802.4528222,ERROR:ConnectionError,520.8079814910889
1786831802.4459074,ERROR:ConnectionError,530.1351547241211
1786831802.573446,ERROR:ConnectionError,406.57901763916016
1786831802.4736211,ERROR:ConnectionError,517.7743434906006
1786831802.5472944,ERROR:ConnectionError,447.1631050109863
1786831802.5152144,ERROR:ConnectionError,481.9645881652832
1786831802.619476,ERROR:ConnectionError,381.8778991699219
1786831802.609657,ERROR:ConnectionError,392.4539089202881
1786831802.5340004,ERROR:ConnectionError,468.95527839660645
1786831802.4773824,ERROR:ConnectionError,528.4199714660645
1786831802.520882,ERROR:ConnectionError,491.40405654907227
1786831802.570368,ERROR:ConnectionError,444.67973709106445
1786831802.512299,ERROR:ConnectionError,507.02643394470215
1786831802.618759,ERROR:ConnectionError,401.37743949890137
1786831802.3893235,ERROR:ConnectionError,635.7872486114502
1786831802.5950234,ERROR:ConnectionError,433.307409286499
1786831802.6077948,ERROR:ConnectionError,421.3705062866211
1786831802.4983962,ERROR:ConnectionError,533.7355136871338
1786831802.6473546,ERROR:ConnectionError,388.6592388153076
1786831802.5709195,ERROR:ConnectionError,465.8479690551758
1786831802.530151,ERROR:ConnectionError,507.4796676635742
1786831802.5692585,ERROR:ConnectionError,481.8439483642578
1786831802.54624,ERROR:ConnectionError,505.9852600097656
1786831802.6786313,ERROR:ConnectionError,385.4711055755615
1786831802.6737964,ERROR:ConnectionError,395.0498104095459
1786831802.6204126,ERROR:ConnectionError,449.92780685424805
1786831802.5748782,ERROR:ConnectionError,497.2379207611084
1786831802.669762,ERROR:ConnectionError,407.0696830749512
1786831802.6507447,ERROR:ConnectionError,439.0277862548828
1786831802.5773544,ERROR:ConnectionError,514.0624046325684
1786831802.7113013,ERROR:ConnectionError,382.7991485595703
1786831802.610811,ERROR:ConnectionError,485.52775382995605
1786831802.696046,ERROR:ConnectionError,415.09199142456055
1786831802.7024667,ERROR:ConnectionError,409.806489944458
1786831802.6681294,ERROR:ConnectionError,445.9400177001953
1786831802.6451707,ERROR:ConnectionError,472.00989723205566
1786831802.6897678,ERROR:ConnectionError,436.9537830352783
1786831802.69963,ERROR:ConnectionError,427.5238513946533
1786831802.599334,ERROR:ConnectionError,532.1955680847168
1786831802.6445494,ERROR:ConnectionError,489.1228675842285
1786831802.746115,ERROR:ConnectionError,400.8145332336426
1786831802.7126276,ERROR:ConnectionError,438.0040168762207
1786831802.6347544,ERROR:ConnectionError,516.3333415985107
1786831802.726042,ERROR:ConnectionError,426.87129974365234
1786831802.7302756,ERROR:ConnectionError,433.89105796813965
1786831802.7074642,ERROR:ConnectionError,460.5841636657715
1786831802.7537713,ERROR:ConnectionError,421.60701751708984
1786831802.772031,ERROR:ConnectionError,405.8358669281006
1786831802.6931255,ERROR:ConnectionError,485.49604415893555
1786831802.7378235,ERROR:ConnectionError,441.972017288208
1786831802.7968822,ERROR:ConnectionError,383.37135314941406
1786831802.7360468,ERROR:ConnectionError,450.5767822265625
1786831802.7608757,ERROR:ConnectionError,426.87177658081055
1786831802.8469489,ERROR:ConnectionError,348.996639251709
1786831802.7595062,ERROR:ConnectionError,437.0307922363281
1786831802.7837408,ERROR:ConnectionError,422.66845703125
1786831802.7579277,ERROR:ConnectionError,453.9952278137207
1786831802.7922876,ERROR:ConnectionError,434.30113792419434
1786831802.777952,ERROR:ConnectionError,457.3848247528076
1786831802.874451,ERROR:ConnectionError,364.565372467041
1786831802.8145764,ERROR:ConnectionError,426.6624450683594
1786831802.7842586,ERROR:ConnectionError,461.9779586791992
1786831802.8380451,ERROR:ConnectionError,419.34657096862793
1786831802.7442749,ERROR:ConnectionError,516.6568756103516
1786831802.695138,ERROR:ConnectionError,567.2714710235596
1786831802.8671467,ERROR:ConnectionError,397.6483345031738
1786831802.8395858,ERROR:ConnectionError,425.7240295410156
1786831802.7715638,ERROR:ConnectionError,496.8724250793457
1786831802.8505301,ERROR:ConnectionError,418.96796226501465
1786831802.8254342,ERROR:ConnectionError,450.2837657928467
1786831802.749357,ERROR:ConnectionError,536.9434356689453
1786831802.8161662,ERROR:ConnectionError,470.8895683288574
1786831802.796215,ERROR:ConnectionError,498.4927177429199
1786831802.7152333,ERROR:ConnectionError,580.7909965515137
1786831802.813394,ERROR:ConnectionError,483.57558250427246
1786831802.870983,ERROR:ConnectionError,428.62725257873535
1786831802.8836386,ERROR:ConnectionError,440.3505325317383
1786831802.898193,ERROR:ConnectionError,431.3464164733887
1786831802.902762,ERROR:ConnectionError,428.71761322021484
1786831802.801285,ERROR:ConnectionError,534.4209671020508
1786831802.8809392,ERROR:ConnectionError,462.8138542175293
1786831802.8947291,ERROR:ConnectionError,461.7781639099121
1786831802.916759,ERROR:ConnectionError,453.7630081176758
1786831802.9048984,ERROR:ConnectionError,476.9144058227539
1786831802.9204252,ERROR:ConnectionError,467.0681953430176
1786831802.8768723,ERROR:ConnectionError,516.747236251831
1786831802.9270601,ERROR:ConnectionError,469.01679039001465
1786831802.9426658,ERROR:ConnectionError,454.5156955718994
1786831802.886074,ERROR:ConnectionError,516.2665843963623
1786831802.9465628,ERROR:ConnectionError,466.0201072692871
1786831802.8831136,ERROR:ConnectionError,530.6601524353027
1786831803.0201445,ERROR:ConnectionError,395.12062072753906
1786831803.028343,ERROR:ConnectionError,410.7370376586914
1786831802.9513152,ERROR:ConnectionError,488.92903327941895
1786831802.9226973,ERROR:ConnectionError,518.4338092803955
1786831802.963698,ERROR:ConnectionError,478.57141494750977
1786831803.052243,ERROR:ConnectionError,390.5649185180664
1786831802.9736478,ERROR:ConnectionError,473.53291511535645
1786831803.0021238,ERROR:ConnectionError,446.89035415649414
1786831802.9093676,ERROR:ConnectionError,547.0559597015381
1786831802.9491663,ERROR:ConnectionError,508.3203315734863
1786831802.9691155,ERROR:ConnectionError,489.2756938934326
1786831803.0963695,ERROR:ConnectionError,362.90884017944336
1786831802.9574769,ERROR:ConnectionError,504.2123794555664
1786831803.0058165,ERROR:ConnectionError,458.6658477783203
1786831803.0321436,ERROR:ConnectionError,435.03594398498535
1786831802.9971929,ERROR:ConnectionError,475.25811195373535
1786831803.0150595,ERROR:ConnectionError,461.44556999206543
1786831802.9760566,ERROR:ConnectionError,501.3315677642822
1786831803.0013657,ERROR:ConnectionError,476.67503356933594
1786831802.9800408,ERROR:ConnectionError,502.57110595703125
1786831803.0941124,ERROR:ConnectionError,390.4109001159668
1786831803.0914302,ERROR:ConnectionError,395.5819606781006
1786831802.99447,ERROR:ConnectionError,493.7131404876709
1786831803.0721285,ERROR:ConnectionError,423.3713150024414
1786831803.036777,ERROR:ConnectionError,481.28604888916016
1786831802.9914107,ERROR:ConnectionError,528.1422138214111
1786831803.0030813,ERROR:ConnectionError,518.7005996704102
1786831803.1111493,ERROR:ConnectionError,411.93652153015137
1786831802.929159,ERROR:ConnectionError,598.2513427734375
1786831803.03764,ERROR:ConnectionError,491.60170555114746
1786831803.0125093,ERROR:ConnectionError,519.8974609375
1786831803.126734,ERROR:ConnectionError,412.30130195617676
1786831803.051289,ERROR:ConnectionError,500.7181167602539
1786831803.18776,ERROR:ConnectionError,366.12796783447266
1786831802.926489,ERROR:ConnectionError,627.9046535491943
1786831803.1336827,ERROR:ConnectionError,427.52718925476074
1786831803.068858,ERROR:ConnectionError,492.7699565887451
1786831803.0291743,ERROR:ConnectionError,533.0710411071777
1786831803.1122854,ERROR:ConnectionError,466.90869331359863
1786831803.0641122,ERROR:ConnectionError,528.6417007446289
1786831803.1529243,ERROR:ConnectionError,441.03026390075684
1786831803.0897877,ERROR:ConnectionError,504.6112537384033
1786831803.178631,ERROR:ConnectionError,417.4835681915283
1786831803.246249,ERROR:ConnectionError,359.30442810058594
1786831803.076843,ERROR:ConnectionError,534.9273681640625
1786831803.1271634,ERROR:ConnectionError,485.29052734375
1786831803.146943,ERROR:ConnectionError,478.41334342956543
1786831803.0360258,ERROR:ConnectionError,597.4278450012207
1786831803.1965458,ERROR:ConnectionError,442.39139556884766
1786831803.0703518,ERROR:ConnectionError,577.9473781585693
1786831803.1866345,ERROR:ConnectionError,462.11791038513184
1786831803.1778831,ERROR:ConnectionError,474.7142791748047
1786831803.1959748,ERROR:ConnectionError,458.4028720855713
1786831803.2960336,ERROR:ConnectionError,361.6645336151123
1786831803.1798062,ERROR:ConnectionError,480.9906482696533
1786831803.1802626,ERROR:ConnectionError,482.1450710296631
1786831803.1315446,ERROR:ConnectionError,531.470537185669
1786831803.0251245,ERROR:ConnectionError,643.7497138977051
1786831803.2119331,ERROR:ConnectionError,467.82636642456055
1786831803.114081,ERROR:ConnectionError,567.4755573272705
1786831803.164178,ERROR:ConnectionError,519.2043781280518
1786831803.268445,ERROR:ConnectionError,422.1992492675781
1786831803.151097,ERROR:ConnectionError,540.3239727020264
1786831803.2353506,ERROR:ConnectionError,458.62579345703125
1786831803.2648048,ERROR:ConnectionError,440.27137756347656
1786831803.206422,ERROR:ConnectionError,502.01988220214844
1786831803.0193396,ERROR:ConnectionError,696.8846321105957
1786831803.2412498,ERROR:ConnectionError,475.97765922546387
1786831803.1171947,ERROR:ConnectionError,600.7356643676758
1786831803.1753914,ERROR:ConnectionError,552.6864528656006
1786831803.226601,ERROR:ConnectionError,504.20641899108887
1786831803.2390325,ERROR:ConnectionError,503.772497177124
1786831803.1506433,ERROR:ConnectionError,613.4433746337891
1786831803.3314912,ERROR:ConnectionError,433.4442615509033
1786831803.2870667,ERROR:ConnectionError,478.4367084503174
1786831803.296978,ERROR:ConnectionError,492.4445152282715
1786831803.2574022,ERROR:ConnectionError,584.3324661254883
1786831803.2695065,ERROR:ConnectionError,633.8262557983398
1786831803.286313,ERROR:ConnectionError,635.8284950256348
1786831803.3875082,ERROR:ConnectionError,535.8784198760986
1786831803.3295536,ERROR:ConnectionError,600.0645160675049
1786831803.2947197,ERROR:ConnectionError,638.4899616241455
1786831803.3240047,ERROR:ConnectionError,611.7038726806641
1786831803.2757304,ERROR:ConnectionError,662.2111797332764
1786831803.2653162,ERROR:ConnectionError,676.6011714935303
1786831803.262418,ERROR:ConnectionError,684.0958595275879
1786831803.3437655,ERROR:ConnectionError,620.1333999633789
1786831803.168062,ERROR:ConnectionError,797.7261543273926
1786831803.3960874,ERROR:ConnectionError,571.7008113861084
1786831803.4023519,ERROR:ConnectionError,569.0956115722656
1786831803.2609456,ERROR:ConnectionError,711.3420963287354
1786831803.3818293,ERROR:ConnectionError,592.432975769043
1786831803.4152772,ERROR:ConnectionError,563.5907649993896
1786831803.335718,ERROR:ConnectionError,643.5420513153076
1786831803.4826236,ERROR:ConnectionError,499.2945194244385
1786831803.440259,ERROR:ConnectionError,553.788423538208
1786831803.4765525,ERROR:ConnectionError,519.1154479980469
1786831803.5390508,ERROR:ConnectionError,458.90188217163086
1786831803.4428205,ERROR:ConnectionError,555.5977821350098
1786831803.3705335,ERROR:ConnectionError,629.828929901123
1786831803.393639,ERROR:ConnectionError,609.2209815979004
1786831803.447194,ERROR:ConnectionError,558.3288669586182
1786831803.4955122,ERROR:ConnectionError,520.4591751098633
1786831803.4724636,ERROR:ConnectionError,544.1863536834717
1786831803.4881933,ERROR:ConnectionError,528.9249420166016
1786831803.521939,ERROR:ConnectionError,497.27916717529297
1786831803.3565273,ERROR:ConnectionError,669.7134971618652
1786831803.4870265,ERROR:ConnectionError,542.5150394439697
1786831803.5274205,ERROR:ConnectionError,506.53958320617676
1786831803.5622542,ERROR:ConnectionError,473.541259765625
1786831803.4574986,ERROR:ConnectionError,581.01487159729
1786831803.467391,ERROR:ConnectionError,573.7102031707764
1786831803.5292907,ERROR:ConnectionError,512.1734142303467
1786831803.4584002,ERROR:ConnectionError,593.1177139282227
1786831803.552043,ERROR:ConnectionError,505.8729648590088
1786831803.4592874,ERROR:ConnectionError,601.5515327453613
1786831803.6055684,ERROR:ConnectionError,459.8231315612793
1786831803.4644952,ERROR:ConnectionError,603.2068729400635
1786831803.3971896,ERROR:ConnectionError,672.1456050872803
1786831803.4780505,ERROR:ConnectionError,592.5917625427246
1786831803.5927682,ERROR:ConnectionError,483.2770824432373
1786831803.2996206,ERROR:ConnectionError,781.6648483276367
1786831803.523097,ERROR:ConnectionError,561.7039203643799
1786831803.5961263,ERROR:ConnectionError,489.3677234649658
1786831803.442281,ERROR:ConnectionError,644.8056697845459
1786831803.5324178,ERROR:ConnectionError,557.152271270752
1786831803.4411438,ERROR:ConnectionError,649.4722366333008
1786831803.4391031,ERROR:ConnectionError,653.9912223815918
1786831803.6577115,ERROR:ConnectionError,437.0748996734619
1786831803.5180745,ERROR:ConnectionError,582.2257995605469
1786831803.6608086,ERROR:ConnectionError,443.19653511047363
1786831803.5612214,ERROR:ConnectionError,555.0637245178223
1786831803.4845364,ERROR:ConnectionError,634.1431140899658
1786831803.65261,ERROR:ConnectionError,473.2687473297119
1786831803.412597,ERROR:ConnectionError,716.627836227417
1786831803.6389527,ERROR:ConnectionError,492.10262298583984
1786831803.6117878,ERROR:ConnectionError,525.6428718566895
1786831803.5544033,ERROR:ConnectionError,583.5661888122559
1786831803.4490285,ERROR:ConnectionError,690.2539730072021
1786831803.5616372,ERROR:ConnectionError,581.773042678833
1786831803.46171,ERROR:ConnectionError,683.7811470031738
1786831803.4137845,ERROR:ConnectionError,736.0608577728271
1786831803.5939875,ERROR:ConnectionError,556.4937591552734
1786831803.5944073,ERROR:ConnectionError,563.6420249938965
1786831803.6630242,ERROR:ConnectionError,496.90985679626465
1786831803.5538983,ERROR:ConnectionError,606.4169406890869
1786831803.612466,ERROR:ConnectionError,548.5496520996094
1786831803.4774,ERROR:ConnectionError,684.1080188751221
1786831803.66889,ERROR:ConnectionError,493.2405948638916
1786831803.579207,ERROR:ConnectionError,584.1093063354492
1786831803.69066,ERROR:ConnectionError,490.891695022583
1786831803.6939864,ERROR:ConnectionError,488.1758689880371
1786831803.6624172,ERROR:ConnectionError,524.2631435394287
1786831803.519563,ERROR:ConnectionError,667.7043437957764
1786831803.6833973,ERROR:ConnectionError,509.0832710266113
1786831803.7084563,ERROR:ConnectionError,499.0260601043701
1786831803.6483116,ERROR:ConnectionError,563.3091926574707
1786831803.6543872,ERROR:ConnectionError,562.0477199554443
1786831803.728089,ERROR:ConnectionError,490.2491569519043
1786831803.6255393,ERROR:ConnectionError,602.7171611785889
1786831803.7640986,ERROR:ConnectionError,464.80846405029297
1786831803.633466,ERROR:ConnectionError,606.99462890625
1786831803.7162356,ERROR:ConnectionError,526.8325805664062
1786831803.7050903,ERROR:ConnectionError,540.3807163238525
1786831803.6797707,ERROR:ConnectionError,575.8271217346191
1786831803.6914344,ERROR:ConnectionError,577.2504806518555
1786831803.7655106,ERROR:ConnectionError,503.7236213684082
1786831803.6487615,ERROR:ConnectionError,635.3158950805664
1786831803.6815677,ERROR:ConnectionError,611.2885475158691
1786831803.7649443,ERROR:ConnectionError,528.4829139709473
1786831803.4564428,ERROR:ConnectionError,838.6023044586182
1786831803.7428176,ERROR:ConnectionError,562.2353553771973
1786831803.841748,ERROR:ConnectionError,465.21925926208496
1786831803.9221556,ERROR:ConnectionError,389.1868591308594
1786831803.7179382,ERROR:ConnectionError,597.2330570220947
1786831803.9233987,ERROR:ConnectionError,399.860143661499
1786831803.7172377,ERROR:ConnectionError,610.7969284057617
1786831803.7894354,ERROR:ConnectionError,540.1015281677246
1786831803.9357176,ERROR:ConnectionError,399.6453285217285
1786831803.7308226,ERROR:ConnectionError,606.8978309631348
1786831803.9296312,ERROR:ConnectionError,410.5372428894043
1786831803.9465227,ERROR:ConnectionError,395.2152729034424
1786831803.9033473,ERROR:ConnectionError,447.2308158874512
1786831803.9419298,ERROR:ConnectionError,411.865234375
1786831803.9379492,ERROR:ConnectionError,419.36182975769043
1786831803.9332173,ERROR:ConnectionError,425.1115322113037
1786831803.9677975,ERROR:ConnectionError,395.69997787475586
1786831803.9792678,ERROR:ConnectionError,388.4866237640381
1786831803.965797,ERROR:ConnectionError,403.72347831726074
1786831803.9639106,ERROR:ConnectionError,410.20894050598145
1786831803.971456,ERROR:ConnectionError,405.61461448669434
1786831804.00037,ERROR:ConnectionError,377.26593017578125
1786831803.974272,ERROR:ConnectionError,403.8848876953125
1786831803.978878,ERROR:ConnectionError,435.5940818786621
1786831803.9722955,ERROR:ConnectionError,443.5269832611084
1786831803.9979615,ERROR:ConnectionError,438.0931854248047
1786831803.9819276,ERROR:ConnectionError,461.3008499145508
1786831804.002868,ERROR:ConnectionError,441.2264823913574
1786831803.9956782,ERROR:ConnectionError,448.85993003845215
1786831803.994059,ERROR:ConnectionError,457.22317695617676
1786831804.0055318,ERROR:ConnectionError,455.3043842315674
1786831804.019231,ERROR:ConnectionError,442.0804977416992
1786831804.0166569,ERROR:ConnectionError,445.17016410827637
1786831803.9984286,ERROR:ConnectionError,464.40839767456055
1786831804.0159836,ERROR:ConnectionError,449.6285915374756
1786831804.0358052,ERROR:ConnectionError,464.86520767211914
1786831804.0171435,ERROR:ConnectionError,485.8369827270508
1786831804.0295513,ERROR:ConnectionError,480.81016540527344
1786831804.026251,ERROR:ConnectionError,484.8299026489258
1786831804.0339699,ERROR:ConnectionError,487.76793479919434
1786831804.0411098,ERROR:ConnectionError,485.9447479248047
1786831804.0515277,ERROR:ConnectionError,481.853723526001
1786831804.0579243,ERROR:ConnectionError,481.0488224029541
1786831804.0385246,ERROR:ConnectionError,502.36964225769043
1786831804.060847,ERROR:ConnectionError,494.8105812072754
1786831804.0414734,ERROR:ConnectionError,514.8077011108398
1786831804.0693436,ERROR:ConnectionError,503.6158561706543
1786831804.067712,ERROR:ConnectionError,510.1654529571533
1786831804.0654066,ERROR:ConnectionError,516.4535045623779
1786831804.076054,ERROR:ConnectionError,506.4122676849365
1786831804.0870938,ERROR:ConnectionError,504.50778007507324
1786831804.0812948,ERROR:ConnectionError,510.91694831848145
1786831804.0855029,ERROR:ConnectionError,511.2271308898926
1786831804.0895774,ERROR:ConnectionError,508.96716117858887
1786831804.090623,ERROR:ConnectionError,512.9826068878174
1786831804.093104,ERROR:ConnectionError,511.36302947998047
1786831804.0706494,ERROR:ConnectionError,534.4171524047852
1786831804.0848093,ERROR:ConnectionError,532.0920944213867
1786831804.1003096,ERROR:ConnectionError,524.7881412506104
1786831804.116294,ERROR:ConnectionError,519.5567607879639
1786831804.1186874,ERROR:ConnectionError,520.7030773162842
1786831804.1258914,ERROR:ConnectionError,515.1798725128174
1786831804.1310635,ERROR:ConnectionError,516.1046981811523
1786831804.0947971,ERROR:ConnectionError,554.2914867401123
1786831804.1040158,ERROR:ConnectionError,557.5613975524902
1786831804.1292348,ERROR:ConnectionError,537.2519493103027
1786831804.1379776,ERROR:ConnectionError,532.966136932373
1786831804.1374416,ERROR:ConnectionError,540.0898456573486
1786831804.1392894,ERROR:ConnectionError,551.5632629394531
1786831804.1434188,ERROR:ConnectionError,551.7933368682861
1786831804.1454983,ERROR:ConnectionError,551.9752502441406
1786831804.150489,ERROR:ConnectionError,547.4143028259277
1786831804.1498542,ERROR:ConnectionError,572.0493793487549
1786831804.158061,ERROR:ConnectionError,596.898078918457
1786831804.1633263,ERROR:ConnectionError,597.6824760437012
1786831804.161516,ERROR:ConnectionError,602.7908325195312
1786831804.1610231,ERROR:ConnectionError,618.0391311645508
1786831804.1821692,ERROR:ConnectionError,603.2869815826416
1786831804.1603234,ERROR:ConnectionError,629.8692226409912
1786831804.1621392,ERROR:ConnectionError,628.5829544067383
1786831804.1872754,ERROR:ConnectionError,617.0876026153564
1786831804.1866887,ERROR:ConnectionError,619.4722652435303
1786831804.1599426,ERROR:ConnectionError,666.912317276001
1786831804.1816115,ERROR:ConnectionError,663.0809307098389
1786831804.2116375,ERROR:ConnectionError,670.529842376709
1786831804.2164464,ERROR:ConnectionError,696.1250305175781
1786831804.207496,ERROR:ConnectionError,719.5801734924316
1786831804.2282848,ERROR:ConnectionError,709.0818881988525
1786831804.2289176,ERROR:ConnectionError,724.6026992797852
1786831804.2404728,ERROR:ConnectionError,720.2727794647217
1786831804.24308,ERROR:ConnectionError,718.163013458252
1786831804.1924922,ERROR:ConnectionError,769.1547870635986
1786831804.245484,ERROR:ConnectionError,727.0278930664062
1786831804.2183506,ERROR:ConnectionError,778.069019317627
1786831804.2556114,ERROR:ConnectionError,759.6197128295898
1786831804.2692444,ERROR:ConnectionError,786.2603664398193
1786831804.2950532,ERROR:ConnectionError,768.4783935546875
1786831804.2687,ERROR:ConnectionError,798.4952926635742
1786831804.2928693,ERROR:ConnectionError,780.3716659545898
1786831804.2840953,ERROR:ConnectionError,792.0153141021729
1786831804.2934353,ERROR:ConnectionError,790.1134490966797
1786831804.3050728,ERROR:ConnectionError,780.0679206848145
1786831804.3151815,ERROR:ConnectionError,774.2745876312256
1786831804.3069842,ERROR:ConnectionError,799.7758388519287
1786831804.329546,ERROR:ConnectionError,778.6569595336914
1786831804.3280516,ERROR:ConnectionError,780.726432800293
1786831804.3377337,ERROR:ConnectionError,776.984691619873
1786831804.3113549,ERROR:ConnectionError,810.9264373779297
1786831804.3232775,ERROR:ConnectionError,799.4863986968994
1786831804.3417504,ERROR:ConnectionError,785.2585315704346
1786831804.3401802,ERROR:ConnectionError,788.0644798278809
1786831804.335377,ERROR:ConnectionError,798.1781959533691
1786831804.3505895,ERROR:ConnectionError,786.9341373443604
1786831804.3573272,ERROR:ConnectionError,795.3217029571533
1786831804.353806,ERROR:ConnectionError,808.6276054382324
1786831804.3741305,ERROR:ConnectionError,789.6511554718018
1786831804.3677673,ERROR:ConnectionError,799.6187210083008
1786831804.3583403,ERROR:ConnectionError,816.8065547943115
1786831804.3695338,ERROR:ConnectionError,810.960054397583
1786831804.3635104,ERROR:ConnectionError,819.629430770874
1786831804.4144974,ERROR:ConnectionError,771.5504169464111
1786831804.4158325,ERROR:ConnectionError,785.571813583374
1786831804.4360745,ERROR:ConnectionError,768.4454917907715
1786831804.4432414,ERROR:ConnectionError,764.48655128479
1786831804.3776448,ERROR:ConnectionError,842.2548770904541
1786831804.3781729,ERROR:ConnectionError,843.3997631072998
1786831804.444105,ERROR:ConnectionError,781.2163829803467
1786831804.377084,ERROR:ConnectionError,853.0802726745605
1786831804.4613206,ERROR:ConnectionError,784.4395637512207
1786831804.4512987,ERROR:ConnectionError,818.3605670928955
1786831804.4628453,ERROR:ConnectionError,811.845064163208
1786831804.4618413,ERROR:ConnectionError,828.582763671875
1786831804.465626,ERROR:ConnectionError,827.5299072265625
1786831804.460848,ERROR:ConnectionError,849.6198654174805
1786831804.4445474,ERROR:ConnectionError,876.8551349639893
1786831804.5006902,ERROR:ConnectionError,821.9881057739258
1786831804.5029933,ERROR:ConnectionError,827.0895481109619
1786831804.510374,ERROR:ConnectionError,828.2535076141357
1786831804.521754,ERROR:ConnectionError,822.446346282959
1786831804.533391,ERROR:ConnectionError,814.1570091247559
1786831804.5110915,ERROR:ConnectionError,836.921215057373
1786831804.5270684,ERROR:ConnectionError,822.1309185028076
1786831804.538986,ERROR:ConnectionError,820.7073211669922
1786831804.5562959,ERROR:ConnectionError,803.7984371185303
1786831804.555677,ERROR:ConnectionError,804.7683238983154
1786831804.5729752,ERROR:ConnectionError,794.3339347839355
1786831804.581874,ERROR:ConnectionError,788.7177467346191
1786831804.577889,ERROR:ConnectionError,794.5432662963867
1786831804.5409102,ERROR:ConnectionError,831.8581581115723
1786831804.5824752,ERROR:ConnectionError,791.7819023132324
1786831804.592223,ERROR:ConnectionError,783.2295894622803
1786831804.5916135,ERROR:ConnectionError,787.8146171569824
1786831804.6036205,ERROR:ConnectionError,783.6594581604004
1786831804.6044774,ERROR:ConnectionError,783.9152812957764
1786831804.5985548,ERROR:ConnectionError,790.2939319610596
1786831804.5967407,ERROR:ConnectionError,794.7385311126709
1786831804.6251159,ERROR:ConnectionError,773.7500667572021
1786831804.605077,ERROR:ConnectionError,797.461986541748
1786831804.6358633,ERROR:ConnectionError,768.1570053100586
1786831804.6410842,ERROR:ConnectionError,766.3652896881104
1786831804.6169553,ERROR:ConnectionError,790.9114360809326
1786831804.639404,ERROR:ConnectionError,773.0636596679688
1786831804.6491013,ERROR:ConnectionError,765.9106254577637
1786831804.6471806,ERROR:ConnectionError,774.381160736084
1786831804.6664994,ERROR:ConnectionError,757.0359706878662
1786831804.6615932,ERROR:ConnectionError,767.364501953125
1786831804.6710925,ERROR:ConnectionError,759.5963478088379
1786831804.6775434,ERROR:ConnectionError,762.1243000030518
1786831804.6909723,ERROR:ConnectionError,749.741792678833
1786831804.6952224,ERROR:ConnectionError,747.9054927825928
1786831804.7219179,ERROR:ConnectionError,726.4978885650635
1786831804.6979113,ERROR:ConnectionError,755.3465366363525
1786831804.6974838,ERROR:ConnectionError,757.8883171081543
1786831804.7549791,ERROR:ConnectionError,707.5247764587402
1786831804.7610748,ERROR:ConnectionError,703.8025856018066
1786831804.7643166,ERROR:ConnectionError,704.2624950408936
1786831804.7854722,ERROR:ConnectionError,690.0405883789062
1786831804.7790747,ERROR:ConnectionError,697.6499557495117
1786831804.7907314,ERROR:ConnectionError,686.3670349121094
1786831804.8268683,ERROR:ConnectionError,656.9304466247559
1786831804.8043792,ERROR:ConnectionError,680.5028915405273
1786831804.9535317,ERROR:ConnectionError,533.5030555725098
1786831804.9270904,ERROR:ConnectionError,560.5649948120117
1786831804.8061724,ERROR:ConnectionError,684.6885681152344
1786831804.7902086,ERROR:ConnectionError,701.8420696258545
1786831804.9612522,ERROR:ConnectionError,533.1580638885498
1786831804.9125853,ERROR:ConnectionError,583.7907791137695
1786831804.9607604,ERROR:ConnectionError,537.6734733581543
1786831804.8447058,ERROR:ConnectionError,657.2730541229248
1786831805.0152466,ERROR:ConnectionError,490.018367767334
1786831804.8822255,ERROR:ConnectionError,626.6632080078125
1786831805.055516,ERROR:ConnectionError,455.28531074523926
1786831804.93738,ERROR:ConnectionError,584.2578411102295
1786831804.9725316,ERROR:ConnectionError,550.1484870910645
1786831805.073253,ERROR:ConnectionError,452.85558700561523
1786831805.0761213,ERROR:ConnectionError,454.2689323425293
1786831804.9616556,ERROR:ConnectionError,569.4198608398438
1786831805.0635436,ERROR:ConnectionError,469.2807197570801
1786831805.0835934,ERROR:ConnectionError,449.601411819458
1786831805.0894682,ERROR:ConnectionError,444.7822570800781
1786831805.067203,ERROR:ConnectionError,471.6520309448242
1786831804.9964314,ERROR:ConnectionError,542.834997177124
1786831805.0851502,ERROR:ConnectionError,456.67433738708496
1786831805.1067722,ERROR:ConnectionError,437.0567798614502
1786831805.1082118,ERROR:ConnectionError,436.1903667449951
1786831805.1222923,ERROR:ConnectionError,427.49834060668945
1786831805.108786,ERROR:ConnectionError,449.69940185546875
1786831805.128254,ERROR:ConnectionError,438.08865547180176
1786831805.1147285,ERROR:ConnectionError,457.3850631713867
1786831805.1270185,ERROR:ConnectionError,455.63220977783203
1786831805.1637928,ERROR:ConnectionError,420.635461807251
1786831805.1335664,ERROR:ConnectionError,454.6494483947754
1786831805.1860561,ERROR:ConnectionError,407.75060653686523
1786831805.1805065,ERROR:ConnectionError,414.3338203430176
1786831805.1673949,ERROR:ConnectionError,428.01523208618164
1786831805.1751559,ERROR:ConnectionError,420.90868949890137
1786831805.162446,ERROR:ConnectionError,434.65638160705566
1786831805.1831486,ERROR:ConnectionError,414.4477844238281
1786831805.1375337,ERROR:ConnectionError,460.5603218078613
1786831805.1526666,ERROR:ConnectionError,445.889949798584
1786831805.2077384,ERROR:ConnectionError,392.6093578338623
1786831805.20453,ERROR:ConnectionError,399.0802764892578
1786831805.122773,ERROR:ConnectionError,485.92352867126465
1786831805.2199602,ERROR:ConnectionError,390.48099517822266
1786831805.2457738,ERROR:ConnectionError,369.3366050720215
1786831805.2014158,ERROR:ConnectionError,417.0947074890137
1786831805.2904356,ERROR:ConnectionError,341.74418449401855
1786831805.3214135,ERROR:ConnectionError,319.84400749206543
1786831805.2747004,ERROR:ConnectionError,378.5064220428467
1786831805.2696722,ERROR:ConnectionError,385.85472106933594
1786831805.3597054,ERROR:ConnectionError,298.94447326660156
1786831805.3442113,ERROR:ConnectionError,316.70379638671875
1786831805.3475602,ERROR:ConnectionError,318.7892436981201
1786831805.360452,ERROR:ConnectionError,308.6209297180176
1786831805.2301757,ERROR:ConnectionError,442.4877166748047
1786831805.2215824,ERROR:ConnectionError,455.32798767089844
1786831805.3386388,ERROR:ConnectionError,340.9440517425537
1786831805.3480206,ERROR:ConnectionError,336.6718292236328
1786831805.4074578,ERROR:ConnectionError,281.8586826324463
1786831805.3706014,ERROR:ConnectionError,321.3639259338379
1786831805.3884044,ERROR:ConnectionError,304.2466640472412
1786831805.423545,ERROR:ConnectionError,313.9934539794922
1786831805.3794363,ERROR:ConnectionError,361.81068420410156
1786831805.2931662,ERROR:ConnectionError,448.5015869140625
1786831805.4431376,ERROR:ConnectionError,310.14275550842285
1786831805.498445,ERROR:ConnectionError,255.2928924560547
1786831805.3104808,ERROR:ConnectionError,443.9206123352051
1786831805.477106,ERROR:ConnectionError,279.41131591796875
1786831805.4407232,ERROR:ConnectionError,318.93253326416016
1786831805.3492079,ERROR:ConnectionError,410.86769104003906
1786831805.3226852,ERROR:ConnectionError,438.14587593078613
1786831805.3673215,ERROR:ConnectionError,393.92590522766113
1786831805.387289,ERROR:ConnectionError,377.0565986633301
1786831805.3914886,ERROR:ConnectionError,373.4743595123291
1786831805.4289668,ERROR:ConnectionError,339.7376537322998
1786831805.3301055,ERROR:ConnectionError,446.22206687927246
1786831805.3754601,ERROR:ConnectionError,404.0553569793701
1786831805.49087,ERROR:ConnectionError,289.92533683776855
1786831805.4150734,ERROR:ConnectionError,366.4858341217041
1786831805.3742652,ERROR:ConnectionError,408.658504486084
1786831805.5019877,ERROR:ConnectionError,281.37969970703125
1786831805.3601022,ERROR:ConnectionError,423.8893985748291
1786831805.464888,ERROR:ConnectionError,319.72503662109375
1786831805.4838073,ERROR:ConnectionError,302.5541305541992
1786831805.455381,ERROR:ConnectionError,332.2749137878418
1786831805.4040277,ERROR:ConnectionError,384.1826915740967
1786831805.4025462,ERROR:ConnectionError,387.03417778015137
1786831805.412477,ERROR:ConnectionError,377.81572341918945
1786831805.4078765,ERROR:ConnectionError,384.5975399017334
1786831805.2253299,ERROR:ConnectionError,568.7949657440186
1786831805.4396772,ERROR:ConnectionError,354.81977462768555
1786831805.372442,ERROR:ConnectionError,425.43959617614746
1786831805.475522,ERROR:ConnectionError,322.767972946167
1786831805.4306984,ERROR:ConnectionError,370.5759048461914
1786831805.522691,ERROR:ConnectionError,281.6202640533447
1786831805.4964554,ERROR:ConnectionError,315.5665397644043
1786831805.5444126,ERROR:ConnectionError,268.11671257019043
1786831805.4484255,ERROR:ConnectionError,372.4660873413086
1786831805.3888578,ERROR:ConnectionError,436.39588356018066
1786831805.4625142,ERROR:ConnectionError,367.88034439086914
1786831805.4767342,ERROR:ConnectionError,355.7310104370117
1786831805.398875,ERROR:ConnectionError,440.3724670410156
1786831805.5052779,ERROR:ConnectionError,338.578462600708
1786831805.4215727,ERROR:ConnectionError,428.68757247924805
1786831805.4532683,ERROR:ConnectionError,399.11913871765137
1786831805.530401,ERROR:ConnectionError,324.18370246887207
1786831805.4848917,ERROR:ConnectionError,373.4607696533203
1786831805.5332346,ERROR:ConnectionError,328.14979553222656
1786831805.3728647,ERROR:ConnectionError,493.8673973083496
1786831805.487044,ERROR:ConnectionError,380.1159858703613
1786831805.5218685,ERROR:ConnectionError,347.38826751708984
1786831805.526117,ERROR:ConnectionError,348.3285903930664
1786831805.5342584,ERROR:ConnectionError,346.71664237976074
1786831805.5392728,ERROR:ConnectionError,342.3755168914795
1786831805.5108109,ERROR:ConnectionError,376.1258125305176
1786831805.4685876,ERROR:ConnectionError,425.86588859558105
1786831805.538869,ERROR:ConnectionError,357.2208881378174
1786831805.487662,ERROR:ConnectionError,412.1289253234863
1786831805.4944174,ERROR:ConnectionError,409.6968173980713
1786831805.4920747,ERROR:ConnectionError,417.88458824157715
1786831805.5663536,ERROR:ConnectionError,347.8963375091553
1786831805.5089035,ERROR:ConnectionError,419.9409484863281
1786831805.5584939,ERROR:ConnectionError,377.06565856933594
1786831805.5438366,ERROR:ConnectionError,401.13019943237305
1786831805.5418336,ERROR:ConnectionError,403.8679599761963
1786831805.5498002,ERROR:ConnectionError,413.10667991638184
1786831805.594849,ERROR:ConnectionError,369.3366050720215
1786831805.5971098,ERROR:ConnectionError,377.7029514312744
1786831805.5960755,ERROR:ConnectionError,382.2510242462158
1786831805.5882254,ERROR:ConnectionError,393.0847644805908
1786831805.632191,ERROR:ConnectionError,349.6255874633789
1786831805.5981011,ERROR:ConnectionError,384.3801021575928
1786831805.6586592,ERROR:ConnectionError,325.4821300506592
1786831805.6155136,ERROR:ConnectionError,369.4014549255371
1786831805.6087074,ERROR:ConnectionError,378.49926948547363
1786831805.584437,ERROR:ConnectionError,408.480167388916
1786831805.532833,ERROR:ConnectionError,461.54165267944336
1786831805.6847024,ERROR:ConnectionError,312.7322196960449
1786831805.531083,ERROR:ConnectionError,470.40534019470215
1786831805.5826595,ERROR:ConnectionError,423.6912727355957
1786831805.6555364,ERROR:ConnectionError,358.54196548461914
1786831805.593816,ERROR:ConnectionError,423.8615036010742
1786831805.6185186,ERROR:ConnectionError,399.8081684112549
1786831805.6795921,ERROR:ConnectionError,340.21663665771484
1786831805.6532211,ERROR:ConnectionError,368.6838150024414
1786831805.5976024,ERROR:ConnectionError,426.3267517089844
1786831805.641266,ERROR:ConnectionError,387.9077434539795
1786831805.6036205,ERROR:ConnectionError,429.1870594024658
1786831805.6769652,ERROR:ConnectionError,358.0043315887451
1786831805.5985625,ERROR:ConnectionError,438.66968154907227
1786831805.6609297,ERROR:ConnectionError,387.6345157623291
1786831805.6726747,ERROR:ConnectionError,383.2125663757324
1786831805.7375536,ERROR:ConnectionError,323.3180046081543
1786831805.6104493,ERROR:ConnectionError,454.5769691467285
1786831805.8252642,ERROR:ConnectionError,242.39563941955566
1786831805.6663616,ERROR:ConnectionError,403.5451412200928
1786831805.768715,ERROR:ConnectionError,301.6829490661621
1786831805.756526,ERROR:ConnectionError,316.9231414794922
1786831805.7649705,ERROR:ConnectionError,309.73005294799805
1786831805.6690829,ERROR:ConnectionError,406.19492530822754
1786831805.6003566,ERROR:ConnectionError,476.2763977050781
1786831805.5721228,ERROR:ConnectionError,510.8611583709717
1786831805.794504,ERROR:ConnectionError,291.3839817047119
1786831805.7416744,ERROR:ConnectionError,344.7127342224121
1786831805.5954182,ERROR:ConnectionError,496.02651596069336
1786831805.6926582,ERROR:ConnectionError,399.64890480041504
1786831805.7643538,ERROR:ConnectionError,332.26895332336426
1786831805.7839987,ERROR:ConnectionError,313.39049339294434
1786831805.7544122,ERROR:ConnectionError,357.7110767364502
1786831805.8012824,ERROR:ConnectionError,313.92502784729004
1786831805.7978902,ERROR:ConnectionError,317.9776668548584
1786831805.812538,ERROR:ConnectionError,305.16815185546875
1786831805.7863698,ERROR:ConnectionError,333.3272933959961
1786831805.7612545,ERROR:ConnectionError,361.04488372802734
1786831805.7982974,ERROR:ConnectionError,330.0917148590088
1786831805.7763393,ERROR:ConnectionError,353.1186580657959
1786831805.7815673,ERROR:ConnectionError,354.02536392211914
1786831805.759666,ERROR:ConnectionError,376.4808177947998
1786831805.8304052,ERROR:ConnectionError,308.0785274505615
1786831805.782931,ERROR:ConnectionError,360.7454299926758
1786831805.874457,ERROR:ConnectionError,274.76954460144043
1786831805.6893294,ERROR:ConnectionError,460.3466987609863
1786831805.7537453,ERROR:ConnectionError,396.3196277618408
1786831805.7833755,ERROR:ConnectionError,372.5743293762207
1786831805.8120322,ERROR:ConnectionError,347.28145599365234
1786831805.7600808,ERROR:ConnectionError,403.5453796386719
1786831805.861393,ERROR:ConnectionError,302.69646644592285
1786831805.8209038,ERROR:ConnectionError,344.590425491333
1786831805.8869462,ERROR:ConnectionError,280.0941467285156
1786831805.7882175,ERROR:ConnectionError,379.41884994506836
1786831805.8998048,ERROR:ConnectionError,269.3448066711426
1786831805.8545926,ERROR:ConnectionError,315.35887718200684
1786831805.7795265,ERROR:ConnectionError,393.3253288269043
1786831805.8816557,ERROR:ConnectionError,292.1416759490967
1786831805.6919763,ERROR:ConnectionError,482.2578430175781
1786831805.880985,ERROR:ConnectionError,301.99432373046875
1786831805.7846212,ERROR:ConnectionError,398.895263671875
1786831805.7532892,ERROR:ConnectionError,431.5500259399414
1786831805.7876654,ERROR:ConnectionError,402.9965400695801
1786831805.7903001,ERROR:ConnectionError,404.0064811706543
1786831805.780804,ERROR:ConnectionError,415.90309143066406
1786831805.7412572,ERROR:ConnectionError,458.77838134765625
1786831805.9449759,ERROR:ConnectionError,260.6525421142578
1786831805.8438663,ERROR:ConnectionError,367.30122566223145
1786831805.9142625,ERROR:ConnectionError,297.88827896118164
1786831805.896098,ERROR:ConnectionError,317.366361618042
1786831805.8502948,ERROR:ConnectionError,365.07105827331543
1786831805.8944616,ERROR:ConnectionError,321.32935523986816
1786831805.9099667,ERROR:ConnectionError,311.629056930542
1786831805.8692648,ERROR:ConnectionError,352.80823707580566
1786831805.7895906,ERROR:ConnectionError,433.2842826843262
1786831805.8324733,ERROR:ConnectionError,392.2567367553711
1786831805.9824867,ERROR:ConnectionError,243.3028221130371
1786831805.9355686,ERROR:ConnectionError,293.1935787200928
1786831805.9629173,ERROR:ConnectionError,276.95298194885254
1786831806.006359,ERROR:ConnectionError,238.93260955810547
1786831805.7941334,ERROR:ConnectionError,451.6580104827881
1786831805.7924864,ERROR:ConnectionError,454.15592193603516
1786831805.8671658,ERROR:ConnectionError,380.1708221435547
1786831805.9457097,ERROR:ConnectionError,303.7726879119873
1786831806.0176878,ERROR:ConnectionError,234.6513271331787
1786831805.9041226,ERROR:ConnectionError,348.677396774292
1786831805.8667402,ERROR:ConnectionError,386.5218162536621
1786831805.9641938,ERROR:ConnectionError,296.2479591369629
1786831805.9974427,ERROR:ConnectionError,265.46192169189453
1786831806.0140886,ERROR:ConnectionError,249.58395957946777
1786831805.8043194,ERROR:ConnectionError,460.890531539917
1786831805.760839,ERROR:ConnectionError,505.4051876068115
1786831805.9818249,ERROR:ConnectionError,284.76452827453613
1786831805.858362,ERROR:ConnectionError,413.0513668060303
1786831805.9783363,ERROR:ConnectionError,295.59826850891113
1786831805.8392553,ERROR:ConnectionError,440.42396545410156
1786831806.0239375,ERROR:ConnectionError,259.27066802978516
1786831806.0676713,ERROR:ConnectionError,216.17364883422852
1786831805.9288542,ERROR:ConnectionError,357.8355312347412
1786831805.8524404,ERROR:ConnectionError,440.35840034484863
1786831806.0747097,ERROR:ConnectionError,220.49808502197266
1786831806.0485747,ERROR:ConnectionError,248.28791618347168
1786831805.9813213,ERROR:ConnectionError,325.34050941467285
1786831806.0704062,ERROR:ConnectionError,236.88459396362305
1786831806.0014963,ERROR:ConnectionError,310.5959892272949
1786831805.9943836,ERROR:ConnectionError,318.15195083618164
1786831806.0923164,ERROR:ConnectionError,221.2522029876709
1786831805.9849234,ERROR:ConnectionError,331.39896392822266
1786831806.0699675,ERROR:ConnectionError,250.07009506225586
1786831806.0198166,ERROR:ConnectionError,300.5549907684326
1786831806.0734582,ERROR:ConnectionError,249.88198280334473
1786831806.0858965,ERROR:ConnectionError,246.98114395141602
1786831805.9929304,ERROR:ConnectionError,345.2274799346924
1786831806.1223104,ERROR:ConnectionError,221.59934043884277
1786831806.0183566,ERROR:ConnectionError,326.45392417907715
1786831806.0349786,ERROR:ConnectionError,311.8910789489746
1786831806.0372434,ERROR:ConnectionError,312.72435188293457
1786831805.9748232,ERROR:ConnectionError,375.5955696105957
1786831806.0558968,ERROR:ConnectionError,294.9542999267578
1786831806.0328202,ERROR:ConnectionError,321.1252689361572
1786831805.9841495,ERROR:ConnectionError,377.96711921691895
1786831806.0291831,ERROR:ConnectionError,337.4819755554199
1786831806.0219126,ERROR:ConnectionError,351.8991470336914
1786831806.1158772,ERROR:ConnectionError,258.6851119995117
1786831806.0650368,ERROR:ConnectionError,309.8618984222412
1786831806.0914528,ERROR:ConnectionError,286.041259765625
1786831806.1197054,ERROR:ConnectionError,281.8336486816406
1786831805.9872162,ERROR:ConnectionError,415.2109622955322
1786831806.112135,ERROR:ConnectionError,290.57860374450684
1786831806.0829942,ERROR:ConnectionError,322.01123237609863
1786831806.1152172,ERROR:ConnectionError,291.8417453765869
1786831806.0766404,ERROR:ConnectionError,336.6260528564453
1786831806.1177151,ERROR:ConnectionError,315.0780200958252
1786831806.086395,ERROR:ConnectionError,347.87774085998535
1786831806.060882,ERROR:ConnectionError,381.2108039855957
1786831806.0974412,ERROR:ConnectionError,355.9715747833252
1786831806.0752883,ERROR:ConnectionError,380.22303581237793
1786831806.0966322,ERROR:ConnectionError,504.9316883087158
1786831806.1283994,ERROR:ConnectionError,484.58242416381836
1786831806.150072,ERROR:ConnectionError,466.43638610839844
1786831806.1436853,ERROR:ConnectionError,474.2438793182373
1786831806.1384928,ERROR:ConnectionError,485.95285415649414
1786831806.1655028,ERROR:ConnectionError,459.6395492553711
1786831806.1294653,ERROR:ConnectionError,501.1739730834961
1786831806.163686,ERROR:ConnectionError,473.5286235809326
1786831806.167646,ERROR:ConnectionError,470.23558616638184
1786831806.1492352,ERROR:ConnectionError,489.2923831939697
1786831806.135602,ERROR:ConnectionError,503.3409595489502
1786831806.1742427,ERROR:ConnectionError,471.0543155670166
1786831806.1361547,ERROR:ConnectionError,509.56034660339355
1786831806.1593413,ERROR:ConnectionError,487.50829696655273
1786831806.1559596,ERROR:ConnectionError,503.7057399749756
1786831806.1967173,ERROR:ConnectionError,468.8742160797119
1786831806.2000456,ERROR:ConnectionError,483.66451263427734
1786831806.1835234,ERROR:ConnectionError,501.8627643585205
1786831806.1943183,ERROR:ConnectionError,493.9415454864502
1786831806.1670492,ERROR:ConnectionError,525.658369064331
1786831806.1738057,ERROR:ConnectionError,521.2597846984863
1786831806.2157967,ERROR:ConnectionError,480.226993560791
1786831806.1691566,ERROR:ConnectionError,527.3675918579102
1786831806.225796,ERROR:ConnectionError,477.6499271392822
1786831806.1906712,ERROR:ConnectionError,518.622875213623
1786831806.2466516,ERROR:ConnectionError,468.63746643066406
1786831806.211177,ERROR:ConnectionError,507.03978538513184
1786831806.1640973,ERROR:ConnectionError,560.9371662139893
1786831806.2458024,ERROR:ConnectionError,487.5831604003906
1786831806.2228816,ERROR:ConnectionError,514.0364170074463
1786831806.239879,ERROR:ConnectionError,499.07374382019043
1786831806.2739427,ERROR:ConnectionError,472.15938568115234
1786831806.296871,ERROR:ConnectionError,450.4671096801758
1786831806.182992,ERROR:ConnectionError,583.5106372833252
1786831806.1728644,ERROR:ConnectionError,598.1926918029785
1786831806.2832146,ERROR:ConnectionError,492.22683906555176
1786831806.1700132,ERROR:ConnectionError,606.9459915161133
1786831806.2056406,ERROR:ConnectionError,578.4735679626465
1786831806.3135755,ERROR:ConnectionError,478.62958908081055
1786831806.213473,ERROR:ConnectionError,583.0855369567871
1786831806.2216063,ERROR:ConnectionError,590.9430980682373
1786831806.3328874,ERROR:ConnectionError,485.4164123535156
1786831806.2838519,ERROR:ConnectionError,534.8927974700928
1786831806.286699,ERROR:ConnectionError,537.5878810882568
1786831806.2453005,ERROR:ConnectionError,581.2134742736816
1786831806.3073003,ERROR:ConnectionError,527.266263961792
1786831806.2629135,ERROR:ConnectionError,577.3499011993408
1786831806.3066719,ERROR:ConnectionError,543.9300537109375
1786831806.266251,ERROR:ConnectionError,586.9121551513672
1786831806.2153769,ERROR:ConnectionError,642.9417133331299
1786831806.2796884,ERROR:ConnectionError,583.3337306976318
1786831806.2952156,ERROR:ConnectionError,571.8371868133545
1786831806.2652197,ERROR:ConnectionError,602.7519702911377
1786831806.2604518,ERROR:ConnectionError,608.0968379974365
1786831806.3203783,ERROR:ConnectionError,551.3300895690918
1786831806.2528098,ERROR:ConnectionError,630.7845115661621
1786831806.1496844,ERROR:ConnectionError,735.6486320495605
1786831806.2928097,ERROR:ConnectionError,599.0898609161377
1786831806.2247388,ERROR:ConnectionError,669.14963722229
1786831806.3508577,ERROR:ConnectionError,543.9200401306152
1786831806.3539531,ERROR:ConnectionError,573.845386505127
1786831806.2665968,ERROR:ConnectionError,668.8587665557861
1786831806.2523527,ERROR:ConnectionError,684.8781108856201
1786831806.2636805,ERROR:ConnectionError,678.8122653961182
1786831806.3499763,ERROR:ConnectionError,611.7146015167236
1786831806.2714233,ERROR:ConnectionError,703.4773826599121
1786831806.2287695,ERROR:ConnectionError,753.2274723052979
1786831806.338168,ERROR:ConnectionError,658.0779552459717
1786831806.2121584,ERROR:ConnectionError,794.7368621826172
1786831806.24949,ERROR:ConnectionError,758.5749626159668
1786831806.1848474,ERROR:ConnectionError,823.7059116363525
1786831806.3749056,ERROR:ConnectionError,636.0938549041748
1786831806.2221518,ERROR:ConnectionError,794.8153018951416
1786831806.344821,ERROR:ConnectionError,674.1664409637451
1786831806.2532692,ERROR:ConnectionError,767.2829627990723
1786831806.4342837,ERROR:ConnectionError,602.3764610290527
1786831806.3233495,ERROR:ConnectionError,715.3434753417969
1786831806.366674,ERROR:ConnectionError,674.5142936706543
1786831806.3121014,ERROR:ConnectionError,729.8266887664795
1786831806.247343,ERROR:ConnectionError,809.4401359558105
1786831806.3163319,ERROR:ConnectionError,741.4066791534424
1786831806.3200495,ERROR:ConnectionError,739.4733428955078
1786831806.4024343,ERROR:ConnectionError,658.1637859344482
1786831806.346877,ERROR:ConnectionError,714.1647338867188
1786831806.3738208,ERROR:ConnectionError,700.8037567138672
1786831806.3125448,ERROR:ConnectionError,764.6961212158203
1786831806.4050128,ERROR:ConnectionError,674.8466491699219
1786831806.377502,ERROR:ConnectionError,719.5069789886475
1786831806.3745706,ERROR:ConnectionError,724.8051166534424
1786831806.4027205,ERROR:ConnectionError,701.6270160675049
1786831806.3439198,ERROR:ConnectionError,762.3412609100342
1786831806.4015493,ERROR:ConnectionError,705.150842666626
1786831806.4421017,ERROR:ConnectionError,673.7260818481445
1786831806.4328015,ERROR:ConnectionError,683.6786270141602
1786831806.4555223,ERROR:ConnectionError,676.985502243042
1786831806.4132757,ERROR:ConnectionError,724.5452404022217
1786831806.3504262,ERROR:ConnectionError,792.0992374420166
1786831806.453423,ERROR:ConnectionError,689.661979675293
1786831806.407067,ERROR:ConnectionError,741.410493850708
1786831806.6179373,ERROR:ConnectionError,536.3552570343018
1786831806.3621256,ERROR:ConnectionError,795.046329498291
1786831806.6165273,ERROR:ConnectionError,544.119119644165
1786831806.6129966,ERROR:ConnectionError,561.0694885253906
1786831806.6251497,ERROR:ConnectionError,564.4803047180176
1786831806.6244586,ERROR:ConnectionError,574.859619140625
1786831806.6378908,ERROR:ConnectionError,573.0583667755127
1786831806.6306531,ERROR:ConnectionError,584.7344398498535
1786831806.6385386,ERROR:ConnectionError,578.8757801055908
1786831806.6372266,ERROR:ConnectionError,589.3206596374512
1786831806.6457248,ERROR:ConnectionError,587.6855850219727
1786831806.6015756,ERROR:ConnectionError,640.0299072265625
1786831806.6656046,ERROR:ConnectionError,583.1925868988037
1786831806.6468587,ERROR:ConnectionError,606.4836978912354
1786831806.6596797,ERROR:ConnectionError,602.8876304626465
1786831806.6389508,ERROR:ConnectionError,628.0393600463867
1786831806.645308,ERROR:ConnectionError,640.9709453582764
1786831806.6853964,ERROR:ConnectionError,618.5572147369385
1786831806.6837232,ERROR:ConnectionError,623.9266395568848
1786831806.6882732,ERROR:ConnectionError,625.4110336303711
1786831806.6960325,ERROR:ConnectionError,641.2768363952637
1786831806.6927204,ERROR:ConnectionError,661.4391803741455
1786831806.709303,ERROR:ConnectionError,659.914493560791
1786831806.6965325,ERROR:ConnectionError,673.0153560638428
1786831806.6950772,ERROR:ConnectionError,678.2498359680176
1786831806.7182274,ERROR:ConnectionError,659.8951816558838
1786831806.725062,ERROR:ConnectionError,657.2265625
1786831806.7369292,ERROR:ConnectionError,649.5776176452637
1786831806.7334714,ERROR:ConnectionError,653.5546779632568
1786831806.7034574,ERROR:ConnectionError,692.556619644165
1786831806.7153013,ERROR:ConnectionError,695.0242519378662
1786831806.746117,ERROR:ConnectionError,670.9883213043213
1786831806.738962,ERROR:ConnectionError,725.2147197723389
1786831806.7473505,ERROR:ConnectionError,723.0358123779297
1786831806.7665145,ERROR:ConnectionError,711.7588520050049
1786831806.7710705,ERROR:ConnectionError,781.5158367156982
1786831806.7755077,ERROR:ConnectionError,782.6869487762451
1786831806.7841253,ERROR:ConnectionError,830.5792808532715
1786831806.777119,ERROR:ConnectionError,882.666826248169
1786831806.7922227,ERROR:ConnectionError,873.9047050476074
1786831806.8125641,ERROR:ConnectionError,910.5072021484375
1786831806.8183165,ERROR:ConnectionError,936.042308807373
1786831806.7965703,ERROR:ConnectionError,1042.0072078704834
1786831806.8187509,ERROR:ConnectionError,1024.4076251983643
1786831806.83458,ERROR:ConnectionError,1010.2870464324951
1786831806.824301,ERROR:ConnectionError,1020.8780765533447
1786831806.826528,ERROR:ConnectionError,1024.705171585083
1786831806.858334,ERROR:ConnectionError,1109.6882820129395
1786831806.8402753,ERROR:ConnectionError,1136.8508338928223
1786831806.8506162,ERROR:ConnectionError,1131.2150955200195
1786831806.8531737,ERROR:ConnectionError,1132.5814723968506
1786831806.8717225,ERROR:ConnectionError,1115.9420013427734
1786831806.867064,ERROR:ConnectionError,1128.2682418823242
1786831806.863035,ERROR:ConnectionError,1132.7636241912842
1786831806.8685572,ERROR:ConnectionError,1134.6266269683838
1786831806.885346,ERROR:ConnectionError,1127.903938293457
1786831806.8679833,ERROR:ConnectionError,1148.9994525909424
1786831806.8947916,ERROR:ConnectionError,1125.133991241455
1786831806.891992,ERROR:ConnectionError,1153.7625789642334
1786831806.94251,ERROR:ConnectionError,1107.8543663024902
1786831806.8836083,ERROR:ConnectionError,1171.642780303955
1786831806.9617064,ERROR:ConnectionError,1095.6003665924072
1786831806.9278126,ERROR:ConnectionError,1132.8222751617432
1786831806.974915,ERROR:ConnectionError,1093.4491157531738
1786831806.9354672,ERROR:ConnectionError,1134.967565536499
1786831806.8939044,ERROR:ConnectionError,1177.7606010437012
1786831806.9820092,ERROR:ConnectionError,1092.4625396728516
1786831806.9372406,ERROR:ConnectionError,1139.0619277954102
1786831806.9962642,ERROR:ConnectionError,1093.6851501464844
1786831807.011012,ERROR:ConnectionError,1087.2929096221924
1786831807.0205643,ERROR:ConnectionError,1082.3931694030762
1786831807.006929,ERROR:ConnectionError,1096.3890552520752
1786831807.0080779,ERROR:ConnectionError,1102.2932529449463
1786831807.0085628,ERROR:ConnectionError,1109.3635559082031
1786831807.0412028,ERROR:ConnectionError,1079.2598724365234
1786831807.018995,ERROR:ConnectionError,1102.7030944824219
1786831807.0610533,ERROR:ConnectionError,1086.712121963501
1786831807.0387077,ERROR:ConnectionError,1111.7827892303467
1786831807.0169804,ERROR:ConnectionError,1140.4643058776855
1786831807.0577471,ERROR:ConnectionError,1103.637933731079
1786831807.0419388,ERROR:ConnectionError,1123.1446266174316
1786831807.0772603,ERROR:ConnectionError,1098.0403423309326
1786831807.036672,ERROR:ConnectionError,1139.2149925231934
1786831807.097025,ERROR:ConnectionError,1082.6427936553955
1786831807.0746348,ERROR:ConnectionError,1111.3948822021484
1786831807.1067076,ERROR:ConnectionError,1081.1212062835693
1786831807.0595422,ERROR:ConnectionError,1134.2918872833252
1786831807.056796,ERROR:ConnectionError,1145.8539962768555
1786831807.1043618,ERROR:ConnectionError,1099.7095108032227
1786831807.1164882,ERROR:ConnectionError,1093.794345855713
1786831807.1325202,ERROR:ConnectionError,1082.6852321624756
1786831807.0993881,ERROR:ConnectionError,1116.605520248413
1786831807.1378334,ERROR:ConnectionError,1078.9687633514404
1786831807.1062703,ERROR:ConnectionError,1111.140489578247
1786831807.0798712,ERROR:ConnectionError,1145.763635635376
1786831807.060607,ERROR:ConnectionError,1172.102928161621
1786831807.1158383,ERROR:ConnectionError,1120.0129985809326
1786831807.143097,ERROR:ConnectionError,1093.836784362793
1786831807.160658,ERROR:ConnectionError,1081.406593322754
1786831807.1484885,ERROR:ConnectionError,1094.547986984253
1786831807.1571856,ERROR:ConnectionError,1088.5605812072754
1786831807.189639,ERROR:ConnectionError,1067.7428245544434
1786831807.1425402,ERROR:ConnectionError,1116.0290241241455
1786831807.1740797,ERROR:ConnectionError,1084.9523544311523
1786831807.1543112,ERROR:ConnectionError,1114.9983406066895
1786831807.1993334,ERROR:ConnectionError,1114.2964363098145
1786831807.2154007,ERROR:ConnectionError,1100.193738937378
1786831807.2109606,ERROR:ConnectionError,1106.7345142364502
1786831807.2174232,ERROR:ConnectionError,1104.5711040496826
1786831807.2265632,ERROR:ConnectionError,1095.9219932556152
1786831807.2334213,ERROR:ConnectionError,1101.4041900634766
1786831807.2416189,ERROR:ConnectionError,1097.7795124053955
1786831807.253354,ERROR:ConnectionError,1089.4293785095215
1786831807.2488065,ERROR:ConnectionError,1096.2860584259033
1786831807.262581,ERROR:ConnectionError,1096.0657596588135
1786831807.28629,ERROR:ConnectionError,1075.364351272583
1786831807.267003,ERROR:ConnectionError,1100.1615524291992
1786831807.307659,ERROR:ConnectionError,1074.648141860962
1786831807.3039708,ERROR:ConnectionError,1085.8211517333984
1786831807.3137043,ERROR:ConnectionError,1087.0022773742676
1786831807.3733368,ERROR:ConnectionError,1040.6076908111572
1786831807.3373227,ERROR:ConnectionError,1078.9718627929688
1786831807.3692338,ERROR:ConnectionError,1047.6441383361816
1786831807.3695536,ERROR:ConnectionError,1057.2733879089355
1786831807.3541725,ERROR:ConnectionError,1085.994005203247
1786831807.3781345,ERROR:ConnectionError,1069.469928741455
1786831807.387031,ERROR:ConnectionError,1065.8137798309326
1786831807.396034,ERROR:ConnectionError,1130.7728290557861
1786831807.3865614,ERROR:ConnectionError,1140.6941413879395
1786831807.3822992,ERROR:ConnectionError,1151.8714427947998
1786831807.4103425,ERROR:ConnectionError,1124.4916915893555
1786831807.4171166,ERROR:ConnectionError,1124.279499053955
1786831807.464192,ERROR:ConnectionError,1087.85080909729
1786831807.4704008,ERROR:ConnectionError,1090.1143550872803
1786831807.4782903,ERROR:ConnectionError,1087.5296592712402
1786831807.5525937,ERROR:ConnectionError,1022.3309993743896
1786831807.6147125,ERROR:ConnectionError,964.0257358551025
1786831807.558201,ERROR:ConnectionError,1026.127576828003
1786831807.6597974,ERROR:ConnectionError,944.0348148345947
1786831807.666137,ERROR:ConnectionError,941.8246746063232
1786831807.7230875,ERROR:ConnectionError,897.1288204193115
1786831807.7543714,ERROR:ConnectionError,866.3778305053711
1786831807.8385837,ERROR:ConnectionError,799.6928691864014
1786831807.844873,ERROR:ConnectionError,794.1069602966309
1786831807.845183,ERROR:ConnectionError,804.7652244567871
1786831807.8512397,ERROR:ConnectionError,805.3512573242188
1786831807.8431647,ERROR:ConnectionError,817.7313804626465
1786831807.981843,ERROR:ConnectionError,681.4334392547607
1786831807.987691,ERROR:ConnectionError,683.8970184326172
1786831807.9771438,ERROR:ConnectionError,701.061487197876
1786831807.9857657,ERROR:ConnectionError,693.7010288238525
1786831807.9958086,ERROR:ConnectionError,687.8147125244141
1786831807.9680367,ERROR:ConnectionError,718.7802791595459
1786831808.0169945,ERROR:ConnectionError,690.108060836792
1786831808.019936,ERROR:ConnectionError,692.0037269592285
1786831807.9953432,ERROR:ConnectionError,717.3137664794922
1786831808.013266,ERROR:ConnectionError,704.2632102966309
1786831808.0457735,ERROR:ConnectionError,674.6256351470947
1786831808.0573194,ERROR:ConnectionError,672.3439693450928
1786831808.0503762,ERROR:ConnectionError,686.3193511962891
1786831808.0552638,ERROR:ConnectionError,684.363842010498
1786831808.003193,ERROR:ConnectionError,743.4284687042236
1786831808.0704465,ERROR:ConnectionError,680.1416873931885
1786831808.0683746,ERROR:ConnectionError,683.0277442932129
1786831808.0744822,ERROR:ConnectionError,682.2383403778076
1786831808.0606475,ERROR:ConnectionError,697.157621383667
1786831808.0716743,ERROR:ConnectionError,694.875955581665
1786831808.0983214,ERROR:ConnectionError,675.2731800079346
1786831808.0763147,ERROR:ConnectionError,700.6251811981201
1786831808.089963,ERROR:ConnectionError,687.4525547027588
1786831808.1029668,ERROR:ConnectionError,679.5854568481445
1786831808.1033256,ERROR:ConnectionError,682.1508407592773
1786831808.1179411,ERROR:ConnectionError,668.0457592010498
1786831808.1103902,ERROR:ConnectionError,687.6184940338135
1786831808.1217074,ERROR:ConnectionError,676.903247833252
1786831808.150503,ERROR:ConnectionError,648.8542556762695
1786831808.1204734,ERROR:ConnectionError,684.0529441833496
1786831808.1650949,ERROR:ConnectionError,642.4312591552734
1786831808.1574547,ERROR:ConnectionError,651.4208316802979
1786831808.1759036,ERROR:ConnectionError,633.9476108551025
1786831808.1613955,ERROR:ConnectionError,650.4640579223633
1786831808.1797574,ERROR:ConnectionError,636.1534595489502
1786831808.1860404,ERROR:ConnectionError,643.0544853210449
1786831808.1477888,ERROR:ConnectionError,683.7611198425293
1786831808.175317,ERROR:ConnectionError,657.8836441040039
1786831808.1938496,ERROR:ConnectionError,640.7954692840576
1786831808.1878397,ERROR:ConnectionError,652.0037651062012
1786831808.204082,ERROR:ConnectionError,655.7574272155762
1786831808.2103262,ERROR:ConnectionError,657.9222679138184
1786831808.2256482,ERROR:ConnectionError,644.5136070251465
1786831808.2174213,ERROR:ConnectionError,656.3127040863037
1786831808.2327216,ERROR:ConnectionError,642.5745487213135
1786831808.235858,ERROR:ConnectionError,646.3203430175781
1786831808.2026625,ERROR:ConnectionError,684.6692562103271
1786831808.2152197,ERROR:ConnectionError,672.776460647583
1786831808.2160025,ERROR:ConnectionError,677.7012348175049
1786831808.2369394,ERROR:ConnectionError,661.3523960113525
1786831808.216814,ERROR:ConnectionError,683.4418773651123
1786831808.2420723,ERROR:ConnectionError,661.7343425750732
1786831808.2457576,ERROR:ConnectionError,660.1827144622803
1786831808.2573953,ERROR:ConnectionError,651.2167453765869
1786831808.2585785,ERROR:ConnectionError,653.3241271972656
1786831808.269322,ERROR:ConnectionError,651.5748500823975
1786831808.2430446,ERROR:ConnectionError,684.3247413635254
1786831808.2590408,ERROR:ConnectionError,671.2300777435303
1786831808.3156083,ERROR:ConnectionError,616.3449287414551
1786831808.3136454,ERROR:ConnectionError,620.1698780059814
1786831808.3451064,ERROR:ConnectionError,599.4086265563965
1786831808.322496,ERROR:ConnectionError,626.2772083282471
1786831808.3220065,ERROR:ConnectionError,635.1068019866943
1786831808.3586638,ERROR:ConnectionError,603.7802696228027
1786831808.3177075,ERROR:ConnectionError,646.0678577423096
1786831808.3394089,ERROR:ConnectionError,626.7130374908447
1786831808.3348358,ERROR:ConnectionError,638.6003494262695
1786831808.3616679,ERROR:ConnectionError,618.7832355499268
1786831808.342796,ERROR:ConnectionError,641.8211460113525
1786831808.3671763,ERROR:ConnectionError,628.3867359161377
1786831808.3823216,ERROR:ConnectionError,618.2804107666016
1786831808.3898034,ERROR:ConnectionError,614.4137382507324
1786831808.4007378,ERROR:ConnectionError,607.9308986663818
1786831808.4168866,ERROR:ConnectionError,597.9690551757812
1786831808.426838,ERROR:ConnectionError,602.4537086486816
1786831808.4139643,ERROR:ConnectionError,624.7267723083496
1786831808.4401777,ERROR:ConnectionError,610.6672286987305
1786831808.5414124,ERROR:ConnectionError,532.9513549804688
1786831808.4163144,ERROR:ConnectionError,658.8127613067627
1786831808.534182,ERROR:ConnectionError,548.4545230865479
1786831808.4528568,ERROR:ConnectionError,635.8475685119629
1786831808.5272634,ERROR:ConnectionError,561.826229095459
1786831808.5268202,ERROR:ConnectionError,568.1619644165039
1786831808.5749385,ERROR:ConnectionError,521.0096836090088
1786831808.5520577,ERROR:ConnectionError,547.6059913635254
1786831808.4476159,ERROR:ConnectionError,655.6148529052734
1786831808.5658345,ERROR:ConnectionError,543.0870056152344
1786831808.5348427,ERROR:ConnectionError,580.1589488983154
1786831808.5787492,ERROR:ConnectionError,538.1515026092529
1786831808.5607042,ERROR:ConnectionError,556.9019317626953
1786831808.584342,ERROR:ConnectionError,541.755199432373
1786831808.607976,ERROR:ConnectionError,531.3119888305664
1786831808.60387,ERROR:ConnectionError,546.3333129882812
1786831808.6202297,ERROR:ConnectionError,530.4186344146729
1786831808.620758,ERROR:ConnectionError,548.370361328125
1786831808.638989,ERROR:ConnectionError,548.2323169708252
1786831808.6382859,ERROR:ConnectionError,553.7259578704834
1786831808.649965,ERROR:ConnectionError,546.6036796569824
1786831808.6566038,ERROR:ConnectionError,571.9358921051025
1786831808.6868298,ERROR:ConnectionError,552.8168678283691
1786831808.707115,ERROR:ConnectionError,536.7441177368164
1786831808.7396376,ERROR:ConnectionError,507.40623474121094
1786831808.6609097,ERROR:ConnectionError,590.461254119873
1786831808.679477,ERROR:ConnectionError,573.944091796875
1786831808.6836379,ERROR:ConnectionError,571.6259479522705
1786831808.6715958,ERROR:ConnectionError,590.5578136444092
1786831808.6782432,ERROR:ConnectionError,586.2174034118652
1786831808.7466328,ERROR:ConnectionError,521.8250751495361
1786831808.6632915,ERROR:ConnectionError,629.1646957397461
1786831808.720412,ERROR:ConnectionError,573.8444328308105
1786831808.7175395,ERROR:ConnectionError,579.5669555664062
1786831808.750599,ERROR:ConnectionError,554.4619560241699
1786831808.7567325,ERROR:ConnectionError,551.9652366638184
1786831808.7296798,ERROR:ConnectionError,580.8367729187012
1786831808.7119524,ERROR:ConnectionError,616.1150932312012
1786831808.7367067,ERROR:ConnectionError,600.2285480499268
1786831808.712665,ERROR:ConnectionError,625.9808540344238
1786831808.76656,ERROR:ConnectionError,572.9665756225586
1786831808.773606,ERROR:ConnectionError,566.5748119354248
1786831808.757816,ERROR:ConnectionError,587.0833396911621
1786831808.751411,ERROR:ConnectionError,600.5723476409912
1786831808.7854893,ERROR:ConnectionError,570.8115100860596
1786831808.7769496,ERROR:ConnectionError,581.9244384765625
1786831808.7774248,ERROR:ConnectionError,587.3656272888184
1786831808.7859936,ERROR:ConnectionError,579.6287059783936
1786831808.7825663,ERROR:ConnectionError,645.5202102661133
1786831808.8118746,ERROR:ConnectionError,643.7108516693115
1786831808.808883,ERROR:ConnectionError,650.6762504577637
1786831808.7986212,ERROR:ConnectionError,661.6783142089844
1786831808.7980213,ERROR:ConnectionError,668.5259342193604
1786831808.8075356,ERROR:ConnectionError,673.9516258239746
1786831808.7993653,ERROR:ConnectionError,692.6348209381104
1786831808.80986,ERROR:ConnectionError,695.094108581543
1786831808.8398552,ERROR:ConnectionError,666.9528484344482
1786831808.8332078,ERROR:ConnectionError,681.2293529510498
1786831808.8159208,ERROR:ConnectionError,708.3640098571777
1786831808.8315606,ERROR:ConnectionError,715.7642841339111
1786831808.804537,ERROR:ConnectionError,747.3793029785156
1786831808.8346531,ERROR:ConnectionError,737.5490665435791
1786831808.829105,ERROR:ConnectionError,748.9418983459473
1786831808.8753111,ERROR:ConnectionError,743.6842918395996
1786831808.8598533,ERROR:ConnectionError,763.1702423095703
1786831808.8737435,ERROR:ConnectionError,755.9645175933838
1786831808.8873408,ERROR:ConnectionError,754.486083984375
1786831808.9086268,ERROR:ConnectionError,735.5592250823975
1786831808.8983068,ERROR:ConnectionError,751.6705989837646
1786831808.868259,ERROR:ConnectionError,800.96435546875
1786831808.888004,ERROR:ConnectionError,787.9891395568848
1786831808.9119146,ERROR:ConnectionError,767.3685550689697
1786831808.8821912,ERROR:ConnectionError,799.147367477417
1786831808.90382,ERROR:ConnectionError,788.4047031402588
1786831808.8937154,ERROR:ConnectionError,806.4024448394775
1786831808.9002655,ERROR:ConnectionError,807.0695400238037
1786831808.9209085,ERROR:ConnectionError,795.8102226257324
1786831808.9302835,ERROR:ConnectionError,791.7394638061523
1786831808.870274,ERROR:ConnectionError,875.3461837768555
1786831808.905971,ERROR:ConnectionError,852.0650863647461
1786831808.933825,ERROR:ConnectionError,838.8376235961914
1786831808.9273846,ERROR:ConnectionError,859.7774505615234
1786831808.944533,ERROR:ConnectionError,861.3462448120117
1786831808.948785,ERROR:ConnectionError,873.2759952545166
1786831808.9319656,ERROR:ConnectionError,893.2535648345947
1786831808.9637842,ERROR:ConnectionError,872.0903396606445
1786831808.9661322,ERROR:ConnectionError,876.7862319946289
1786831808.984627,ERROR:ConnectionError,886.815071105957
1786831808.9804764,ERROR:ConnectionError,893.9228057861328
1786831808.995581,ERROR:ConnectionError,882.8468322753906
1786831808.9571283,ERROR:ConnectionError,936.2969398498535
1786831808.973446,ERROR:ConnectionError,924.5519638061523
1786831809.0006125,ERROR:ConnectionError,901.174783706665
1786831808.9624605,ERROR:ConnectionError,939.6729469299316
1786831809.0042274,ERROR:ConnectionError,907.3991775512695
1786831809.0293076,ERROR:ConnectionError,906.7325592041016
1786831809.0148656,ERROR:ConnectionError,921.6594696044922
1786831809.0086834,ERROR:ConnectionError,928.3418655395508
1786831809.038702,ERROR:ConnectionError,900.6004333496094
1786831809.0508566,ERROR:ConnectionError,926.1770248413086
1786831809.0826497,ERROR:ConnectionError,900.8498191833496
1786831809.0751355,ERROR:ConnectionError,912.1921062469482
1786831809.088717,ERROR:ConnectionError,916.9199466705322
1786831809.0743794,ERROR:ConnectionError,933.3875179290771
1786831809.0996728,ERROR:ConnectionError,916.4626598358154
1786831809.0890975,ERROR:ConnectionError,931.9963455200195
1786831809.1032386,ERROR:ConnectionError,922.3225116729736
1786831809.0949962,ERROR:ConnectionError,931.1935901641846
1786831809.108933,ERROR:ConnectionError,917.7136421203613
1786831809.0959601,ERROR:ConnectionError,936.7234706878662
1786831809.1169102,ERROR:ConnectionError,916.4226055145264
1786831809.1176136,ERROR:ConnectionError,918.3626174926758
1786831809.1150131,ERROR:ConnectionError,931.96702003479
1786831809.1261504,ERROR:ConnectionError,925.5189895629883
1786831809.1392994,ERROR:ConnectionError,917.2379970550537
1786831809.1502154,ERROR:ConnectionError,938.5702610015869
1786831809.150659,ERROR:ConnectionError,950.9756565093994
1786831809.1691413,ERROR:ConnectionError,938.1189346313477
1786831809.187235,ERROR:ConnectionError,924.1578578948975
1786831809.2285545,ERROR:ConnectionError,888.5929584503174
1786831809.2396588,ERROR:ConnectionError,880.260705947876
1786831809.1965806,ERROR:ConnectionError,926.2936115264893
1786831809.2438784,ERROR:ConnectionError,886.1770629882812
1786831809.2470572,ERROR:ConnectionError,884.2439651489258
1786831809.1920242,ERROR:ConnectionError,940.0525093078613
1786831809.2513804,ERROR:ConnectionError,887.1133327484131
1786831809.2534301,ERROR:ConnectionError,894.5667743682861
1786831809.2644699,ERROR:ConnectionError,895.9178924560547
1786831809.2552712,ERROR:ConnectionError,905.8654308319092
1786831809.2971175,ERROR:ConnectionError,872.1559047698975
1786831809.294268,ERROR:ConnectionError,875.5123615264893
1786831809.262169,ERROR:ConnectionError,907.9635143280029
1786831809.3050702,ERROR:ConnectionError,881.4032077789307
1786831809.3087072,ERROR:ConnectionError,880.7399272918701
1786831809.2684667,ERROR:ConnectionError,921.8337535858154
1786831809.3105261,ERROR:ConnectionError,887.6066207885742
1786831809.3280814,ERROR:ConnectionError,871.4926242828369
1786831809.3401892,ERROR:ConnectionError,863.1255626678467
1786831809.3386548,ERROR:ConnectionError,865.2102947235107
1786831809.3395371,ERROR:ConnectionError,864.8669719696045
1786831809.2924702,ERROR:ConnectionError,912.4915599822998
1786831809.336945,ERROR:ConnectionError,881.3588619232178
1786831809.3588867,ERROR:ConnectionError,866.1987781524658
1786831809.3519926,ERROR:ConnectionError,886.333703994751
1786831809.3563094,ERROR:ConnectionError,886.3942623138428
1786831809.3656316,ERROR:ConnectionError,881.1731338500977
1786831809.3449123,ERROR:ConnectionError,905.7755470275879
1786831809.428105,ERROR:ConnectionError,830.7051658630371
1786831809.3648007,ERROR:ConnectionError,905.376672744751
1786831809.4603124,ERROR:ConnectionError,810.6071949005127
1786831809.4665573,ERROR:ConnectionError,818.6280727386475
1786831809.455601,ERROR:ConnectionError,879.4727325439453
1786831809.4595711,ERROR:ConnectionError,904.6802520751953
1786831809.4920194,ERROR:ConnectionError,874.6464252471924
1786831809.4814997,ERROR:ConnectionError,901.7868041992188
1786831809.5144484,ERROR:ConnectionError,877.7823448181152
1786831809.551928,ERROR:ConnectionError,845.2084064483643
1786831809.54734,ERROR:ConnectionError,850.440263748169
1786831809.5780594,ERROR:ConnectionError,827.9502391815186
1786831809.5068192,ERROR:ConnectionError,900.5844593048096
1786831809.5049667,ERROR:ConnectionError,906.6669940948486
1786831809.524298,ERROR:ConnectionError,889.5764350891113
1786831809.5722125,ERROR:ConnectionError,848.3297824859619
1786831809.6190085,ERROR:ConnectionError,812.1047019958496
1786831809.623035,ERROR:ConnectionError,812.7729892730713
1786831809.6442008,ERROR:ConnectionError,796.7057228088379
1786831809.629721,ERROR:ConnectionError,814.4118785858154
1786831809.6499877,ERROR:ConnectionError,795.6514358520508
1786831809.6418436,ERROR:ConnectionError,804.337739944458
1786831809.6760082,ERROR:ConnectionError,777.4004936218262
1786831809.6813629,ERROR:ConnectionError,778.8345813751221
1786831809.692263,ERROR:ConnectionError,772.014856338501
1786831809.707347,ERROR:ConnectionError,757.3621273040771
1786831809.7167306,ERROR:ConnectionError,748.755931854248
1786831809.7220328,ERROR:ConnectionError,745.0885772705078
1786831809.7456365,ERROR:ConnectionError,724.6830463409424
1786831809.7580528,ERROR:ConnectionError,713.1116390228271
1786831809.787176,ERROR:ConnectionError,690.8688545227051
1786831809.7726734,ERROR:ConnectionError,710.3335857391357
1786831809.6692352,ERROR:ConnectionError,822.5069046020508
1786831809.805892,ERROR:ConnectionError,694.232702255249
1786831809.6792955,ERROR:ConnectionError,822.6404190063477
1786831809.8220758,ERROR:ConnectionError,686.7790222167969
1786831809.8358862,ERROR:ConnectionError,675.5599975585938
1786831809.8429341,ERROR:ConnectionError,670.2048778533936
1786831809.825233,ERROR:ConnectionError,690.5860900878906
1786831809.8714552,ERROR:ConnectionError,655.3287506103516
1786831809.8744094,ERROR:ConnectionError,656.8195819854736
1786831809.89344,ERROR:ConnectionError,642.287015914917
1786831809.9017973,ERROR:ConnectionError,636.9943618774414
1786831809.8980093,ERROR:ConnectionError,641.3354873657227
1786831809.9021435,ERROR:ConnectionError,646.1071968078613
1786831809.9370334,ERROR:ConnectionError,612.8275394439697
1786831809.8784394,ERROR:ConnectionError,675.25315284729
1786831809.9360561,ERROR:ConnectionError,622.0512390136719
1786831809.9116392,ERROR:ConnectionError,649.512767791748
1786831809.939312,ERROR:ConnectionError,624.6423721313477
1786831809.9365332,ERROR:ConnectionError,631.9124698638916
1786831809.9835129,ERROR:ConnectionError,589.4837379455566
1786831809.9873369,ERROR:ConnectionError,590.4226303100586
1786831809.9770539,ERROR:ConnectionError,601.1614799499512
1786831810.0077794,ERROR:ConnectionError,587.8634452819824
1786831809.7001297,ERROR:ConnectionError,898.6551761627197
1786831810.0161457,ERROR:ConnectionError,583.1034183502197
1786831810.0056489,ERROR:ConnectionError,594.0487384796143
1786831810.0211031,ERROR:ConnectionError,580.7595252990723
1786831810.025571,ERROR:ConnectionError,578.4168243408203
1786831810.0333416,ERROR:ConnectionError,587.3222351074219
1786831810.0469956,ERROR:ConnectionError,574.1779804229736
1786831810.0262005,ERROR:ConnectionError,596.6091156005859
1786831810.035984,ERROR:ConnectionError,593.6315059661865
1786831810.026656,ERROR:ConnectionError,603.3787727355957
1786831810.0516791,ERROR:ConnectionError,580.5966854095459
1786831810.056547,ERROR:ConnectionError,585.1061344146729
1786831810.0326934,ERROR:ConnectionError,614.2926216125488
1786831810.088801,ERROR:ConnectionError,560.7254505157471
1786831810.101647,ERROR:ConnectionError,565.7827854156494
1786831810.107271,ERROR:ConnectionError,578.9477825164795
1786831810.1114042,ERROR:ConnectionError,577.9201984405518
1786831810.1171582,ERROR:ConnectionError,575.2644538879395
1786831810.1199298,ERROR:ConnectionError,578.6600112915039
1786831810.1300666,ERROR:ConnectionError,571.2010860443115
1786831810.1320932,ERROR:ConnectionError,581.8581581115723
1786831810.1313143,ERROR:ConnectionError,595.7956314086914
1786831810.161155,ERROR:ConnectionError,575.6850242614746
1786831810.122883,ERROR:ConnectionError,616.9998645782471
1786831810.1385043,ERROR:ConnectionError,602.6489734649658
1786831810.1604025,ERROR:ConnectionError,583.3418369293213
1786831810.1480148,ERROR:ConnectionError,596.473217010498
1786831810.169788,ERROR:ConnectionError,583.3463668823242
1786831810.1692836,ERROR:ConnectionError,584.716796875
1786831810.1701405,ERROR:ConnectionError,596.1790084838867
1786831810.199587,ERROR:ConnectionError,568.0661201477051
1786831810.1864836,ERROR:ConnectionError,582.0000171661377
1786831810.1903105,ERROR:ConnectionError,586.3394737243652
1786831810.2049706,ERROR:ConnectionError,576.9457817077637
1786831810.1981475,ERROR:ConnectionError,585.9646797180176
1786831810.2183144,ERROR:ConnectionError,571.4111328125
1786831810.189457,ERROR:ConnectionError,600.6841659545898
1786831810.2383366,ERROR:ConnectionError,561.4185333251953
1786831810.225094,ERROR:ConnectionError,575.6890773773193
1786831810.242719,ERROR:ConnectionError,560.1344108581543
1786831810.2038722,ERROR:ConnectionError,603.4369468688965
1786831810.2588258,ERROR:ConnectionError,550.0128269195557
1786831810.2468226,ERROR:ConnectionError,566.1106109619141
1786831810.2044125,ERROR:ConnectionError,609.5945835113525
1786831810.2506971,ERROR:ConnectionError,563.7249946594238
1786831810.2701905,ERROR:ConnectionError,547.0163822174072
1786831810.3833036,ERROR:ConnectionError,459.48314666748047
1786831810.2709277,ERROR:ConnectionError,576.2579441070557
1786831810.3666759,ERROR:ConnectionError,485.8207702636719
1786831810.285197,ERROR:ConnectionError,569.9129104614258
1786831810.4116452,ERROR:ConnectionError,444.49520111083984
1786831810.3642635,ERROR:ConnectionError,493.21770668029785
1786831810.2033234,ERROR:ConnectionError,661.6685390472412
1786831810.4359157,ERROR:ConnectionError,429.7513961791992
1786831810.4441438,ERROR:ConnectionError,424.2594242095947
1786831810.3922396,ERROR:ConnectionError,478.7285327911377
1786831810.335085,ERROR:ConnectionError,537.712574005127
1786831810.4409175,ERROR:ConnectionError,435.00351905822754
1786831810.3977902,ERROR:ConnectionError,483.844518661499
1786831810.4138863,ERROR:ConnectionError,479.1913032531738
1786831810.4205523,ERROR:ConnectionError,473.1006622314453
1786831810.4456515,ERROR:ConnectionError,450.1314163208008
1786831810.3971546,ERROR:ConnectionError,499.15170669555664
1786831810.4534223,ERROR:ConnectionError,444.4470405578613
1786831810.4060218,ERROR:ConnectionError,496.73938751220703
1786831810.4602087,ERROR:ConnectionError,446.9296932220459
1786831810.4461882,ERROR:ConnectionError,467.0097827911377
1786831810.4642873,ERROR:ConnectionError,449.9518871307373
1786831810.4311266,ERROR:ConnectionError,487.55598068237305
1786831810.4703276,ERROR:ConnectionError,450.3018856048584
1786831810.491755,ERROR:ConnectionError,430.727481842041
1786831810.4654963,ERROR:ConnectionError,466.372013092041
1786831810.4647195,ERROR:ConnectionError,470.3493118286133
1786831810.4712281,ERROR:ConnectionError,464.6475315093994
1786831810.4780562,ERROR:ConnectionError,468.40858459472656
1786831810.4074135,ERROR:ConnectionError,544.5470809936523
1786831810.511455,ERROR:ConnectionError,447.8933811187744
1786831810.500138,ERROR:ConnectionError,462.80694007873535
1786831810.526796,ERROR:ConnectionError,436.88488006591797
1786831810.4671297,ERROR:ConnectionError,503.96203994750977
1786831810.5388021,ERROR:ConnectionError,433.47930908203125
1786831810.5088649,ERROR:ConnectionError,463.8557434082031
1786831810.5357375,ERROR:ConnectionError,437.9229545593262
1786831810.5019445,ERROR:ConnectionError,472.4409580230713
1786831810.5536997,ERROR:ConnectionError,432.35063552856445
1786831810.5581198,ERROR:ConnectionError,429.8670291900635
1786831810.5312388,ERROR:ConnectionError,459.59949493408203
1786831810.5482628,ERROR:ConnectionError,443.3929920196533
1786831810.5639663,ERROR:ConnectionError,434.73052978515625
1786831810.513147,ERROR:ConnectionError,486.2682819366455
1786831810.5777667,ERROR:ConnectionError,423.4578609466553
1786831810.5956578,ERROR:ConnectionError,433.0413341522217
1786831810.599257,ERROR:ConnectionError,431.1022758483887
1786831810.5987942,ERROR:ConnectionError,436.4621639251709
1786831810.4830167,ERROR:ConnectionError,554.0118217468262
1786831810.5782235,ERROR:ConnectionError,459.43188667297363
1786831810.5158317,ERROR:ConnectionError,522.5591659545898
1786831810.5393558,ERROR:ConnectionError,500.1077651977539
1786831810.5684605,ERROR:ConnectionError,474.0428924560547
1786831810.5498705,ERROR:ConnectionError,496.0446357727051
1786831810.6211836,ERROR:ConnectionError,425.5821704864502
1786831810.6039968,ERROR:ConnectionError,444.8108673095703
1786831810.5611613,ERROR:ConnectionError,490.9477233886719
1786831810.573005,ERROR:ConnectionError,483.16025733947754
1786831810.6228163,ERROR:ConnectionError,434.4749450683594
1786831810.629627,ERROR:ConnectionError,435.85801124572754
1786831810.630042,ERROR:ConnectionError,449.86581802368164
1786831810.601871,ERROR:ConnectionError,482.9139709472656
1786831810.5997038,ERROR:ConnectionError,485.49628257751465
1786831810.6986012,ERROR:ConnectionError,389.14966583251953
1786831810.649535,ERROR:ConnectionError,440.49930572509766
1786831810.6206772,ERROR:ConnectionError,470.656156539917
1786831810.6862314,ERROR:ConnectionError,406.48937225341797
1786831810.6469965,ERROR:ConnectionError,447.1173286437988
1786831810.641698,ERROR:ConnectionError,462.8920555114746
1786831810.6893363,ERROR:ConnectionError,428.04813385009766
1786831810.701283,ERROR:ConnectionError,424.69263076782227
1786831810.7271261,ERROR:ConnectionError,399.9471664428711
1786831810.6322863,ERROR:ConnectionError,502.90942192077637
1786831810.7139637,ERROR:ConnectionError,423.28953742980957
1786831810.7411616,ERROR:ConnectionError,407.5450897216797
1786831810.7444954,ERROR:ConnectionError,407.4373245239258
1786831810.6924329,ERROR:ConnectionError,460.0558280944824
1786831810.7398922,ERROR:ConnectionError,420.4838275909424
1786831810.7368517,ERROR:ConnectionError,440.74559211730957
1786831810.667442,ERROR:ConnectionError,517.1723365783691
1786831810.7540145,ERROR:ConnectionError,446.5470314025879
1786831810.7437549,ERROR:ConnectionError,457.35859870910645
1786831810.753146,ERROR:ConnectionError,451.66897773742676
1786831810.7676628,ERROR:ConnectionError,454.68831062316895
1786831810.7684917,ERROR:ConnectionError,456.4533233642578
1786831810.781926,ERROR:ConnectionError,448.0612277984619
1786831810.7766588,ERROR:ConnectionError,461.91930770874023
1786831810.766331,ERROR:ConnectionError,475.21352767944336
1786831810.7901502,ERROR:ConnectionError,457.26823806762695
1786831810.7841291,ERROR:ConnectionError,468.77551078796387
1786831810.8028684,ERROR:ConnectionError,452.5952339172363
1786831810.7897344,ERROR:ConnectionError,468.3542251586914
1786831810.8144295,ERROR:ConnectionError,445.44219970703125
1786831810.8008306,ERROR:ConnectionError,461.672306060791
1786831810.8525069,ERROR:ConnectionError,418.3063507080078
1786831810.8650053,ERROR:ConnectionError,431.34069442749023
1786831810.8963144,ERROR:ConnectionError,400.74729919433594
1786831810.8073184,ERROR:ConnectionError,492.7196502685547
1786831810.8129444,ERROR:ConnectionError,489.6242618560791
1786831810.8656769,ERROR:ConnectionError,438.3556842803955
1786831810.817218,ERROR:ConnectionError,489.46523666381836
1786831810.7997696,ERROR:ConnectionError,510.53380966186523
1786831810.8140156,ERROR:ConnectionError,496.67859077453613
1786831810.8088477,ERROR:ConnectionError,1990.2188777923584
1786831810.8574886,ERROR:ConnectionError,1945.1866149902344
1786831810.918697,ERROR:ConnectionError,1889.0702724456787
1786831810.8561518,ERROR:ConnectionError,1951.9646167755127
1786831810.893659,ERROR:ConnectionError,1914.7779941558838
1786831810.9071522,ERROR:ConnectionError,1902.8141498565674
1786831810.855124,ERROR:ConnectionError,1955.1539421081543
1786831810.8957949,ERROR:ConnectionError,1918.7180995941162
1786831810.8472297,ERROR:ConnectionError,1968.4512615203857
1786831810.870976,ERROR:ConnectionError,1945.1496601104736
1786831810.881646,ERROR:ConnectionError,1938.5955333709717
1786831810.8759303,ERROR:ConnectionError,1944.6566104888916
1786831810.868415,ERROR:ConnectionError,2029.5240879058838
1786831810.8930864,ERROR:ConnectionError,2010.9105110168457
1786831810.9142487,ERROR:ConnectionError,1995.6073760986328
1786831810.9464772,ERROR:ConnectionError,1968.437671661377
1786831810.9519715,ERROR:ConnectionError,1963.3960723876953
1786831810.9593613,ERROR:ConnectionError,1956.3405513763428
1786831810.9224894,ERROR:ConnectionError,1998.279094696045
1786831810.9358861,ERROR:ConnectionError,2001.5721321105957
1786831810.872805,ERROR:ConnectionError,2067.5387382507324
1786831810.897879,ERROR:ConnectionError,2044.3155765533447
1786831810.902774,ERROR:ConnectionError,2039.8740768432617
1786831810.9629533,ERROR:ConnectionError,1980.9365272521973
1786831810.9132085,ERROR:ConnectionError,2044.182538986206
1786831810.9994285,ERROR:ConnectionError,1967.275857925415
1786831810.842799,ERROR:ConnectionError,2124.31001663208
1786831810.9727278,ERROR:ConnectionError,1995.8610534667969
1786831810.9916654,ERROR:ConnectionError,1991.0874366760254
1786831810.9736674,ERROR:ConnectionError,2012.5539302825928
1786831810.9711013,ERROR:ConnectionError,2016.2630081176758
1786831810.9987109,ERROR:ConnectionError,2009.2103481292725
1786831810.9206376,ERROR:ConnectionError,2090.1505947113037
1786831810.9743943,ERROR:ConnectionError,2036.7622375488281
1786831810.9879997,ERROR:ConnectionError,2028.4748077392578
1786831810.986063,ERROR:ConnectionError,2030.8120250701904
1786831810.9636877,ERROR:ConnectionError,2095.7984924316406
1786831810.9908483,ERROR:ConnectionError,2071.4547634124756
1786831811.0394719,ERROR:ConnectionError,2024.141788482666
1786831810.9722898,ERROR:ConnectionError,2095.1101779937744
1786831811.0459251,ERROR:ConnectionError,2023.1499671936035
1786831811.0303829,ERROR:ConnectionError,2043.5070991516113
1786831811.0012345,ERROR:ConnectionError,2073.193311691284
1786831811.0384014,ERROR:ConnectionError,2049.0307807922363
1786831810.9318926,ERROR:ConnectionError,2163.3694171905518
1786831811.037038,ERROR:ConnectionError,2068.133592605591
1786831811.0425122,ERROR:ConnectionError,2067.9261684417725
1786831811.0655017,ERROR:ConnectionError,2050.5542755126953
1786831811.0913415,ERROR:ConnectionError,2033.4630012512207
1786831811.0376635,ERROR:ConnectionError,2088.3219242095947
1786831811.0521197,ERROR:ConnectionError,2079.1118144989014
1786831811.0467756,ERROR:ConnectionError,2086.02237701416
1786831811.0352688,ERROR:ConnectionError,2098.0474948883057
1786831811.0561743,ERROR:ConnectionError,2082.730531692505
1786831811.0877593,ERROR:ConnectionError,2055.927038192749
1786831811.0488198,ERROR:ConnectionError,2100.8429527282715
1786831811.0852072,ERROR:ConnectionError,2067.290782928467
1786831811.1173968,ERROR:ConnectionError,2038.0120277404785
1786831811.0287158,ERROR:ConnectionError,2129.819631576538
1786831811.090045,ERROR:ConnectionError,2071.3768005371094
1786831811.0799239,ERROR:ConnectionError,2084.2411518096924
1786831811.104599,ERROR:ConnectionError,2062.5321865081787
1786831811.0847976,ERROR:ConnectionError,2084.5866203308105
1786831811.0572999,ERROR:ConnectionError,2114.6304607391357
1786831811.0927286,ERROR:ConnectionError,2086.6174697875977
1786831811.094126,ERROR:ConnectionError,2302.8316497802734
1786831811.1352088,ERROR:ConnectionError,2304.0904998779297
1786831810.935082,ERROR:ConnectionError,2513.8895511627197
1786831811.1487215,ERROR:ConnectionError,2303.89666557312
1786831811.152495,ERROR:ConnectionError,2300.4796504974365
1786831811.1270838,ERROR:ConnectionError,2331.061840057373
1786831811.1372628,ERROR:ConnectionError,2321.5537071228027
1786831811.1259856,ERROR:ConnectionError,2339.1923904418945
1786831811.151941,ERROR:ConnectionError,2318.084716796875
1786831811.1603892,ERROR:ConnectionError,2315.8884048461914
1786831811.177611,ERROR:ConnectionError,2310.2455139160156
1786831811.1846259,ERROR:ConnectionError,2313.857078552246
1786831811.2005744,ERROR:ConnectionError,2328.993082046509
1786831811.2011228,ERROR:ConnectionError,2340.4736518859863
1786831811.204825,ERROR:ConnectionError,2337.221384048462
1786831811.2249568,ERROR:ConnectionError,2327.6002407073975
1786831811.2223642,ERROR:ConnectionError,2334.3253135681152
1786831811.2299998,ERROR:ConnectionError,2333.6119651794434
1786831811.2385902,ERROR:ConnectionError,2333.435535430908
1786831811.241553,ERROR:ConnectionError,2340.5489921569824
1786831811.2529151,ERROR:ConnectionError,2332.0472240448
1786831811.247441,ERROR:ConnectionError,2344.916582107544
1786831811.2554724,ERROR:ConnectionError,2339.686870574951
1786831811.2580965,ERROR:ConnectionError,2349.4911193847656
1786831811.2625148,ERROR:ConnectionError,2356.0173511505127
1786831811.2598798,ERROR:ConnectionError,2379.7740936279297
1786831811.2708244,ERROR:ConnectionError,2377.411127090454
1786831811.2963586,ERROR:ConnectionError,2371.957778930664
1786831811.2970762,ERROR:ConnectionError,2372.1413612365723
1786831811.3025765,ERROR:ConnectionError,2370.558500289917
1786831811.3000507,ERROR:ConnectionError,2380.8364868164062
1786831811.3107018,ERROR:ConnectionError,2370.652198791504
1786831811.3040411,ERROR:ConnectionError,2391.8943405151367
1786831811.306691,ERROR:ConnectionError,2389.755964279175
1786831811.3103113,ERROR:ConnectionError,2386.4636421203613
1786831812.7990894,ERROR:ConnectionError,944.0226554870605
1786831812.8102844,ERROR:ConnectionError,948.3778476715088
1786831812.8077776,ERROR:ConnectionError,956.6731452941895
1786831812.808445,ERROR:ConnectionError,959.000825881958
1786831812.808123,ERROR:ConnectionError,963.9616012573242
1786831812.8028817,ERROR:ConnectionError,974.3952751159668
1786831812.8205948,ERROR:ConnectionError,959.7287178039551
1786831812.8202496,ERROR:ConnectionError,978.1877994537354
1786831812.8099737,ERROR:ConnectionError,991.5266036987305
1786831812.8156905,ERROR:ConnectionError,988.7118339538574
1786831812.8145258,ERROR:ConnectionError,993.3669567108154
1786831812.8161447,ERROR:ConnectionError,1014.6949291229248
1786831812.897951,ERROR:ConnectionError,935.192346572876
1786831812.9040067,ERROR:ConnectionError,934.8165988922119
1786831812.9149234,ERROR:ConnectionError,930.9298992156982
1786831812.9157097,ERROR:ConnectionError,947.4849700927734
1786831812.915376,ERROR:ConnectionError,966.4368629455566
1786831812.9207778,ERROR:ConnectionError,964.5078182220459
1786831812.9098675,ERROR:ConnectionError,978.9741039276123
1786831812.9403536,ERROR:ConnectionError,957.1592807769775
1786831812.9438994,ERROR:ConnectionError,953.9909362792969
1786831812.9426556,ERROR:ConnectionError,956.5694332122803
1786831812.9574027,ERROR:ConnectionError,945.7545280456543
1786831812.9422028,ERROR:ConnectionError,962.0993137359619
1786831812.937471,ERROR:ConnectionError,971.2650775909424
1786831812.9685981,ERROR:ConnectionError,945.497989654541
1786831812.9667146,ERROR:ConnectionError,947.8919506072998
1786831812.9671173,ERROR:ConnectionError,954.8454284667969
1786831812.9827652,ERROR:ConnectionError,941.8830871582031
1786831812.9862304,ERROR:ConnectionError,1113.5120391845703
1786831812.9873734,ERROR:ConnectionError,1117.2900199890137
1786831813.0079331,ERROR:ConnectionError,1099.6880531311035
1786831813.0107963,ERROR:ConnectionError,1101.858377456665
1786831813.0111644,ERROR:ConnectionError,1106.2350273132324
1786831813.0594969,ERROR:ConnectionError,1065.056562423706
1786831813.0164835,ERROR:ConnectionError,1111.022710800171
1786831813.0168817,ERROR:ConnectionError,1113.3599281311035
1786831813.0623126,ERROR:ConnectionError,1068.9055919647217
1786831813.0636213,ERROR:ConnectionError,1075.4303932189941
1786831813.067409,ERROR:ConnectionError,1076.439380645752
1786831813.0690832,ERROR:ConnectionError,1075.235366821289
1786831813.0744355,ERROR:ConnectionError,1077.375888824463
1786831813.0738997,ERROR:ConnectionError,1082.7698707580566
1786831813.0874426,ERROR:ConnectionError,1074.936866760254
1786831813.1051817,ERROR:ConnectionError,1063.8337135314941
1786831813.1160686,ERROR:ConnectionError,1054.549217224121
1786831813.0952737,ERROR:ConnectionError,1080.7867050170898
1786831813.1104496,ERROR:ConnectionError,1070.8556175231934
1786831813.1259923,ERROR:ConnectionError,1063.1487369537354
1786831813.1248157,ERROR:ConnectionError,1068.5415267944336
1786831813.1328075,ERROR:ConnectionError,1062.90864944458
1786831813.1333246,ERROR:ConnectionError,1063.5483264923096
1786831813.1312432,ERROR:ConnectionError,1082.9832553863525
1786831813.1389153,ERROR:ConnectionError,1119.5571422576904
1786831813.1436956,ERROR:ConnectionError,1164.4399166107178
1786831813.1496725,ERROR:ConnectionError,1160.9928607940674
1786831813.152508,ERROR:ConnectionError,1459.7342014312744
1786831813.1554177,ERROR:ConnectionError,1469.6941375732422
1786831813.1585438,ERROR:ConnectionError,1480.2274703979492
1786831813.167141,ERROR:ConnectionError,1472.2604751586914
1786831813.164175,ERROR:ConnectionError,1477.3385524749756
1786831813.161433,ERROR:ConnectionError,1490.1189804077148
1786831813.1693926,ERROR:ConnectionError,1490.3240203857422
1786831813.1719398,ERROR:ConnectionError,1517.2326564788818
1786831813.3969676,ERROR:ConnectionError,2557.074546813965
1786831813.179358,ERROR:ConnectionError,2780.4746627807617
1786831813.4393134,ERROR:ConnectionError,2521.345615386963
1786831813.4489825,ERROR:ConnectionError,2517.881155014038
1786831813.4529834,ERROR:ConnectionError,2528.2492637634277
1786831813.4526272,ERROR:ConnectionError,2537.2300148010254
1786831813.4581556,ERROR:ConnectionError,2538.1391048431396
1786831813.458826,ERROR:ConnectionError,2557.3441982269287
1786831813.4651873,ERROR:ConnectionError,2568.4890747070312
1786831813.470036,ERROR:ConnectionError,2569.725751876831
1786831813.4762886,ERROR:ConnectionError,2584.3899250030518
1786831813.4878669,ERROR:ConnectionError,2585.1123332977295
1786831813.4984932,ERROR:ConnectionError,2584.775686264038
1786831813.5295775,ERROR:ConnectionError,2567.455291748047
1786831813.5525684,ERROR:ConnectionError,2554.4815063476562
1786831813.5416071,ERROR:ConnectionError,2569.950580596924
1786831813.5420532,ERROR:ConnectionError,2570.120334625244
1786831813.5567012,ERROR:ConnectionError,2561.168670654297
1786831813.5720365,ERROR:ConnectionError,2635.789632797241
1786831813.584971,ERROR:ConnectionError,2624.80092048645
1786831813.5821135,ERROR:ConnectionError,2629.3540000915527
1786831813.5636241,ERROR:ConnectionError,2650.463581085205
1786831813.5951688,ERROR:ConnectionError,2624.955654144287
1786831813.6185427,ERROR:ConnectionError,2602.287530899048
1786831813.6482463,ERROR:ConnectionError,2579.525947570801
1786831813.673144,ERROR:ConnectionError,2557.9891204833984
1786831813.6396658,ERROR:ConnectionError,2595.773935317993
1786831813.6076002,ERROR:ConnectionError,2628.5743713378906
1786831813.5923707,ERROR:ConnectionError,2644.232749938965
1786831813.66833,ERROR:ConnectionError,2570.605516433716
1786831813.6692266,ERROR:ConnectionError,2571.490526199341
1786831813.6808987,ERROR:ConnectionError,2570.2860355377197
1786831813.695945,ERROR:ConnectionError,2558.2101345062256
1786831813.696454,ERROR:ConnectionError,2560.9240531921387
1786831813.681362,ERROR:ConnectionError,2577.5811672210693
1786831813.743126,ERROR:ConnectionError,2518.266201019287
1786831813.7586725,ERROR:ConnectionError,2506.8325996398926
1786831813.6967828,ERROR:ConnectionError,2569.169521331787
1786831813.772094,ERROR:ConnectionError,2505.5856704711914
1786831813.7644615,ERROR:ConnectionError,2514.547109603882
1786831813.7674541,ERROR:ConnectionError,2512.309789657593
1786831813.7803347,ERROR:ConnectionError,2506.6699981689453
1786831813.7772892,ERROR:ConnectionError,2512.85982131958
1786831813.8015108,ERROR:ConnectionError,2494.9498176574707
1786831813.830851,ERROR:ConnectionError,2470.7820415496826
1786831813.807904,ERROR:ConnectionError,2497.070074081421
1786831813.804412,ERROR:ConnectionError,2503.2858848571777
1786831813.8388715,ERROR:ConnectionError,2483.402967453003
1786831813.833153,ERROR:ConnectionError,2497.55597114563
1786831813.7984486,ERROR:ConnectionError,2543.3096885681152
1786831813.845863,ERROR:ConnectionError,2497.0197677612305
1786831813.8632452,ERROR:ConnectionError,2481.861352920532
1786831813.8818882,ERROR:ConnectionError,2528.38134765625
1786831813.8852985,ERROR:ConnectionError,2533.5710048675537
1786831813.8888521,ERROR:ConnectionError,2534.290552139282
1786831813.8978984,ERROR:ConnectionError,2543.140649795532
1786831813.8975236,ERROR:ConnectionError,2556.065082550049
1786831813.903167,ERROR:ConnectionError,2616.9309616088867
1786831813.9043093,ERROR:ConnectionError,2625.2362728118896
1786831813.899235,ERROR:ConnectionError,2655.656099319458
1786831813.908746,ERROR:ConnectionError,2659.8188877105713
1786831813.914617,ERROR:ConnectionError,2673.6652851104736
1786831813.921975,ERROR:ConnectionError,2671.278238296509
1786831813.9141054,ERROR:ConnectionError,2682.8112602233887
1786831813.9246569,ERROR:ConnectionError,2679.905891418457
1786831814.10763,ERROR:ConnectionError,2497.734785079956
1786831814.1046777,ERROR:ConnectionError,2501.0955333709717
1786831814.0997572,ERROR:ConnectionError,2513.012170791626
1786831814.1126683,ERROR:ConnectionError,2501.4233589172363
1786831814.1174114,ERROR:ConnectionError,2499.441623687744
1786831814.1275167,ERROR:ConnectionError,2511.512517929077
1786831814.1245632,ERROR:ConnectionError,2537.382125854492
1786831814.1302943,ERROR:ConnectionError,2535.050392150879
1786831814.1312268,ERROR:ConnectionError,2544.6486473083496
1786831814.1390646,ERROR:ConnectionError,2539.0195846557617
1786831814.1438577,ERROR:ConnectionError,2553.6038875579834
1786831814.1518347,ERROR:ConnectionError,2552.08420753479
1786831814.1443276,ERROR:ConnectionError,2562.351703643799
1786831814.1623926,ERROR:ConnectionError,2549.240827560425
1786831814.1566813,ERROR:ConnectionError,2555.394172668457
1786831814.1813166,ERROR:ConnectionError,2543.484687805176
1786831814.1706283,ERROR:ConnectionError,2554.757595062256
1786831814.1760757,ERROR:ConnectionError,2554.99529838562
1786831814.1690347,ERROR:ConnectionError,2574.8119354248047
1786831814.193368,ERROR:ConnectionError,2553.602457046509
1786831814.189153,ERROR:ConnectionError,2561.378002166748
1786831814.196883,ERROR:ConnectionError,2558.697462081909
1786831814.1957285,ERROR:ConnectionError,2565.3440952301025
1786831814.3081472,ERROR:ConnectionError,2457.174777984619
1786831814.2142441,ERROR:ConnectionError,2554.3267726898193
1786831814.310672,ERROR:ConnectionError,2458.385705947876
1786831814.2585058,ERROR:ConnectionError,2516.055107116699
1786831814.612261,ERROR:ConnectionError,2164.179801940918
1786831814.6251254,ERROR:ConnectionError,2152.9576778411865
1786831814.6387875,ERROR:ConnectionError,2164.22176361084
1786831814.6394134,ERROR:ConnectionError,2166.480779647827
1786831814.6597276,ERROR:ConnectionError,2158.165454864502
1786831814.6891928,ERROR:ConnectionError,2132.6005458831787
1786831814.6415243,ERROR:ConnectionError,2183.3152770996094
1786831814.6515627,ERROR:ConnectionError,2180.925130844116
1786831815.95408,ERROR:ConnectionError,881.6218376159668
1786831815.9598439,ERROR:ConnectionError,880.0241947174072
1786831815.9668746,ERROR:ConnectionError,875.0965595245361
1786831815.9606717,ERROR:ConnectionError,885.4773044586182
1786831815.9963098,ERROR:ConnectionError,857.8259944915771
1786831815.9812443,ERROR:ConnectionError,873.5084533691406
1786831816.0161843,ERROR:ConnectionError,839.2148017883301
1786831816.0336878,ERROR:ConnectionError,822.2954273223877
1786831815.9899433,ERROR:ConnectionError,875.7510185241699
1786831816.0606897,ERROR:ConnectionError,805.422306060791
1786831816.039865,ERROR:ConnectionError,827.3003101348877
1786831816.0832827,ERROR:ConnectionError,786.7128849029541
1786831816.0729973,ERROR:ConnectionError,797.7147102355957
1786831816.1178832,ERROR:ConnectionError,773.5018730163574
1786831816.2140996,ERROR:ConnectionError,680.6340217590332
1786831816.1115708,ERROR:ConnectionError,783.7529182434082
1786831816.1070702,ERROR:ConnectionError,788.8302803039551
1786831816.220839,ERROR:ConnectionError,675.743579864502
1786831816.2078454,ERROR:ConnectionError,689.3210411071777
1786831816.0970414,ERROR:ConnectionError,800.5070686340332
1786831816.2114763,ERROR:ConnectionError,687.1340274810791
1786831816.1121857,ERROR:ConnectionError,789.2231941223145
1786831816.2201357,ERROR:ConnectionError,691.1628246307373
1786831816.2311437,ERROR:ConnectionError,680.5853843688965
1786831816.2097816,ERROR:ConnectionError,702.5065422058105
1786831816.2277849,ERROR:ConnectionError,684.8447322845459
1786831816.2354553,ERROR:ConnectionError,689.3858909606934
1786831816.2366145,ERROR:ConnectionError,695.7170963287354
1786831816.236185,ERROR:ConnectionError,707.6659202575684
1786831816.240735,ERROR:ConnectionError,706.7978382110596
1786831816.2541668,ERROR:ConnectionError,706.4042091369629
1786831816.2511988,ERROR:ConnectionError,739.6121025085449
1786831816.238944,ERROR:ConnectionError,752.8121471405029
1786831816.2614686,ERROR:ConnectionError,736.4978790283203
1786831816.2573895,ERROR:ConnectionError,743.2291507720947
1786831816.2655165,ERROR:ConnectionError,741.4045333862305
1786831816.2589529,ERROR:ConnectionError,748.7063407897949
1786831816.2776914,ERROR:ConnectionError,731.529951095581
1786831816.2790203,ERROR:ConnectionError,731.346845626831
1786831816.2797744,ERROR:ConnectionError,737.1139526367188
1786831816.2659597,ERROR:ConnectionError,751.4684200286865
1786831816.2870126,ERROR:ConnectionError,731.7905426025391
1786831816.2901638,ERROR:ConnectionError,729.8951148986816
1786831816.296472,ERROR:ConnectionError,729.3665409088135
1786831816.304987,ERROR:ConnectionError,726.9160747528076
1786831816.3077097,ERROR:ConnectionError,726.402759552002
1786831816.3016472,ERROR:ConnectionError,733.135461807251
1786831816.3222861,ERROR:ConnectionError,712.8334045410156
1786831816.342894,ERROR:ConnectionError,702.1222114562988
1786831816.410284,ERROR:ConnectionError,637.3674869537354
1786831816.3419147,ERROR:ConnectionError,706.8893909454346
1786831816.41888,ERROR:ConnectionError,630.8803558349609
1786831816.34512,ERROR:ConnectionError,706.5212726593018
1786831816.4231598,ERROR:ConnectionError,632.2495937347412
1786831816.3307195,ERROR:ConnectionError,731.0571670532227
1786831816.4410532,ERROR:ConnectionError,628.5607814788818
1786831816.4536,ERROR:ConnectionError,631.6549777984619
1786831816.5201097,ERROR:ConnectionError,569.4518089294434
1786831816.5549037,ERROR:ConnectionError,535.1893901824951
1786831816.5295582,ERROR:ConnectionError,565.1607513427734
1786831816.5685816,ERROR:ConnectionError,538.9471054077148
1786831816.5882957,ERROR:ConnectionError,519.9272632598877
1786831816.593266,ERROR:ConnectionError,517.6050662994385
1786831816.5969303,ERROR:ConnectionError,525.5591869354248
1786831816.6045725,ERROR:ConnectionError,518.5644626617432
1786831816.6057816,ERROR:ConnectionError,541.5585041046143
1786831816.614101,ERROR:ConnectionError,570.7893371582031
1786831816.6168635,ERROR:ConnectionError,588.5140895843506
1786831816.6127846,ERROR:ConnectionError,594.8328971862793
1786831816.6390464,ERROR:ConnectionError,572.1416473388672
1786831816.6653557,ERROR:ConnectionError,550.3852367401123
1786831816.6758935,ERROR:ConnectionError,540.3299331665039
1786831816.6780975,ERROR:ConnectionError,542.5384044647217
1786831816.661958,ERROR:ConnectionError,564.6865367889404
1786831816.6053734,ERROR:ConnectionError,623.3487129211426
1786831816.7066936,ERROR:ConnectionError,525.8188247680664
1786831816.7039313,ERROR:ConnectionError,529.261589050293
1786831816.711644,ERROR:ConnectionError,524.1429805755615
1786831816.697475,ERROR:ConnectionError,540.9641265869141
1786831816.7248201,ERROR:ConnectionError,518.9011096954346
1786831816.7120845,ERROR:ConnectionError,538.5313034057617
1786831816.731083,ERROR:ConnectionError,525.0236988067627
1786831816.750547,ERROR:ConnectionError,506.7448616027832
1786831816.761089,ERROR:ConnectionError,498.89135360717773
1786831816.7469785,ERROR:ConnectionError,516.0272121429443
1786831816.7254002,ERROR:ConnectionError,538.7508869171143
1786831816.7438636,ERROR:ConnectionError,525.0940322875977
1786831816.7685852,ERROR:ConnectionError,501.19566917419434
1786831816.776453,ERROR:ConnectionError,494.9464797973633
1786831816.7690668,ERROR:ConnectionError,503.6904811859131
1786831816.778096,ERROR:ConnectionError,499.21393394470215
1786831816.7555928,ERROR:ConnectionError,522.4738121032715
1786831816.7745733,ERROR:ConnectionError,503.8912296295166
1786831816.7653365,ERROR:ConnectionError,522.6774215698242
1786831816.8059077,ERROR:ConnectionError,486.30380630493164
1786831816.8179078,ERROR:ConnectionError,475.2318859100342
1786831816.8218036,ERROR:ConnectionError,471.76575660705566
1786831816.8325024,ERROR:ConnectionError,466.6883945465088
1786831816.8357162,ERROR:ConnectionError,469.8224067687988
1786831816.8248563,ERROR:ConnectionError,481.71186447143555
1786831816.803025,ERROR:ConnectionError,507.15065002441406
1786831816.8398807,ERROR:ConnectionError,471.77910804748535
1786831816.8419852,ERROR:ConnectionError,474.6866226196289
1786831816.8461645,ERROR:ConnectionError,481.9307327270508
1786831816.854148,ERROR:ConnectionError,482.47718811035156
1786831816.854766,ERROR:ConnectionError,502.4983882904053
1786831816.8559923,ERROR:ConnectionError,545.619010925293
1786831816.8554056,ERROR:ConnectionError,624.4146823883057
1786831816.866121,ERROR:ConnectionError,666.0971641540527
1786831816.8657014,ERROR:ConnectionError,668.6866283416748
1786831816.8707228,ERROR:ConnectionError,670.3879833221436
1786831816.8700078,ERROR:ConnectionError,679.307222366333
1786831816.8671758,ERROR:ConnectionError,704.1928768157959
1786831816.8914013,ERROR:ConnectionError,741.7275905609131
1786831816.8975568,ERROR:ConnectionError,773.9956378936768
1786831816.895331,ERROR:ConnectionError,854.3760776519775
1786831816.8965971,ERROR:ConnectionError,884.8106861114502
1786831816.8959103,ERROR:ConnectionError,923.4359264373779
1786831816.8947477,ERROR:ConnectionError,985.6517314910889
1786831816.9113088,ERROR:ConnectionError,1009.8667144775391
1786831816.9014213,ERROR:ConnectionError,1028.0447006225586
1786831816.9122932,ERROR:ConnectionError,1018.775224685669
1786831816.9117386,ERROR:ConnectionError,1024.3170261383057
1786831816.8986168,ERROR:ConnectionError,1037.7717018127441
1786831816.8971777,ERROR:ConnectionError,1043.398380279541
1786831816.9323418,ERROR:ConnectionError,1016.5205001831055
1786831816.924853,ERROR:ConnectionError,1032.0756435394287
1786831816.943866,ERROR:ConnectionError,1020.8938121795654
1786831816.9126353,ERROR:ConnectionError,1053.3130168914795
1786831816.9475458,ERROR:ConnectionError,1022.6027965545654
1786831816.9605782,ERROR:ConnectionError,1019.7696685791016
1786831816.9908724,ERROR:ConnectionError,992.2993183135986
1786831816.991769,ERROR:ConnectionError,992.8667545318604
1786831816.9980054,ERROR:ConnectionError,996.8950748443604
1786831817.000628,ERROR:ConnectionError,1000.5388259887695
1786831817.006935,ERROR:ConnectionError,1011.0230445861816
1786831817.0103798,ERROR:ConnectionError,1007.8766345977783
1786831817.007669,ERROR:ConnectionError,1015.5291557312012
1786831817.0174377,ERROR:ConnectionError,1008.1238746643066
1786831817.0092323,ERROR:ConnectionError,1023.7760543823242
1786831817.0168984,ERROR:ConnectionError,1018.3472633361816
1786831817.0188155,ERROR:ConnectionError,1022.6192474365234
1786831817.0200691,ERROR:ConnectionError,1023.9653587341309
1786831817.0258539,ERROR:ConnectionError,1021.7940807342529
1786831817.0319166,ERROR:ConnectionError,1020.5869674682617
1786831817.0450299,ERROR:ConnectionError,1007.9457759857178
1786831817.0341184,ERROR:ConnectionError,1019.2050933837891
1786831817.0347917,ERROR:ConnectionError,1023.8971710205078
1786831817.0516508,ERROR:ConnectionError,1007.5116157531738
1786831817.0617912,ERROR:ConnectionError,1000.654935836792
1786831817.0488157,ERROR:ConnectionError,1014.0774250030518
1786831817.0947332,ERROR:ConnectionError,970.66330909729
1786831817.0351734,ERROR:ConnectionError,1032.9174995422363
1786831817.0554242,ERROR:ConnectionError,1013.2040977478027
1786831817.069628,ERROR:ConnectionError,1003.1430721282959
1786831817.0476623,ERROR:ConnectionError,1033.6220264434814
1786831817.090105,ERROR:ConnectionError,993.9000606536865
1786831817.0895758,ERROR:ConnectionError,995.0807094573975
1786831817.1225014,ERROR:ConnectionError,972.5315570831299
1786831817.1473525,ERROR:ConnectionError,950.7913589477539
1786831817.1082413,ERROR:ConnectionError,990.626335144043
1786831817.110883,ERROR:ConnectionError,988.4600639343262
1786831817.1231456,ERROR:ConnectionError,977.205753326416
1786831817.1075394,ERROR:ConnectionError,1001.7940998077393
1786831817.207627,ERROR:ConnectionError,902.6129245758057
1786831817.232523,ERROR:ConnectionError,885.3902816772461
1786831817.2162309,ERROR:ConnectionError,910.9690189361572
1786831817.0497715,ERROR:ConnectionError,1077.9523849487305
1786831817.2266765,ERROR:ConnectionError,901.2985229492188
1786831817.2599957,ERROR:ConnectionError,869.1611289978027
1786831817.1849036,ERROR:ConnectionError,945.1954364776611
1786831817.0852659,ERROR:ConnectionError,1046.8432903289795
1786831817.238453,ERROR:ConnectionError,895.2295780181885
1786831817.2206516,ERROR:ConnectionError,913.6786460876465
1786831817.2287385,ERROR:ConnectionError,907.5913429260254
1786831817.2112374,ERROR:ConnectionError,928.1258583068848
1786831817.2357957,ERROR:ConnectionError,904.1488170623779
1786831817.205391,ERROR:ConnectionError,938.4698867797852
1786831817.2437692,ERROR:ConnectionError,903.5911560058594
1786831817.2332,ERROR:ConnectionError,921.8590259552002
1786831817.2561152,ERROR:ConnectionError,909.6348285675049
1786831817.215753,ERROR:ConnectionError,950.8795738220215
1786831817.2773201,ERROR:ConnectionError,891.4380073547363
1786831817.2572994,ERROR:ConnectionError,914.4718647003174
1786831817.2728505,ERROR:ConnectionError,901.5347957611084
1786831817.2506287,ERROR:ConnectionError,924.0858554840088
1786831817.2697883,ERROR:ConnectionError,906.5520763397217
1786831817.2784722,ERROR:ConnectionError,899.132251739502
1786831817.2641602,ERROR:ConnectionError,914.2687320709229
1786831817.268975,ERROR:ConnectionError,918.3733463287354
1786831817.271409,ERROR:ConnectionError,916.4073467254639
1786831817.2780762,ERROR:ConnectionError,910.9199047088623
1786831817.293579,ERROR:ConnectionError,896.1522579193115
1786831817.2931492,ERROR:ConnectionError,903.3463001251221
1786831817.2630174,ERROR:ConnectionError,934.2665672302246
1786831817.299204,ERROR:ConnectionError,900.8572101593018
1786831817.3101876,ERROR:ConnectionError,913.0833148956299
1786831817.311671,ERROR:ConnectionError,913.0902290344238
1786831817.30555,ERROR:ConnectionError,926.6765117645264
1786831817.2922235,ERROR:ConnectionError,948.3122825622559
1786831817.2880259,ERROR:ConnectionError,953.5627365112305
1786831817.3166816,ERROR:ConnectionError,925.7826805114746
1786831817.3065772,ERROR:ConnectionError,936.5170001983643
1786831817.3281064,ERROR:ConnectionError,916.0425662994385
1786831817.3366363,ERROR:ConnectionError,909.8718166351318
1786831817.3572748,ERROR:ConnectionError,891.6876316070557
1786831817.532228,ERROR:ConnectionError,723.8667011260986
1786831817.4016228,ERROR:ConnectionError,855.2017211914062
1786831817.5343962,ERROR:ConnectionError,731.0481071472168
1786831817.4798326,ERROR:ConnectionError,789.393424987793
1786831817.7814198,ERROR:ConnectionError,488.74926567077637
1786831817.549324,ERROR:ConnectionError,730.0069332122803
1786831817.5713828,ERROR:ConnectionError,709.5799446105957
1786831817.8193557,ERROR:ConnectionError,462.7549648284912
1786831817.6331406,ERROR:ConnectionError,655.7564735412598
1786831817.880407,ERROR:ConnectionError,408.9770317077637
1786831817.93108,ERROR:ConnectionError,359.1475486755371
1786831817.5411263,ERROR:ConnectionError,749.5405673980713
1786831817.6715627,ERROR:ConnectionError,620.0375556945801
1786831817.921191,ERROR:ConnectionError,380.7358741760254
1786831817.9294784,ERROR:ConnectionError,376.36685371398926
1786831817.9363954,ERROR:ConnectionError,374.1633892059326
1786831817.9360664,ERROR:ConnectionError,379.2099952697754
1786831817.7497172,ERROR:ConnectionError,568.9561367034912
1786831817.9405913,ERROR:ConnectionError,383.9857578277588
1786831817.9488738,ERROR:ConnectionError,376.8961429595947
1786831817.9647717,ERROR:ConnectionError,361.52195930480957
1786831817.9659576,ERROR:ConnectionError,375.93531608581543
1786831817.9701605,ERROR:ConnectionError,374.8912811279297
1786831817.9803634,ERROR:ConnectionError,365.19575119018555
1786831817.9569407,ERROR:ConnectionError,393.04208755493164
1786831817.9831803,ERROR:ConnectionError,367.63811111450195
1786831817.9846494,ERROR:ConnectionError,372.9274272918701
1786831817.9949155,ERROR:ConnectionError,365.62037467956543
1786831818.00118,ERROR:ConnectionError,375.70881843566895
1786831818.0182612,ERROR:ConnectionError,363.0344867706299
1786831818.025574,ERROR:ConnectionError,356.3809394836426
1786831818.0179687,ERROR:ConnectionError,366.83177947998047
1786831818.0330236,ERROR:ConnectionError,353.12771797180176
1786831818.0533323,ERROR:ConnectionError,342.6241874694824
1786831818.0232165,ERROR:ConnectionError,374.0847110748291
1786831818.0352511,ERROR:ConnectionError,363.83605003356934
1786831818.0414562,ERROR:ConnectionError,363.76500129699707
1786831818.044045,ERROR:ConnectionError,361.94896697998047
1786831818.047658,ERROR:ConnectionError,359.65466499328613
1786831818.059172,ERROR:ConnectionError,357.7413558959961
1786831818.0686386,ERROR:ConnectionError,355.46016693115234
1786831818.052983,ERROR:ConnectionError,374.09281730651855
1786831818.0586996,ERROR:ConnectionError,373.3386993408203
1786831818.0525172,ERROR:ConnectionError,381.49261474609375
1786831818.0629025,ERROR:ConnectionError,377.10046768188477
1786831818.062459,ERROR:ConnectionError,378.0670166015625
1786831818.0681021,ERROR:ConnectionError,373.0165958404541
1786831818.0654058,ERROR:ConnectionError,379.82821464538574
1786831818.0846667,ERROR:ConnectionError,362.1673583984375
1786831818.100361,ERROR:ConnectionError,350.65507888793945
1786831818.0812924,ERROR:ConnectionError,373.6906051635742
1786831818.1179247,ERROR:ConnectionError,339.9312496185303
1786831818.0981548,ERROR:ConnectionError,360.2795600891113
1786831818.0840123,ERROR:ConnectionError,376.5859603881836
1786831818.11025,ERROR:ConnectionError,370.59879302978516
1786831818.0727818,ERROR:ConnectionError,410.10522842407227
1786831818.1093485,ERROR:ConnectionError,374.10783767700195
1786831818.0988777,ERROR:ConnectionError,388.89431953430176
1786831818.1272097,ERROR:ConnectionError,365.11850357055664
1786831818.0950546,ERROR:ConnectionError,402.862548828125
1786831818.1343348,ERROR:ConnectionError,365.0374412536621
1786831818.0993526,ERROR:ConnectionError,411.30900382995605
1786831818.1363358,ERROR:ConnectionError,380.4047107696533
1786831818.1321225,ERROR:ConnectionError,390.84625244140625
1786831818.1301088,ERROR:ConnectionError,397.5822925567627
1786831818.1473742,ERROR:ConnectionError,381.23440742492676
1786831818.1550715,ERROR:ConnectionError,374.6814727783203
1786831818.133688,ERROR:ConnectionError,404.25753593444824
1786831818.1277292,ERROR:ConnectionError,429.9352169036865
1786831818.1279805,ERROR:ConnectionError,433.7451457977295
1786831818.1743958,ERROR:ConnectionError,392.17233657836914
1786831818.177616,ERROR:ConnectionError,391.8628692626953
1786831818.1291642,ERROR:ConnectionError,448.4834671020508
1786831818.1717782,ERROR:ConnectionError,410.9616279602051
1786831818.1657612,ERROR:ConnectionError,421.7712879180908
1786831818.1399534,ERROR:ConnectionError,448.0741024017334
1786831818.176351,ERROR:ConnectionError,412.4753475189209
1786831818.1873586,ERROR:ConnectionError,429.81433868408203
1786831818.139378,ERROR:ConnectionError,479.48455810546875
1786831818.1438725,ERROR:ConnectionError,477.88214683532715
1786831818.1687717,ERROR:ConnectionError,456.7587375640869
1786831818.1747198,ERROR:ConnectionError,452.53610610961914
1786831818.189735,ERROR:ConnectionError,443.9089298248291
1786831818.178436,ERROR:ConnectionError,463.2384777069092
1786831818.200071,ERROR:ConnectionError,446.15769386291504
1786831818.1878235,ERROR:ConnectionError,466.85123443603516
1786831818.1666422,ERROR:ConnectionError,488.5528087615967
1786831818.1890025,ERROR:ConnectionError,475.3894805908203
1786831818.1965024,ERROR:ConnectionError,473.02937507629395
1786831818.2232869,ERROR:ConnectionError,449.6743679046631
1786831818.2405498,ERROR:ConnectionError,434.0345859527588
1786831818.1972926,ERROR:ConnectionError,480.2248477935791
1786831818.2441583,ERROR:ConnectionError,437.2985363006592
1786831818.2424738,ERROR:ConnectionError,439.46099281311035
1786831818.2431045,ERROR:ConnectionError,442.018985748291
1786831818.232237,ERROR:ConnectionError,453.4142017364502
1786831818.224773,ERROR:ConnectionError,473.8328456878662
1786831818.2561069,ERROR:ConnectionError,445.27125358581543
1786831818.2465174,ERROR:ConnectionError,460.9994888305664
1786831818.2701786,ERROR:ConnectionError,446.01893424987793
1786831818.2489684,ERROR:ConnectionError,467.8807258605957
1786831818.2416027,ERROR:ConnectionError,483.81876945495605
1786831818.2692378,ERROR:ConnectionError,456.79330825805664
1786831818.2893949,ERROR:ConnectionError,443.77779960632324
1786831818.2654579,ERROR:ConnectionError,468.4765338897705
1786831818.290234,ERROR:ConnectionError,447.767972946167
1786831818.2568333,ERROR:ConnectionError,485.2924346923828
1786831818.2809746,ERROR:ConnectionError,463.6683464050293
1786831818.2821226,ERROR:ConnectionError,471.5123176574707
1786831818.2906728,ERROR:ConnectionError,466.8266773223877
1786831818.2889113,ERROR:ConnectionError,469.00177001953125
1786831818.2793438,ERROR:ConnectionError,483.4272861480713
1786831818.3105714,ERROR:ConnectionError,457.00788497924805
1786831818.315286,ERROR:ConnectionError,453.0520439147949
1786831818.305852,ERROR:ConnectionError,467.8335189819336
1786831818.3019652,ERROR:ConnectionError,472.8822708129883
1786831818.2916055,ERROR:ConnectionError,492.1743869781494
1786831818.318688,ERROR:ConnectionError,478.94740104675293
1786831818.325782,ERROR:ConnectionError,475.4047393798828
1786831818.3245878,ERROR:ConnectionError,480.20124435424805
1786831818.3263,ERROR:ConnectionError,478.89161109924316
1786831818.3419049,ERROR:ConnectionError,482.58042335510254
1786831818.3450637,ERROR:ConnectionError,484.82704162597656
1786831818.34999,ERROR:ConnectionError,485.29791831970215
1786831818.3455691,ERROR:ConnectionError,495.3799247741699
1786831818.350826,ERROR:ConnectionError,494.2820072174072
1786831818.3769119,ERROR:ConnectionError,477.43988037109375
1786831818.357593,ERROR:ConnectionError,501.7378330230713
1786831818.3605492,ERROR:ConnectionError,499.32861328125
1786831818.3813138,ERROR:ConnectionError,479.0797233581543
1786831818.381969,ERROR:ConnectionError,483.5808277130127
1786831818.3861566,ERROR:ConnectionError,500.0455379486084
1786831818.3848107,ERROR:ConnectionError,507.46989250183105
1786831818.39598,ERROR:ConnectionError,500.8223056793213
1786831818.3973117,ERROR:ConnectionError,508.8331699371338
1786831818.399094,ERROR:ConnectionError,507.75909423828125
1786831818.4052293,ERROR:ConnectionError,516.2694454193115
1786831818.4169252,ERROR:ConnectionError,508.47411155700684
1786831818.4060001,ERROR:ConnectionError,522.0038890838623
1786831818.4241123,ERROR:ConnectionError,513.2167339324951
1786831818.4270825,ERROR:ConnectionError,514.228343963623
1786831818.4073217,ERROR:ConnectionError,534.5633029937744
1786831818.4405355,ERROR:ConnectionError,516.1950588226318
1786831818.4320517,ERROR:ConnectionError,528.9709568023682
1786831818.4340467,ERROR:ConnectionError,528.9287567138672
1786831818.4411314,ERROR:ConnectionError,530.4851531982422
1786831818.4400175,ERROR:ConnectionError,534.0092182159424
1786831818.4452472,ERROR:ConnectionError,531.4896106719971
1786831818.4468467,ERROR:ConnectionError,534.9521636962891
1786831818.458444,ERROR:ConnectionError,563.1816387176514
1786831818.4510481,ERROR:ConnectionError,591.0687446594238
1786831818.4578683,ERROR:ConnectionError,588.6125564575195
1786831818.4606137,ERROR:ConnectionError,586.4229202270508
1786831818.4549983,ERROR:ConnectionError,592.5424098968506
1786831818.4828994,ERROR:ConnectionError,567.744255065918
1786831818.4993832,ERROR:ConnectionError,564.356803894043
1786831818.5229833,ERROR:ConnectionError,541.7349338531494
1786831818.4877808,ERROR:ConnectionError,580.2278518676758
1786831818.4923406,ERROR:ConnectionError,580.8215141296387
1786831818.483465,ERROR:ConnectionError,596.5750217437744
1786831818.4979286,ERROR:ConnectionError,593.5680866241455
1786831818.480865,ERROR:ConnectionError,615.7104969024658
1786831818.5167542,ERROR:ConnectionError,583.704948425293
1786831818.538023,ERROR:ConnectionError,562.934160232544
1786831818.557682,ERROR:ConnectionError,543.9486503601074
1786831818.5297668,ERROR:ConnectionError,590.2657508850098
1786831818.5277052,ERROR:ConnectionError,594.5580005645752
1786831818.5286188,ERROR:ConnectionError,599.9541282653809
1786831818.5617523,ERROR:ConnectionError,569.0288543701172
1786831818.5106785,ERROR:ConnectionError,621.1483478546143
1786831818.5827525,ERROR:ConnectionError,549.5553016662598
1786831818.566582,ERROR:ConnectionError,567.1734809875488
1786831818.5776672,ERROR:ConnectionError,572.6842880249023
1786831818.5888355,ERROR:ConnectionError,563.1716251373291
1786831818.5880365,ERROR:ConnectionError,567.4648284912109
1786831818.5694885,ERROR:ConnectionError,586.4131450653076
1786831818.5875466,ERROR:ConnectionError,569.2939758300781
1786831818.6188724,ERROR:ConnectionError,552.1013736724854
1786831818.6272666,ERROR:ConnectionError,546.1826324462891
1786831818.617189,ERROR:ConnectionError,570.3270435333252
1786831818.6336558,ERROR:ConnectionError,560.7707500457764
1786831818.6255455,ERROR:ConnectionError,569.5805549621582
1786831818.6217651,ERROR:ConnectionError,578.514575958252
1786831818.646247,ERROR:ConnectionError,563.5924339294434
1786831818.6416864,ERROR:ConnectionError,573.7206935882568
1786831818.6552029,ERROR:ConnectionError,561.3067150115967
1786831818.6644132,ERROR:ConnectionError,554.1272163391113
1786831818.6546893,ERROR:ConnectionError,566.0784244537354
1786831818.6729753,ERROR:ConnectionError,555.9992790222168
1786831818.6695437,ERROR:ConnectionError,561.497688293457
1786831818.6745934,ERROR:ConnectionError,557.9829216003418
1786831818.6814756,ERROR:ConnectionError,558.3591461181641
1786831818.6856594,ERROR:ConnectionError,558.2332611083984
1786831818.6819432,ERROR:ConnectionError,566.8425559997559
1786831818.6775305,ERROR:ConnectionError,595.8859920501709
1786831818.6851351,ERROR:ConnectionError,593.3761596679688
1786831818.7013886,ERROR:ConnectionError,591.0797119140625
1786831818.6986196,ERROR:ConnectionError,595.6079959869385
1786831818.7075295,ERROR:ConnectionError,596.4236259460449
1786831818.7168593,ERROR:ConnectionError,603.2619476318359
1786831818.7162132,ERROR:ConnectionError,612.7626895904541
1786831818.7260456,ERROR:ConnectionError,612.1463775634766
1786831818.7339447,ERROR:ConnectionError,605.8228015899658
1786831818.725432,ERROR:ConnectionError,618.8530921936035
1786831818.7331867,ERROR:ConnectionError,612.4367713928223
1786831818.7380135,ERROR:ConnectionError,633.1639289855957
1786831818.753649,ERROR:ConnectionError,620.9301948547363
1786831818.7579231,ERROR:ConnectionError,619.8787689208984
1786831818.7421412,ERROR:ConnectionError,639.8463249206543
1786831818.7446587,ERROR:ConnectionError,637.791633605957
1786831818.7627828,ERROR:ConnectionError,624.7274875640869
1786831818.768348,ERROR:ConnectionError,622.4985122680664
1786831818.7575111,ERROR:ConnectionError,634.1469287872314
1786831818.7748559,ERROR:ConnectionError,628.2413005828857
1786831818.7675898,ERROR:ConnectionError,642.35520362854
1786831818.7736957,ERROR:ConnectionError,641.1938667297363
1786831818.8048005,ERROR:ConnectionError,626.7797946929932
1786831818.8011985,ERROR:ConnectionError,630.9854984283447
1786831818.783793,ERROR:ConnectionError,651.1311531066895
1786831818.797651,ERROR:ConnectionError,639.5790576934814
1786831818.8244975,ERROR:ConnectionError,621.8993663787842
1786831818.8352995,ERROR:ConnectionError,616.5947914123535
1786831818.8299038,ERROR:ConnectionError,623.5244274139404
1786831818.8052008,ERROR:ConnectionError,650.9485244750977
1786831818.8409665,ERROR:ConnectionError,672.3692417144775
1786831818.8543644,ERROR:ConnectionError,668.9648628234863
1786831818.845124,ERROR:ConnectionError,680.3731918334961
1786831818.8593717,ERROR:ConnectionError,670.5112457275391
1786831818.8604074,ERROR:ConnectionError,673.8409996032715
1786831818.8598883,ERROR:ConnectionError,678.0166625976562
1786831818.8862154,ERROR:ConnectionError,652.726411819458
1786831818.8924751,ERROR:ConnectionError,653.6986827850342
1786831818.8655605,ERROR:ConnectionError,687.8228187561035
1786831818.9061627,ERROR:ConnectionError,654.88600730896
1786831818.9215133,ERROR:ConnectionError,643.8844203948975
1786831818.8968174,ERROR:ConnectionError,672.5473403930664
1786831818.906865,ERROR:ConnectionError,668.7273979187012
1786831818.9254117,ERROR:ConnectionError,654.27565574646
1786831818.9373426,ERROR:ConnectionError,644.7558403015137
1786831818.928021,ERROR:ConnectionError,655.8840274810791
1786831818.9418924,ERROR:ConnectionError,652.6594161987305
1786831818.9567466,ERROR:ConnectionError,639.2073631286621
1786831818.9629867,ERROR:ConnectionError,638.8676166534424
1786831818.9413247,ERROR:ConnectionError,661.3173484802246
1786831818.9610384,ERROR:ConnectionError,642.1375274658203
1786831818.9716275,ERROR:ConnectionError,650.8069038391113
1786831818.9740374,ERROR:ConnectionError,662.5349521636963
1786831818.9767473,ERROR:ConnectionError,667.8714752197266
1786831819.021638,ERROR:ConnectionError,626.5082359313965
1786831819.0464973,ERROR:ConnectionError,610.1481914520264
1786831818.981813,ERROR:ConnectionError,675.804615020752
1786831819.0475526,ERROR:ConnectionError,610.5263233184814
1786831819.0506587,ERROR:ConnectionError,616.6753768920898
1786831819.04213,ERROR:ConnectionError,625.8530616760254
1786831819.0470462,ERROR:ConnectionError,624.4151592254639
1786831819.0680177,ERROR:ConnectionError,605.0877571105957
1786831819.073173,ERROR:ConnectionError,612.534761428833
1786831819.0637603,ERROR:ConnectionError,622.8129863739014
1786831819.06473,ERROR:ConnectionError,624.0060329437256
1786831819.0800545,ERROR:ConnectionError,612.3857498168945
1786831819.0915134,ERROR:ConnectionError,610.6507778167725
1786831819.1004732,ERROR:ConnectionError,606.358528137207
1786831819.1009665,ERROR:ConnectionError,612.2057437896729
1786831819.0965943,ERROR:ConnectionError,617.3944473266602
1786831819.10164,ERROR:ConnectionError,613.0905151367188
1786831819.1307914,ERROR:ConnectionError,593.2183265686035
1786831819.1200447,ERROR:ConnectionError,606.0161590576172
1786831819.1222715,ERROR:ConnectionError,610.65673828125
1786831819.1337657,ERROR:ConnectionError,599.9085903167725
1786831819.1285913,ERROR:ConnectionError,605.4491996765137
1786831819.1503663,ERROR:ConnectionError,584.8290920257568
1786831819.1318357,ERROR:ConnectionError,618.7789440155029
1786831819.1520195,ERROR:ConnectionError,599.5707511901855
1786831819.1559093,ERROR:ConnectionError,597.2959995269775
1786831819.1555116,ERROR:ConnectionError,598.2563495635986
1786831819.1709855,ERROR:ConnectionError,593.5516357421875
1786831819.1323154,ERROR:ConnectionError,632.9541206359863
1786831819.1568503,ERROR:ConnectionError,608.8886260986328
1786831819.1734595,ERROR:ConnectionError,593.043327331543
1786831819.1875265,ERROR:ConnectionError,585.9606266021729
1786831819.19444,ERROR:ConnectionError,583.3404064178467
1786831819.1951373,ERROR:ConnectionError,588.8230800628662
1786831819.2098584,ERROR:ConnectionError,575.1509666442871
1786831819.2154248,ERROR:ConnectionError,577.6684284210205
1786831819.2207773,ERROR:ConnectionError,577.3401260375977
1786831819.200291,ERROR:ConnectionError,602.8997898101807
1786831819.2185524,ERROR:ConnectionError,585.9668254852295
1786831819.2165189,ERROR:ConnectionError,600.60715675354
1786831819.2325847,ERROR:ConnectionError,585.4110717773438
1786831819.2439132,ERROR:ConnectionError,580.1160335540771
1786831819.228988,ERROR:ConnectionError,595.6811904907227
1786831819.2487984,ERROR:ConnectionError,583.6396217346191
1786831819.2734354,ERROR:ConnectionError,562.373161315918
1786831819.2310565,ERROR:ConnectionError,608.792781829834
1786831819.2924843,ERROR:ConnectionError,551.2139797210693
1786831819.2785523,ERROR:ConnectionError,567.6324367523193
1786831819.239853,ERROR:ConnectionError,609.4675064086914
1786831819.2942379,ERROR:ConnectionError,557.9874515533447
1786831819.3201332,ERROR:ConnectionError,533.4663391113281
1786831819.3039665,ERROR:ConnectionError,568.9411163330078
1786831819.3289945,ERROR:ConnectionError,546.438455581665
1786831819.3382285,ERROR:ConnectionError,545.7921028137207
1786831819.3397799,ERROR:ConnectionError,559.326171875
1786831819.344304,ERROR:ConnectionError,561.0857009887695
1786831819.3456357,ERROR:ConnectionError,564.624547958374
1786831819.3711896,ERROR:ConnectionError,553.8067817687988
1786831819.3745892,ERROR:ConnectionError,560.2309703826904
1786831819.382,ERROR:ConnectionError,554.6283721923828
1786831819.3875237,ERROR:ConnectionError,552.8337955474854
1786831819.3824594,ERROR:ConnectionError,561.6240501403809
1786831819.3778143,ERROR:ConnectionError,567.4126148223877
1786831819.390857,ERROR:ConnectionError,558.1634044647217
1786831819.3916698,ERROR:ConnectionError,558.0320358276367
1786831819.4031093,ERROR:ConnectionError,551.4917373657227
1786831819.4099624,ERROR:ConnectionError,557.6810836791992
1786831819.431669,ERROR:ConnectionError,580.8658599853516
1786831819.432193,ERROR:ConnectionError,581.5305709838867
1786831819.434935,ERROR:ConnectionError,588.6468887329102
1786831819.4372404,ERROR:ConnectionError,594.8107242584229
1786831819.4534419,ERROR:ConnectionError,583.0590724945068
1786831819.4519064,ERROR:ConnectionError,585.2041244506836
1786831819.4464307,ERROR:ConnectionError,596.278190612793
1786831819.4149058,ERROR:ConnectionError,632.2362422943115
1786831819.4561634,ERROR:ConnectionError,595.7291126251221
1786831819.5133471,ERROR:ConnectionError,544.5201396942139
1786831819.5233421,ERROR:ConnectionError,537.8932952880859
1786831819.5342598,ERROR:ConnectionError,531.5258502960205
1786831819.5299518,ERROR:ConnectionError,544.0599918365479
1786831819.5255065,ERROR:ConnectionError,551.6769886016846
1786831819.537917,ERROR:ConnectionError,555.7119846343994
1786831819.5389538,ERROR:ConnectionError,576.587438583374
1786831819.5461924,ERROR:ConnectionError,584.7434997558594
1786831819.5533988,ERROR:ConnectionError,578.2501697540283
1786831819.5654113,ERROR:ConnectionError,585.2346420288086
1786831819.5610642,ERROR:ConnectionError,591.5515422821045
1786831819.5693767,ERROR:ConnectionError,596.7426300048828
1786831819.5756075,ERROR:ConnectionError,601.7715930938721
1786831819.579699,ERROR:ConnectionError,599.600076675415
1786831819.5821106,ERROR:ConnectionError,602.7979850769043
1786831819.583916,ERROR:ConnectionError,604.6688556671143
1786831819.6026506,ERROR:ConnectionError,597.5403785705566
1786831819.5945652,ERROR:ConnectionError,607.7067852020264
1786831819.5959685,ERROR:ConnectionError,611.6468906402588
1786831819.6018672,ERROR:ConnectionError,606.4527034759521
1786831819.6031868,ERROR:ConnectionError,617.6066398620605
1786831819.6224465,ERROR:ConnectionError,600.0959873199463
1786831819.6365852,ERROR:ConnectionError,595.6528186798096
1786831819.6481621,ERROR:ConnectionError,584.7060680389404
1786831819.6446364,ERROR:ConnectionError,589.2271995544434
1786831819.6566591,ERROR:ConnectionError,595.7295894622803
1786831819.658087,ERROR:ConnectionError,594.7957038879395
1786831819.6576302,ERROR:ConnectionError,597.6080894470215
1786831819.6673467,ERROR:ConnectionError,594.9013233184814
1786831819.6731148,ERROR:ConnectionError,589.9674892425537
1786831819.6679926,ERROR:ConnectionError,595.6079959869385
1786831819.6857193,ERROR:ConnectionError,590.2984142303467
1786831819.6714725,ERROR:ConnectionError,610.1582050323486
1786831819.6887474,ERROR:ConnectionError,605.6594848632812
1786831819.6865866,ERROR:ConnectionError,611.7076873779297
1786831819.6924524,ERROR:ConnectionError,612.6735210418701
1786831819.7021859,ERROR:ConnectionError,608.7343692779541
1786831819.7240255,ERROR:ConnectionError,591.8123722076416
1786831819.7140017,ERROR:ConnectionError,607.5937747955322
1786831819.7260714,ERROR:ConnectionError,611.2492084503174
1786831819.73294,ERROR:ConnectionError,616.1808967590332
1786831819.7068465,ERROR:ConnectionError,643.4087753295898
1786831819.7147484,ERROR:ConnectionError,641.6025161743164
1786831819.71319,ERROR:ConnectionError,645.2012062072754
1786831819.7352052,ERROR:ConnectionError,627.0401477813721
1786831819.7336848,ERROR:ConnectionError,640.7802104949951
1786831819.753217,ERROR:ConnectionError,627.9296875
1786831819.7537768,ERROR:ConnectionError,630.1538944244385
1786831819.7516,ERROR:ConnectionError,635.8332633972168
1786831819.7506278,ERROR:ConnectionError,647.2845077514648
1786831819.766513,ERROR:ConnectionError,642.164945602417
1786831819.76528,ERROR:ConnectionError,645.5180644989014
1786831819.7340477,ERROR:ConnectionError,679.9070835113525
1786831819.7657497,ERROR:ConnectionError,652.5020599365234
1786831819.773501,ERROR:ConnectionError,650.456428527832
1786831819.7645507,ERROR:ConnectionError,668.1008338928223
1786831819.7839718,ERROR:ConnectionError,674.27659034729
1786831819.8032014,ERROR:ConnectionError,660.6945991516113
1786831819.8045282,ERROR:ConnectionError,665.2493476867676
1786831819.8358214,ERROR:ConnectionError,637.1235847473145
1786831819.7850196,ERROR:ConnectionError,689.9948120117188
1786831819.7981303,ERROR:ConnectionError,679.295539855957
1786831819.7777932,ERROR:ConnectionError,708.94455909729
1786831819.7931025,ERROR:ConnectionError,694.2794322967529
1786831819.8246787,ERROR:ConnectionError,665.9767627716064
1786831819.8324478,ERROR:ConnectionError,669.9123382568359
1786831819.8437107,ERROR:ConnectionError,659.2421531677246
1786831819.817138,ERROR:ConnectionError,688.0753040313721
1786831819.8462005,ERROR:ConnectionError,661.1816883087158
1786831819.8240445,ERROR:ConnectionError,688.0655288696289
1786831819.818007,ERROR:ConnectionError,696.291446685791
1786831819.839861,ERROR:ConnectionError,675.0757694244385
1786831819.8729165,ERROR:ConnectionError,662.2066497802734
1786831819.8493326,ERROR:ConnectionError,688.5018348693848
1786831819.852239,ERROR:ConnectionError,689.3069744110107
1786831819.8840325,ERROR:ConnectionError,658.9417457580566
1786831819.8536131,ERROR:ConnectionError,690.0372505187988
1786831819.8754425,ERROR:ConnectionError,672.8396415710449
1786831819.8991177,ERROR:ConnectionError,658.3409309387207
1786831819.9054036,ERROR:ConnectionError,666.008710861206
1786831819.910274,ERROR:ConnectionError,667.8907871246338
1786831819.9250076,ERROR:ConnectionError,661.3733768463135
1786831819.945236,ERROR:ConnectionError,646.0072994232178
1786831819.936638,ERROR:ConnectionError,655.6720733642578
1786831819.9440932,ERROR:ConnectionError,653.078556060791
1786831819.9348354,ERROR:ConnectionError,669.1656112670898
1786831819.954611,ERROR:ConnectionError,655.0424098968506
1786831819.9497106,ERROR:ConnectionError,663.8414859771729
1786831819.9490323,ERROR:ConnectionError,678.1091690063477
1786831819.9676557,ERROR:ConnectionError,664.8452281951904
1786831819.9403658,ERROR:ConnectionError,700.3171443939209
1786831820.0125587,ERROR:ConnectionError,639.6589279174805
1786831820.013736,ERROR:ConnectionError,648.4746932983398
1786831820.0235984,ERROR:ConnectionError,647.3696231842041
1786831820.0320673,ERROR:ConnectionError,651.2446403503418
1786831820.0365129,ERROR:ConnectionError,651.1435508728027
1786831820.037121,ERROR:ConnectionError,655.6134223937988
1786831820.042722,ERROR:ConnectionError,652.1828174591064
1786831820.0471632,ERROR:ConnectionError,652.8198719024658
1786831820.0578816,ERROR:ConnectionError,646.9554901123047
1786831820.0658011,ERROR:ConnectionError,641.4759159088135
1786831820.0612514,ERROR:ConnectionError,647.8428840637207
1786831820.077198,ERROR:ConnectionError,634.6898078918457
1786831820.0936422,ERROR:ConnectionError,627.0556449890137
1786831820.1506593,ERROR:ConnectionError,578.5672664642334
1786831820.0740247,ERROR:ConnectionError,656.0800075531006
1786831820.131661,ERROR:ConnectionError,599.2021560668945
1786831820.152626,ERROR:ConnectionError,578.7210464477539
1786831820.1155539,ERROR:ConnectionError,618.0706024169922
1786831820.0519037,ERROR:ConnectionError,683.3643913269043
1786831820.1309586,ERROR:ConnectionError,612.6701831817627
1786831820.1661396,ERROR:ConnectionError,587.791919708252
1786831820.1849215,ERROR:ConnectionError,573.8670825958252
1786831820.2022817,ERROR:ConnectionError,556.9651126861572
1786831820.1793094,ERROR:ConnectionError,580.5740356445312
1786831820.1885946,ERROR:ConnectionError,572.1521377563477
1786831820.207628,ERROR:ConnectionError,554.8405647277832
1786831820.1773934,ERROR:ConnectionError,586.7445468902588
1786831820.200208,ERROR:ConnectionError,571.9454288482666
1786831820.222553,ERROR:ConnectionError,553.9443492889404
1786831820.2208095,ERROR:ConnectionError,560.3909492492676
1786831820.2322545,ERROR:ConnectionError,564.3079280853271
1786831820.208327,ERROR:ConnectionError,591.6788578033447
1786831820.2760365,ERROR:ConnectionError,544.2440509796143
1786831820.2636087,ERROR:ConnectionError,558.0787658691406
1786831820.2528927,ERROR:ConnectionError,569.3845748901367
1786831820.2944193,ERROR:ConnectionError,530.1909446716309
1786831820.2338738,ERROR:ConnectionError,596.3153839111328
1786831820.232879,ERROR:ConnectionError,600.7707118988037
1786831820.255248,ERROR:ConnectionError,582.6621055603027
1786831820.2816627,ERROR:ConnectionError,556.8697452545166
1786831820.298309,ERROR:ConnectionError,549.6997833251953
1786831820.262261,ERROR:ConnectionError,587.3172283172607
1786831820.2524014,ERROR:ConnectionError,599.7586250305176
1786831820.3051362,ERROR:ConnectionError,556.6768646240234
1786831820.337335,ERROR:ConnectionError,528.9061069488525
1786831820.3109362,ERROR:ConnectionError,562.5741481781006
1786831820.3216074,ERROR:ConnectionError,556.2067031860352
1786831820.3158514,ERROR:ConnectionError,566.1201477050781
1786831820.2630963,ERROR:ConnectionError,623.1393814086914
1786831820.3502662,ERROR:ConnectionError,539.9234294891357
1786831820.349137,ERROR:ConnectionError,545.2477931976318
1786831820.3563626,ERROR:ConnectionError,560.1301193237305
1786831820.3622615,ERROR:ConnectionError,570.1882839202881
1786831820.3744798,ERROR:ConnectionError,559.117317199707
1786831820.3811584,ERROR:ConnectionError,557.450532913208
1786831820.3584027,ERROR:ConnectionError,583.071231842041
1786831820.4239697,ERROR:ConnectionError,520.7743644714355
1786831820.383942,ERROR:ConnectionError,564.7897720336914
1786831820.4582586,ERROR:ConnectionError,496.6096878051758
1786831820.3874419,ERROR:ConnectionError,570.0042247772217
1786831820.418262,ERROR:ConnectionError,540.2617454528809
1786831820.3979273,ERROR:ConnectionError,567.4779415130615
1786831820.4697888,ERROR:ConnectionError,496.8748092651367
1786831820.4139655,ERROR:ConnectionError,557.6450824737549
1786831820.4086912,ERROR:ConnectionError,565.3722286224365
1786831820.4108078,ERROR:ConnectionError,565.7234191894531
1786831820.4328232,ERROR:ConnectionError,545.9997653961182
1786831820.4639108,ERROR:ConnectionError,516.6637897491455
1786831820.4774375,ERROR:ConnectionError,509.7196102142334
1786831820.4750283,ERROR:ConnectionError,519.8028087615967
1786831820.4906683,ERROR:ConnectionError,507.30133056640625
1786831820.4867475,ERROR:ConnectionError,513.3140087127686
1786831820.4873908,ERROR:ConnectionError,515.084981918335
1786831820.4729578,ERROR:ConnectionError,531.4018726348877
1786831820.5029628,ERROR:ConnectionError,511.84892654418945
1786831820.502378,ERROR:ConnectionError,513.8769149780273
1786831820.5074008,ERROR:ConnectionError,512.7298831939697
1786831820.5121229,ERROR:ConnectionError,511.63768768310547
1786831820.5052247,ERROR:ConnectionError,519.2046165466309
1786831820.5143104,ERROR:ConnectionError,525.4065990447998
1786831820.5378466,ERROR:ConnectionError,507.3864459991455
1786831820.535138,ERROR:ConnectionError,510.61248779296875
1786831820.5149453,ERROR:ConnectionError,531.5608978271484
1786831820.548314,ERROR:ConnectionError,501.4677047729492
1786831820.54366,ERROR:ConnectionError,507.2035789489746
1786831820.5415552,ERROR:ConnectionError,513.5459899902344
1786831820.5574722,ERROR:ConnectionError,505.9633255004883
1786831820.5429893,ERROR:ConnectionError,521.3770866394043
1786831820.5864024,ERROR:ConnectionError,484.8780632019043
1786831820.5714262,ERROR:ConnectionError,501.55186653137207
1786831820.5781832,ERROR:ConnectionError,502.63214111328125
1786831820.5923202,ERROR:ConnectionError,496.1507320404053
1786831820.591258,ERROR:ConnectionError,501.46007537841797
1786831820.6096709,ERROR:ConnectionError,483.63494873046875
1786831820.6040225,ERROR:ConnectionError,495.04971504211426
1786831820.5971878,ERROR:ConnectionError,504.23479080200195
1786831820.6271498,ERROR:ConnectionError,478.00302505493164
1786831820.640695,ERROR:ConnectionError,469.9890613555908
1786831820.6135612,ERROR:ConnectionError,504.5640468597412
1786831820.6522262,ERROR:ConnectionError,470.0427055358887
1786831820.6927483,ERROR:ConnectionError,431.81538581848145
1786831820.632511,ERROR:ConnectionError,496.31595611572266
1786831820.6622207,ERROR:ConnectionError,470.5467224121094
1786831820.6833372,ERROR:ConnectionError,458.79077911376953
1786831820.6709807,ERROR:ConnectionError,472.65148162841797
1786831820.6876707,ERROR:ConnectionError,456.5389156341553
1786831820.6949155,ERROR:ConnectionError,461.8182182312012
1786831820.6999962,ERROR:ConnectionError,469.1488742828369
1786831820.7072887,ERROR:ConnectionError,465.1963710784912
1786831820.7048478,ERROR:ConnectionError,474.062442779541
1786831820.709105,ERROR:ConnectionError,478.02162170410156
1786831820.729239,ERROR:ConnectionError,473.9375114440918
1786831820.72071,ERROR:ConnectionError,484.7092628479004
1786831820.7336383,ERROR:ConnectionError,478.2986640930176
1786831820.7119012,ERROR:ConnectionError,505.48243522644043
1786831820.7308736,ERROR:ConnectionError,487.4281883239746
1786831820.7313569,ERROR:ConnectionError,492.628812789917
1786831820.7301145,ERROR:ConnectionError,494.4174289703369
1786831820.7641463,ERROR:ConnectionError,466.3257598876953
1786831820.7436404,ERROR:ConnectionError,487.37120628356934
1786831820.7624779,ERROR:ConnectionError,473.88458251953125
1786831820.7352796,ERROR:ConnectionError,503.91244888305664
1786831820.7588034,ERROR:ConnectionError,497.9703426361084
1786831820.7539475,ERROR:ConnectionError,518.2452201843262
1786831820.7812119,ERROR:ConnectionError,495.84388732910156
1786831820.759891,ERROR:ConnectionError,530.8732986450195
1786831820.7592545,ERROR:ConnectionError,554.1582107543945
1786831820.776513,ERROR:ConnectionError,539.6015644073486
1786831820.7607536,ERROR:ConnectionError,562.9017353057861
1786831820.7721655,ERROR:ConnectionError,554.2926788330078
1786831820.800019,ERROR:ConnectionError,530.0500392913818
1786831820.7965767,ERROR:ConnectionError,542.912483215332
1786831820.8202922,ERROR:ConnectionError,531.4762592315674
1786831820.8222857,ERROR:ConnectionError,545.2911853790283
1786831820.8216994,ERROR:ConnectionError,584.8448276519775
1786831820.830199,ERROR:ConnectionError,579.0629386901855
1786831820.833675,ERROR:ConnectionError,582.3891162872314
1786831820.8379223,ERROR:ConnectionError,579.9109935760498
1786831820.8246188,ERROR:ConnectionError,596.5142250061035
1786831820.8385422,ERROR:ConnectionError,584.2652320861816
1786831820.8495903,ERROR:ConnectionError,578.4749984741211
1786831820.848021,ERROR:ConnectionError,592.1695232391357
1786831820.852171,ERROR:ConnectionError,588.433027267456
1786831820.861825,ERROR:ConnectionError,584.45143699646
1786831820.8862474,ERROR:ConnectionError,565.7649040222168
1786831820.8662539,ERROR:ConnectionError,589.1213417053223
1786831820.8735223,ERROR:ConnectionError,587.2979164123535
1786831820.8902054,ERROR:ConnectionError,582.8163623809814
1786831820.877821,ERROR:ConnectionError,596.1062908172607
1786831820.8819897,ERROR:ConnectionError,597.0969200134277
1786831820.8943982,ERROR:ConnectionError,585.1330757141113
1786831820.9165056,ERROR:ConnectionError,567.901611328125
1786831820.9336092,ERROR:ConnectionError,569.7400569915771
1786831820.9386215,ERROR:ConnectionError,569.9646472930908
1786831820.9324632,ERROR:ConnectionError,580.7056427001953
1786831820.9447584,ERROR:ConnectionError,571.1703300476074
1786831820.9414868,ERROR:ConnectionError,579.2880058288574
1786831820.9487395,ERROR:ConnectionError,577.6677131652832
1786831820.9574554,ERROR:ConnectionError,578.312873840332
1786831820.9548798,ERROR:ConnectionError,581.343412399292
1786831820.958532,ERROR:ConnectionError,587.3720645904541
1786831820.9740715,ERROR:ConnectionError,572.425365447998
1786831820.9666739,ERROR:ConnectionError,597.9115962982178
1786831820.9949062,ERROR:ConnectionError,573.6491680145264
1786831820.9871671,ERROR:ConnectionError,582.0016860961914
1786831821.02444,ERROR:ConnectionError,551.4736175537109
1786831821.0000784,ERROR:ConnectionError,578.0279636383057
1786831821.0162652,ERROR:ConnectionError,564.3010139465332
1786831821.00249,ERROR:ConnectionError,578.8891315460205
1786831821.0043728,ERROR:ConnectionError,581.5424919128418
1786831820.9716232,ERROR:ConnectionError,619.1632747650146
1786831820.9765487,ERROR:ConnectionError,616.6031360626221
1786831820.9805896,ERROR:ConnectionError,619.2898750305176
1786831820.9654205,ERROR:ConnectionError,635.3068351745605
1786831820.9788342,ERROR:ConnectionError,623.9340305328369
1786831820.9979827,ERROR:ConnectionError,613.0886077880859
1786831821.0201414,ERROR:ConnectionError,596.5273380279541
1786831821.0148249,ERROR:ConnectionError,611.2282276153564
1786831821.0237732,ERROR:ConnectionError,606.5123081207275
1786831821.0397322,ERROR:ConnectionError,591.7372703552246
1786831821.0452456,ERROR:ConnectionError,593.0233001708984
1786831821.0465162,ERROR:ConnectionError,598.686933517456
1786831821.049795,ERROR:ConnectionError,597.4617004394531
1786831821.0551121,ERROR:ConnectionError,597.5446701049805
1786831821.0643744,ERROR:ConnectionError,592.7395820617676
1786831821.0508766,ERROR:ConnectionError,606.6756248474121
1786831821.0457613,ERROR:ConnectionError,616.7078018188477
1786831821.0712948,ERROR:ConnectionError,600.8341312408447
1786831821.0729878,ERROR:ConnectionError,612.0076179504395
1786831821.0634484,ERROR:ConnectionError,627.5832653045654
1786831821.0808275,ERROR:ConnectionError,611.9334697723389
1786831821.088489,ERROR:ConnectionError,615.9243583679199
1786831821.0927336,ERROR:ConnectionError,618.5369491577148
1786831821.1245751,ERROR:ConnectionError,604.6011447906494
1786831821.1106987,ERROR:ConnectionError,618.9849376678467
1786831821.1222806,ERROR:ConnectionError,607.844352722168
1786831821.1567452,ERROR:ConnectionError,574.3980407714844
1786831821.1436436,ERROR:ConnectionError,589.7889137268066
1786831821.105167,ERROR:ConnectionError,633.9542865753174
1786831821.1014395,ERROR:ConnectionError,639.9064064025879
1786831821.118143,ERROR:ConnectionError,625.6499290466309
1786831821.1327798,ERROR:ConnectionError,617.5277233123779
1786831821.093315,ERROR:ConnectionError,661.8735790252686
1786831821.0990856,ERROR:ConnectionError,656.4846038818359
1786831821.1442173,ERROR:ConnectionError,612.0402812957764
1786831821.2054334,ERROR:ConnectionError,557.5332641601562
1786831821.1288407,ERROR:ConnectionError,635.1182460784912
1786831821.1691592,ERROR:ConnectionError,595.3304767608643
1786831821.1724975,ERROR:ConnectionError,593.4562683105469
1786831821.187139,ERROR:ConnectionError,579.247236251831
1786831821.1421797,ERROR:ConnectionError,626.394510269165
1786831821.2239964,ERROR:ConnectionError,550.4500865936279
1786831821.23049,ERROR:ConnectionError,547.5666522979736
1786831821.2173963,ERROR:ConnectionError,561.2392425537109
1786831821.2031972,ERROR:ConnectionError,576.1082172393799
1786831821.178923,ERROR:ConnectionError,604.3827533721924
1786831821.3161275,ERROR:ConnectionError,472.4140167236328
1786831821.218313,ERROR:ConnectionError,575.3509998321533
1786831821.2310214,ERROR:ConnectionError,563.4551048278809
1786831821.2363725,ERROR:ConnectionError,558.4988594055176
1786831821.2245386,ERROR:ConnectionError,573.2953548431396
1786831821.211949,ERROR:ConnectionError,587.688684463501
1786831821.2722054,ERROR:ConnectionError,529.2801856994629
1786831821.2392025,ERROR:ConnectionError,567.2633647918701
1786831821.2907753,ERROR:ConnectionError,518.4326171875
1786831821.256789,ERROR:ConnectionError,553.5805225372314
1786831821.2770689,ERROR:ConnectionError,543.3928966522217
1786831821.3134234,ERROR:ConnectionError,514.6443843841553
1786831821.326472,ERROR:ConnectionError,517.0910358428955
1786831821.3517804,ERROR:ConnectionError,494.17781829833984
1786831821.4065568,ERROR:ConnectionError,440.19103050231934
1786831821.3236678,ERROR:ConnectionError,523.895263671875
1786831821.3395057,ERROR:ConnectionError,513.530969619751
1786831821.3675895,ERROR:ConnectionError,488.2326126098633
1786831821.409275,ERROR:ConnectionError,448.05049896240234
1786831821.3300831,ERROR:ConnectionError,537.4448299407959
1786831821.4160779,ERROR:ConnectionError,452.03137397766113
1786831821.4228141,ERROR:ConnectionError,450.15811920166016
1786831821.421148,ERROR:ConnectionError,471.0664749145508
1786831821.4178426,ERROR:ConnectionError,484.7869873046875
1786831821.4402022,ERROR:ConnectionError,469.4840908050537
1786831821.4280763,ERROR:ConnectionError,482.2719097137451
1786831821.4406116,ERROR:ConnectionError,480.23319244384766
1786831821.4462917,ERROR:ConnectionError,475.07405281066895
1786831821.4520273,ERROR:ConnectionError,507.55882263183594
1786831821.45539,ERROR:ConnectionError,506.5734386444092
1786831821.4844186,ERROR:ConnectionError,528.533935546875
1786831821.479098,ERROR:ConnectionError,545.0496673583984
1786831821.4795387,ERROR:ConnectionError,546.248197555542
1786831821.4739382,ERROR:ConnectionError,554.767370223999
1786831821.5132105,ERROR:ConnectionError,527.6756286621094
1786831821.5459228,ERROR:ConnectionError,495.66125869750977
1786831821.508597,ERROR:ConnectionError,533.3917140960693
1786831821.5033643,ERROR:ConnectionError,540.6312942504883
1786831821.5465274,ERROR:ConnectionError,500.6721019744873
1786831821.535781,ERROR:ConnectionError,512.1421813964844
1786831821.526418,ERROR:ConnectionError,521.8989849090576
1786831821.4730334,ERROR:ConnectionError,580.1472663879395
1786831821.5646079,ERROR:ConnectionError,488.999605178833
1786831821.5159492,ERROR:ConnectionError,546.7610359191895
1786831821.4608305,ERROR:ConnectionError,608.0977916717529
1786831821.568566,ERROR:ConnectionError,501.36852264404297
1786831821.5362298,ERROR:ConnectionError,538.0141735076904
1786831821.520785,ERROR:ConnectionError,553.917407989502
1786831821.5759256,ERROR:ConnectionError,499.0735054016113
1786831821.5859263,ERROR:ConnectionError,499.0990161895752
1786831821.569179,ERROR:ConnectionError,517.4233913421631
1786831821.5781176,ERROR:ConnectionError,513.1781101226807
1786831821.5805771,ERROR:ConnectionError,514.8658752441406
1786831821.590798,ERROR:ConnectionError,506.5503120422363
1786831821.581486,ERROR:ConnectionError,520.7200050354004
1786831821.6027782,ERROR:ConnectionError,500.2126693725586
1786831821.611082,ERROR:ConnectionError,497.516393661499
1786831821.5931633,ERROR:ConnectionError,517.437219619751
1786831821.60074,ERROR:ConnectionError,514.880895614624
1786831821.5998983,ERROR:ConnectionError,527.8148651123047
1786831821.6166816,ERROR:ConnectionError,512.1681690216064
1786831821.6260655,ERROR:ConnectionError,504.06932830810547
1786831821.630302,ERROR:ConnectionError,510.06126403808594
1786831821.6314812,ERROR:ConnectionError,528.0935764312744
1786831821.6927726,ERROR:ConnectionError,501.90281867980957
1786831821.7296937,ERROR:ConnectionError,465.3923511505127
1786831821.7301338,ERROR:ConnectionError,480.6361198425293
1786831821.6721418,ERROR:ConnectionError,539.3919944763184
1786831821.657128,ERROR:ConnectionError,554.8422336578369
1786831821.7044258,ERROR:ConnectionError,511.63554191589355
1786831821.638279,ERROR:ConnectionError,586.8532657623291
1786831821.6910443,ERROR:ConnectionError,534.4772338867188
1786831821.6452174,ERROR:ConnectionError,584.73801612854
1786831821.7334452,ERROR:ConnectionError,498.71253967285156
1786831821.7291915,ERROR:ConnectionError,510.53833961486816
1786831821.7413561,ERROR:ConnectionError,498.8820552825928
1786831821.7391357,ERROR:ConnectionError,504.9102306365967
1786831821.6624885,ERROR:ConnectionError,583.615779876709
1786831821.6575596,ERROR:ConnectionError,597.5100994110107
1786831821.7112818,ERROR:ConnectionError,544.5570945739746
1786831821.6850104,ERROR:ConnectionError,573.371410369873
1786831821.647275,ERROR:ConnectionError,612.0555400848389
1786831821.6526673,ERROR:ConnectionError,613.7621402740479
1786831821.7311556,ERROR:ConnectionError,539.6161079406738
1786831821.750325,ERROR:ConnectionError,521.4855670928955
1786831821.755579,ERROR:ConnectionError,517.7035331726074
1786831821.7551968,ERROR:ConnectionError,522.6335525512695
1786831821.7562644,ERROR:ConnectionError,522.2389698028564
1786831821.763968,ERROR:ConnectionError,516.3354873657227
1786831821.7438047,ERROR:ConnectionError,538.9277935028076
1786831821.7644992,ERROR:ConnectionError,519.2101001739502
1786831821.76298,ERROR:ConnectionError,532.5362682342529
1786831821.783317,ERROR:ConnectionError,515.6214237213135
1786831821.7659602,ERROR:ConnectionError,558.6516857147217
1786831821.7685816,ERROR:ConnectionError,556.5626621246338
1786831821.7885516,ERROR:ConnectionError,543.0929660797119
1786831821.7793124,ERROR:ConnectionError,561.4078044891357
1786831821.7744577,ERROR:ConnectionError,572.641134262085
1786831821.7663946,ERROR:ConnectionError,589.280366897583
1786831821.793679,ERROR:ConnectionError,576.5054225921631
1786831821.7948782,ERROR:ConnectionError,575.8342742919922
1786831821.7780695,ERROR:ConnectionError,593.1973457336426
1786831821.820471,ERROR:ConnectionError,551.1517524719238
1786831821.79965,ERROR:ConnectionError,581.0592174530029
1786831821.8103807,ERROR:ConnectionError,570.6872940063477
1786831821.778643,ERROR:ConnectionError,608.2439422607422
1786831821.797847,ERROR:ConnectionError,591.9015407562256
1786831821.8092504,ERROR:ConnectionError,591.9709205627441
1786831821.843574,ERROR:ConnectionError,581.1645984649658
1786831821.7944877,ERROR:ConnectionError,630.6881904602051
1786831821.8064754,ERROR:ConnectionError,623.3305931091309
1786831821.867538,ERROR:ConnectionError,563.5089874267578
1786831821.846759,ERROR:ConnectionError,585.7350826263428
1786831821.8558316,ERROR:ConnectionError,579.7362327575684
1786831821.8459694,ERROR:ConnectionError,591.602087020874
1786831821.8014963,ERROR:ConnectionError,639.5494937896729
1786831821.8530488,ERROR:ConnectionError,589.0920162200928
1786831821.8280773,ERROR:ConnectionError,621.1886405944824
1786831821.857336,ERROR:ConnectionError,603.177547454834
1786831821.8681192,ERROR:ConnectionError,611.5319728851318
1786831821.8475716,ERROR:ConnectionError,645.0371742248535
1786831821.892226,ERROR:ConnectionError,622.8930950164795
1786831821.902644,ERROR:ConnectionError,614.5789623260498
1786831821.9208581,ERROR:ConnectionError,602.6921272277832
1786831821.921375,ERROR:ConnectionError,605.3147315979004
1786831821.8729877,ERROR:ConnectionError,660.5198383331299
1786831821.9103615,ERROR:ConnectionError,623.5718727111816
1786831821.9097006,ERROR:ConnectionError,625.9572505950928
1786831822.0129662,ERROR:ConnectionError,527.2336006164551
1786831821.959602,ERROR:ConnectionError,581.4270973205566
1786831821.9619725,ERROR:ConnectionError,584.9745273590088
1786831822.0257947,ERROR:ConnectionError,522.0980644226074
1786831822.0241578,ERROR:ConnectionError,527.672529220581
1786831822.0479324,ERROR:ConnectionError,508.18753242492676
1786831822.047211,ERROR:ConnectionError,513.2668018341064
1786831822.0742533,ERROR:ConnectionError,496.29712104797363
1786831822.0415976,ERROR:ConnectionError,529.7319889068604
1786831822.0627189,ERROR:ConnectionError,509.69743728637695
1786831822.068937,ERROR:ConnectionError,504.3985843658447
1786831822.0419967,ERROR:ConnectionError,532.9053401947021
1786831822.053195,ERROR:ConnectionError,525.2208709716797
1786831822.0409012,ERROR:ConnectionError,542.2673225402832
1786831822.0750058,ERROR:ConnectionError,520.5886363983154
1786831822.053615,ERROR:ConnectionError,542.8791046142578
1786831822.0287113,ERROR:ConnectionError,568.7336921691895
1786831822.0440056,ERROR:ConnectionError,557.5501918792725
1786831822.048325,ERROR:ConnectionError,559.5095157623291
1786831822.074708,ERROR:ConnectionError,536.1018180847168
1786831822.0973642,ERROR:ConnectionError,532.4628353118896
1786831822.0850377,ERROR:ConnectionError,545.2806949615479
1786831822.09546,ERROR:ConnectionError,540.8484935760498
1786831822.1156309,ERROR:ConnectionError,522.1328735351562
1786831822.1106102,ERROR:ConnectionError,528.5298824310303
1786831822.1403742,ERROR:ConnectionError,499.514102935791
1786831822.1595871,ERROR:ConnectionError,489.52245712280273
1786831822.086617,ERROR:ConnectionError,563.931941986084
1786831822.194695,ERROR:ConnectionError,459.78307723999023
1786831822.091307,ERROR:ConnectionError,563.4849071502686
1786831822.1022184,ERROR:ConnectionError,553.0226230621338
1786831822.128859,ERROR:ConnectionError,534.7592830657959
1786831822.1277242,ERROR:ConnectionError,543.6975955963135
1786831822.108611,ERROR:ConnectionError,585.9484672546387
1786831822.2119756,ERROR:ConnectionError,484.03406143188477
1786831822.2108786,ERROR:ConnectionError,489.1018867492676
1786831822.1030023,ERROR:ConnectionError,598.7074375152588
1786831822.1950934,ERROR:ConnectionError,506.88767433166504
1786831822.0699437,ERROR:ConnectionError,633.0718994140625
1786831822.216072,ERROR:ConnectionError,488.8873100280762
1786831822.1301465,ERROR:ConnectionError,581.0797214508057
1786831822.2115412,ERROR:ConnectionError,500.8540153503418
1786831822.2251427,ERROR:ConnectionError,490.6964302062988
1786831822.225528,ERROR:ConnectionError,491.18566513061523
1786831822.2321692,ERROR:ConnectionError,485.98337173461914
1786831822.2440588,ERROR:ConnectionError,486.682653427124
1786831822.2402472,ERROR:ConnectionError,501.8877983093262
1786831822.2397428,ERROR:ConnectionError,508.6328983306885
1786831822.2461102,ERROR:ConnectionError,504.4598579406738
1786831822.2299676,ERROR:ConnectionError,522.3956108093262
1786831822.255847,ERROR:ConnectionError,510.1146697998047
1786831822.2707849,ERROR:ConnectionError,496.1891174316406
1786831822.2550836,ERROR:ConnectionError,513.0059719085693
1786831822.273296,ERROR:ConnectionError,496.42300605773926
1786831822.2718205,ERROR:ConnectionError,499.5453357696533
1786831822.2785127,ERROR:ConnectionError,509.6704959869385
1786831822.2828526,ERROR:ConnectionError,506.87623023986816
1786831822.2989502,ERROR:ConnectionError,493.04986000061035
1786831822.2664409,ERROR:ConnectionError,525.9256362915039
1786831822.2837198,ERROR:ConnectionError,515.0473117828369
1786831822.2583916,ERROR:ConnectionError,541.9294834136963
1786831822.3246253,ERROR:ConnectionError,477.9469966888428
1786831822.2593398,ERROR:ConnectionError,545.0587272644043
1786831822.2803183,ERROR:ConnectionError,524.7714519500732
1786831822.3407352,ERROR:ConnectionError,516.5696144104004
1786831822.2778425,ERROR:ConnectionError,579.9965858459473
1786831822.3701987,ERROR:ConnectionError,487.9333972930908
1786831822.3716288,ERROR:ConnectionError,487.47849464416504
1786831822.3712745,ERROR:ConnectionError,488.08956146240234
1786831822.381075,ERROR:ConnectionError,480.4196357727051
1786831822.3807182,ERROR:ConnectionError,481.769323348999
1786831822.2955253,ERROR:ConnectionError,567.40403175354
1786831822.3556888,ERROR:ConnectionError,508.84556770324707
1786831822.3251522,ERROR:ConnectionError,539.8244857788086
1786831822.3316565,ERROR:ConnectionError,536.6384983062744
1786831822.3869011,ERROR:ConnectionError,482.06067085266113
1786831822.4012403,ERROR:ConnectionError,468.84989738464355
1786831822.389758,ERROR:ConnectionError,488.1260395050049
1786831822.3707206,ERROR:ConnectionError,516.9730186462402
1786831822.4251852,ERROR:ConnectionError,469.7117805480957
1786831822.4310565,ERROR:ConnectionError,470.7598686218262
1786831822.449276,ERROR:ConnectionError,456.39991760253906
1786831822.4410524,ERROR:ConnectionError,466.2439823150635
1786831822.432508,ERROR:ConnectionError,475.27527809143066
1786831822.4375837,ERROR:ConnectionError,470.7062244415283
1786831822.492619,ERROR:ConnectionError,423.7642288208008
1786831822.4355757,ERROR:ConnectionError,484.912633895874
1786831822.5235612,ERROR:ConnectionError,401.6406536102295
1786831822.5151331,ERROR:ConnectionError,414.5083427429199
1786831822.4421465,ERROR:ConnectionError,491.76931381225586
1786831822.47966,ERROR:ConnectionError,459.8567485809326
1786831822.4247515,ERROR:ConnectionError,516.4759159088135
1786831822.429818,ERROR:ConnectionError,511.7228031158447
1786831822.5172355,ERROR:ConnectionError,425.6303310394287
1786831822.5469587,ERROR:ConnectionError,408.8597297668457
1786831822.5561311,ERROR:ConnectionError,400.7418155670166
1786831822.5518434,ERROR:ConnectionError,410.3820323944092
1786831822.4605258,ERROR:ConnectionError,502.46739387512207
1786831822.5339415,ERROR:ConnectionError,429.4924736022949
1786831822.5604877,ERROR:ConnectionError,405.17115592956543
1786831822.5356688,ERROR:ConnectionError,432.06048011779785
1786831822.526702,ERROR:ConnectionError,441.58220291137695
1786831822.3471131,ERROR:ConnectionError,641.1449909210205
1786831822.5335217,ERROR:ConnectionError,455.38878440856934
1786831822.5713408,ERROR:ConnectionError,422.8172302246094
1786831822.5410368,ERROR:ConnectionError,458.9881896972656
1786831822.5402117,ERROR:ConnectionError,465.49201011657715
1786831822.5479007,ERROR:ConnectionError,459.6676826477051
1786831822.5831802,ERROR:ConnectionError,424.99279975891113
1786831822.5724277,ERROR:ConnectionError,447.40962982177734
1786831822.5733469,ERROR:ConnectionError,454.3943405151367
1786831822.5705655,ERROR:ConnectionError,457.83472061157227
1786831822.595607,ERROR:ConnectionError,434.1931343078613
1786831822.5784237,ERROR:ConnectionError,464.96033668518066
1786831822.597454,ERROR:ConnectionError,449.24306869506836
1786831822.6015675,ERROR:ConnectionError,452.15415954589844
1786831822.607875,ERROR:ConnectionError,447.28684425354004
1786831822.574915,ERROR:ConnectionError,482.6326370239258
1786831822.5965097,ERROR:ConnectionError,469.0361022949219
1786831822.6108186,ERROR:ConnectionError,466.3240909576416
1786831822.6298444,ERROR:ConnectionError,451.40647888183594
1786831822.6303267,ERROR:ConnectionError,459.6872329711914
1786831822.6363225,ERROR:ConnectionError,459.31529998779297
1786831822.6377714,ERROR:ConnectionError,458.61268043518066
1786831822.639152,ERROR:ConnectionError,469.97928619384766
1786831822.6398973,ERROR:ConnectionError,470.689058303833
1786831822.6491218,ERROR:ConnectionError,467.27466583251953
1786831822.6505623,ERROR:ConnectionError,467.5445556640625
1786831822.655246,ERROR:ConnectionError,466.86744689941406
1786831822.654487,ERROR:ConnectionError,473.55031967163086
1786831822.663632,ERROR:ConnectionError,478.07836532592773
1786831822.6547968,ERROR:ConnectionError,487.3788356781006
1786831822.671429,ERROR:ConnectionError,475.5666255950928
1786831822.6960204,ERROR:ConnectionError,461.6403579711914
1786831822.6945739,ERROR:ConnectionError,471.33660316467285
1786831822.6999943,ERROR:ConnectionError,467.27633476257324
1786831822.7030196,ERROR:ConnectionError,466.89581871032715
1786831822.7019866,ERROR:ConnectionError,470.9815979003906
1786831822.7017157,ERROR:ConnectionError,472.5778102874756
1786831822.7049663,ERROR:ConnectionError,473.7133979797363
1786831822.7112384,ERROR:ConnectionError,478.2528877258301
1786831822.7124078,ERROR:ConnectionError,488.54660987854004
1786831822.7181616,ERROR:ConnectionError,485.9275817871094
1786831822.730753,ERROR:ConnectionError,476.9620895385742
1786831822.7421448,ERROR:ConnectionError,477.6298999786377
1786831822.7505774,ERROR:ConnectionError,469.8221683502197
1786831822.7523687,ERROR:ConnectionError,468.4271812438965
1786831822.7158523,ERROR:ConnectionError,513.110876083374
1786831822.7483861,ERROR:ConnectionError,482.45859146118164
1786831822.7167246,ERROR:ConnectionError,515.6171321868896
1786831822.768096,ERROR:ConnectionError,474.6875762939453
1786831822.7659745,ERROR:ConnectionError,477.3120880126953
1786831822.766986,ERROR:ConnectionError,490.0352954864502
1786831822.7881956,ERROR:ConnectionError,469.45786476135254
1786831822.7713735,ERROR:ConnectionError,492.0392036437988
1786831822.7697315,ERROR:ConnectionError,502.43401527404785
1786831822.7897398,ERROR:ConnectionError,483.8414192199707
1786831822.7920074,ERROR:ConnectionError,482.2063446044922
1786831822.7987776,ERROR:ConnectionError,478.15918922424316
1786831822.7923744,ERROR:ConnectionError,486.375093460083
1786831822.8003287,ERROR:ConnectionError,480.4096221923828
1786831822.8044074,ERROR:ConnectionError,490.67068099975586
1786831822.805097,ERROR:ConnectionError,490.6458854675293
1786831822.859371,ERROR:ConnectionError,445.2025890350342
1786831822.8578448,ERROR:ConnectionError,452.94976234436035
1786831822.8025818,ERROR:ConnectionError,511.48176193237305
1786831822.8629348,ERROR:ConnectionError,454.7269344329834
1786831822.8615046,ERROR:ConnectionError,466.1571979522705
1786831822.8591132,ERROR:ConnectionError,477.6921272277832
1786831822.8581371,ERROR:ConnectionError,482.82742500305176
1786831822.8683093,ERROR:ConnectionError,473.06180000305176
1786831822.8689682,ERROR:ConnectionError,478.76834869384766
1786831822.864985,ERROR:ConnectionError,490.41032791137695
1786831822.8573115,ERROR:ConnectionError,500.6685256958008
1786831822.870097,ERROR:ConnectionError,492.89631843566895
1786831822.887704,ERROR:ConnectionError,482.9721450805664
1786831822.8624923,ERROR:ConnectionError,509.753942489624
1786831822.9018903,ERROR:ConnectionError,472.5019931793213
1786831822.877894,ERROR:ConnectionError,499.06015396118164
1786831822.864543,ERROR:ConnectionError,515.2761936187744
1786831822.8949091,ERROR:ConnectionError,489.18986320495605
1786831822.9056885,ERROR:ConnectionError,484.2028617858887
1786831822.907791,ERROR:ConnectionError,483.2265377044678
1786831822.9082985,ERROR:ConnectionError,489.17603492736816
1786831822.9073079,ERROR:ConnectionError,490.68427085876465
1786831822.9164004,ERROR:ConnectionError,486.6070747375488
1786831822.9252148,ERROR:ConnectionError,487.5781536102295
1786831822.9630005,ERROR:ConnectionError,451.17926597595215
1786831822.9296553,ERROR:ConnectionError,485.22019386291504
1786831822.9622397,ERROR:ConnectionError,460.9823226928711
1786831822.9395316,ERROR:ConnectionError,484.3294620513916
1786831822.9568832,ERROR:ConnectionError,467.56887435913086
1786831822.941547,ERROR:ConnectionError,490.8885955810547
1786831822.9412346,ERROR:ConnectionError,500.82850456237793
1786831822.967741,ERROR:ConnectionError,475.9364128112793
1786831822.920504,ERROR:ConnectionError,525.4485607147217
1786831823.0000384,ERROR:ConnectionError,447.07250595092773
1786831822.9558315,ERROR:ConnectionError,491.7635917663574
1786831822.9339304,ERROR:ConnectionError,515.5384540557861
1786831823.0057144,ERROR:ConnectionError,452.9533386230469
1786831822.968295,ERROR:ConnectionError,491.4133548736572
1786831822.9634414,ERROR:ConnectionError,498.5213279724121
1786831822.9882736,ERROR:ConnectionError,475.88324546813965
1786831822.9428778,ERROR:ConnectionError,522.1238136291504
1786831822.9889212,ERROR:ConnectionError,478.2264232635498
1786831823.0537395,ERROR:ConnectionError,415.89879989624023
1786831823.0284102,ERROR:ConnectionError,443.65811347961426
1786831823.007583,ERROR:ConnectionError,465.573787689209
1786831823.0298107,ERROR:ConnectionError,445.84012031555176
1786831823.055173,ERROR:ConnectionError,434.2365264892578
1786831823.0081828,ERROR:ConnectionError,481.77647590637207
1786831822.9942176,ERROR:ConnectionError,497.2991943359375
1786831823.043395,ERROR:ConnectionError,448.6076831817627
1786831822.9656715,ERROR:ConnectionError,534.332275390625
1786831823.0198812,ERROR:ConnectionError,480.65686225891113
1786831823.0467072,ERROR:ConnectionError,464.01023864746094
1786831823.0277526,ERROR:ConnectionError,487.0307445526123
1786831823.1164098,ERROR:ConnectionError,403.1949043273926
1786831823.0575652,ERROR:ConnectionError,476.5024185180664
1786831823.0655563,ERROR:ConnectionError,470.1082706451416
1786831823.0956526,ERROR:ConnectionError,442.5623416900635
1786831823.0900254,ERROR:ConnectionError,455.43813705444336
1786831823.0771565,ERROR:ConnectionError,468.6925411224365
1786831823.0812633,ERROR:ConnectionError,465.06762504577637
1786831823.096394,ERROR:ConnectionError,452.2237777709961
1786831823.1221242,ERROR:ConnectionError,432.2078227996826
1786831823.1576753,ERROR:ConnectionError,404.7362804412842
1786831823.1181188,ERROR:ConnectionError,457.48233795166016
1786831823.142184,ERROR:ConnectionError,436.168909072876
1786831823.1699255,ERROR:ConnectionError,418.60461235046387
1786831823.1470075,ERROR:ConnectionError,448.26388359069824
1786831823.1105967,ERROR:ConnectionError,487.593412399292
1786831823.1659224,ERROR:ConnectionError,436.521053314209
1786831823.2009678,ERROR:ConnectionError,405.698299407959
1786831823.1091435,ERROR:ConnectionError,498.920202255249
1786831823.1417215,ERROR:ConnectionError,468.95694732666016
1786831823.1672804,ERROR:ConnectionError,448.6222267150879
1786831823.228975,ERROR:ConnectionError,387.4163627624512
1786831823.1729805,ERROR:ConnectionError,444.29492950439453
1786831823.1280515,ERROR:ConnectionError,491.9734001159668
1786831823.2040987,ERROR:ConnectionError,422.66106605529785
1786831823.263427,ERROR:ConnectionError,364.2535209655762
1786831823.2077272,ERROR:ConnectionError,432.30342864990234
1786831823.2570412,ERROR:ConnectionError,384.4189643859863
1786831823.2742217,ERROR:ConnectionError,373.16036224365234
1786831823.2576637,ERROR:ConnectionError,391.51930809020996
1786831823.220408,ERROR:ConnectionError,430.1638603210449
1786831823.2432947,ERROR:ConnectionError,407.81712532043457
1786831823.220805,ERROR:ConnectionError,435.70470809936523
1786831823.3045888,ERROR:ConnectionError,354.1145324707031
1786831823.2787592,ERROR:ConnectionError,384.0179443359375
1786831823.2308588,ERROR:ConnectionError,433.20751190185547
1786831823.2197914,ERROR:ConnectionError,447.18217849731445
1786831823.1895132,ERROR:ConnectionError,478.4355163574219
1786831823.2807505,ERROR:ConnectionError,388.44919204711914
1786831823.273592,ERROR:ConnectionError,405.1525592803955
1786831823.1743054,ERROR:ConnectionError,505.6886672973633
1786831823.2427967,ERROR:ConnectionError,449.2654800415039
1786831823.3413792,ERROR:ConnectionError,352.9515266418457
1786831823.3140745,ERROR:ConnectionError,381.42943382263184
1786831823.3706918,ERROR:ConnectionError,345.2329635620117
1786831823.3176732,ERROR:ConnectionError,400.6648063659668
1786831823.3368258,ERROR:ConnectionError,383.7132453918457
1786831823.3108056,ERROR:ConnectionError,413.87009620666504
1786831823.2957525,ERROR:ConnectionError,429.57282066345215
1786831823.1786911,ERROR:ConnectionError,547.5990772247314
1786831823.2950895,ERROR:ConnectionError,447.36456871032715
1786831823.3798306,ERROR:ConnectionError,365.4062747955322
1786831823.3477502,ERROR:ConnectionError,398.8204002380371
1786831823.27218,ERROR:ConnectionError,477.2305488586426
1786831823.3276825,ERROR:ConnectionError,423.50149154663086
1786831823.2769506,ERROR:ConnectionError,476.8404960632324
1786831823.3580222,ERROR:ConnectionError,399.7375965118408
1786831823.232352,ERROR:ConnectionError,536.7100238800049
1786831823.3722577,ERROR:ConnectionError,402.22954750061035
1786831823.355408,ERROR:ConnectionError,419.62432861328125
1786831823.3910267,ERROR:ConnectionError,396.24476432800293
1786831823.3409781,ERROR:ConnectionError,450.0598907470703
1786831823.4128036,ERROR:ConnectionError,384.34553146362305
1786831823.403022,ERROR:ConnectionError,401.11660957336426
1786831823.3974903,ERROR:ConnectionError,412.400484085083
1786831823.3841124,ERROR:ConnectionError,433.9871406555176
1786831823.4436889,ERROR:ConnectionError,379.793643951416
1786831823.3744059,ERROR:ConnectionError,454.96487617492676
1786831823.363004,ERROR:ConnectionError,467.041015625
1786831823.3980005,ERROR:ConnectionError,433.00914764404297
1786831823.424461,ERROR:ConnectionError,406.9979190826416
1786831823.414197,ERROR:ConnectionError,423.0477809906006
1786831823.459722,ERROR:ConnectionError,380.4929256439209
1786831823.4619725,ERROR:ConnectionError,385.9975337982178
1786831823.3899062,ERROR:ConnectionError,459.26880836486816
1786831823.3769639,ERROR:ConnectionError,475.1088619232178
1786831823.4696558,ERROR:ConnectionError,387.96353340148926
1786831823.414885,ERROR:ConnectionError,445.17016410827637
1786831823.4324493,ERROR:ConnectionError,428.61175537109375
1786831823.4731662,ERROR:ConnectionError,400.07829666137695
1786831823.472078,ERROR:ConnectionError,407.6416492462158
1786831823.4476037,ERROR:ConnectionError,447.5054740905762
1786831823.464174,ERROR:ConnectionError,444.8554515838623
1786831823.5147967,ERROR:ConnectionError,397.36080169677734
1786831823.4915295,ERROR:ConnectionError,422.41740226745605
1786831823.4494858,ERROR:ConnectionError,466.1719799041748
1786831823.4420755,ERROR:ConnectionError,482.9695224761963
1786831823.5463383,ERROR:ConnectionError,380.2180290222168
1786831823.4650114,ERROR:ConnectionError,462.1090888977051
1786831823.4920127,ERROR:ConnectionError,437.1449947357178
1786831823.4238722,ERROR:ConnectionError,510.6480121612549
1786831823.4899676,ERROR:ConnectionError,453.6452293395996
1786831823.4459634,ERROR:ConnectionError,500.20599365234375
1786831823.423234,ERROR:ConnectionError,523.550271987915
1786831823.4671588,ERROR:ConnectionError,480.23462295532227
1786831823.5196214,ERROR:ConnectionError,429.6078681945801
1786831823.54863,ERROR:ConnectionError,403.3975601196289
1786831823.5005472,ERROR:ConnectionError,458.48965644836426
1786831823.5624242,ERROR:ConnectionError,407.1321487426758
1786831823.4471211,ERROR:ConnectionError,527.4240970611572
1786831823.5000184,ERROR:ConnectionError,475.3737449645996
1786831823.4894211,ERROR:ConnectionError,487.63155937194824
1786831823.578363,ERROR:ConnectionError,400.33745765686035
1786831823.5356784,ERROR:ConnectionError,446.02203369140625
1786831823.47566,ERROR:ConnectionError,511.5242004394531
1786831823.6276891,ERROR:ConnectionError,364.8083209991455
1786831823.5885453,ERROR:ConnectionError,407.7646732330322
1786831823.5458574,ERROR:ConnectionError,457.3228359222412
1786831823.5952816,ERROR:ConnectionError,408.5547924041748
1786831823.5543506,ERROR:ConnectionError,451.25484466552734
1786831823.538231,ERROR:ConnectionError,472.5971221923828
1786831823.510729,ERROR:ConnectionError,505.4130554199219
1786831823.534079,ERROR:ConnectionError,482.58137702941895
1786831823.6024604,ERROR:ConnectionError,420.66121101379395
1786831823.5982058,ERROR:ConnectionError,430.94897270202637
1786831823.6159136,ERROR:ConnectionError,413.6543273925781
1786831823.5756116,ERROR:ConnectionError,455.63316345214844
1786831823.6491919,ERROR:ConnectionError,391.3841247558594
1786831823.6066813,ERROR:ConnectionError,442.49701499938965
1786831823.4586804,ERROR:ConnectionError,591.0487174987793
1786831823.6200354,ERROR:ConnectionError,437.694787979126
1786831823.6787586,ERROR:ConnectionError,395.6294059753418
1786831823.6172867,ERROR:ConnectionError,458.4059715270996
1786831823.656523,ERROR:ConnectionError,419.74329948425293
1786831823.6164002,ERROR:ConnectionError,465.44814109802246
1786831823.6679618,ERROR:ConnectionError,424.4825839996338
1786831823.6106913,ERROR:ConnectionError,491.0106658935547
1786831823.6473975,ERROR:ConnectionError,454.9825191497803
1786831823.5454748,ERROR:ConnectionError,567.8098201751709
1786831823.6414704,ERROR:ConnectionError,474.9035835266113
1786831823.7159371,ERROR:ConnectionError,405.3030014038086
1786831823.6692107,ERROR:ConnectionError,452.7604579925537
1786831823.6505804,ERROR:ConnectionError,491.20092391967773
1786831823.658717,ERROR:ConnectionError,487.2431755065918
1786831823.608074,ERROR:ConnectionError,552.6182651519775
1786831823.662791,ERROR:ConnectionError,512.793779373169
1786831823.7183492,ERROR:ConnectionError,468.0635929107666
1786831823.666991,ERROR:ConnectionError,520.0200080871582
1786831823.7253351,ERROR:ConnectionError,467.72265434265137
1786831823.6511197,ERROR:ConnectionError,551.4311790466309
1786831823.7750406,ERROR:ConnectionError,446.0256099700928
1786831823.7205563,ERROR:ConnectionError,523.5724449157715
1786831823.7745028,ERROR:ConnectionError,470.2739715576172
1786831823.7910528,ERROR:ConnectionError,466.0806655883789
1786831823.749422,ERROR:ConnectionError,515.2168273925781
1786831823.7262988,ERROR:ConnectionError,539.0920639038086
1786831823.6955135,ERROR:ConnectionError,588.0293846130371
1786831823.6920755,ERROR:ConnectionError,595.2625274658203
1786831823.7452466,ERROR:ConnectionError,543.0793762207031
1786831823.6267729,ERROR:ConnectionError,671.2079048156738
1786831823.8181114,ERROR:ConnectionError,488.17896842956543
1786831823.7538075,ERROR:ConnectionError,552.9789924621582
1786831823.724688,ERROR:ConnectionError,587.1953964233398
1786831823.6800025,ERROR:ConnectionError,636.3964080810547
1786831823.694342,ERROR:ConnectionError,622.9727268218994
1786831823.787285,ERROR:ConnectionError,536.5900993347168
1786831823.7465827,ERROR:ConnectionError,585.381269454956
1786831823.6640759,ERROR:ConnectionError,673.3644008636475
1786831823.8310199,ERROR:ConnectionError,507.13515281677246
1786831823.7511961,ERROR:ConnectionError,605.0405502319336
1786831823.7971625,ERROR:ConnectionError,568.9449310302734
1786831823.6400428,ERROR:ConnectionError,729.8822402954102
1786831823.8099027,ERROR:ConnectionError,564.154863357544
1786831823.7690737,ERROR:ConnectionError,605.4279804229736
1786831823.7577698,ERROR:ConnectionError,621.2577819824219
1786831823.8041544,ERROR:ConnectionError,576.4646530151367
1786831823.8372555,ERROR:ConnectionError,546.2729930877686
1786831823.7424684,ERROR:ConnectionError,647.1724510192871
1786831823.8479838,ERROR:ConnectionError,545.4165935516357
1786831823.8797317,ERROR:ConnectionError,514.1029357910156
1786831823.90904,ERROR:ConnectionError,487.0283603668213
1786831823.8600664,ERROR:ConnectionError,544.6834564208984
1786831823.8576386,ERROR:ConnectionError,550.7729053497314
1786831823.8610716,ERROR:ConnectionError,557.3396682739258
1786831823.8293898,ERROR:ConnectionError,589.4436836242676
1786831823.8234963,ERROR:ConnectionError,603.8122177124023
1786831823.830055,ERROR:ConnectionError,601.752758026123
1786831823.8951213,ERROR:ConnectionError,537.0602607727051
1786831823.8732553,ERROR:ConnectionError,560.4794025421143
1786831823.9345322,ERROR:ConnectionError,499.58181381225586
1786831823.8520827,ERROR:ConnectionError,587.0654582977295
1786831823.9467936,ERROR:ConnectionError,513.0147933959961
1786831823.9291697,ERROR:ConnectionError,539.7226810455322
1786831823.8491845,ERROR:ConnectionError,622.1716403961182
1786831823.9250634,ERROR:ConnectionError,548.4268665313721
1786831823.95905,ERROR:ConnectionError,517.3583030700684
1786831823.9265683,ERROR:ConnectionError,551.3014793395996
1786831823.9121678,ERROR:ConnectionError,567.3506259918213
1786831823.9271293,ERROR:ConnectionError,552.7627468109131
1786831823.9474008,ERROR:ConnectionError,547.2509860992432
1786831823.9963245,ERROR:ConnectionError,503.27372550964355
1786831823.831466,ERROR:ConnectionError,669.9855327606201
1786831823.8402274,ERROR:ConnectionError,669.0981388092041
1786831823.949243,ERROR:ConnectionError,571.4235305786133
1786831823.987198,ERROR:ConnectionError,535.5525016784668
1786831823.9436235,ERROR:ConnectionError,583.8930606842041
1786831823.9520416,ERROR:ConnectionError,587.1801376342773
1786831823.978711,ERROR:ConnectionError,561.0127449035645
1786831824.0108392,ERROR:ConnectionError,533.989429473877
1786831823.9156694,ERROR:ConnectionError,633.0430507659912
1786831823.9139564,ERROR:ConnectionError,635.2744102478027
1786831823.9817128,ERROR:ConnectionError,576.0338306427002
1786831823.9770644,ERROR:ConnectionError,583.9066505432129
1786831823.974558,ERROR:ConnectionError,591.1836624145508
1786831824.0405889,ERROR:ConnectionError,528.8510322570801
1786831823.9695687,ERROR:ConnectionError,606.8687438964844
1786831824.0491955,ERROR:ConnectionError,529.9427509307861
1786831824.0166702,ERROR:ConnectionError,566.9815540313721
1786831824.0031936,ERROR:ConnectionError,585.6058597564697
1786831824.0295758,ERROR:ConnectionError,565.9308433532715
1786831823.946181,ERROR:ConnectionError,650.9823799133301
1786831824.0161521,ERROR:ConnectionError,583.6853981018066
1786831824.0231366,ERROR:ConnectionError,583.0173492431641
1786831824.0056162,ERROR:ConnectionError,603.8379669189453
1786831823.9925077,ERROR:ConnectionError,631.6862106323242
1786831824.0291667,ERROR:ConnectionError,595.6599712371826
1786831824.076278,ERROR:ConnectionError,549.1747856140137
1786831824.0577433,ERROR:ConnectionError,569.8354244232178
1786831824.0744011,ERROR:ConnectionError,563.9371871948242
1786831823.975403,ERROR:ConnectionError,663.7051105499268
1786831824.0497375,ERROR:ConnectionError,591.036319732666
1786831824.031259,ERROR:ConnectionError,621.6092109680176
1786831824.101717,ERROR:ConnectionError,560.1391792297363
1786831824.0038488,ERROR:ConnectionError,677.0455837249756
1786831824.0818634,ERROR:ConnectionError,600.9070873260498
1786831824.1163864,ERROR:ConnectionError,566.8213367462158
1786831824.1133056,ERROR:ConnectionError,570.6863403320312
1786831824.102391,ERROR:ConnectionError,584.5146179199219
1786831824.0757067,ERROR:ConnectionError,622.1339702606201
1786831824.1459742,ERROR:ConnectionError,555.1838874816895
1786831824.121253,ERROR:ConnectionError,584.1770172119141
1786831824.0924582,ERROR:ConnectionError,613.5375499725342
1786831824.1417944,ERROR:ConnectionError,583.4338665008545
1786831824.1219816,ERROR:ConnectionError,606.3971519470215
1786831824.1607044,ERROR:ConnectionError,568.070650100708
1786831824.1755962,ERROR:ConnectionError,553.5235404968262
1786831824.1870215,ERROR:ConnectionError,560.3995323181152
1786831824.1930707,ERROR:ConnectionError,555.187463760376
1786831824.2646542,ERROR:ConnectionError,499.4792938232422
1786831824.283555,ERROR:ConnectionError,488.14845085144043
1786831824.2571456,ERROR:ConnectionError,515.974760055542
1786831824.2025628,ERROR:ConnectionError,572.4513530731201
1786831824.2210863,ERROR:ConnectionError,554.436206817627
1786831824.186426,ERROR:ConnectionError,589.7905826568604
1786831824.2447867,ERROR:ConnectionError,533.851146697998
1786831824.2873523,ERROR:ConnectionError,499.347448348999
1786831824.2654014,ERROR:ConnectionError,521.845817565918
1786831824.2979982,ERROR:ConnectionError,492.1102523803711
1786831824.2441454,ERROR:ConnectionError,547.6982593536377
1786831824.3063037,ERROR:ConnectionError,486.30833625793457
1786831824.2883368,ERROR:ConnectionError,511.72947883605957
1786831824.3067958,ERROR:ConnectionError,498.06928634643555
1786831824.316412,ERROR:ConnectionError,517.4365043640137
1786831824.311899,ERROR:ConnectionError,524.306058883667
1786831824.3173237,ERROR:ConnectionError,546.1263656616211
1786831824.3319755,ERROR:ConnectionError,541.9297218322754
1786831824.3381662,ERROR:ConnectionError,539.3221378326416
1786831824.3562498,ERROR:ConnectionError,521.8086242675781
1786831824.3374546,ERROR:ConnectionError,546.3285446166992
1786831824.3238888,ERROR:ConnectionError,560.4023933410645
1786831824.3790412,ERROR:ConnectionError,519.3009376525879
1786831824.3661256,ERROR:ConnectionError,535.2303981781006
1786831824.3938441,ERROR:ConnectionError,511.49535179138184
1786831824.374069,ERROR:ConnectionError,533.1282615661621
1786831824.3745093,ERROR:ConnectionError,537.975549697876
1786831824.3934102,ERROR:ConnectionError,522.9008197784424
1786831824.369939,ERROR:ConnectionError,559.1740608215332
1786831824.3806293,ERROR:ConnectionError,555.2620887756348
1786831824.396078,ERROR:ConnectionError,541.9919490814209
1786831824.3896563,ERROR:ConnectionError,589.1447067260742
1786831824.38354,ERROR:ConnectionError,612.433671951294
1786831824.4047654,ERROR:ConnectionError,595.8724021911621
1786831824.4184227,ERROR:ConnectionError,586.1108303070068
1786831824.408429,ERROR:ConnectionError,601.7055511474609
1786831824.418842,ERROR:ConnectionError,594.874382019043
1786831824.4273221,ERROR:ConnectionError,589.1809463500977
1786831824.4321876,ERROR:ConnectionError,598.8907814025879
1786831824.4318187,ERROR:ConnectionError,605.7429313659668
1786831824.4391596,ERROR:ConnectionError,602.6091575622559
1786831824.4341226,ERROR:ConnectionError,619.274377822876
1786831824.4337475,ERROR:ConnectionError,637.3610496520996
1786831824.4598212,ERROR:ConnectionError,617.1011924743652
1786831824.4735045,ERROR:ConnectionError,607.1677207946777
1786831824.4689054,ERROR:ConnectionError,616.0712242126465
1786831824.4764178,ERROR:ConnectionError,613.217830657959
1786831824.4713728,ERROR:ConnectionError,638.9882564544678
1786831824.4778798,ERROR:ConnectionError,638.0836963653564
1786831824.4798994,ERROR:ConnectionError,642.9216861724854
1786831824.479527,ERROR:ConnectionError,643.9745426177979
1786831824.5014615,ERROR:ConnectionError,626.0092258453369
1786831824.4996088,ERROR:ConnectionError,639.7583484649658
1786831824.5093384,ERROR:ConnectionError,648.911714553833
1786831824.4946666,ERROR:ConnectionError,807.9283237457275
1786831824.5206842,ERROR:ConnectionError,783.8947772979736
1786831824.5392365,ERROR:ConnectionError,775.1102447509766
1786831824.5275302,ERROR:ConnectionError,790.687084197998
1786831824.5448384,ERROR:ConnectionError,776.7722606658936
1786831824.5227618,ERROR:ConnectionError,800.6033897399902
1786831824.5487244,ERROR:ConnectionError,778.8386344909668
1786831824.5492415,ERROR:ConnectionError,779.1664600372314
1786831824.5397377,ERROR:ConnectionError,792.454719543457
1786831824.5577593,ERROR:ConnectionError,783.6062908172607
1786831824.5609863,ERROR:ConnectionError,800.9727001190186
1786831824.5764537,ERROR:ConnectionError,793.8463687896729
1786831824.5694544,ERROR:ConnectionError,801.8224239349365
1786831824.5955172,ERROR:ConnectionError,776.3285636901855
1786831824.5971754,ERROR:ConnectionError,775.5179405212402
1786831824.5836685,ERROR:ConnectionError,789.6280288696289
1786831824.5791526,ERROR:ConnectionError,803.1914234161377
1786831824.588811,ERROR:ConnectionError,799.2501258850098
1786831824.5657523,ERROR:ConnectionError,826.0183334350586
1786831824.6061697,ERROR:ConnectionError,803.6549091339111
1786831824.609467,ERROR:ConnectionError,816.5130615234375
1786831824.599852,ERROR:ConnectionError,826.6100883483887
1786831824.6248343,ERROR:ConnectionError,808.0017566680908
1786831824.6242063,ERROR:ConnectionError,809.053897857666
1786831824.6275873,ERROR:ConnectionError,813.908576965332
1786831824.6254613,ERROR:ConnectionError,816.5853023529053
1786831824.63912,ERROR:ConnectionError,811.2509250640869
1786831824.6383593,ERROR:ConnectionError,812.6707077026367
1786831824.6528866,ERROR:ConnectionError,818.6123371124268
1786831824.6809125,ERROR:ConnectionError,803.2112121582031
1786831824.6407835,ERROR:ConnectionError,843.9509868621826
1786831824.6832151,ERROR:ConnectionError,811.1395835876465
1786831824.66187,ERROR:ConnectionError,832.9966068267822
1786831824.683999,ERROR:ConnectionError,847.1839427947998
1786831824.725242,ERROR:ConnectionError,811.50221824646
1786831824.728389,ERROR:ConnectionError,813.4341239929199
1786831824.701174,ERROR:ConnectionError,844.8803424835205
1786831824.6979053,ERROR:ConnectionError,854.0260791778564
1786831824.7731335,ERROR:ConnectionError,800.9884357452393
1786831824.7060075,ERROR:ConnectionError,869.1685199737549
1786831824.7474332,ERROR:ConnectionError,842.3163890838623
1786831824.6869142,ERROR:ConnectionError,920.6922054290771
1786831824.7482684,ERROR:ConnectionError,860.1608276367188
1786831824.70545,ERROR:ConnectionError,903.6321640014648
1786831824.728783,ERROR:ConnectionError,884.6132755279541
1786831824.764146,ERROR:ConnectionError,858.0677509307861
1786831824.6827805,ERROR:ConnectionError,942.6000118255615
1786831824.7291272,ERROR:ConnectionError,900.2742767333984
1786831824.7867124,ERROR:ConnectionError,844.6769714355469
1786831824.7750237,ERROR:ConnectionError,861.3409996032715
1786831824.7762284,ERROR:ConnectionError,860.8269691467285
1786831824.7755322,ERROR:ConnectionError,870.2259063720703
1786831824.7717729,ERROR:ConnectionError,874.6294975280762
1786831824.8048851,ERROR:ConnectionError,859.03000831604
1786831824.7918587,ERROR:ConnectionError,875.2155303955078
1786831824.7786493,ERROR:ConnectionError,904.1211605072021
1786831824.8000805,ERROR:ConnectionError,883.1746578216553
1786831824.7927132,ERROR:ConnectionError,904.0267467498779
1786831824.7872562,ERROR:ConnectionError,917.3476696014404
1786831824.790122,ERROR:ConnectionError,936.140775680542
1786831824.8338614,ERROR:ConnectionError,902.7218818664551
1786831824.8843017,ERROR:ConnectionError,860.5818748474121
1786831824.8983605,ERROR:ConnectionError,847.1553325653076
1786831824.8634686,ERROR:ConnectionError,882.8847408294678
1786831824.8837962,ERROR:ConnectionError,865.1371002197266
1786831824.9013684,ERROR:ConnectionError,849.4348526000977
1786831824.8739345,ERROR:ConnectionError,877.9942989349365
1786831824.8362162,ERROR:ConnectionError,919.6772575378418
1786831825.0101452,ERROR:ConnectionError,755.2187442779541
1786831824.9380872,ERROR:ConnectionError,828.5796642303467
1786831824.9291282,ERROR:ConnectionError,842.5989151000977
1786831824.877503,ERROR:ConnectionError,901.5944004058838
1786831825.0045483,ERROR:ConnectionError,783.9241027832031
1786831824.90535,ERROR:ConnectionError,887.8326416015625
1786831825.0417812,ERROR:ConnectionError,751.8978118896484
1786831825.000656,ERROR:ConnectionError,793.7049865722656
1786831825.0137289,ERROR:ConnectionError,785.8166694641113
1786831825.0375717,ERROR:ConnectionError,763.8566493988037
1786831824.995986,ERROR:ConnectionError,812.4990463256836
1786831824.9124959,ERROR:ConnectionError,904.3169021606445
1786831825.0310938,ERROR:ConnectionError,789.5874977111816
1786831825.0165138,ERROR:ConnectionError,813.4212493896484
1786831824.8780665,ERROR:ConnectionError,956.334114074707
1786831824.9072096,ERROR:ConnectionError,928.6727905273438
1786831824.9163227,ERROR:ConnectionError,919.9750423431396
1786831824.9788122,ERROR:ConnectionError,866.5037155151367
1786831824.935902,ERROR:ConnectionError,910.1331233978271
1786831825.0534127,ERROR:ConnectionError,813.8086795806885
1786831825.071128,ERROR:ConnectionError,806.5693378448486
1786831825.0806837,ERROR:ConnectionError,798.816442489624
1786831825.0769334,ERROR:ConnectionError,807.9416751861572
1786831825.0850294,ERROR:ConnectionError,806.654691696167
1786831825.0896518,ERROR:ConnectionError,808.6225986480713
1786831825.110376,ERROR:ConnectionError,795.5925464630127
1786831825.1159768,ERROR:ConnectionError,847.4667072296143
1786831825.127483,ERROR:ConnectionError,841.6056632995605
1786831825.122834,ERROR:ConnectionError,849.398136138916
1786831825.1235135,ERROR:ConnectionError,855.0844192504883
1786831825.1393874,ERROR:ConnectionError,848.3757972717285
1786831825.158262,ERROR:ConnectionError,834.9692821502686
1786831825.304654,ERROR:ConnectionError,708.3625793457031
1786831825.3143616,ERROR:ConnectionError,718.8830375671387
1786831825.3026128,ERROR:ConnectionError,750.5836486816406
1786831825.321626,ERROR:ConnectionError,735.6417179107666
1786831825.3233762,ERROR:ConnectionError,746.8390464782715
1786831825.3275728,ERROR:ConnectionError,744.4112300872803
1786831825.3619711,ERROR:ConnectionError,718.7950611114502
1786831825.3322027,ERROR:ConnectionError,753.0784606933594
1786831825.328419,ERROR:ConnectionError,760.3075504302979
1786831825.3182576,ERROR:ConnectionError,773.2031345367432
1786831825.3727028,ERROR:ConnectionError,725.7533073425293
1786831825.371854,ERROR:ConnectionError,727.1482944488525
1786831825.37049,ERROR:ConnectionError,728.874683380127
1786831825.3712888,ERROR:ConnectionError,739.3767833709717
1786831825.3823543,ERROR:ConnectionError,767.5590515136719
1786831825.3413818,ERROR:ConnectionError,811.0935688018799
1786831825.4098372,ERROR:ConnectionError,746.7882633209229
1786831825.433267,ERROR:ConnectionError,730.1664352416992
1786831825.391783,ERROR:ConnectionError,789.4842624664307
1786831825.373306,ERROR:ConnectionError,809.495210647583
1786831825.4259927,ERROR:ConnectionError,761.1181735992432
1786831825.4264705,ERROR:ConnectionError,766.303300857544
1786831825.3880756,ERROR:ConnectionError,806.9469928741455
1786831825.4415076,ERROR:ConnectionError,754.1768550872803
1786831825.4420562,ERROR:ConnectionError,754.4138431549072
1786831825.4328516,ERROR:ConnectionError,770.3754901885986
1786831825.4510424,ERROR:ConnectionError,754.7152042388916
1786831825.4503822,ERROR:ConnectionError,763.9131546020508
1786831825.4732904,ERROR:ConnectionError,745.4149723052979
1786831825.484139,ERROR:ConnectionError,735.5015277862549
1786831825.4847429,ERROR:ConnectionError,754.5099258422852
1786831825.4948766,ERROR:ConnectionError,748.0530738830566
1786831825.494368,ERROR:ConnectionError,772.4366188049316
1786831825.5367591,ERROR:ConnectionError,733.6320877075195
1786831825.5418344,ERROR:ConnectionError,746.6495037078857
1786831825.5460656,ERROR:ConnectionError,747.3127841949463
1786831825.5311928,ERROR:ConnectionError,770.0910568237305
1786831825.5519493,ERROR:ConnectionError,750.1063346862793
1786831825.6090932,ERROR:ConnectionError,695.5888271331787
1786831825.5751894,ERROR:ConnectionError,730.187177658081
1786831825.5741396,ERROR:ConnectionError,740.8976554870605
1786831825.5897708,ERROR:ConnectionError,739.4089698791504
1786831825.6134071,ERROR:ConnectionError,732.4991226196289
1786831825.622229,ERROR:ConnectionError,750.1075267791748
1786831825.6294127,ERROR:ConnectionError,743.4906959533691
1786831825.6464124,ERROR:ConnectionError,730.9246063232422
1786831825.6457691,ERROR:ConnectionError,734.2202663421631
1786831825.6363804,ERROR:ConnectionError,744.8070049285889
1786831825.6314,ERROR:ConnectionError,750.1440048217773
1786831825.6832669,ERROR:ConnectionError,707.8099250793457
1786831825.6253917,ERROR:ConnectionError,768.2065963745117
1786831825.608441,ERROR:ConnectionError,787.0831489562988
1786831825.667086,ERROR:ConnectionError,737.992525100708
1786831825.6639297,ERROR:ConnectionError,742.0158386230469
1786831825.6370685,ERROR:ConnectionError,771.662712097168
1786831825.7262764,ERROR:ConnectionError,709.831953048706
1786831825.6967528,ERROR:ConnectionError,746.7741966247559
1786831825.736597,ERROR:ConnectionError,715.0533199310303
1786831825.7717402,ERROR:ConnectionError,681.9279193878174
1786831825.7455244,ERROR:ConnectionError,716.1281108856201
1786831825.6076207,ERROR:ConnectionError,872.2677230834961
1786831825.6827824,ERROR:ConnectionError,798.4790802001953
1786831825.70462,ERROR:ConnectionError,783.8864326477051
1786831825.7448988,ERROR:ConnectionError,747.8435039520264
1786831825.7463627,ERROR:ConnectionError,753.9875507354736
1786831825.7489436,ERROR:ConnectionError,752.6583671569824
1786831825.779108,ERROR:ConnectionError,735.7099056243896
1786831825.7508128,ERROR:ConnectionError,765.1500701904297
1786831825.755906,ERROR:ConnectionError,765.0928497314453
1786831825.751941,ERROR:ConnectionError,776.0090827941895
1786831825.7653742,ERROR:ConnectionError,764.3494606018066
1786831825.766678,ERROR:ConnectionError,764.9459838867188
1786831825.794368,ERROR:ConnectionError,741.2862777709961
1786831825.793688,ERROR:ConnectionError,763.6182308197021
1786831825.7884853,ERROR:ConnectionError,769.3600654602051
1786831825.7995577,ERROR:ConnectionError,771.0168361663818
1786831825.808526,ERROR:ConnectionError,765.566349029541
1786831825.793194,ERROR:ConnectionError,781.6226482391357
1786831825.829951,ERROR:ConnectionError,752.9432773590088
1786831825.8363059,ERROR:ConnectionError,747.9040622711182
1786831825.8206947,ERROR:ConnectionError,764.3849849700928
1786831825.8358927,ERROR:ConnectionError,751.8219947814941
1786831825.8014376,ERROR:ConnectionError,789.597749710083
1786831825.8453274,ERROR:ConnectionError,747.9348182678223
1786831825.8777509,ERROR:ConnectionError,717.0042991638184
1786831825.879509,ERROR:ConnectionError,717.756986618042
1786831825.8848877,ERROR:ConnectionError,713.0105495452881
1786831825.846045,ERROR:ConnectionError,753.1259059906006
1786831825.8672366,ERROR:ConnectionError,735.3155612945557
1786831825.8344128,ERROR:ConnectionError,785.7418060302734
1786831825.8168237,ERROR:ConnectionError,819.2145824432373
1786831825.891703,ERROR:ConnectionError,754.995584487915
1786831825.9059815,ERROR:ConnectionError,783.458948135376
1786831825.9634593,ERROR:ConnectionError,736.1900806427002
1786831825.9691007,ERROR:ConnectionError,732.7046394348145
1786831825.9722555,ERROR:ConnectionError,734.3478202819824
1786831825.8982894,ERROR:ConnectionError,813.6439323425293
1786831825.9786108,ERROR:ConnectionError,742.1681880950928
1786831825.9932463,ERROR:ConnectionError,734.9588871002197
1786831825.987778,ERROR:ConnectionError,751.1262893676758
1786831826.0130312,ERROR:ConnectionError,727.6554107666016
1786831826.0332572,ERROR:ConnectionError,723.3114242553711
1786831826.0572858,ERROR:ConnectionError,717.6976203918457
1786831826.0702312,ERROR:ConnectionError,708.8668346405029
1786831826.0887394,ERROR:ConnectionError,692.6529407501221
1786831826.149924,ERROR:ConnectionError,643.7487602233887
1786831826.1106782,ERROR:ConnectionError,696.4728832244873
1786831826.0914729,ERROR:ConnectionError,732.01584815979
1786831826.1634467,ERROR:ConnectionError,663.5961532592773
1786831826.0532088,ERROR:ConnectionError,776.0090827941895
1786831826.0990102,ERROR:ConnectionError,732.2077751159668
1786831826.0852952,ERROR:ConnectionError,753.3345222473145
1786831826.0984666,ERROR:ConnectionError,742.4182891845703
1786831826.1828156,ERROR:ConnectionError,659.8749160766602
1786831826.0994084,ERROR:ConnectionError,746.4437484741211
1786831826.1524875,ERROR:ConnectionError,696.0268020629883
1786831826.0807807,ERROR:ConnectionError,768.9826488494873
1786831826.181281,ERROR:ConnectionError,675.9839057922363
1786831826.1871285,ERROR:ConnectionError,671.938419342041
1786831826.156674,ERROR:ConnectionError,703.1071186065674
1786831826.1956928,ERROR:ConnectionError,673.0902194976807
1786831826.0719936,ERROR:ConnectionError,797.4545955657959
1786831826.2057693,ERROR:ConnectionError,673.7101078033447
1786831826.1927912,ERROR:ConnectionError,690.32883644104
1786831826.1950355,ERROR:ConnectionError,691.1330223083496
1786831826.2143052,ERROR:ConnectionError,682.7127933502197
1786831826.2032404,ERROR:ConnectionError,701.8296718597412
1786831826.1964812,ERROR:ConnectionError,723.3035564422607
1786831826.2187173,ERROR:ConnectionError,704.6000957489014
1786831826.2196503,ERROR:ConnectionError,708.8882923126221
1786831826.2392647,ERROR:ConnectionError,694.814920425415
1786831826.2429414,ERROR:ConnectionError,705.9178352355957
1786831826.2704031,ERROR:ConnectionError,693.7985420227051
1786831826.3020644,ERROR:ConnectionError,666.0537719726562
1786831826.3012938,ERROR:ConnectionError,668.6439514160156
1786831826.2668228,ERROR:ConnectionError,712.2468948364258
1786831826.3046918,ERROR:ConnectionError,675.3289699554443
1786831826.2884986,ERROR:ConnectionError,705.430269241333
1786831826.2933893,ERROR:ConnectionError,702.1389007568359
1786831826.3053863,ERROR:ConnectionError,696.6526508331299
1786831826.329194,ERROR:ConnectionError,682.4009418487549
1786831826.3150516,ERROR:ConnectionError,698.6956596374512
1786831826.372351,ERROR:ConnectionError,641.8657302856445
1786831826.3459175,ERROR:ConnectionError,688.1759166717529
1786831826.3773522,ERROR:ConnectionError,661.0705852508545
1786831826.380001,ERROR:ConnectionError,662.8177165985107
1786831826.3729134,ERROR:ConnectionError,671.8833446502686
1786831826.3811958,ERROR:ConnectionError,666.3937568664551
1786831826.3936102,ERROR:ConnectionError,661.2091064453125
1786831826.3910918,ERROR:ConnectionError,670.7596778869629
1786831826.3955348,ERROR:ConnectionError,687.2880458831787
1786831826.3815522,ERROR:ConnectionError,710.8986377716064
1786831826.4087496,ERROR:ConnectionError,685.5835914611816
1786831826.4050896,ERROR:ConnectionError,700.0324726104736
1786831826.4059553,ERROR:ConnectionError,705.1446437835693
1786831826.436123,ERROR:ConnectionError,678.8425445556641
1786831826.4435413,ERROR:ConnectionError,682.0483207702637
1786831826.4516656,ERROR:ConnectionError,679.912805557251
1786831826.453688,ERROR:ConnectionError,683.9244365692139
1786831826.461669,ERROR:ConnectionError,676.9077777862549
1786831826.4799,ERROR:ConnectionError,673.5363006591797
1786831826.4812706,ERROR:ConnectionError,683.2451820373535
1786831826.5003643,ERROR:ConnectionError,706.5865993499756
1786831826.5210123,ERROR:ConnectionError,692.845344543457
1786831826.4885294,ERROR:ConnectionError,726.7463207244873
1786831826.5016143,ERROR:ConnectionError,717.6227569580078
1786831826.4927611,ERROR:ConnectionError,732.4316501617432
1786831826.5279598,ERROR:ConnectionError,698.3277797698975
1786831826.514864,ERROR:ConnectionError,712.0177745819092
1786831826.515973,ERROR:ConnectionError,718.2133197784424
1786831826.5297341,ERROR:ConnectionError,706.8767547607422
1786831826.5316355,ERROR:ConnectionError,713.8752937316895
1786831826.5356648,ERROR:ConnectionError,712.2454643249512
1786831826.557857,ERROR:ConnectionError,690.8211708068848
1786831826.5573242,ERROR:ConnectionError,706.052303314209
1786831826.5705903,ERROR:ConnectionError,699.8825073242188
1786831826.5741067,ERROR:ConnectionError,720.1192378997803
1786831826.5748262,ERROR:ConnectionError,721.8403816223145
1786831826.5877247,ERROR:ConnectionError,713.5498523712158
1786831826.5842235,ERROR:ConnectionError,717.7252769470215
1786831826.585095,ERROR:ConnectionError,726.7618179321289
1786831826.5932705,ERROR:ConnectionError,741.4395809173584
1786831826.5910473,ERROR:ConnectionError,745.4867362976074
1786831826.597276,ERROR:ConnectionError,748.3320236206055
1786831826.5829065,ERROR:ConnectionError,765.5067443847656
1786831826.5992599,ERROR:ConnectionError,752.8481483459473
1786831826.5979054,ERROR:ConnectionError,776.0915756225586
1786831826.602563,ERROR:ConnectionError,776.0930061340332
1786831826.5947683,ERROR:ConnectionError,801.997184753418
1786831826.6360538,ERROR:ConnectionError,765.9060955047607
1786831826.7018182,ERROR:ConnectionError,706.0031890869141
1786831826.689454,ERROR:ConnectionError,722.9208946228027
1786831826.7119448,ERROR:ConnectionError,705.1544189453125
1786831826.6996644,ERROR:ConnectionError,720.9956645965576
1786831826.6201665,ERROR:ConnectionError,805.3929805755615
1786831826.6467113,ERROR:ConnectionError,779.3476581573486
1786831826.7066188,ERROR:ConnectionError,725.0592708587646
1786831826.7207942,ERROR:ConnectionError,716.9585227966309
1786831826.7282207,ERROR:ConnectionError,718.8088893890381
1786831826.7389185,ERROR:ConnectionError,712.0518684387207
1786831826.740699,ERROR:ConnectionError,714.4062519073486
1786831826.7750041,ERROR:ConnectionError,698.0152130126953
1786831826.7814033,ERROR:ConnectionError,695.8885192871094
1786831826.7565813,ERROR:ConnectionError,738.5609149932861
1786831826.793686,ERROR:ConnectionError,705.5304050445557
1786831826.8235044,ERROR:ConnectionError,679.2721748352051
1786831826.8071644,ERROR:ConnectionError,701.941967010498
1786831826.7791078,ERROR:ConnectionError,732.5387001037598
1786831826.8312306,ERROR:ConnectionError,686.5448951721191
1786831826.8292265,ERROR:ConnectionError,689.932107925415
1786831826.838642,ERROR:ConnectionError,681.0805797576904
1786831826.8408952,ERROR:ConnectionError,682.6324462890625
1786831826.8458672,ERROR:ConnectionError,679.0125370025635
1786831826.8597908,ERROR:ConnectionError,666.3479804992676
1786831826.8270519,ERROR:ConnectionError,706.1054706573486
1786831826.8590772,ERROR:ConnectionError,684.6668720245361
1786831826.8427026,ERROR:ConnectionError,707.0631980895996
1786831826.8572779,ERROR:ConnectionError,693.7644481658936
1786831826.869456,ERROR:ConnectionError,681.9405555725098
1786831826.8687985,ERROR:ConnectionError,691.5571689605713
1786831826.8485265,ERROR:ConnectionError,717.6830768585205
1786831826.883132,ERROR:ConnectionError,698.256254196167
1786831826.8497741,ERROR:ConnectionError,737.7414703369141
1786831826.8861806,ERROR:ConnectionError,703.0372619628906
1786831826.9050915,ERROR:ConnectionError,692.634105682373
1786831826.8970337,ERROR:ConnectionError,701.1086940765381
1786831826.8794925,ERROR:ConnectionError,720.2835083007812
1786831826.9285517,ERROR:ConnectionError,686.6440773010254
1786831826.9198017,ERROR:ConnectionError,702.4154663085938
1786831826.9233418,ERROR:ConnectionError,714.76149559021
1786831826.9488716,ERROR:ConnectionError,694.4751739501953
1786831826.9340942,ERROR:ConnectionError,713.2434844970703
1786831826.9642143,ERROR:ConnectionError,685.0588321685791
1786831826.9699502,ERROR:ConnectionError,688.2739067077637
1786831826.9681299,ERROR:ConnectionError,698.1887817382812
1786831826.979086,ERROR:ConnectionError,688.4186267852783
1786831826.980029,ERROR:ConnectionError,688.8384819030762
1786831826.9939432,ERROR:ConnectionError,676.5937805175781
1786831826.99554,ERROR:ConnectionError,681.8332672119141
1786831827.014224,ERROR:ConnectionError,692.2144889831543
1786831827.0020492,ERROR:ConnectionError,704.843282699585
1786831827.0116076,ERROR:ConnectionError,696.0020065307617
1786831827.0384362,ERROR:ConnectionError,670.2976226806641
1786831827.034108,ERROR:ConnectionError,676.316499710083
1786831827.0548308,ERROR:ConnectionError,656.203031539917
1786831827.013759,ERROR:ConnectionError,698.4105110168457
1786831827.0428324,ERROR:ConnectionError,669.8987483978271
1786831827.0618632,ERROR:ConnectionError,651.477575302124
1786831827.0476003,ERROR:ConnectionError,667.7122116088867
1786831827.1051357,ERROR:ConnectionError,630.5618286132812
1786831827.0828364,ERROR:ConnectionError,653.4528732299805
1786831827.1149776,ERROR:ConnectionError,628.8440227508545
1786831827.138586,ERROR:ConnectionError,614.7229671478271
1786831827.111114,ERROR:ConnectionError,647.3681926727295
1786831827.0924654,ERROR:ConnectionError,669.5234775543213
1786831827.0448146,ERROR:ConnectionError,718.5392379760742
1786831827.1256027,ERROR:ConnectionError,649.219274520874
1786831827.2263005,ERROR:ConnectionError,554.943323135376
1786831827.2192504,ERROR:ConnectionError,563.9424324035645
1786831827.0943456,ERROR:ConnectionError,689.8062229156494
1786831827.2152886,ERROR:ConnectionError,571.5193748474121
1786831827.1315944,ERROR:ConnectionError,664.9990081787109
1786831827.2138693,ERROR:ConnectionError,584.2478275299072
1786831827.2252047,ERROR:ConnectionError,573.8110542297363
1786831827.164532,ERROR:ConnectionError,636.4884376525879
1786831827.1376293,ERROR:ConnectionError,668.6406135559082
1786831827.3019552,ERROR:ConnectionError,517.3079967498779
1786831827.3365433,ERROR:ConnectionError,485.0878715515137
1786831827.345622,ERROR:ConnectionError,476.5009880065918
1786831827.2268934,ERROR:ConnectionError,597.4476337432861
1786831827.2366261,ERROR:ConnectionError,588.2794857025146
1786831827.3012881,ERROR:ConnectionError,525.1622200012207
1786831827.2455258,ERROR:ConnectionError,581.4299583435059
1786831827.296685,ERROR:ConnectionError,531.0451984405518
1786831827.2341986,ERROR:ConnectionError,594.2678451538086
1786831827.206965,ERROR:ConnectionError,624.2437362670898
1786831827.153457,ERROR:ConnectionError,681.7018985748291
1786831827.248687,ERROR:ConnectionError,592.5998687744141
1786831827.263388,ERROR:ConnectionError,578.559160232544
1786831827.4019747,ERROR:ConnectionError,441.92051887512207
1786831827.3967779,ERROR:ConnectionError,452.2683620452881
1786831827.3118758,ERROR:ConnectionError,539.3073558807373
1786831827.4078367,ERROR:ConnectionError,445.24669647216797
1786831827.378667,ERROR:ConnectionError,475.510835647583
1786831827.352122,ERROR:ConnectionError,506.2446594238281
1786831827.4255755,ERROR:ConnectionError,435.5278015136719
1786831827.3484833,ERROR:ConnectionError,517.7807807922363
1786831827.29424,ERROR:ConnectionError,572.5758075714111
1786831827.247922,ERROR:ConnectionError,619.6639537811279
1786831827.2704866,ERROR:ConnectionError,598.9625453948975
1786831827.4123874,ERROR:ConnectionError,459.3701362609863
1786831827.3347228,ERROR:ConnectionError,553.0579090118408
1786831827.426068,ERROR:ConnectionError,462.19611167907715
1786831827.5027907,ERROR:ConnectionError,393.810510635376
1786831827.4377656,ERROR:ConnectionError,464.68663215637207
1786831827.4470475,ERROR:ConnectionError,456.10833168029785
1786831827.4171104,ERROR:ConnectionError,488.7278079986572
1786831827.431689,ERROR:ConnectionError,487.5161647796631
1786831827.4206717,ERROR:ConnectionError,503.0200481414795
1786831827.3740156,ERROR:ConnectionError,550.3826141357422
1786831827.5437596,ERROR:ConnectionError,389.6610736846924
1786831827.4992309,ERROR:ConnectionError,436.34915351867676
1786831827.551052,ERROR:ConnectionError,388.3981704711914
1786831827.511657,ERROR:ConnectionError,436.56110763549805
1786831827.5497777,ERROR:ConnectionError,405.03597259521484
1786831827.477303,ERROR:ConnectionError,478.21497917175293
1786831827.5191698,ERROR:ConnectionError,438.6930465698242
1786831827.5235448,ERROR:ConnectionError,435.82701683044434
1786831827.4551165,ERROR:ConnectionError,507.2300434112549
1786831827.5331717,ERROR:ConnectionError,432.0998191833496
1786831827.5892262,ERROR:ConnectionError,377.227783203125
1786831827.5997868,ERROR:ConnectionError,375.0491142272949
1786831827.495189,ERROR:ConnectionError,482.3179244995117
1786831827.6705465,ERROR:ConnectionError,318.29047203063965
1786831827.4730332,ERROR:ConnectionError,516.33620262146
1786831827.50912,ERROR:ConnectionError,497.1604347229004
1786831827.524893,ERROR:ConnectionError,482.6085567474365
1786831827.6473486,ERROR:ConnectionError,367.3081398010254
1786831827.566224,ERROR:ConnectionError,449.077844619751
1786831827.6492836,ERROR:ConnectionError,367.6927089691162
1786831827.7087443,ERROR:ConnectionError,312.300443649292
1786831827.5177855,ERROR:ConnectionError,503.80611419677734
1786831827.5814025,ERROR:ConnectionError,445.07384300231934
1786831827.5514042,ERROR:ConnectionError,477.16641426086426
1786831827.6675162,ERROR:ConnectionError,361.8588447570801
1786831827.5603933,ERROR:ConnectionError,472.72467613220215
1786831827.6688807,ERROR:ConnectionError,364.87698554992676
1786831827.713353,ERROR:ConnectionError,321.6235637664795
1786831827.7110422,ERROR:ConnectionError,328.1140327453613
1786831827.6773837,ERROR:ConnectionError,367.14959144592285
1786831827.7121823,ERROR:ConnectionError,333.1780433654785
1786831827.7127395,ERROR:ConnectionError,333.2509994506836
1786831827.6433597,ERROR:ConnectionError,406.36658668518066
1786831827.5197322,ERROR:ConnectionError,536.9822978973389
1786831827.6152146,ERROR:ConnectionError,455.9178352355957
1786831827.6582396,ERROR:ConnectionError,418.04003715515137
1786831827.826964,ERROR:ConnectionError,252.28500366210938
1786831827.7812562,ERROR:ConnectionError,301.9399642944336
1786831827.7990243,ERROR:ConnectionError,286.2520217895508
1786831827.7069056,ERROR:ConnectionError,386.36255264282227
1786831827.7585118,ERROR:ConnectionError,340.6343460083008
1786831827.451021,ERROR:ConnectionError,649.5368480682373
1786831827.7868216,ERROR:ConnectionError,319.0171718597412
1786831827.7362995,ERROR:ConnectionError,376.71732902526855
1786831827.5261505,ERROR:ConnectionError,591.0074710845947
1786831827.735713,ERROR:ConnectionError,382.06005096435547
1786831827.8877923,ERROR:ConnectionError,242.35224723815918
1786831827.622229,ERROR:ConnectionError,513.0050182342529
1786831827.715323,ERROR:ConnectionError,426.5401363372803
1786831827.8010325,ERROR:ConnectionError,345.0734615325928
1786831827.7104342,ERROR:ConnectionError,445.056676864624
1786831827.762003,ERROR:ConnectionError,394.6413993835449
1786831827.5875316,ERROR:ConnectionError,571.2001323699951
1786831827.9024653,ERROR:ConnectionError,258.28075408935547
1786831827.798213,ERROR:ConnectionError,365.0059700012207
1786831827.7533236,ERROR:ConnectionError,412.0056629180908
1786831827.8419554,ERROR:ConnectionError,325.77037811279297
1786831827.7438393,ERROR:ConnectionError,428.21550369262695
1786831827.8351688,ERROR:ConnectionError,345.4117774963379
1786831827.8062842,ERROR:ConnectionError,385.7705593109131
1786831827.6663368,ERROR:ConnectionError,528.4914970397949
1786831827.8966143,ERROR:ConnectionError,299.7448444366455
1786831827.6381452,ERROR:ConnectionError,575.7825374603271
1786831827.7633681,ERROR:ConnectionError,452.3355960845947
1786831827.5981493,ERROR:ConnectionError,621.288537979126
1786831827.796611,ERROR:ConnectionError,429.4323921203613
1786831827.5977395,ERROR:ConnectionError,631.3228607177734
1786831827.7064483,ERROR:ConnectionError,538.3303165435791
1786831827.8611162,ERROR:ConnectionError,387.00008392333984
1786831827.9058502,ERROR:ConnectionError,346.771240234375
1786831828.0216022,ERROR:ConnectionError,231.6906452178955
1786831827.9888535,ERROR:ConnectionError,278.1217098236084
1786831827.7748444,ERROR:ConnectionError,500.1237392425537
1786831827.9893847,ERROR:ConnectionError,290.01641273498535
1786831827.9623566,ERROR:ConnectionError,318.2675838470459
1786831827.869461,ERROR:ConnectionError,417.24157333374023
1786831827.783203,ERROR:ConnectionError,506.0844421386719
1786831828.0153122,ERROR:ConnectionError,279.55079078674316
1786831827.8541899,ERROR:ConnectionError,444.63586807250977
1786831827.7076197,ERROR:ConnectionError,599.0567207336426
1786831827.9594393,ERROR:ConnectionError,351.9911766052246
1786831827.9748852,ERROR:ConnectionError,337.2929096221924
1786831827.8531008,ERROR:ConnectionError,463.03677558898926
1786831827.8583791,ERROR:ConnectionError,461.95030212402344
1786831827.851196,ERROR:ConnectionError,483.379602432251
1786831827.8216412,ERROR:ConnectionError,514.507532119751
1786831828.0075128,ERROR:ConnectionError,332.14449882507324
1786831827.9555264,ERROR:ConnectionError,384.9811553955078
1786831827.828475,ERROR:ConnectionError,518.9914703369141
1786831827.9355955,ERROR:ConnectionError,412.49680519104004
1786831827.7841606,ERROR:ConnectionError,567.2616958618164
1786831828.076299,ERROR:ConnectionError,276.3018608093262
1786831828.1587422,ERROR:ConnectionError,194.72575187683105
1786831827.8675969,ERROR:ConnectionError,486.24253273010254
1786831827.8490603,ERROR:ConnectionError,519.1934108734131
1786831827.8264594,ERROR:ConnectionError,546.6232299804688
1786831828.0497367,ERROR:ConnectionError,333.9259624481201
1786831828.0453706,ERROR:ConnectionError,339.57362174987793
1786831827.824915,ERROR:ConnectionError,561.389684677124
1786831827.9394662,ERROR:ConnectionError,447.96037673950195
1786831828.0991614,ERROR:ConnectionError,292.68574714660645
1786831828.0445473,ERROR:ConnectionError,351.90343856811523
1786831828.0332315,ERROR:ConnectionError,365.7569885253906
1786831828.0391686,ERROR:ConnectionError,360.501766204834
1786831827.8312216,ERROR:ConnectionError,570.0182914733887
1786831827.9244099,ERROR:ConnectionError,480.40032386779785
1786831828.0932837,ERROR:ConnectionError,315.6161308288574
1786831828.0792613,ERROR:ConnectionError,333.1291675567627
1786831828.0567286,ERROR:ConnectionError,356.1732769012451
1786831827.8414326,ERROR:ConnectionError,572.333812713623
1786831827.9192204,ERROR:ConnectionError,498.31318855285645
1786831827.8277385,ERROR:ConnectionError,590.4946327209473
1786831827.9485102,ERROR:ConnectionError,473.54769706726074
1786831827.8221314,ERROR:ConnectionError,603.5523414611816
1786831827.8243766,ERROR:ConnectionError,603.9977073669434
1786831827.871775,ERROR:ConnectionError,561.6731643676758
1786831828.0459998,ERROR:ConnectionError,391.5407657623291
1786831828.1130297,ERROR:ConnectionError,331.4175605773926
1786831828.1171694,ERROR:ConnectionError,327.8975486755371
1786831827.965281,ERROR:ConnectionError,483.3073616027832
1786831828.340522,ERROR:ConnectionError,109.3893051147461
1786831828.1607554,ERROR:ConnectionError,290.8294200897217
1786831827.8882732,ERROR:ConnectionError,563.8182163238525
1786831827.9664638,ERROR:ConnectionError,491.44577980041504
1786831828.0285847,ERROR:ConnectionError,433.64906311035156
1786831828.021056,ERROR:ConnectionError,444.37122344970703
1786831827.8439448,ERROR:ConnectionError,622.7850914001465
1786831828.1177828,ERROR:ConnectionError,354.1116714477539
1786831827.9548259,ERROR:ConnectionError,521.3134288787842
1786831828.0264895,ERROR:ConnectionError,450.46424865722656
1786831828.034984,ERROR:ConnectionError,450.71887969970703
1786831828.135246,ERROR:ConnectionError,359.67063903808594
1786831828.006296,ERROR:ConnectionError,501.65557861328125
1786831828.1948462,ERROR:ConnectionError,327.87322998046875
1786831828.1555026,ERROR:ConnectionError,370.90516090393066
1786831828.35147,ERROR:ConnectionError,190.8583641052246
1786831827.9031677,ERROR:ConnectionError,642.535924911499
1786831827.866828,ERROR:ConnectionError,680.8614730834961
1786831828.0146716,ERROR:ConnectionError,554.145336151123
1786831828.1805959,ERROR:ConnectionError,388.6539936065674
1786831827.9334326,ERROR:ConnectionError,641.3183212280273
1786831828.156657,ERROR:ConnectionError,420.0611114501953
1786831828.172067,ERROR:ConnectionError,408.3578586578369
1786831827.866279,ERROR:ConnectionError,714.653730392456
1786831828.3066921,ERROR:ConnectionError,278.5212993621826
1786831827.9237099,ERROR:ConnectionError,678.81178855896
1786831828.274988,ERROR:ConnectionError,328.68456840515137
1786831828.3114426,ERROR:ConnectionError,320.39761543273926
1786831828.1920674,ERROR:ConnectionError,441.0545825958252
1786831828.0832088,ERROR:ConnectionError,552.8666973114014
1786831827.9578726,ERROR:ConnectionError,678.8816452026367
1786831828.3396683,ERROR:ConnectionError,298.1889247894287
1786831828.2194543,ERROR:ConnectionError,420.38607597351074
1786831828.0711477,ERROR:ConnectionError,571.9027519226074
1786831828.1963692,ERROR:ConnectionError,458.45484733581543
1786831828.4667397,ERROR:ConnectionError,191.40625
1786831828.2290776,ERROR:ConnectionError,436.20991706848145
1786831828.2526689,ERROR:ConnectionError,414.81804847717285
1786831828.1301568,ERROR:ConnectionError,537.8036499023438
1786831828.016984,ERROR:ConnectionError,652.0862579345703
1786831828.1632311,ERROR:ConnectionError,506.2541961669922
1786831828.2447932,ERROR:ConnectionError,433.0859184265137
1786831828.312189,ERROR:ConnectionError,371.2756633758545
1786831828.2988434,ERROR:ConnectionError,387.0806694030762
1786831828.286716,ERROR:ConnectionError,400.7291793823242
1786831828.2948775,ERROR:ConnectionError,394.17195320129395
1786831828.3538473,ERROR:ConnectionError,335.68358421325684
1786831828.253302,ERROR:ConnectionError,442.60096549987793
1786831828.0293865,ERROR:ConnectionError,668.2741641998291
1786831828.3161516,ERROR:ConnectionError,384.73987579345703
1786831828.1677358,ERROR:ConnectionError,537.2631549835205
1786831828.2481277,ERROR:ConnectionError,458.606481552124
1786831828.2157164,ERROR:ConnectionError,500.2565383911133
1786831828.4182432,ERROR:ConnectionError,298.59447479248047
1786831828.0852973,ERROR:ConnectionError,639.2419338226318
1786831828.1461184,ERROR:ConnectionError,580.8663368225098
1786831828.2260578,ERROR:ConnectionError,503.65161895751953
1786831828.2806356,ERROR:ConnectionError,450.38294792175293
1786831827.977517,ERROR:ConnectionError,762.4945640563965
1786831828.3203473,ERROR:ConnectionError,425.9665012359619
1786831828.4375558,ERROR:ConnectionError,312.79587745666504
1786831828.141886,ERROR:ConnectionError,618.2150840759277
1786831828.1653404,ERROR:ConnectionError,599.9774932861328
1786831828.2892988,ERROR:ConnectionError,484.3897819519043
1786831828.4719086,ERROR:ConnectionError,307.2836399078369
1786831828.4515946,ERROR:ConnectionError,329.5762538909912
1786831828.3526113,ERROR:ConnectionError,429.39138412475586
1786831828.4175453,ERROR:ConnectionError,379.9307346343994
1786831828.4769642,ERROR:ConnectionError,320.96385955810547
1786831828.33459,ERROR:ConnectionError,475.50392150878906
1786831828.38744,ERROR:ConnectionError,426.26094818115234
1786831828.2669892,ERROR:ConnectionError,554.1532039642334
1786831828.401249,ERROR:ConnectionError,425.8553981781006
1786831828.2794187,ERROR:ConnectionError,548.248291015625
1786831828.386313,ERROR:ConnectionError,441.70308113098145
1786831828.422074,ERROR:ConnectionError,407.9012870788574
1786831828.1005714,ERROR:ConnectionError,732.7826023101807
1786831828.4622493,ERROR:ConnectionError,375.6284713745117
1786831828.2139447,ERROR:ConnectionError,625.6768703460693
1786831828.5809445,ERROR:ConnectionError,264.5277976989746
1786831828.4857147,ERROR:ConnectionError,362.7324104309082
1786831828.3474774,ERROR:ConnectionError,508.0137252807617
1786831828.4334579,ERROR:ConnectionError,430.00149726867676
1786831828.3481,ERROR:ConnectionError,518.5284614562988
1786831828.4444644,ERROR:ConnectionError,425.8549213409424
1786831828.4450772,ERROR:ConnectionError,428.0056953430176
1786831828.3534765,ERROR:ConnectionError,521.7540264129639
1786831828.0337656,ERROR:ConnectionError,842.5838947296143
1786831828.39647,ERROR:ConnectionError,481.26745223999023
1786831828.508149,ERROR:ConnectionError,373.35991859436035
1786831828.6778922,ERROR:ConnectionError,208.44221115112305
1786831828.4499235,ERROR:ConnectionError,441.6041374206543
1786831828.3850026,ERROR:ConnectionError,511.0793113708496
1786831828.4283872,ERROR:ConnectionError,468.75500679016113
1786831828.4654393,ERROR:ConnectionError,434.54861640930176
1786831828.5227325,ERROR:ConnectionError,378.6883354187012
1786831828.1058526,ERROR:ConnectionError,800.8191585540771
1786831828.4485974,ERROR:ConnectionError,466.24755859375
1786831828.5457146,ERROR:ConnectionError,371.3696002960205
1786831828.3683095,ERROR:ConnectionError,550.4708290100098
1786831828.3836732,ERROR:ConnectionError,541.8577194213867
1786831828.408919,ERROR:ConnectionError,518.4783935546875
1786831828.5477026,ERROR:ConnectionError,387.74991035461426
1786831828.4579227,ERROR:ConnectionError,479.689359664917
1786831828.6890626,ERROR:ConnectionError,249.49193000793457
1786831828.452158,ERROR:ConnectionError,487.3011112213135
1786831828.602533,ERROR:ConnectionError,346.9197750091553
1786831828.6690836,ERROR:ConnectionError,280.99513053894043
1786831828.6318517,ERROR:ConnectionError,319.17786598205566
1786831828.637867,ERROR:ConnectionError,315.213680267334
1786831828.3361611,ERROR:ConnectionError,630.5739879608154
1786831828.5767295,ERROR:ConnectionError,393.12005043029785
1786831828.3731024,ERROR:ConnectionError,597.1701145172119
1786831828.7400289,ERROR:ConnectionError,236.09161376953125
1786831828.4137764,ERROR:ConnectionError,565.7379627227783
1786831828.412912,ERROR:ConnectionError,571.3305473327637
1786831828.5688345,ERROR:ConnectionError,416.4397716522217
1786831828.6959186,ERROR:ConnectionError,290.316104888916
1786831828.6367612,ERROR:ConnectionError,352.6949882507324
1786831828.6834817,ERROR:ConnectionError,307.04545974731445
1786831828.4124026,ERROR:ConnectionError,578.5579681396484
1786831828.542344,ERROR:ConnectionError,455.6598663330078
1786831828.643068,ERROR:ConnectionError,358.14762115478516
1786831828.7009013,ERROR:ConnectionError,310.42957305908203
1786831828.4048238,ERROR:ConnectionError,607.5592041015625
1786831828.5804398,ERROR:ConnectionError,441.1802291870117
1786831828.7050126,ERROR:ConnectionError,328.585147857666
1786831828.6548343,ERROR:ConnectionError,381.3800811767578
1786831828.7974896,ERROR:ConnectionError,239.84980583190918
1786831828.3989987,ERROR:ConnectionError,638.7159824371338
1786831828.837891,ERROR:ConnectionError,200.81186294555664
1786831828.8101048,ERROR:ConnectionError,232.68795013427734
1786831828.6874607,ERROR:ConnectionError,371.2015151977539
1786831828.7297213,ERROR:ConnectionError,329.37169075012207
1786831828.7811847,ERROR:ConnectionError,279.47425842285156
1786831828.6331341,ERROR:ConnectionError,429.34679985046387
1786831828.5747652,ERROR:ConnectionError,495.57948112487793
1786831828.6360862,ERROR:ConnectionError,439.06211853027344
1786831828.4256957,ERROR:ConnectionError,650.8758068084717
1786831828.6679735,ERROR:ConnectionError,409.3010425567627
1786831828.7168472,ERROR:ConnectionError,360.95690727233887
1786831828.494931,ERROR:ConnectionError,593.458890914917
1786831828.886347,ERROR:ConnectionError,213.92297744750977
1786831828.3996794,ERROR:ConnectionError,701.4999389648438
1786831828.3918676,ERROR:ConnectionError,710.6139659881592
1786831828.6694944,ERROR:ConnectionError,433.5963726043701
1786831828.7245524,ERROR:ConnectionError,382.1079730987549
1786831828.7792096,ERROR:ConnectionError,334.32817459106445
1786831828.7269983,ERROR:ConnectionError,389.9252414703369
1786831828.6859355,ERROR:ConnectionError,432.9240322113037
1786831828.8777547,ERROR:ConnectionError,250.55551528930664
1786831828.526421,ERROR:ConnectionError,603.1455993652344
1786831828.8280232,ERROR:ConnectionError,302.05583572387695
1786831828.8555026,ERROR:ConnectionError,276.7636775970459
1786831828.63985,ERROR:ConnectionError,493.08133125305176
1786831828.731028,ERROR:ConnectionError,406.15248680114746
1786831828.891542,ERROR:ConnectionError,253.79228591918945
1786831828.8137147,ERROR:ConnectionError,337.5964164733887
1786831828.706747,ERROR:ConnectionError,449.5987892150879
1786831828.8396392,ERROR:ConnectionError,317.58689880371094
1786831828.7601137,ERROR:ConnectionError,406.5425395965576
1786831828.69767,ERROR:ConnectionError,481.20641708374023
1786831828.8666396,ERROR:ConnectionError,327.8930187225342
1786831828.863473,ERROR:ConnectionError,336.28249168395996
1786831828.8454888,ERROR:ConnectionError,364.90726470947266
1786831828.5692742,ERROR:ConnectionError,643.8755989074707
1786831828.7820132,ERROR:ConnectionError,434.6117973327637
1786831828.9354942,ERROR:ConnectionError,283.9198112487793
1786831828.8276753,ERROR:ConnectionError,402.51946449279785
1786831829.0216358,ERROR:ConnectionError,214.49851989746094
1786831828.9704034,ERROR:ConnectionError,267.79961585998535
1786831828.8960989,ERROR:ConnectionError,345.6106185913086
1786831828.9510396,ERROR:ConnectionError,292.73343086242676
1786831828.603682,ERROR:ConnectionError,642.3163414001465
1786831828.6675026,ERROR:ConnectionError,579.176664352417
1786831828.7503655,ERROR:ConnectionError,500.34475326538086
1786831828.8763604,ERROR:ConnectionError,379.0311813354492
1786831828.901432,ERROR:ConnectionError,355.3314208984375
1786831828.925549,ERROR:ConnectionError,333.34875106811523
1786831828.9894683,ERROR:ConnectionError,269.95038986206055
1786831828.9862452,ERROR:ConnectionError,279.7698974609375
1786831828.82999,ERROR:ConnectionError,441.239595413208
1786831828.7979407,ERROR:ConnectionError,480.9901714324951
1786831828.658157,ERROR:ConnectionError,626.1589527130127
1786831828.8211539,ERROR:ConnectionError,463.7918472290039
1786831828.833371,ERROR:ConnectionError,452.2233009338379
1786831829.100283,ERROR:ConnectionError,188.46869468688965
1786831828.8271148,ERROR:ConnectionError,477.30398178100586
1786831828.899998,ERROR:ConnectionError,407.8717231750488
1786831828.8815246,ERROR:ConnectionError,432.71374702453613
1786831829.038711,ERROR:ConnectionError,279.6797752380371
1786831828.875245,ERROR:ConnectionError,449.7570991516113
1786831828.917095,ERROR:ConnectionError,411.01789474487305
1786831828.9148645,ERROR:ConnectionError,417.2976016998291
1786831828.7463276,ERROR:ConnectionError,589.5087718963623
1786831828.897158,ERROR:ConnectionError,440.00792503356934
1786831828.9980156,ERROR:ConnectionError,346.08960151672363
1786831829.0373495,ERROR:ConnectionError,309.7715377807617
1786831829.0591016,ERROR:ConnectionError,288.62929344177246
1786831828.7159867,ERROR:ConnectionError,633.791446685791
1786831828.9394689,ERROR:ConnectionError,412.22333908081055
1786831828.9795256,ERROR:ConnectionError,375.30040740966797
1786831829.0012286,ERROR:ConnectionError,357.1155071258545
1786831828.9274082,ERROR:ConnectionError,436.9351863861084
1786831828.9066863,ERROR:ConnectionError,459.55896377563477
1786831829.0428069,ERROR:ConnectionError,327.7933597564697
1786831828.8703318,ERROR:ConnectionError,501.76072120666504
1786831828.9909718,ERROR:ConnectionError,390.0890350341797
1786831828.91879,ERROR:ConnectionError,462.9192352294922
1786831829.1788912,ERROR:ConnectionError,204.49519157409668
1786831828.665303,ERROR:ConnectionError,718.4555530548096
1786831829.0123944,ERROR:ConnectionError,373.60501289367676
1786831828.9761326,ERROR:ConnectionError,414.0791893005371
1786831828.953089,ERROR:ConnectionError,454.8075199127197
1786831828.9385664,ERROR:ConnectionError,472.0489978790283
1786831829.0586727,ERROR:ConnectionError,353.4588813781738
1786831828.6895375,ERROR:ConnectionError,725.043773651123
1786831829.0703652,ERROR:ConnectionError,344.9535369873047
1786831829.0751626,ERROR:ConnectionError,340.545654296875
1786831828.7737021,ERROR:ConnectionError,650.9912014007568
1786831828.966747,ERROR:ConnectionError,469.653844833374
1786831828.5852554,ERROR:ConnectionError,853.10959815979
1786831828.985283,ERROR:ConnectionError,454.13923263549805
1786831828.9905372,ERROR:ConnectionError,459.3164920806885
1786831829.1329417,ERROR:ConnectionError,317.97337532043457
1786831829.077814,ERROR:ConnectionError,374.9520778656006
1786831829.2194242,ERROR:ConnectionError,234.53831672668457
1786831828.8730996,ERROR:ConnectionError,582.2908878326416
1786831829.0772867,ERROR:ConnectionError,378.4832954406738
1786831829.2417207,ERROR:ConnectionError,217.2260284423828
1786831828.9376247,ERROR:ConnectionError,555.5222034454346
1786831828.9500864,ERROR:ConnectionError,550.4376888275146
1786831829.1666694,ERROR:ConnectionError,343.52803230285645
1786831827.8192778,ERROR:ConnectionError,1705.897569656372
1786831829.2660327,ERROR:ConnectionError,261.340856552124
1786831829.28433,ERROR:ConnectionError,243.59464645385742
1786831829.1322775,ERROR:ConnectionError,396.0394859313965
1786831829.0362258,ERROR:ConnectionError,492.443323135376
1786831829.037724,ERROR:ConnectionError,511.48486137390137
1786831829.1513557,ERROR:ConnectionError,398.38433265686035
1786831829.1563566,ERROR:ConnectionError,394.32334899902344
1786831829.258909,ERROR:ConnectionError,293.6258316040039
1786831829.137193,ERROR:ConnectionError,424.14021492004395
1786831829.2382183,ERROR:ConnectionError,326.75886154174805
1786831829.2361462,ERROR:ConnectionError,329.43105697631836
1786831829.0884044,ERROR:ConnectionError,489.3908500671387
1786831829.106672,ERROR:ConnectionError,484.7898483276367
1786831828.848463,ERROR:ConnectionError,752.7821063995361
1786831829.1295784,ERROR:ConnectionError,473.91366958618164
1786831828.4761536,ERROR:ConnectionError,1128.105640411377
1786831829.304438,ERROR:ConnectionError,311.67101860046387
1786831828.765331,ERROR:ConnectionError,854.3431758880615
1786831829.349787,ERROR:ConnectionError,271.81410789489746
1786831829.3358464,ERROR:ConnectionError,290.3451919555664
1786831829.3471336,ERROR:ConnectionError,280.58815002441406
1786831829.3583643,ERROR:ConnectionError,270.2832221984863
1786831829.2166371,ERROR:ConnectionError,412.46724128723145
1786831829.2567723,ERROR:ConnectionError,376.67083740234375
1786831828.9843075,ERROR:ConnectionError,649.6598720550537
1786831829.1283216,ERROR:ConnectionError,508.32223892211914
1786831829.210409,ERROR:ConnectionError,427.20699310302734
1786831829.3184035,ERROR:ConnectionError,319.92244720458984
1786831829.3517022,ERROR:ConnectionError,296.82183265686035
1786831829.0113442,ERROR:ConnectionError,641.9675350189209
1786831829.1572416,ERROR:ConnectionError,497.00188636779785
1786831829.1024935,ERROR:ConnectionError,552.276611328125
1786831829.3281279,ERROR:ConnectionError,327.01945304870605
1786831829.3721051,ERROR:ConnectionError,288.38348388671875
1786831829.1135519,ERROR:ConnectionError,550.4965782165527
1786831828.9698608,ERROR:ConnectionError,697.4954605102539
1786831829.2302096,ERROR:ConnectionError,439.1951560974121
1786831829.4394317,ERROR:ConnectionError,232.03587532043457
1786831829.3250203,ERROR:ConnectionError,355.06391525268555
1786831829.2507212,ERROR:ConnectionError,437.41869926452637
1786831829.1945522,ERROR:ConnectionError,494.4603443145752
1786831829.1300888,ERROR:ConnectionError,562.1562004089355
1786831829.3837674,ERROR:ConnectionError,312.8786087036133
1786831829.1012747,ERROR:ConnectionError,602.0960807800293
1786831829.243786,ERROR:ConnectionError,470.23916244506836
1786831829.1030986,ERROR:ConnectionError,619.1098690032959
1786831829.3706782,ERROR:ConnectionError,351.96757316589355
1786831829.4383786,ERROR:ConnectionError,292.1566963195801
1786831829.0765834,ERROR:ConnectionError,659.5864295959473
1786831828.9494655,ERROR:ConnectionError,787.7628803253174
1786831829.116934,ERROR:ConnectionError,621.699333190918
1786831829.1188722,ERROR:ConnectionError,620.837926864624
1786831829.2712462,ERROR:ConnectionError,469.00129318237305
1786831829.2789435,ERROR:ConnectionError,487.26797103881836
1786831829.3817194,ERROR:ConnectionError,385.84136962890625
1786831829.6161234,ERROR:ConnectionError,153.3505916595459
1786831829.0336146,ERROR:ConnectionError,756.0510635375977
1786831829.500537,ERROR:ConnectionError,300.29773712158203
1786831829.2554045,ERROR:ConnectionError,550.4858493804932
1786831829.4153292,ERROR:ConnectionError,391.77489280700684
1786831829.0606692,ERROR:ConnectionError,747.1969127655029
1786831829.4106257,ERROR:ConnectionError,402.32396125793457
1786831829.1453466,ERROR:ConnectionError,668.2963371276855
1786831829.3321736,ERROR:ConnectionError,483.62112045288086
1786831829.4557781,ERROR:ConnectionError,375.6732940673828
1786831829.4079092,ERROR:ConnectionError,424.0541458129883
1786831829.337176,ERROR:ConnectionError,499.32122230529785
1786831829.2594306,ERROR:ConnectionError,579.5273780822754
1786831829.5497513,ERROR:ConnectionError,291.1710739135742
1786831829.0624902,ERROR:ConnectionError,779.5007228851318
1786831829.307883,ERROR:ConnectionError,537.353515625
1786831829.5649905,ERROR:ConnectionError,281.4342975616455
1786831829.3662562,ERROR:ConnectionError,485.7158660888672
1786831829.285603,ERROR:ConnectionError,581.8314552307129
1786831829.627732,ERROR:ConnectionError,244.26984786987305
1786831829.4509249,ERROR:ConnectionError,421.85211181640625
1786831829.284954,ERROR:ConnectionError,588.853120803833
1786831829.4589581,ERROR:ConnectionError,417.4063205718994
1786831829.4145932,ERROR:ConnectionError,463.33956718444824
1786831829.2131624,ERROR:ConnectionError,665.2867794036865
1786831829.4247086,ERROR:ConnectionError,457.7655792236328
1786831829.390224,ERROR:ConnectionError,495.24664878845215
1786831829.5492253,ERROR:ConnectionError,337.4509811401367
1786831829.2466888,ERROR:ConnectionError,645.5636024475098
1786831829.4364123,ERROR:ConnectionError,462.2657299041748
1786831829.4157178,ERROR:ConnectionError,483.6268424987793
1786831829.5655873,ERROR:ConnectionError,338.40346336364746
1786831829.5506897,ERROR:ConnectionError,353.8849353790283
1786831829.199776,ERROR:ConnectionError,713.1631374359131
1786831829.4498637,ERROR:ConnectionError,478.7712097167969
1786831829.5283234,ERROR:ConnectionError,401.1106491088867
1786831829.3477404,ERROR:ConnectionError,584.8345756530762
1786831829.6216104,ERROR:ConnectionError,319.5452690124512
1786831829.5778172,ERROR:ConnectionError,367.87986755371094
1786831829.7675712,ERROR:ConnectionError,183.02011489868164
1786831829.6035085,ERROR:ConnectionError,353.27982902526855
1786831829.7033846,ERROR:ConnectionError,258.59880447387695
1786831829.386011,ERROR:ConnectionError,577.5735378265381
1786831829.383406,ERROR:ConnectionError,585.371732711792
1786831829.452774,ERROR:ConnectionError,525.7866382598877
1786831829.6262045,ERROR:ConnectionError,353.2254695892334
1786831829.2460084,ERROR:ConnectionError,737.3061180114746
1786831829.344125,ERROR:ConnectionError,640.2909755706787
1786831829.5273848,ERROR:ConnectionError,462.5091552734375
1786831829.6339765,ERROR:ConnectionError,358.76989364624023
1786831829.912954,ERROR:ConnectionError,95.0932502746582
1786831829.6485357,ERROR:ConnectionError,364.1386032104492
1786831829.6551564,ERROR:ConnectionError,364.22109603881836
1786831829.680099,ERROR:ConnectionError,340.4090404510498
1786831829.7402568,ERROR:ConnectionError,283.8866710662842
1786831829.5286777,ERROR:ConnectionError,499.5596408843994
1786831829.6376243,ERROR:ConnectionError,395.7552909851074
1786831829.6922581,ERROR:ConnectionError,350.1243591308594
1786831829.633453,ERROR:ConnectionError,416.38684272766113
1786831829.3643556,ERROR:ConnectionError,691.1940574645996
1786831829.6605086,ERROR:ConnectionError,401.42011642456055
1786831829.8452535,ERROR:ConnectionError,228.49440574645996
1786831829.3142505,ERROR:ConnectionError,765.0284767150879
1786831829.453973,ERROR:ConnectionError,626.1923313140869
1786831829.737237,ERROR:ConnectionError,347.00846672058105
1786831829.4931648,ERROR:ConnectionError,595.7708358764648
1786831829.9045846,ERROR:ConnectionError,186.72752380371094
1786831829.6383336,ERROR:ConnectionError,454.0882110595703
1786831829.689021,ERROR:ConnectionError,406.632661819458
1786831829.8464408,ERROR:ConnectionError,252.34317779541016
1786831829.8922637,ERROR:ConnectionError,217.93198585510254
1786831829.5102167,ERROR:ConnectionError,601.6855239868164
1786831829.7305586,ERROR:ConnectionError,389.3599510192871
1786831829.9635994,ERROR:ConnectionError,157.14120864868164
1786831829.6673682,ERROR:ConnectionError,457.5192928314209
1786831829.6547787,ERROR:ConnectionError,470.5617427825928
1786831829.8008692,ERROR:ConnectionError,329.76818084716797
1786831829.6542547,ERROR:ConnectionError,479.0503978729248
1786831829.696662,ERROR:ConnectionError,437.8218650817871
1786831829.8319755,ERROR:ConnectionError,307.4297904968262
1786831829.5914743,ERROR:ConnectionError,548.5560894012451
1786831829.738642,ERROR:ConnectionError,406.6963195800781
1786831829.3548388,ERROR:ConnectionError,791.6173934936523
1786831829.6881526,ERROR:ConnectionError,466.2802219390869
1786831829.6366537,ERROR:ConnectionError,518.3322429656982
1786831829.6533234,ERROR:ConnectionError,502.410888671875
1786831829.8720157,ERROR:ConnectionError,301.7137050628662
1786831829.5525463,ERROR:ConnectionError,632.4377059936523
1786831829.6640675,ERROR:ConnectionError,521.5342044830322
1786831829.6694183,ERROR:ConnectionError,517.7230834960938
1786831829.5279355,ERROR:ConnectionError,660.4759693145752
1786831829.2887852,ERROR:ConnectionError,901.1571407318115
1786831829.5613532,ERROR:ConnectionError,629.2126178741455
1786831829.8779418,ERROR:ConnectionError,317.34776496887207
1786831829.9325876,ERROR:ConnectionError,287.2767448425293
1786831829.4554012,ERROR:ConnectionError,768.1529521942139
1786831829.8129663,ERROR:ConnectionError,412.0509624481201
1786831829.8763769,ERROR:ConnectionError,362.89000511169434
1786831829.4121425,ERROR:ConnectionError,827.6829719543457
1786831829.8727896,ERROR:ConnectionError,367.58995056152344
1786831829.6012566,ERROR:ConnectionError,642.4596309661865
1786831829.9294453,ERROR:ConnectionError,328.157901763916
1786831829.9040246,ERROR:ConnectionError,354.449987411499
1786831829.9567995,ERROR:ConnectionError,309.34619903564453
1786831829.3810966,ERROR:ConnectionError,886.6186141967773
1786831829.7226548,ERROR:ConnectionError,567.3720836639404
1786831829.842001,ERROR:ConnectionError,454.9422264099121
1786831829.7896802,ERROR:ConnectionError,511.52944564819336
1786831829.8314636,ERROR:ConnectionError,470.66640853881836
1786831829.8738182,ERROR:ConnectionError,431.43486976623535
1786831829.6196852,ERROR:ConnectionError,688.5824203491211
1786831829.8993566,ERROR:ConnectionError,418.4098243713379
1786831829.8674972,ERROR:ConnectionError,455.4417133331299
1786831829.836512,ERROR:ConnectionError,495.8462715148926
1786831829.9619977,ERROR:ConnectionError,372.07984924316406
1786831829.978577,ERROR:ConnectionError,356.01115226745605
1786831829.6291158,ERROR:ConnectionError,705.8708667755127
1786831830.0282495,ERROR:ConnectionError,312.79611587524414
1786831829.5251877,ERROR:ConnectionError,822.4353790283203
1786831829.8059044,ERROR:ConnectionError,543.7970161437988
1786831829.628662,ERROR:ConnectionError,735.1655960083008
1786831830.0126886,ERROR:ConnectionError,351.9763946533203
1786831829.604292,ERROR:ConnectionError,770.0057029724121
1786831829.7361798,ERROR:ConnectionError,642.7872180938721
1786831829.9844277,ERROR:ConnectionError,396.36993408203125
1786831829.7694871,ERROR:ConnectionError,613.713264465332
1786831830.0913253,ERROR:ConnectionError,295.8548069000244
1786831829.7662258,ERROR:ConnectionError,623.6300468444824
1786831830.0333953,ERROR:ConnectionError,356.9004535675049
1786831829.8986902,ERROR:ConnectionError,492.1693801879883
1786831830.1549962,ERROR:ConnectionError,238.8906478881836
1786831829.97944,ERROR:ConnectionError,415.55142402648926
1786831829.9687932,ERROR:ConnectionError,428.70521545410156
1786831829.8071225,ERROR:ConnectionError,594.0773487091064
1786831830.0205169,ERROR:ConnectionError,387.5083923339844
1786831830.0924332,ERROR:ConnectionError,327.1346092224121
1786831830.0423946,ERROR:ConnectionError,379.2991638183594
1786831830.0555637,ERROR:ConnectionError,375.028133392334
1786831829.8158062,ERROR:ConnectionError,621.3040351867676
1786831829.9411676,ERROR:ConnectionError,496.39248847961426
1786831829.8519938,ERROR:ConnectionError,587.7976417541504
1786831830.1102116,ERROR:ConnectionError,348.46949577331543
1786831830.1207516,ERROR:ConnectionError,341.30001068115234
1786831830.1464775,ERROR:ConnectionError,317.1195983886719
1786831829.6715403,ERROR:ConnectionError,796.9927787780762
1786831829.9286528,ERROR:ConnectionError,540.9836769104004
1786831829.8854814,ERROR:ConnectionError,584.9337577819824
1786831830.088951,ERROR:ConnectionError,386.2786293029785
1786831829.714042,ERROR:ConnectionError,761.8899345397949
1786831830.1248996,ERROR:ConnectionError,363.83986473083496
1786831830.0801766,ERROR:ConnectionError,415.759801864624
1786831830.1453516,ERROR:ConnectionError,354.86578941345215
1786831829.813652,ERROR:ConnectionError,690.8116340637207
1786831830.1333184,ERROR:ConnectionError,382.6255798339844
1786831829.8389707,ERROR:ConnectionError,677.4086952209473
1786831830.2392802,ERROR:ConnectionError,278.3031463623047
1786831829.8078773,ERROR:ConnectionError,724.6115207672119
1786831829.8824885,ERROR:ConnectionError,650.5820751190186
1786831829.9927604,ERROR:ConnectionError,542.8147315979004
1786831830.098797,ERROR:ConnectionError,437.87384033203125
1786831830.1394167,ERROR:ConnectionError,405.5917263031006
1786831830.2661579,ERROR:ConnectionError,279.71529960632324
1786831830.185613,ERROR:ConnectionError,362.7197742462158
1786831830.0737617,ERROR:ConnectionError,480.34143447875977
1786831829.9899075,ERROR:ConnectionError,567.17848777771
1786831829.8866868,ERROR:ConnectionError,671.0464954376221
1786831830.2403927,ERROR:ConnectionError,319.3173408508301
1786831830.1119137,ERROR:ConnectionError,448.3044147491455
1786831829.9506032,ERROR:ConnectionError,627.8543472290039
1786831830.0956671,ERROR:ConnectionError,489.2079830169678
1786831830.2576134,ERROR:ConnectionError,327.7420997619629
1786831830.1737428,ERROR:ConnectionError,413.95115852355957
1786831830.1849985,ERROR:ConnectionError,407.93561935424805
1786831829.878751,ERROR:ConnectionError,718.7857627868652
1786831830.188423,ERROR:ConnectionError,446.5055465698242
1786831830.2250323,ERROR:ConnectionError,421.3862419128418
1786831830.408038,ERROR:ConnectionError,244.72784996032715
1786831830.0193875,ERROR:ConnectionError,635.7908248901367
1786831830.0080636,ERROR:ConnectionError,655.0893783569336
1786831830.130649,ERROR:ConnectionError,533.4682464599609
1786831830.30214,ERROR:ConnectionError,367.13290214538574
1786831830.4217057,ERROR:ConnectionError,248.85845184326172
1786831830.2198758,ERROR:ConnectionError,451.66587829589844
1786831830.437571,ERROR:ConnectionError,234.47084426879883
1786831830.3082771,ERROR:ConnectionError,365.95988273620605
1786831830.3832114,ERROR:ConnectionError,296.59438133239746
1786831830.187153,ERROR:ConnectionError,494.7052001953125
1786831830.380811,ERROR:ConnectionError,305.4842948913574
1786831829.9457088,ERROR:ConnectionError,743.5264587402344
1786831829.9833257,ERROR:ConnectionError,712.8868103027344
1786831830.4636106,ERROR:ConnectionError,233.5801124572754
1786831830.341056,ERROR:ConnectionError,367.0358657836914
1786831830.3229508,ERROR:ConnectionError,391.0069465637207
1786831830.349712,ERROR:ConnectionError,369.43817138671875
1786831830.397512,ERROR:ConnectionError,325.9155750274658
1786831830.462129,ERROR:ConnectionError,263.7324333190918
1786831830.4371252,ERROR:ConnectionError,294.5590019226074
1786831830.1905744,ERROR:ConnectionError,544.0618991851807
1786831830.430634,ERROR:ConnectionError,311.474084854126
1786831830.3903306,ERROR:ConnectionError,354.47168350219727
1786831830.3908696,ERROR:ConnectionError,354.57396507263184
1786831830.2969537,ERROR:ConnectionError,453.39298248291016
1786831830.5366783,ERROR:ConnectionError,226.67479515075684
1786831830.332373,ERROR:ConnectionError,432.57641792297363
1786831830.301219,ERROR:ConnectionError,466.30859375
1786831830.3340874,ERROR:ConnectionError,439.9399757385254
1786831830.3345973,ERROR:ConnectionError,441.1013126373291
1786831829.7397196,ERROR:ConnectionError,1038.1126403808594
1786831830.1199324,ERROR:ConnectionError,662.9338264465332
1786831829.7222219,ERROR:ConnectionError,1062.6978874206543
1786831830.5602295,ERROR:ConnectionError,230.11302947998047
1786831830.4759796,ERROR:ConnectionError,314.8915767669678
1786831830.3939033,ERROR:ConnectionError,402.8887748718262
1786831830.3871894,ERROR:ConnectionError,410.0804328918457
1786831830.2900398,ERROR:ConnectionError,507.71069526672363
1786831830.0619404,ERROR:ConnectionError,741.9826984405518
1786831830.134493,ERROR:ConnectionError,673.8729476928711
1786831830.545029,ERROR:ConnectionError,291.4698123931885
1786831830.2437274,ERROR:ConnectionError,595.7682132720947
1786831830.401214,ERROR:ConnectionError,439.8074150085449
1786831830.5175931,ERROR:ConnectionError,332.8275680541992
1786831830.0241563,ERROR:ConnectionError,826.815128326416
1786831830.3898702,ERROR:ConnectionError,465.09718894958496
1786831830.2398348,ERROR:ConnectionError,616.0836219787598
1786831830.5159545,ERROR:ConnectionError,341.81737899780273
1786831830.0792933,ERROR:ConnectionError,781.1343669891357
1786831829.8409333,ERROR:ConnectionError,1039.9689674377441
1786831830.1953018,ERROR:ConnectionError,691.9217109680176
1786831830.5877023,ERROR:ConnectionError,301.7387390136719
1786831830.6798177,ERROR:ConnectionError,210.96181869506836
1786831830.258484,ERROR:ConnectionError,632.8158378601074
1786831830.4398038,ERROR:ConnectionError,451.9500732421875
1786831830.0842588,ERROR:ConnectionError,808.4027767181396
1786831830.6527803,ERROR:ConnectionError,243.35598945617676
1786831830.223568,ERROR:ConnectionError,673.1898784637451
1786831830.15445,ERROR:ConnectionError,750.2100467681885
1786831830.4587364,ERROR:ConnectionError,453.79018783569336
1786831830.500268,ERROR:ConnectionError,429.48198318481445
1786831830.5483465,ERROR:ConnectionError,385.78176498413086
1786831830.4887524,ERROR:ConnectionError,447.43871688842773
1786831830.6972005,ERROR:ConnectionError,245.43094635009766
1786831830.6641312,ERROR:ConnectionError,287.5964641571045
1786831830.7234397,ERROR:ConnectionError,242.079496383667
1786831830.3349965,ERROR:ConnectionError,638.4508609771729
1786831830.5163882,ERROR:ConnectionError,460.7205390930176
1786831830.3638425,ERROR:ConnectionError,613.9743328094482
1786831830.1400406,ERROR:ConnectionError,840.3940200805664
1786831830.4959476,ERROR:ConnectionError,485.8226776123047
1786831830.3177783,ERROR:ConnectionError,671.9121932983398
1786831830.584888,ERROR:ConnectionError,425.37951469421387
1786831830.670575,ERROR:ConnectionError,344.0897464752197
1786831830.3476353,ERROR:ConnectionError,670.5031394958496
1786831830.6863046,ERROR:ConnectionError,333.416223526001
1786831830.3646743,ERROR:ConnectionError,658.4923267364502
1786831830.378979,ERROR:ConnectionError,651.2858867645264
1786831830.7191632,ERROR:ConnectionError,322.90053367614746
1786831830.5325003,ERROR:ConnectionError,510.36739349365234
1786831830.6720502,ERROR:ConnectionError,371.34718894958496
1786831830.545884,ERROR:ConnectionError,497.9207515716553
1786831830.155748,ERROR:ConnectionError,888.6163234710693
1786831830.4704256,ERROR:ConnectionError,580.6183815002441
1786831830.5929484,ERROR:ConnectionError,458.8603973388672
1786831830.4195786,ERROR:ConnectionError,646.1982727050781
1786831830.7258723,ERROR:ConnectionError,340.5780792236328
1786831830.7081108,ERROR:ConnectionError,361.25898361206055
1786831830.5853627,ERROR:ConnectionError,485.42022705078125
1786831830.3950412,ERROR:ConnectionError,677.4866580963135
1786831830.7757092,ERROR:ConnectionError,301.4867305755615
1786831830.468543,ERROR:ConnectionError,612.921953201294
1786831830.6631694,ERROR:ConnectionError,434.9713325500488
1786831830.305263,ERROR:ConnectionError,796.3259220123291
1786831830.3743112,ERROR:ConnectionError,728.0263900756836
1786831830.7448123,ERROR:ConnectionError,358.0789566040039
1786831830.6715503,ERROR:ConnectionError,436.30433082580566
1786831830.6692846,ERROR:ConnectionError,444.5841312408447
1786831830.5577416,ERROR:ConnectionError,557.9540729522705
1786831830.8410327,ERROR:ConnectionError,275.972843170166
1786831830.5355837,ERROR:ConnectionError,598.3872413635254
1786831830.189951,ERROR:ConnectionError,944.561243057251
1786831830.9297664,ERROR:ConnectionError,205.46221733093262
1786831830.4752414,ERROR:ConnectionError,664.9892330169678
1786831830.8917623,ERROR:ConnectionError,255.91254234313965
1786831830.7454524,ERROR:ConnectionError,411.9248390197754
1786831830.6965823,ERROR:ConnectionError,461.35616302490234
1786831830.7908792,ERROR:ConnectionError,370.20015716552734
1786831830.7675416,ERROR:ConnectionError,413.2070541381836
1786831830.1253471,ERROR:ConnectionError,1056.260585784912
1786831830.7972822,ERROR:ConnectionError,387.052059173584
1786831830.2677271,ERROR:ConnectionError,920.3290939331055
1786831830.5784743,ERROR:ConnectionError,615.1790618896484
1786831830.5597193,ERROR:ConnectionError,641.0648822784424
1786831830.742122,ERROR:ConnectionError,459.308385848999
1786831830.4696465,ERROR:ConnectionError,736.5071773529053
1786831830.7968068,ERROR:ConnectionError,425.8613586425781
1786831830.7740405,ERROR:ConnectionError,460.88552474975586
1786831830.8365095,ERROR:ConnectionError,400.05993843078613
1786831830.5570998,ERROR:ConnectionError,681.3244819641113
1786831830.5044787,ERROR:ConnectionError,734.520673751831
1786831830.8894508,ERROR:ConnectionError,364.8490905761719
1786831830.6742756,ERROR:ConnectionError,581.4929008483887
1786831830.7649617,ERROR:ConnectionError,498.61931800842285
1786831830.934144,ERROR:ConnectionError,334.1677188873291
1786831830.8504333,ERROR:ConnectionError,423.6576557159424
1786831830.9517388,ERROR:ConnectionError,323.12774658203125
1786831830.646432,ERROR:ConnectionError,630.3632259368896
1786831831.043817,ERROR:ConnectionError,233.30378532409668
1786831831.0420754,ERROR:ConnectionError,237.8833293914795
1786831830.734674,ERROR:ConnectionError,545.9620952606201
1786831830.9655323,ERROR:ConnectionError,315.9494400024414
1786831830.8907905,ERROR:ConnectionError,391.18432998657227
1786831831.0510573,ERROR:ConnectionError,240.58127403259277
1786831831.1078682,ERROR:ConnectionError,193.5746669769287
1786831831.06938,ERROR:ConnectionError,232.97619819641113
1786831830.7903533,ERROR:ConnectionError,518.53346824646
1786831830.554115,ERROR:ConnectionError,758.8052749633789
1786831831.135237,ERROR:ConnectionError,197.12138175964355
1786831830.5975542,ERROR:ConnectionError,739.3436431884766
1786831830.6349432,ERROR:ConnectionError,702.8954029083252
1786831830.7829082,ERROR:ConnectionError,558.3250522613525
1786831830.896153,ERROR:ConnectionError,446.3341236114502
1786831830.8809197,ERROR:ConnectionError,462.77713775634766
1786831830.9046736,ERROR:ConnectionError,461.4448547363281
1786831830.9426455,ERROR:ConnectionError,428.6541938781738
1786831830.9817793,ERROR:ConnectionError,408.04433822631836
1786831830.7316966,ERROR:ConnectionError,663.0845069885254
1786831831.0664597,ERROR:ConnectionError,337.87083625793457
1786831831.2349386,ERROR:ConnectionError,172.00851440429688
1786831831.010279,ERROR:ConnectionError,397.36223220825195
1786831830.9361997,ERROR:ConnectionError,472.84674644470215
1786831831.0434072,ERROR:ConnectionError,367.12646484375
1786831830.7633677,ERROR:ConnectionError,649.3701934814453
1786831830.8926837,ERROR:ConnectionError,524.669885635376
1786831831.0428786,ERROR:ConnectionError,376.67226791381836
1786831831.115717,ERROR:ConnectionError,306.0798645019531
1786831830.9771228,ERROR:ConnectionError,447.48830795288086
1786831831.0231762,ERROR:ConnectionError,415.03262519836426
1786831830.0498514,ERROR:ConnectionError,1390.108585357666
1786831831.0443745,ERROR:ConnectionError,400.82716941833496
1786831831.0518181,ERROR:ConnectionError,401.0906219482422
1786831831.180766,ERROR:ConnectionError,282.60302543640137
1786831831.3023663,ERROR:ConnectionError,162.4894142150879
1786831831.1573892,ERROR:ConnectionError,311.7692470550537
1786831830.6551895,ERROR:ConnectionError,826.9314765930176
1786831831.2543101,ERROR:ConnectionError,228.4078598022461
1786831831.014677,ERROR:ConnectionError,474.60293769836426
1786831830.8083794,ERROR:ConnectionError,681.847333908081
1786831830.8913093,ERROR:ConnectionError,599.7164249420166
1786831831.2226777,ERROR:ConnectionError,274.7163772583008
1786831830.8967721,ERROR:ConnectionError,604.9730777740479
1786831831.2683246,ERROR:ConnectionError,234.79390144348145
1786831831.3089006,ERROR:ConnectionError,203.83644104003906
1786831830.9125404,ERROR:ConnectionError,602.8585433959961
1786831830.9897006,ERROR:ConnectionError,545.6826686859131
1786831831.2014408,ERROR:ConnectionError,335.42609214782715
1786831831.1579473,ERROR:ConnectionError,379.64701652526855
1786831831.2007947,ERROR:ConnectionError,341.97354316711426
1786831831.2771275,ERROR:ConnectionError,266.19505882263184
1786831831.281493,ERROR:ConnectionError,263.81731033325195
1786831831.0772147,ERROR:ConnectionError,481.839656829834
1786831830.857786,ERROR:ConnectionError,701.6358375549316
1786831831.193666,ERROR:ConnectionError,366.26482009887695
1786831831.1610928,ERROR:ConnectionError,404.3123722076416
1786831831.4246268,ERROR:ConnectionError,141.80803298950195
1786831830.5330808,ERROR:ConnectionError,1035.2630615234375
1786831831.2557786,ERROR:ConnectionError,313.2054805755615
1786831830.9804459,ERROR:ConnectionError,594.6657657623291
1786831831.1023636,ERROR:ConnectionError,475.18038749694824
1786831831.421807,ERROR:ConnectionError,159.67798233032227
1786831831.06579,ERROR:ConnectionError,518.7556743621826
1786831830.977826,ERROR:ConnectionError,608.8733673095703
1786831831.3323712,ERROR:ConnectionError,256.6375732421875
1786831830.8509839,ERROR:ConnectionError,741.3008213043213
1786831831.263594,ERROR:ConnectionError,339.1685485839844
1786831831.0981658,ERROR:ConnectionError,505.8889389038086
1786831830.9734633,ERROR:ConnectionError,630.8882236480713
1786831831.2061665,ERROR:ConnectionError,411.0236167907715
1786831831.2390127,ERROR:ConnectionError,411.3607406616211
1786831831.1139817,ERROR:ConnectionError,537.5521183013916
1786831831.147693,ERROR:ConnectionError,505.3393840789795
1786831830.855927,ERROR:ConnectionError,797.4917888641357
1786831830.854979,ERROR:ConnectionError,799.8142242431641
1786831831.4076514,ERROR:ConnectionError,254.8966407775879
1786831831.1170177,ERROR:ConnectionError,548.954963684082
1786831831.4069612,ERROR:ConnectionError,259.3350410461426
1786831831.1028986,ERROR:ConnectionError,564.8057460784912
1786831830.7849293,ERROR:ConnectionError,883.326530456543
1786831830.7778456,ERROR:ConnectionError,890.8958435058594
1786831831.2365866,ERROR:ConnectionError,435.71949005126953
1786831830.8604398,ERROR:ConnectionError,819.1256523132324
1786831831.4043415,ERROR:ConnectionError,275.7248878479004
1786831831.3412473,ERROR:ConnectionError,356.95600509643555
1786831830.689247,ERROR:ConnectionError,1013.8843059539795
1786831830.681869,ERROR:ConnectionError,1021.765947341919
1786831830.839505,ERROR:ConnectionError,873.8842010498047
1786831831.3661304,ERROR:ConnectionError,359.3106269836426
1786831831.394795,ERROR:ConnectionError,338.5124206542969
1786831831.452919,ERROR:ConnectionError,282.91797637939453
1786831831.2799714,ERROR:ConnectionError,463.489294052124
1786831831.4105518,ERROR:ConnectionError,337.63647079467773
1786831831.4195616,ERROR:ConnectionError,329.9703598022461
1786831831.4400396,ERROR:ConnectionError,316.35046005249023
1786831831.3713121,ERROR:ConnectionError,387.12048530578613
1786831831.4382212,ERROR:ConnectionError,330.32965660095215
1786831831.10161,ERROR:ConnectionError,667.2799587249756
1786831831.2741048,ERROR:ConnectionError,511.0359191894531
1786831831.412749,ERROR:ConnectionError,373.0883598327637
1786831830.7139778,ERROR:ConnectionError,1077.55446434021
1786831831.133984,ERROR:ConnectionError,660.9745025634766
1786831831.5427804,ERROR:ConnectionError,254.65035438537598
1786831830.887236,ERROR:ConnectionError,914.0567779541016
1786831831.3129346,ERROR:ConnectionError,489.1047477722168
1786831831.5353937,ERROR:ConnectionError,269.7005271911621
1786831831.4827511,ERROR:ConnectionError,325.09779930114746
1786831831.2806487,ERROR:ConnectionError,533.8561534881592
1786831831.018152,ERROR:ConnectionError,799.7026443481445
1786831831.188068,ERROR:ConnectionError,634.4609260559082
1786831831.5031288,ERROR:ConnectionError,333.79149436950684
1786831831.5664454,ERROR:ConnectionError,278.064489364624
1786831831.512751,ERROR:ConnectionError,335.4380130767822
1786831831.4910352,ERROR:ConnectionError,363.97862434387207
1786831831.2768044,ERROR:ConnectionError,581.8648338317871
1786831831.181618,ERROR:ConnectionError,682.3866367340088
1786831831.5590649,ERROR:ConnectionError,305.7734966278076
1786831830.7503622,ERROR:ConnectionError,1117.851972579956
1786831831.5867105,ERROR:ConnectionError,284.5957279205322
1786831831.134523,ERROR:ConnectionError,738.0988597869873
1786831831.081479,ERROR:ConnectionError,792.708158493042
1786831831.5689917,ERROR:ConnectionError,306.840181350708
1786831831.238436,ERROR:ConnectionError,647.5067138671875
1786831831.342497,ERROR:ConnectionError,549.3831634521484
1786831831.4902384,ERROR:ConnectionError,405.163049697876
1786831831.3014612,ERROR:ConnectionError,599.0078449249268
1786831831.545321,ERROR:ConnectionError,359.78078842163086
1786831831.3898358,ERROR:ConnectionError,518.4545516967773
1786831831.2916503,ERROR:ConnectionError,618.3645725250244
1786831831.1843498,ERROR:ConnectionError,742.8703308105469
1786831831.6534274,ERROR:ConnectionError,274.3949890136719
1786831831.2748747,ERROR:ConnectionError,657.4649810791016
1786831831.4452121,ERROR:ConnectionError,490.8115863800049
1786831831.4633806,ERROR:ConnectionError,473.0226993560791
1786831831.515408,ERROR:ConnectionError,426.8813133239746
1786831831.6663022,ERROR:ConnectionError,276.89361572265625
1786831831.5654151,ERROR:ConnectionError,378.6883354187012
1786831831.602774,ERROR:ConnectionError,347.4459648132324
1786831831.6982179,ERROR:ConnectionError,252.52032279968262
1786831831.4821355,ERROR:ConnectionError,469.6540832519531
1786831831.0725405,ERROR:ConnectionError,890.5067443847656
1786831831.0707924,ERROR:ConnectionError,892.8213119506836
1786831831.6682637,ERROR:ConnectionError,303.2362461090088
1786831830.8039358,ERROR:ConnectionError,1169.4071292877197
1786831831.794975,ERROR:ConnectionError,181.6420555114746
1786831831.5017629,ERROR:ConnectionError,480.9584617614746
1786831831.0302799,ERROR:ConnectionError,957.1948051452637
1786831831.6530445,ERROR:ConnectionError,340.6405448913574
1786831831.281985,ERROR:ConnectionError,712.1505737304688
1786831831.5368757,ERROR:ConnectionError,459.2270851135254
1786831831.417366,ERROR:ConnectionError,579.2820453643799
1786831831.68008,ERROR:ConnectionError,336.79938316345215
1786831831.7482023,ERROR:ConnectionError,271.8503475189209
1786831831.5751312,ERROR:ConnectionError,455.7044506072998
1786831831.5845547,ERROR:ConnectionError,447.04461097717285
1786831831.7333186,ERROR:ConnectionError,299.15332794189453
1786831831.6548014,ERROR:ConnectionError,384.1891288757324
1786831831.768896,ERROR:ConnectionError,274.92213249206543
1786831831.5890167,ERROR:ConnectionError,458.04548263549805
1786831831.568354,ERROR:ConnectionError,479.419469833374
1786831831.3437076,ERROR:ConnectionError,706.1259746551514
1786831831.665982,ERROR:ConnectionError,389.0089988708496
1786831831.7915452,ERROR:ConnectionError,277.9545783996582
1786831831.3369093,ERROR:ConnectionError,736.6256713867188
1786831831.1402416,ERROR:ConnectionError,934.0248107910156
1786831831.7685611,ERROR:ConnectionError,319.3633556365967
1786831831.3378491,ERROR:ConnectionError,751.9757747650146
1786831831.6687489,ERROR:ConnectionError,424.67427253723145
1786831831.7434738,ERROR:ConnectionError,354.1991710662842
1786831831.7358456,ERROR:ConnectionError,369.0972328186035
1786831831.6172001,ERROR:ConnectionError,488.6629581451416
1786831831.4648843,ERROR:ConnectionError,659.9955558776855
1786831831.5814953,ERROR:ConnectionError,556.0073852539062
1786831831.4090564,ERROR:ConnectionError,736.6738319396973
1786831831.943206,ERROR:ConnectionError,207.08751678466797
1786831831.7564003,ERROR:ConnectionError,395.7512378692627
1786831831.559431,ERROR:ConnectionError,596.1015224456787
1786831831.8954148,ERROR:ConnectionError,267.50946044921875
1786831831.672315,ERROR:ConnectionError,493.0596351623535
1786831831.6043594,ERROR:ConnectionError,564.2993450164795
1786831830.7977586,ERROR:ConnectionError,1376.793622970581
1786831831.8713155,ERROR:ConnectionError,321.805477142334
1786831831.67958,ERROR:ConnectionError,518.4242725372314
1786831831.6515439,ERROR:ConnectionError,547.4827289581299
1786831831.4894376,ERROR:ConnectionError,712.3899459838867
1786831831.019732,ERROR:ConnectionError,1183.2857131958008
1786831831.950234,ERROR:ConnectionError,256.67285919189453
1786831831.8682234,ERROR:ConnectionError,341.20798110961914
1786831831.8445203,ERROR:ConnectionError,372.59554862976074
1786831831.7851517,ERROR:ConnectionError,432.5873851776123
1786831831.5376039,ERROR:ConnectionError,680.5696487426758
1786831831.7495444,ERROR:ConnectionError,469.73538398742676
1786831831.8918893,ERROR:ConnectionError,331.2861919403076
1786831831.667712,ERROR:ConnectionError,579.8079967498779
1786831831.9083197,ERROR:ConnectionError,341.4897918701172
1786831831.855024,ERROR:ConnectionError,397.63784408569336
1786831831.8648498,ERROR:ConnectionError,388.5049819946289
1786831831.5775578,ERROR:ConnectionError,691.2899017333984
1786831831.9766293,ERROR:ConnectionError,293.886661529541
1786831831.9507475,ERROR:ConnectionError,323.2765197753906
1786831831.703142,ERROR:ConnectionError,581.3026428222656
1786831831.8051038,ERROR:ConnectionError,480.17120361328125
1786831831.905112,ERROR:ConnectionError,386.2261772155762
1786831832.016907,ERROR:ConnectionError,276.8282890319824
1786831831.7858443,ERROR:ConnectionError,512.333869934082
1786831831.9100251,ERROR:ConnectionError,391.60943031311035
1786831831.8586822,ERROR:ConnectionError,443.8486099243164
1786831831.9936981,ERROR:ConnectionError,309.5369338989258
1786831831.4974036,ERROR:ConnectionError,807.2314262390137
1786831832.0879364,ERROR:ConnectionError,218.13082695007324
1786831831.592296,ERROR:ConnectionError,717.6768779754639
1786831831.7584474,ERROR:ConnectionError,552.2360801696777
1786831831.7036662,ERROR:ConnectionError,607.9227924346924
1786831831.5433347,ERROR:ConnectionError,775.3241062164307
1786831832.0976913,ERROR:ConnectionError,222.6266860961914
1786831831.9961162,ERROR:ConnectionError,325.7927894592285
1786831831.8013015,ERROR:ConnectionError,525.1471996307373
1786831832.104954,ERROR:ConnectionError,227.63943672180176
1786831831.9004812,ERROR:ConnectionError,437.09683418273926
1786831831.8482008,ERROR:ConnectionError,492.114782333374
1786831832.0550041,ERROR:ConnectionError,310.6048107147217
1786831831.942303,ERROR:ConnectionError,425.65226554870605
1786831832.0200644,ERROR:ConnectionError,368.65878105163574
1786831831.8020468,ERROR:ConnectionError,590.9099578857422
1786831831.7254512,ERROR:ConnectionError,669.7638034820557
1786831831.9715097,ERROR:ConnectionError,429.0180206298828
1786831831.8369298,ERROR:ConnectionError,565.3223991394043
1786831831.8758442,ERROR:ConnectionError,531.4295291900635
1786831832.031622,ERROR:ConnectionError,383.6817741394043
1786831831.8078604,ERROR:ConnectionError,608.0615520477295
1786831832.2231877,ERROR:ConnectionError,195.17803192138672
1786831832.1555443,ERROR:ConnectionError,264.21642303466797
1786831832.1931355,ERROR:ConnectionError,228.21307182312012
1786831832.1503081,ERROR:ConnectionError,276.4911651611328
1786831832.206916,ERROR:ConnectionError,221.35639190673828
1786831832.1521628,ERROR:ConnectionError,279.83999252319336
1786831832.0438783,ERROR:ConnectionError,395.9698677062988
1786831832.093437,ERROR:ConnectionError,352.9369831085205
1786831831.9966557,ERROR:ConnectionError,473.24109077453613
1786831831.936412,ERROR:ConnectionError,549.3032932281494
1786831832.217126,ERROR:ConnectionError,271.9848155975342
1786831832.032485,ERROR:ConnectionError,464.888334274292
1786831831.96306,ERROR:ConnectionError,534.8942279815674
1786831832.1629376,ERROR:ConnectionError,336.02309226989746
1786831831.6040635,ERROR:ConnectionError,898.5886573791504
1786831831.5599394,ERROR:ConnectionError,945.5838203430176
1786831831.8741965,ERROR:ConnectionError,638.4193897247314
1786831832.1058755,ERROR:ConnectionError,418.2019233703613
1786831831.6503894,ERROR:ConnectionError,874.3271827697754
1786831831.713404,ERROR:ConnectionError,814.0921592712402
1786831831.8225393,ERROR:ConnectionError,707.3709964752197
1786831831.9827352,ERROR:ConnectionError,551.5375137329102
1786831831.7974439,ERROR:ConnectionError,738.1787300109863
1786831831.9272323,ERROR:ConnectionError,609.1668605804443
1786831831.4691682,ERROR:ConnectionError,1069.1001415252686
1786831831.6625595,ERROR:ConnectionError,879.8260688781738
1786831832.293749,ERROR:ConnectionError,260.90288162231445
1786831832.1980214,ERROR:ConnectionError,368.194580078125
1786831832.1375148,ERROR:ConnectionError,433.44950675964355
1786831831.9941454,ERROR:ConnectionError,585.1943492889404
1786831831.93236,ERROR:ConnectionError,651.6046524047852
1786831831.8726301,ERROR:ConnectionError,714.0102386474609
1786831832.3887384,ERROR:ConnectionError,199.74851608276367
1786831832.199037,ERROR:ConnectionError,394.9706554412842
1786831832.2526774,ERROR:ConnectionError,350.6784439086914
1786831831.9874864,ERROR:ConnectionError,623.314619064331
1786831831.9441123,ERROR:ConnectionError,672.1103191375732
1786831832.2740362,ERROR:ConnectionError,344.7895050048828
1786831831.9278321,ERROR:ConnectionError,691.5276050567627
1786831832.0898366,ERROR:ConnectionError,537.473201751709
1786831831.9517994,ERROR:ConnectionError,688.3831024169922
1786831832.3060765,ERROR:ConnectionError,335.8161449432373
1786831831.8145168,ERROR:ConnectionError,828.8133144378662
1786831832.284459,ERROR:ConnectionError,360.9621524810791
1786831832.049849,ERROR:ConnectionError,598.2365608215332
1786831832.0742772,ERROR:ConnectionError,577.4526596069336
1786831831.9360368,ERROR:ConnectionError,722.5782871246338
1786831832.3203278,ERROR:ConnectionError,343.13273429870605
1786831832.3032448,ERROR:ConnectionError,430.4161071777344
1786831832.0390027,ERROR:ConnectionError,700.6964683532715
1786831832.3115997,ERROR:ConnectionError,429.3808937072754
1786831832.3326082,ERROR:ConnectionError,409.0261459350586
1786831831.8178644,ERROR:ConnectionError,924.9386787414551
1786831832.2475336,ERROR:ConnectionError,512.8357410430908
1786831832.2094443,ERROR:ConnectionError,551.4540672302246
1786831831.963625,ERROR:ConnectionError,801.1023998260498
1786831832.30254,ERROR:ConnectionError,466.6934013366699
1786831831.8640206,ERROR:ConnectionError,920.59326171875
1786831832.4024093,ERROR:ConnectionError,392.4226760864258
1786831832.4463909,ERROR:ConnectionError,355.62920570373535
1786831832.4268088,ERROR:ConnectionError,377.0153522491455
1786831832.2192898,ERROR:ConnectionError,590.5559062957764
1786831832.2533655,ERROR:ConnectionError,560.5597496032715
1786831832.3403318,ERROR:ConnectionError,478.01804542541504
1786831832.4213595,ERROR:ConnectionError,400.0897407531738
1786831832.2498202,ERROR:ConnectionError,573.2467174530029
1786831832.1745658,ERROR:ConnectionError,652.2703170776367
1786831832.3656256,ERROR:ConnectionError,464.36238288879395
1786831832.3679702,ERROR:ConnectionError,470.78990936279297
1786831832.2913492,ERROR:ConnectionError,553.3163547515869
1786831832.309988,ERROR:ConnectionError,535.5281829833984
1786831832.2018363,ERROR:ConnectionError,646.578311920166
1786831832.3219185,ERROR:ConnectionError,540.6203269958496
1786831832.1457481,ERROR:ConnectionError,717.6296710968018
1786831832.217748,ERROR:ConnectionError,653.7530422210693
1786831832.497385,ERROR:ConnectionError,374.6981620788574
1786831832.4320278,ERROR:ConnectionError,443.5410499572754
1786831832.2181828,ERROR:ConnectionError,676.4171123504639
1786831832.0477836,ERROR:ConnectionError,855.5989265441895
1786831832.439861,ERROR:ConnectionError,465.9607410430908
1786831832.4282844,ERROR:ConnectionError,478.2266616821289
1786831832.41532,ERROR:ConnectionError,491.93334579467773
1786831832.2705283,ERROR:ConnectionError,639.3368244171143
1786831832.0735452,ERROR:ConnectionError,837.8887176513672
1786831832.318671,ERROR:ConnectionError,594.8035717010498
1786831832.1686723,ERROR:ConnectionError,751.1792182922363
1786831831.8859575,ERROR:ConnectionError,1034.4440937042236
1786831832.392974,ERROR:ConnectionError,535.520076751709
1786831832.5247447,ERROR:ConnectionError,435.4991912841797
1786831832.3375914,ERROR:ConnectionError,623.2070922851562
1786831832.4979615,ERROR:ConnectionError,463.1767272949219
1786831832.5364103,ERROR:ConnectionError,430.76300621032715
1786831832.418379,ERROR:ConnectionError,549.4570732116699
1786831832.0695703,ERROR:ConnectionError,907.562255859375
1786831832.3952668,ERROR:ConnectionError,584.7971439361572
1786831832.6454334,ERROR:ConnectionError,340.20185470581055
1786831832.047074,ERROR:ConnectionError,947.6175308227539
1786831832.4857357,ERROR:ConnectionError,513.7574672698975
1786831832.530386,ERROR:ConnectionError,484.65490341186523
1786831832.304644,ERROR:ConnectionError,716.32981300354
1786831832.6401958,ERROR:ConnectionError,387.2816562652588
1786831832.2852876,ERROR:ConnectionError,750.5807876586914
1786831832.579352,ERROR:ConnectionError,457.6544761657715
1786831832.4159327,ERROR:ConnectionError,631.0930252075195
1786831832.5546644,ERROR:ConnectionError,493.18504333496094
1786831832.5884995,ERROR:ConnectionError,459.8660469055176
1786831832.4989705,ERROR:ConnectionError,550.3473281860352
1786831832.4005408,ERROR:ConnectionError,649.6191024780273
1786831832.0308557,ERROR:ConnectionError,1025.0999927520752
1786831832.5839796,ERROR:ConnectionError,479.1243076324463
1786831832.2981963,ERROR:ConnectionError,765.5680179595947
1786831832.268862,ERROR:ConnectionError,807.4278831481934
1786831832.6033673,ERROR:ConnectionError,482.27405548095703
1786831832.5423982,ERROR:ConnectionError,548.8402843475342
1786831832.4699235,ERROR:ConnectionError,626.9257068634033
1786831832.6481037,ERROR:ConnectionError,453.2361030578613
1786831832.641903,ERROR:ConnectionError,463.05179595947266
1786831832.301646,ERROR:ConnectionError,813.1165504455566
1786831832.5275087,ERROR:ConnectionError,596.4236259460449
1786831832.5866506,ERROR:ConnectionError,540.2472019195557
1786831832.663473,ERROR:ConnectionError,466.4440155029297
1786831832.5026636,ERROR:ConnectionError,636.2314224243164
1786831832.4197707,ERROR:ConnectionError,721.2109565734863
1786831832.7397115,ERROR:ConnectionError,409.060001373291
1786831832.5126276,ERROR:ConnectionError,639.230489730835
1786831832.7336745,ERROR:ConnectionError,426.22852325439453
1786831832.6108153,ERROR:ConnectionError,552.276611328125
1786831832.5382771,ERROR:ConnectionError,634.7332000732422
1786831832.76091,ERROR:ConnectionError,418.86115074157715
1786831831.9733515,ERROR:ConnectionError,1206.9597244262695
1786831832.5356345,ERROR:ConnectionError,646.1341381072998
1786831832.5709755,ERROR:ConnectionError,616.4960861206055
1786831832.8038373,ERROR:ConnectionError,385.41150093078613
1786831832.5055356,ERROR:ConnectionError,691.4453506469727
1786831832.4891226,ERROR:ConnectionError,710.2997303009033
1786831832.7416441,ERROR:ConnectionError,468.8699245452881
1786831832.1653886,ERROR:ConnectionError,1053.9143085479736
1786831832.5662313,ERROR:ConnectionError,664.6060943603516
1786831832.8183615,ERROR:ConnectionError,413.98096084594727
1786831832.2030256,ERROR:ConnectionError,1036.7820262908936
1786831832.5240905,ERROR:ConnectionError,716.3856029510498
1786831832.1248937,ERROR:ConnectionError,1115.9706115722656
1786831832.5940235,ERROR:ConnectionError,652.5931358337402
1786831832.8020325,ERROR:ConnectionError,453.71031761169434
1786831832.3264606,ERROR:ConnectionError,931.1912059783936
1786831832.7692447,ERROR:ConnectionError,495.6216812133789
1786831832.87209,ERROR:ConnectionError,398.04863929748535
1786831832.3106952,ERROR:ConnectionError,964.0812873840332
1786831832.8139365,ERROR:ConnectionError,461.5962505340576
1786831832.8455281,ERROR:ConnectionError,432.36279487609863
1786831832.9098742,ERROR:ConnectionError,381.69050216674805
1786831832.794844,ERROR:ConnectionError,498.5239505767822
1786831832.4072828,ERROR:ConnectionError,898.6001014709473
1786831832.9602578,ERROR:ConnectionError,347.87845611572266
1786831832.742814,ERROR:ConnectionError,573.3692646026611
1786831832.821462,ERROR:ConnectionError,500.41651725769043
1786831832.9611456,ERROR:ConnectionError,361.6786003112793
1786831832.8300016,ERROR:ConnectionError,496.66881561279297
1786831832.8715124,ERROR:ConnectionError,485.5661392211914
1786831832.826847,ERROR:ConnectionError,531.773567199707
1786831832.9134858,ERROR:ConnectionError,457.58795738220215
1786831832.9072685,ERROR:ConnectionError,464.59126472473145
1786831832.9204123,ERROR:ConnectionError,452.1527290344238
1786831832.9285057,ERROR:ConnectionError,448.7588405609131
1786831832.823076,ERROR:ConnectionError,554.9285411834717
1786831832.906527,ERROR:ConnectionError,476.69315338134766
1786831832.9058373,ERROR:ConnectionError,478.8093566894531
1786831832.8633869,ERROR:ConnectionError,525.0504016876221
1786831832.7846265,ERROR:ConnectionError,605.5753231048584
1786831832.86255,ERROR:ConnectionError,528.6605358123779
1786831832.651741,ERROR:ConnectionError,740.2801513671875
1786831832.8387759,ERROR:ConnectionError,557.9285621643066
1786831832.6433427,ERROR:ConnectionError,769.1531181335449
1786831832.9771433,ERROR:ConnectionError,439.21971321105957
1786831832.999506,ERROR:ConnectionError,422.7924346923828
1786831832.9800751,ERROR:ConnectionError,451.793909072876
1786831832.9114447,ERROR:ConnectionError,523.3421325683594
1786831832.9671855,ERROR:ConnectionError,483.66355895996094
1786831833.0762994,ERROR:ConnectionError,375.4086494445801
1786831832.9033997,ERROR:ConnectionError,556.2646389007568
1786831833.1013546,ERROR:ConnectionError,360.89587211608887
1786831832.8098564,ERROR:ConnectionError,653.2487869262695
1786831832.6193693,ERROR:ConnectionError,847.8691577911377
1786831832.9678464,ERROR:ConnectionError,502.69508361816406
1786831832.985651,ERROR:ConnectionError,485.6438636779785
1786831832.8755786,ERROR:ConnectionError,597.6603031158447
1786831832.6162393,ERROR:ConnectionError,871.7207908630371
1786831833.0493271,ERROR:ConnectionError,442.615270614624
1786831832.9198623,ERROR:ConnectionError,572.7677345275879
1786831832.994707,ERROR:ConnectionError,498.3680248260498
1786831833.035879,ERROR:ConnectionError,457.81469345092773
1786831833.0483773,ERROR:ConnectionError,448.0912685394287
1786831832.7647426,ERROR:ConnectionError,748.6028671264648
1786831833.037018,ERROR:ConnectionError,478.5933494567871
1786831832.8484316,ERROR:ConnectionError,667.9885387420654
1786831832.74099,ERROR:ConnectionError,776.198148727417
1786831833.0150516,ERROR:ConnectionError,504.0256977081299
1786831832.5343149,ERROR:ConnectionError,987.5504970550537
1786831833.141345,ERROR:ConnectionError,387.5446319580078
1786831833.1269112,ERROR:ConnectionError,403.1665325164795
1786831832.9608073,ERROR:ConnectionError,574.6169090270996
1786831832.6586308,ERROR:ConnectionError,886.9190216064453
1786831833.0478587,ERROR:ConnectionError,508.5792541503906
1786831833.0637763,ERROR:ConnectionError,496.5989589691162
1786831833.0274901,ERROR:ConnectionError,534.7609519958496
1786831833.2576663,ERROR:ConnectionError,316.45894050598145
1786831832.8946114,ERROR:ConnectionError,681.9808483123779
1786831833.1730218,ERROR:ConnectionError,407.8948497772217
1786831832.627555,ERROR:ConnectionError,967.8957462310791
1786831833.159917,ERROR:ConnectionError,436.22612953186035
1786831833.0501673,ERROR:ConnectionError,547.3761558532715
1786831833.187487,ERROR:ConnectionError,411.00263595581055
1786831833.020988,ERROR:ConnectionError,584.7349166870117
1786831833.2701552,ERROR:ConnectionError,338.5756015777588
1786831833.0856555,ERROR:ConnectionError,524.2908000946045
1786831832.6188443,ERROR:ConnectionError,991.8885231018066
1786831833.246627,ERROR:ConnectionError,365.6752109527588
1786831833.181781,ERROR:ConnectionError,431.7207336425781
1786831833.2105253,ERROR:ConnectionError,404.9379825592041
1786831833.1299255,ERROR:ConnectionError,488.649845123291
1786831833.1487849,ERROR:ConnectionError,476.6232967376709
1786831833.1389055,ERROR:ConnectionError,491.01829528808594
1786831833.0912502,ERROR:ConnectionError,539.7419929504395
1786831833.1994386,ERROR:ConnectionError,447.2618103027344
1786831833.0470352,ERROR:ConnectionError,600.1136302947998
1786831833.1892588,ERROR:ConnectionError,461.79676055908203
1786831832.844676,ERROR:ConnectionError,809.9944591522217
1786831833.1147838,ERROR:ConnectionError,544.7206497192383
1786831833.1518712,ERROR:ConnectionError,517.0445442199707
1786831833.2323523,ERROR:ConnectionError,451.15041732788086
1786831833.0559702,ERROR:ConnectionError,629.4240951538086
1786831833.2747872,ERROR:ConnectionError,430.4525852203369
1786831833.2648787,ERROR:ConnectionError,454.6389579772949
1786831832.7603807,ERROR:ConnectionError,960.8962535858154
1786831833.219318,ERROR:ConnectionError,504.7953128814697
1786831833.1049664,ERROR:ConnectionError,630.6898593902588
1786831833.2398226,ERROR:ConnectionError,500.06937980651855
1786831833.2933853,ERROR:ConnectionError,449.7041702270508
1786831833.0968626,ERROR:ConnectionError,646.8484401702881
1786831833.3161957,ERROR:ConnectionError,437.67571449279785
1786831833.3081465,ERROR:ConnectionError,453.6018371582031
1786831833.1969924,ERROR:ConnectionError,571.455717086792
1786831833.2557595,ERROR:ConnectionError,515.1236057281494
1786831833.3228319,ERROR:ConnectionError,453.04250717163086
1786831833.2755432,ERROR:ConnectionError,503.22890281677246
1786831833.063128,ERROR:ConnectionError,716.08567237854
1786831833.2779205,ERROR:ConnectionError,505.6171417236328
1786831833.2408714,ERROR:ConnectionError,544.8968410491943
1786831833.2917159,ERROR:ConnectionError,500.52404403686523
1786831833.123944,ERROR:ConnectionError,670.579195022583
1786831833.3711665,ERROR:ConnectionError,429.7451972961426
1786831833.1631021,ERROR:ConnectionError,639.939546585083
1786831833.3570917,ERROR:ConnectionError,448.0247497558594
1786831833.3266833,ERROR:ConnectionError,478.87253761291504
1786831833.3902125,ERROR:ConnectionError,416.92519187927246
1786831833.3832328,ERROR:ConnectionError,425.05908012390137
1786831833.3912184,ERROR:ConnectionError,420.5291271209717
1786831833.3780148,ERROR:ConnectionError,434.3230724334717
1786831833.451718,ERROR:ConnectionError,364.7572994232178
1786831833.3718698,ERROR:ConnectionError,453.7649154663086
1786831833.305898,ERROR:ConnectionError,531.9168567657471
1786831833.1797853,ERROR:ConnectionError,658.9372158050537
1786831833.4223123,ERROR:ConnectionError,421.2150573730469
1786831833.3884494,ERROR:ConnectionError,465.5721187591553
1786831833.2404869,ERROR:ConnectionError,618.2057857513428
1786831833.2308512,ERROR:ConnectionError,631.7787170410156
1786831833.3218932,ERROR:ConnectionError,543.6742305755615
1786831833.3846614,ERROR:ConnectionError,502.26688385009766
1786831833.459678,ERROR:ConnectionError,429.9426078796387
1786831833.3586304,ERROR:ConnectionError,531.7173004150391
1786831833.3967183,ERROR:ConnectionError,497.56669998168945
1786831833.416381,ERROR:ConnectionError,514.8606300354004
1786831833.4732509,ERROR:ConnectionError,460.9994888305664
1786831833.4926603,ERROR:ConnectionError,445.30558586120605
1786831833.392031,ERROR:ConnectionError,551.9578456878662
1786831833.3772805,ERROR:ConnectionError,573.1306076049805
1786831833.4713032,ERROR:ConnectionError,486.42492294311523
1786831833.4672515,ERROR:ConnectionError,493.4854507446289
1786831833.4705536,ERROR:ConnectionError,494.2626953125
1786831833.1803277,ERROR:ConnectionError,794.7006225585938
1786831833.4125073,ERROR:ConnectionError,565.0525093078613
1786831833.4919553,ERROR:ConnectionError,487.4143600463867
1786831833.5164313,ERROR:ConnectionError,484.8206043243408
1786831833.3725753,ERROR:ConnectionError,630.5291652679443
1786831833.5191107,ERROR:ConnectionError,493.7124252319336
1786831833.4508698,ERROR:ConnectionError,572.5839138031006
1786831833.5171983,ERROR:ConnectionError,508.15534591674805
1786831833.4937048,ERROR:ConnectionError,532.2604179382324
1786831833.560389,ERROR:ConnectionError,478.4367084503174
1786831833.4318779,ERROR:ConnectionError,612.8175258636475
1786831833.4879756,ERROR:ConnectionError,561.7413520812988
1786831833.49648,ERROR:ConnectionError,559.8807334899902
1786831833.4631171,ERROR:ConnectionError,597.8085994720459
1786831833.6057396,ERROR:ConnectionError,455.6539058685303
1786831833.5741382,ERROR:ConnectionError,496.60611152648926
1786831833.6123126,ERROR:ConnectionError,463.00315856933594
1786831833.6107404,ERROR:ConnectionError,468.77312660217285
1786831833.5156817,ERROR:ConnectionError,565.7327175140381
1786831833.4347959,ERROR:ConnectionError,796.5569496154785
1786831833.5622673,ERROR:ConnectionError,669.7824001312256
1786831833.6595733,ERROR:ConnectionError,572.8058815002441
1786831833.6135113,ERROR:ConnectionError,623.0809688568115
1786831833.5218782,ERROR:ConnectionError,717.5958156585693
1786831833.530087,ERROR:ConnectionError,710.7789516448975
1786831833.6155293,ERROR:ConnectionError,628.6020278930664
1786831833.4622605,ERROR:ConnectionError,782.3812961578369
1786831833.4930835,ERROR:ConnectionError,755.2061080932617
1786831833.5133607,ERROR:ConnectionError,736.2873554229736
1786831833.597552,ERROR:ConnectionError,654.4516086578369
1786831833.53544,ERROR:ConnectionError,716.9520854949951
1786831833.6099625,ERROR:ConnectionError,643.9416408538818
1786831833.6510668,ERROR:ConnectionError,607.9757213592529
1786831833.5809286,ERROR:ConnectionError,679.2240142822266
1786831833.6254244,ERROR:ConnectionError,638.2794380187988
1786831833.5289037,ERROR:ConnectionError,743.5822486877441
1786831833.5961518,ERROR:ConnectionError,678.429365158081
1786831833.556455,ERROR:ConnectionError,718.9512252807617
1786831833.7052522,ERROR:ConnectionError,571.6567039489746
1786831833.6471572,ERROR:ConnectionError,637.5384330749512
1786831833.7212834,ERROR:ConnectionError,565.9234523773193
1786831833.62994,ERROR:ConnectionError,671.1044311523438
1786831833.6467123,ERROR:ConnectionError,655.7273864746094
1786831833.6689308,ERROR:ConnectionError,633.873701095581
1786831833.6087477,ERROR:ConnectionError,694.7400569915771
1786831833.7431288,ERROR:ConnectionError,562.720775604248
1786831833.6546822,ERROR:ConnectionError,651.8707275390625
1786831833.5766034,ERROR:ConnectionError,732.0992946624756
1786831833.6854053,ERROR:ConnectionError,626.6753673553467
1786831833.6835196,ERROR:ConnectionError,630.4125785827637
1786831833.5984993,ERROR:ConnectionError,720.2012538909912
1786831833.5455632,ERROR:ConnectionError,777.5545120239258
1786831833.59546,ERROR:ConnectionError,730.201244354248
1786831833.7835488,ERROR:ConnectionError,556.2269687652588
1786831833.7857804,ERROR:ConnectionError,563.0407333374023
1786831833.6310062,ERROR:ConnectionError,724.9085903167725
1786831833.7538877,ERROR:ConnectionError,607.6455116271973
1786831833.7758863,ERROR:ConnectionError,603.3127307891846
1786831833.7924674,ERROR:ConnectionError,590.8393859863281
1786831833.7684612,ERROR:ConnectionError,619.7621822357178
1786831833.8051264,ERROR:ConnectionError,586.4500999450684
1786831833.8055644,ERROR:ConnectionError,588.2678031921387
1786831833.7356703,ERROR:ConnectionError,665.0638580322266
1786831833.739904,ERROR:ConnectionError,664.064884185791
1786831833.7617624,ERROR:ConnectionError,647.8142738342285
1786831833.7195308,ERROR:ConnectionError,691.9171810150146
1786831833.803053,ERROR:ConnectionError,609.1692447662354
1786831833.8256462,ERROR:ConnectionError,587.3045921325684
1786831833.7792208,ERROR:ConnectionError,635.5376243591309
1786831833.816486,ERROR:ConnectionError,598.6392498016357
1786831833.8117578,ERROR:ConnectionError,604.1793823242188
1786831833.8387346,ERROR:ConnectionError,580.2667140960693
1786831833.8123512,ERROR:ConnectionError,617.1386241912842
1786831833.618589,ERROR:ConnectionError,811.4192485809326
1786831833.7437193,ERROR:ConnectionError,701.8072605133057
1786831833.7945385,ERROR:ConnectionError,653.5394191741943
1786831833.8009255,ERROR:ConnectionError,656.0697555541992
1786831833.7787824,ERROR:ConnectionError,679.9204349517822
1786831833.8540385,ERROR:ConnectionError,606.0512065887451
1786831833.8083246,ERROR:ConnectionError,669.9247360229492
1786831833.86559,ERROR:ConnectionError,622.6747035980225
1786831833.8942957,ERROR:ConnectionError,596.0323810577393
1786831833.7708974,ERROR:ConnectionError,722.0728397369385
1786831833.7241285,ERROR:ConnectionError,776.1125564575195
1786831833.8071473,ERROR:ConnectionError,693.7301158905029
1786831833.837827,ERROR:ConnectionError,665.3957366943359
1786831833.8435369,ERROR:ConnectionError,660.7816219329834
1786831833.890357,ERROR:ConnectionError,614.5577430725098
1786831833.8626442,ERROR:ConnectionError,653.742790222168
1786831833.8587058,ERROR:ConnectionError,658.5230827331543
1786831833.8896348,ERROR:ConnectionError,629.7440528869629
1786831833.9379795,ERROR:ConnectionError,585.7996940612793
1786831833.9439995,ERROR:ConnectionError,580.2924633026123
1786831833.8869445,ERROR:ConnectionError,642.6689624786377
1786831833.9607468,ERROR:ConnectionError,583.8675498962402
1786831833.931253,ERROR:ConnectionError,615.6315803527832
1786831833.950428,ERROR:ConnectionError,599.0090370178223
1786831834.0128405,ERROR:ConnectionError,544.2347526550293
1786831833.9342632,ERROR:ConnectionError,625.9489059448242
1786831833.9775717,ERROR:ConnectionError,585.4480266571045
1786831834.001267,ERROR:ConnectionError,562.3359680175781
1786831834.0031142,ERROR:ConnectionError,566.4288997650146
1786831834.025363,ERROR:ConnectionError,552.4156093597412
1786831834.0707576,ERROR:ConnectionError,513.4494304656982
1786831834.0447075,ERROR:ConnectionError,542.1726703643799
1786831834.0609355,ERROR:ConnectionError,527.0452499389648
1786831833.9577403,ERROR:ConnectionError,637.0632648468018
1786831833.9648254,ERROR:ConnectionError,632.7536106109619
1786831834.038846,ERROR:ConnectionError,562.6745223999023
1786831833.9750388,ERROR:ConnectionError,628.1471252441406
1786831834.0259738,ERROR:ConnectionError,581.7525386810303
1786831834.0563772,ERROR:ConnectionError,552.1583557128906
1786831834.0497322,ERROR:ConnectionError,564.2416477203369
1786831834.023481,ERROR:ConnectionError,599.32541847229
1786831833.9793866,ERROR:ConnectionError,644.1471576690674
1786831834.0614004,ERROR:ConnectionError,571.2130069732666
1786831834.0795276,ERROR:ConnectionError,554.5542240142822
1786831834.2446487,ERROR:ConnectionError,398.01502227783203
1786831834.2313688,ERROR:ConnectionError,413.4659767150879
1786831834.2323859,ERROR:ConnectionError,414.83449935913086
1786831834.260163,ERROR:ConnectionError,387.7370357513428
1786831834.2395175,ERROR:ConnectionError,409.149169921875
1786831834.0753286,ERROR:ConnectionError,573.7612247467041
1786831834.0814261,ERROR:ConnectionError,569.4270133972168
1786831834.2496579,ERROR:ConnectionError,416.9497489929199
1786831834.244143,ERROR:ConnectionError,422.8956699371338
1786831834.2366014,ERROR:ConnectionError,434.9541664123535
1786831834.240877,ERROR:ConnectionError,444.6444511413574
1786831834.2482975,ERROR:ConnectionError,438.63582611083984
1786831834.2320566,ERROR:ConnectionError,456.83741569519043
1786831834.2772503,ERROR:ConnectionError,412.5792980194092
1786831834.3028111,ERROR:ConnectionError,392.98510551452637
1786831834.2520137,ERROR:ConnectionError,451.88212394714355
1786831834.2745936,ERROR:ConnectionError,430.9859275817871
1786831834.2637131,ERROR:ConnectionError,445.1029300689697
1786831834.3010607,ERROR:ConnectionError,411.7779731750488
1786831834.2872207,ERROR:ConnectionError,427.8273582458496
1786831834.3187113,ERROR:ConnectionError,398.6523151397705
1786831834.2754195,ERROR:ConnectionError,442.9645538330078
1786831834.2724981,ERROR:ConnectionError,455.1572799682617
1786831834.2847085,ERROR:ConnectionError,445.07765769958496
1786831834.2590528,ERROR:ConnectionError,486.0339164733887
1786831834.2539117,ERROR:ConnectionError,492.16508865356445
1786831834.3024507,ERROR:ConnectionError,466.3808345794678
1786831834.2523987,ERROR:ConnectionError,517.3389911651611
1786831834.3938427,ERROR:ConnectionError,377.1224021911621
1786831834.3559358,ERROR:ConnectionError,417.006254196167
1786831834.4295058,ERROR:ConnectionError,353.1606197357178
1786831834.3120954,ERROR:ConnectionError,472.16796875
1786831834.3231285,ERROR:ConnectionError,467.484712600708
1786831834.4159458,ERROR:ConnectionError,376.38044357299805
1786831834.3488343,ERROR:ConnectionError,444.17572021484375
1786831834.39167,ERROR:ConnectionError,401.8979072570801
1786831834.4095874,ERROR:ConnectionError,388.8702392578125
1786831834.4190185,ERROR:ConnectionError,384.40465927124023
1786831834.4455442,ERROR:ConnectionError,359.3943119049072
1786831834.3065631,ERROR:ConnectionError,499.04561042785645
1786831834.3139412,ERROR:ConnectionError,499.42493438720703
1786831834.3087108,ERROR:ConnectionError,505.3417682647705
1786831834.412963,ERROR:ConnectionError,413.84434700012207
1786831834.325673,ERROR:ConnectionError,505.8746337890625
1786831834.4300199,ERROR:ConnectionError,402.05836296081543
1786831834.3058584,ERROR:ConnectionError,529.9656391143799
1786831834.3034954,ERROR:ConnectionError,533.7088108062744
1786831834.3792105,ERROR:ConnectionError,459.39016342163086
1786831834.4601011,ERROR:ConnectionError,379.49299812316895
1786831834.4480886,ERROR:ConnectionError,396.8017101287842
1786831834.4039776,ERROR:ConnectionError,442.09909439086914
1786831834.3882353,ERROR:ConnectionError,458.41073989868164
1786831834.361546,ERROR:ConnectionError,485.5039119720459
1786831834.4122336,ERROR:ConnectionError,441.2710666656494
1786831834.3833213,ERROR:ConnectionError,473.01340103149414
1786831834.4782615,ERROR:ConnectionError,385.2212429046631
1786831834.3397865,ERROR:ConnectionError,525.843620300293
1786831834.4151328,ERROR:ConnectionError,459.5496654510498
1786831834.5002549,ERROR:ConnectionError,379.9295425415039
1786831834.400847,ERROR:ConnectionError,482.14125633239746
1786831834.4147666,ERROR:ConnectionError,469.0661430358887
1786831834.504926,ERROR:ConnectionError,380.5239200592041
1786831834.5243006,ERROR:ConnectionError,372.8761672973633
1786831834.504331,ERROR:ConnectionError,399.1661071777344
1786831834.4570084,ERROR:ConnectionError,454.2069435119629
1786831834.5193887,ERROR:ConnectionError,393.47124099731445
1786831834.6015353,ERROR:ConnectionError,321.8274116516113
1786831834.5008895,ERROR:ConnectionError,431.54072761535645
1786831834.4903433,ERROR:ConnectionError,443.3903694152832
1786831834.6228185,ERROR:ConnectionError,314.4545555114746
1786831834.5630312,ERROR:ConnectionError,376.5544891357422
1786831834.5777898,ERROR:ConnectionError,370.4521656036377
1786831834.516403,ERROR:ConnectionError,437.9756450653076
1786831834.5570867,ERROR:ConnectionError,397.9370594024658
1786831834.458713,ERROR:ConnectionError,499.3743896484375
1786831834.5494514,ERROR:ConnectionError,409.3656539916992
1786831834.587991,ERROR:ConnectionError,373.18944931030273
1786831834.5032382,ERROR:ConnectionError,462.4321460723877
1786831834.6077359,ERROR:ConnectionError,379.75382804870605
1786831834.4114606,ERROR:ConnectionError,583.4827423095703
1786831834.5237935,ERROR:ConnectionError,481.4918041229248
1786831834.5468993,ERROR:ConnectionError,458.93192291259766
1786831834.5296242,ERROR:ConnectionError,478.1460762023926
1786831834.4882767,ERROR:ConnectionError,524.6386528015137
1786831834.6139867,ERROR:ConnectionError,404.8130512237549
1786831834.688904,ERROR:ConnectionError,331.48932456970215
1786831834.6085446,ERROR:ConnectionError,413.55419158935547
1786831834.5975895,ERROR:ConnectionError,427.1588325500488
1786831834.5948153,ERROR:ConnectionError,431.8821430206299
1786831834.5695565,ERROR:ConnectionError,458.9221477508545
1786831834.5842316,ERROR:ConnectionError,445.7063674926758
1786831834.5446265,ERROR:ConnectionError,490.1587963104248
1786831834.6479087,ERROR:ConnectionError,390.9938335418701
1786831834.6491003,ERROR:ConnectionError,394.18792724609375
1786831834.5172384,ERROR:ConnectionError,527.0664691925049
1786831834.5868957,ERROR:ConnectionError,460.94393730163574
1786831834.6235423,ERROR:ConnectionError,495.37038803100586
1786831834.560225,ERROR:ConnectionError,560.1942539215088
1786831834.5636132,ERROR:ConnectionError,570.868730545044
1786831834.7128477,ERROR:ConnectionError,424.9904155731201
1786831834.6472342,ERROR:ConnectionError,494.6730136871338
1786831834.7984762,ERROR:ConnectionError,345.39175033569336
1786831834.7697527,ERROR:ConnectionError,377.6423931121826
1786831834.7935789,ERROR:ConnectionError,367.2778606414795
1786831834.671569,ERROR:ConnectionError,489.99547958374023
1786831834.6855333,ERROR:ConnectionError,480.05151748657227
1786831834.7183971,ERROR:ConnectionError,450.65760612487793
1786831834.8854609,ERROR:ConnectionError,284.7306728363037
1786831834.7276676,ERROR:ConnectionError,447.45826721191406
1786831834.6508632,ERROR:ConnectionError,528.2797813415527
1786831834.7039087,ERROR:ConnectionError,477.9248237609863
1786831834.6340926,ERROR:ConnectionError,548.4697818756104
1786831834.642674,ERROR:ConnectionError,540.2748584747314
1786831834.8829987,ERROR:ConnectionError,300.36211013793945
1786831834.7460892,ERROR:ConnectionError,443.0370330810547
1786831834.7088294,ERROR:ConnectionError,481.07385635375977
1786831834.6031966,ERROR:ConnectionError,592.6589965820312
1786831834.6666188,ERROR:ConnectionError,533.3366394042969
1786831834.8372157,ERROR:ConnectionError,371.2124824523926
1786831834.7729523,ERROR:ConnectionError,436.94496154785156
1786831834.768842,ERROR:ConnectionError,448.99892807006836
1786831834.6486764,ERROR:ConnectionError,571.051836013794
1786831834.6326258,ERROR:ConnectionError,587.674617767334
1786831834.6898417,ERROR:ConnectionError,531.2645435333252
1786831834.7930186,ERROR:ConnectionError,435.2295398712158
1786831834.8386276,ERROR:ConnectionError,390.9430503845215
1786831834.4929807,ERROR:ConnectionError,739.3453121185303
1786831834.8563478,ERROR:ConnectionError,378.1578540802002
1786831834.705598,ERROR:ConnectionError,531.6312313079834
1786831834.715058,ERROR:ConnectionError,522.9606628417969
1786831834.9233751,ERROR:ConnectionError,329.0750980377197
1786831834.7826803,ERROR:ConnectionError,480.9284210205078
1786831834.9543931,ERROR:ConnectionError,310.6095790863037
1786831834.7451,ERROR:ConnectionError,533.1521034240723
1786831834.9611905,ERROR:ConnectionError,317.95811653137207
1786831834.7297943,ERROR:ConnectionError,549.9956607818604
1786831834.839606,ERROR:ConnectionError,444.31519508361816
1786831834.667045,ERROR:ConnectionError,623.246431350708
1786831834.8268197,ERROR:ConnectionError,472.8984832763672
1786831835.0267072,ERROR:ConnectionError,273.4413146972656
1786831834.9337492,ERROR:ConnectionError,367.1882152557373
1786831834.9580977,ERROR:ConnectionError,352.5378704071045
1786831835.1378505,ERROR:ConnectionError,181.12802505493164
1786831834.932448,ERROR:ConnectionError,399.0294933319092
1786831834.717377,ERROR:ConnectionError,619.5545196533203
1786831834.8140619,ERROR:ConnectionError,528.761625289917
1786831834.7843046,ERROR:ConnectionError,559.1280460357666
1786831835.0129275,ERROR:ConnectionError,331.8319320678711
1786831834.7923625,ERROR:ConnectionError,556.659460067749
1786831834.770977,ERROR:ConnectionError,588.8798236846924
1786831835.1344962,ERROR:ConnectionError,226.25207901000977
1786831834.8838453,ERROR:ConnectionError,482.43117332458496
1786831834.6869452,ERROR:ConnectionError,681.6580295562744
1786831834.9588258,ERROR:ConnectionError,411.3311767578125
1786831834.80495,ERROR:ConnectionError,566.115140914917
1786831834.846654,ERROR:ConnectionError,524.9392986297607
1786831835.0247588,ERROR:ConnectionError,352.398157119751
1786831834.8133843,ERROR:ConnectionError,564.5101070404053
1786831835.0299487,ERROR:ConnectionError,348.5395908355713
1786831834.880201,ERROR:ConnectionError,499.31859970092773
1786831834.9395971,ERROR:ConnectionError,440.2885437011719
1786831834.7906258,ERROR:ConnectionError,593.012809753418
1786831835.1615748,ERROR:ConnectionError,230.24749755859375
1786831834.83156,ERROR:ConnectionError,565.0999546051025
1786831834.846088,ERROR:ConnectionError,553.734302520752
1786831835.005304,ERROR:ConnectionError,396.6238498687744
1786831834.8449018,ERROR:ConnectionError,560.5959892272949
1786831835.1899145,ERROR:ConnectionError,219.85912322998047
1786831834.9949555,ERROR:ConnectionError,419.34823989868164
1786831834.9550323,ERROR:ConnectionError,478.2259464263916
1786831834.9875045,ERROR:ConnectionError,449.4962692260742
1786831834.8358355,ERROR:ConnectionError,601.9079685211182
1786831835.2650156,ERROR:ConnectionError,176.16891860961914
1786831835.0443149,ERROR:ConnectionError,446.2716579437256
1786831835.0077813,ERROR:ConnectionError,487.1335029602051
1786831835.182573,ERROR:ConnectionError,322.63851165771484
1786831835.220311,ERROR:ConnectionError,286.32473945617676
1786831835.0389166,ERROR:ConnectionError,469.4044589996338
1786831835.020407,ERROR:ConnectionError,489.5486831665039
1786831834.8634968,ERROR:ConnectionError,647.5889682769775
1786831834.832086,ERROR:ConnectionError,680.3433895111084
1786831835.1891394,ERROR:ConnectionError,335.25896072387695
1786831835.1474094,ERROR:ConnectionError,378.981351852417
1786831835.165597,ERROR:ConnectionError,362.1654510498047
1786831835.1702034,ERROR:ConnectionError,359.6985340118408
1786831834.9372895,ERROR:ConnectionError,593.8544273376465
1786831834.9128704,ERROR:ConnectionError,618.6800003051758
1786831835.219743,ERROR:ConnectionError,325.2546787261963
1786831834.6958086,ERROR:ConnectionError,857.8612804412842
1786831834.874819,ERROR:ConnectionError,681.7097663879395
1786831835.0433009,ERROR:ConnectionError,514.441967010498
1786831834.9112341,ERROR:ConnectionError,647.2866535186768
1786831834.803437,ERROR:ConnectionError,759.8001956939697
1786831835.143882,ERROR:ConnectionError,419.8422431945801
1786831834.9482548,ERROR:ConnectionError,617.5808906555176
1786831835.2178526,ERROR:ConnectionError,360.9013557434082
1786831835.179158,ERROR:ConnectionError,408.16545486450195
1786831835.2524655,ERROR:ConnectionError,337.41283416748047
1786831834.847059,ERROR:ConnectionError,744.3673610687256
1786831835.19997,ERROR:ConnectionError,394.56772804260254
1786831834.8056192,ERROR:ConnectionError,794.5489883422852
1786831835.238072,ERROR:ConnectionError,367.49887466430664
1786831835.1608694,ERROR:ConnectionError,445.9354877471924
1786831835.1751375,ERROR:ConnectionError,434.1890811920166
1786831835.028488,ERROR:ConnectionError,581.7914009094238
1786831835.0348003,ERROR:ConnectionError,577.7297019958496
1786831835.1204317,ERROR:ConnectionError,498.90613555908203
1786831835.2797985,ERROR:ConnectionError,340.17229080200195
1786831834.9656918,ERROR:ConnectionError,654.7536849975586
1786831835.2323399,ERROR:ConnectionError,389.41287994384766
1786831835.3710742,ERROR:ConnectionError,252.10952758789062
1786831835.183368,ERROR:ConnectionError,440.4888153076172
1786831835.0188105,ERROR:ConnectionError,606.9846153259277
1786831834.9035141,ERROR:ConnectionError,724.0803241729736
1786831835.1818445,ERROR:ConnectionError,448.8837718963623
1786831835.1189363,ERROR:ConnectionError,512.5424861907959
1786831835.2099051,ERROR:ConnectionError,425.184965133667
1786831835.3189929,ERROR:ConnectionError,319.7314739227295
1786831835.3001554,ERROR:ConnectionError,342.64492988586426
1786831835.3662877,ERROR:ConnectionError,291.1667823791504
1786831835.4332721,ERROR:ConnectionError,232.84411430358887
1786831835.4370174,ERROR:ConnectionError,231.36210441589355
1786831835.0478556,ERROR:ConnectionError,627.5744438171387
1786831835.208438,ERROR:ConnectionError,467.8516387939453
1786831835.4019394,ERROR:ConnectionError,274.77407455444336
1786831835.2295794,ERROR:ConnectionError,457.55934715270996
1786831835.5066519,ERROR:ConnectionError,182.13200569152832
1786831835.279159,ERROR:ConnectionError,410.6307029724121
1786831835.409789,ERROR:ConnectionError,280.46631813049316
1786831835.349035,ERROR:ConnectionError,344.3946838378906
1786831835.4949312,ERROR:ConnectionError,214.20907974243164
1786831835.263623,ERROR:ConnectionError,449.21016693115234
1786831835.2839365,ERROR:ConnectionError,440.60397148132324
1786831835.195866,ERROR:ConnectionError,529.3877124786377
1786831835.3779035,ERROR:ConnectionError,350.6624698638916
1786831835.3106525,ERROR:ConnectionError,419.4371700286865
1786831835.511095,ERROR:ConnectionError,228.77168655395508
1786831835.4143157,ERROR:ConnectionError,331.96210861206055
1786831834.6448445,ERROR:ConnectionError,1104.2699813842773
1786831835.3918393,ERROR:ConnectionError,359.62653160095215
1786831835.3607624,ERROR:ConnectionError,393.9330577850342
1786831835.3447676,ERROR:ConnectionError,412.57643699645996
1786831835.2372406,ERROR:ConnectionError,529.4849872589111
1786831835.16907,ERROR:ConnectionError,601.4277935028076
1786831835.5658474,ERROR:ConnectionError,208.93549919128418
1786831835.141919,ERROR:ConnectionError,633.8672637939453
1786831835.437759,ERROR:ConnectionError,338.4838104248047
1786831835.2782643,ERROR:ConnectionError,499.2647171020508
1786831835.3701694,ERROR:ConnectionError,416.54300689697266
1786831835.3428352,ERROR:ConnectionError,448.9762783050537
1786831835.3686135,ERROR:ConnectionError,423.7985610961914
1786831835.377171,ERROR:ConnectionError,422.64556884765625
1786831835.5099695,ERROR:ConnectionError,290.4841899871826
1786831835.6199796,ERROR:ConnectionError,191.1015510559082
1786831834.8656476,ERROR:ConnectionError,951.5435695648193
1786831835.290304,ERROR:ConnectionError,534.1536998748779
1786831835.1829555,ERROR:ConnectionError,644.9699401855469
1786831835.3795269,ERROR:ConnectionError,451.4179229736328
1786831835.3716066,ERROR:ConnectionError,463.0460739135742
1786831835.5244105,ERROR:ConnectionError,319.7140693664551
1786831835.6428192,ERROR:ConnectionError,209.7005844116211
1786831835.5083323,ERROR:ConnectionError,349.48015213012695
1786831835.2212474,ERROR:ConnectionError,641.4487361907959
1786831835.6767213,ERROR:ConnectionError,195.61147689819336
1786831835.5637324,ERROR:ConnectionError,309.3738555908203
1786831835.2345173,ERROR:ConnectionError,640.160083770752
1786831835.2997286,ERROR:ConnectionError,576.2741565704346
1786831835.0058422,ERROR:ConnectionError,871.2968826293945
1786831835.527776,ERROR:ConnectionError,352.74600982666016
1786831835.5052266,ERROR:ConnectionError,377.37083435058594
1786831835.531157,ERROR:ConnectionError,356.11891746520996
1786831835.34344,ERROR:ConnectionError,548.0217933654785
1786831835.594548,ERROR:ConnectionError,297.3949909210205
1786831835.6193502,ERROR:ConnectionError,274.5223045349121
1786831835.5577524,ERROR:ConnectionError,337.1713161468506
1786831835.693444,ERROR:ConnectionError,205.3070068359375
1786831835.2282584,ERROR:ConnectionError,697.3676681518555
1786831835.5565405,ERROR:ConnectionError,385.62726974487305
1786831835.605592,ERROR:ConnectionError,341.9837951660156
1786831835.6574674,ERROR:ConnectionError,292.13619232177734
1786831835.6102905,ERROR:ConnectionError,341.71366691589355
1786831835.5536828,ERROR:ConnectionError,405.3795337677002
1786831835.0221133,ERROR:ConnectionError,937.859058380127
1786831835.3966718,ERROR:ConnectionError,563.8434886932373
1786831835.4055169,ERROR:ConnectionError,555.9453964233398
1786831835.6387393,ERROR:ConnectionError,323.2860565185547
1786831835.359873,ERROR:ConnectionError,606.5917015075684
1786831835.5299146,ERROR:ConnectionError,452.3448944091797
1786831835.6093373,ERROR:ConnectionError,373.4700679779053
1786831835.6068165,ERROR:ConnectionError,379.0760040283203
1786831835.5898898,ERROR:ConnectionError,399.94287490844727
1786831835.5264063,ERROR:ConnectionError,464.66612815856934
1786831835.6238656,ERROR:ConnectionError,370.82767486572266
1786831835.6887965,ERROR:ConnectionError,307.83677101135254
1786831835.7091517,ERROR:ConnectionError,290.3428077697754
1786831835.757356,ERROR:ConnectionError,250.55932998657227
1786831835.8309567,ERROR:ConnectionError,183.3627223968506
1786831835.3009503,ERROR:ConnectionError,715.8844470977783
1786831835.6871533,ERROR:ConnectionError,340.76452255249023
1786831835.78673,ERROR:ConnectionError,244.71664428710938
1786831835.6276085,ERROR:ConnectionError,412.28365898132324
1786831834.8971927,ERROR:ConnectionError,1153.4645557403564
1786831835.5787663,ERROR:ConnectionError,472.39112854003906
1786831835.5315578,ERROR:ConnectionError,523.0472087860107
1786831835.336945,ERROR:ConnectionError,721.4083671569824
1786831835.7747943,ERROR:ConnectionError,284.1317653656006
1786831835.7462914,ERROR:ConnectionError,332.8056335449219
1786831835.6661325,ERROR:ConnectionError,415.47393798828125
1786831835.5632465,ERROR:ConnectionError,522.9430198669434
1786831835.7285755,ERROR:ConnectionError,370.8155155181885
1786831835.6754456,ERROR:ConnectionError,431.7049980163574
1786831835.3314912,ERROR:ConnectionError,777.233362197876
1786831835.5873368,ERROR:ConnectionError,529.2291641235352
1786831835.6204534,ERROR:ConnectionError,496.4725971221924
1786831835.591437,ERROR:ConnectionError,528.9852619171143
1786831834.853523,ERROR:ConnectionError,1267.5676345825195
1786831835.7252932,ERROR:ConnectionError,398.8165855407715
1786831835.7300987,ERROR:ConnectionError,396.06189727783203
1786831835.5450084,ERROR:ConnectionError,582.9792022705078
1786831835.379894,ERROR:ConnectionError,750.6732940673828
1786831835.4905984,ERROR:ConnectionError,640.9904956817627
1786831835.3998373,ERROR:ConnectionError,732.731819152832
1786831835.8110933,ERROR:ConnectionError,322.4194049835205
1786831835.8949375,ERROR:ConnectionError,239.11333084106445
1786831835.75471,ERROR:ConnectionError,380.1460266113281
1786831835.7245593,ERROR:ConnectionError,414.17479515075684
1786831835.6231947,ERROR:ConnectionError,516.348123550415
1786831835.777538,ERROR:ConnectionError,362.7753257751465
1786831835.3784955,ERROR:ConnectionError,765.3319835662842
1786831835.631488,ERROR:ConnectionError,523.7524509429932
1786831835.799827,ERROR:ConnectionError,361.16647720336914
1786831835.7762525,ERROR:ConnectionError,391.88337326049805
1786831835.6125386,ERROR:ConnectionError,559.699535369873
1786831835.9910848,ERROR:ConnectionError,184.04412269592285
1786831835.4411988,ERROR:ConnectionError,735.4509830474854
1786831835.689805,ERROR:ConnectionError,492.36226081848145
1786831835.7918239,ERROR:ConnectionError,395.8113193511963
1786831835.3836498,ERROR:ConnectionError,805.1514625549316
1786831835.635101,ERROR:ConnectionError,560.4190826416016
1786831835.8244748,ERROR:ConnectionError,393.27263832092285
1786831835.8723533,ERROR:ConnectionError,348.3691215515137
1786831835.9599802,ERROR:ConnectionError,269.04773712158203
1786831835.6217642,ERROR:ConnectionError,609.5335483551025
1786831835.6762996,ERROR:ConnectionError,578.4602165222168
1786831835.966477,ERROR:ConnectionError,290.3871536254883
1786831835.625809,ERROR:ConnectionError,631.4737796783447
1786831835.8441367,ERROR:ConnectionError,420.0572967529297
1786831835.9475927,ERROR:ConnectionError,320.16825675964355
1786831835.9256535,ERROR:ConnectionError,343.5075283050537
1786831835.770511,ERROR:ConnectionError,503.9379596710205
1786831835.9828198,ERROR:ConnectionError,293.2131290435791
1786831835.8004625,ERROR:ConnectionError,475.98719596862793
1786831835.8805351,ERROR:ConnectionError,398.7083435058594
1786831835.8172028,ERROR:ConnectionError,466.2327766418457
1786831835.8987617,ERROR:ConnectionError,385.0996494293213
1786831835.8346632,ERROR:ConnectionError,453.8304805755615
1786831835.7400913,ERROR:ConnectionError,552.9403686523438
1786831835.9898489,ERROR:ConnectionError,304.86273765563965
1786831835.5585303,ERROR:ConnectionError,736.875057220459
1786831835.6001813,ERROR:ConnectionError,696.0899829864502
1786831835.5124433,ERROR:ConnectionError,787.7466678619385
1786831835.8826125,ERROR:ConnectionError,449.3246078491211
1786831835.8760138,ERROR:ConnectionError,457.58795738220215
1786831836.121103,ERROR:ConnectionError,213.12975883483887
1786831835.999504,ERROR:ConnectionError,349.4222164154053
1786831836.1722531,ERROR:ConnectionError,178.605318069458
1786831835.9421852,ERROR:ConnectionError,411.9699001312256
1786831835.6683898,ERROR:ConnectionError,686.840295791626
1786831835.873116,ERROR:ConnectionError,482.54871368408203
1786831835.9966455,ERROR:ConnectionError,359.4210147857666
1786831836.0314572,ERROR:ConnectionError,334.50770378112793
1786831836.1241238,ERROR:ConnectionError,243.06964874267578
1786831836.0168455,ERROR:ConnectionError,356.45270347595215
1786831836.1348648,ERROR:ConnectionError,246.37269973754883
1786831835.8872948,ERROR:ConnectionError,497.4064826965332
1786831835.751477,ERROR:ConnectionError,634.3328952789307
1786831836.051165,ERROR:ConnectionError,335.58201789855957
1786831835.792421,ERROR:ConnectionError,594.8777198791504
1786831836.0143282,ERROR:ConnectionError,376.74570083618164
1786831836.0079315,ERROR:ConnectionError,383.6345672607422
1786831835.893882,ERROR:ConnectionError,499.5999336242676
1786831836.081617,ERROR:ConnectionError,324.9683380126953
1786831835.8919506,ERROR:ConnectionError,519.6306705474854
1786831835.6307836,ERROR:ConnectionError,783.1299304962158
1786831835.994707,ERROR:ConnectionError,424.0865707397461
1786831836.1395545,ERROR:ConnectionError,283.2057476043701
1786831836.133522,ERROR:ConnectionError,289.83211517333984
1786831835.7129035,ERROR:ConnectionError,714.2024040222168
1786831836.058939,ERROR:ConnectionError,371.99950218200684
1786831835.9859102,ERROR:ConnectionError,446.9437599182129
1786831836.1261723,ERROR:ConnectionError,309.82494354248047
1786831836.079108,ERROR:ConnectionError,357.91635513305664
1786831835.891477,ERROR:ConnectionError,548.4647750854492
1786831836.1315982,ERROR:ConnectionError,326.79224014282227
1786831835.7667372,ERROR:ConnectionError,694.8494911193848
1786831835.8578274,ERROR:ConnectionError,629.4481754302979
1786831836.1165795,ERROR:ConnectionError,373.6538887023926
1786831836.1955328,ERROR:ConnectionError,295.7592010498047
1786831835.9520156,ERROR:ConnectionError,544.6453094482422
1786831835.98227,ERROR:ConnectionError,522.3708152770996
1786831835.6902635,ERROR:ConnectionError,821.1522102355957
1786831836.161005,ERROR:ConnectionError,353.59978675842285
1786831835.8771553,ERROR:ConnectionError,639.4689083099365
1786831836.127999,ERROR:ConnectionError,395.2598571777344
1786831835.8746889,ERROR:ConnectionError,658.5745811462402
1786831835.7491279,ERROR:ConnectionError,789.5267009735107
1786831836.182181,ERROR:ConnectionError,369.37880516052246
1786831836.2677715,ERROR:ConnectionError,290.53401947021484
1786831835.775799,ERROR:ConnectionError,784.1846942901611
1786831836.1387463,ERROR:ConnectionError,436.2754821777344
1786831836.2691705,ERROR:ConnectionError,309.2036247253418
1786831836.231313,ERROR:ConnectionError,347.5160598754883
1786831836.0994046,ERROR:ConnectionError,479.999303817749
1786831836.0583649,ERROR:ConnectionError,523.094892501831
1786831836.427117,ERROR:ConnectionError,159.9721908569336
1786831836.086207,ERROR:ConnectionError,507.77339935302734
1786831836.0279298,ERROR:ConnectionError,568.4139728546143
1786831836.3733163,ERROR:ConnectionError,235.06641387939453
1786831836.1340618,ERROR:ConnectionError,476.41897201538086
1786831836.2177653,ERROR:ConnectionError,394.62971687316895
1786831836.2642076,ERROR:ConnectionError,353.5137176513672
1786831836.1403234,ERROR:ConnectionError,494.1730499267578
1786831836.05067,ERROR:ConnectionError,586.6987705230713
1786831836.2947216,ERROR:ConnectionError,343.8715934753418
1786831836.333611,ERROR:ConnectionError,308.34484100341797
1786831836.2572908,ERROR:ConnectionError,385.0579261779785
1786831836.1087375,ERROR:ConnectionError,534.1246128082275
1786831836.1766608,ERROR:ConnectionError,466.7680263519287
1786831836.2207384,ERROR:ConnectionError,424.04913902282715
1786831835.8279383,ERROR:ConnectionError,818.7522888183594
1786831836.533275,ERROR:ConnectionError,146.09217643737793
1786831836.1751428,ERROR:ConnectionError,505.13148307800293
1786831836.2930455,ERROR:ConnectionError,388.9439105987549
1786831836.2547715,ERROR:ConnectionError,427.60372161865234
1786831836.283447,ERROR:ConnectionError,399.87921714782715
1786831835.8627083,ERROR:ConnectionError,826.0276317596436
1786831836.2792544,ERROR:ConnectionError,410.4282855987549
1786831836.2838688,ERROR:ConnectionError,407.52434730529785
1786831836.439953,ERROR:ConnectionError,254.2092800140381
1786831836.132579,ERROR:ConnectionError,569.4894790649414
1786831836.2290385,ERROR:ConnectionError,478.7173271179199
1786831836.1072881,ERROR:ConnectionError,602.0810604095459
1786831836.0399058,ERROR:ConnectionError,673.9263534545898
1786831836.3847122,ERROR:ConnectionError,332.91149139404297
1786831836.2764602,ERROR:ConnectionError,446.8197822570801
1786831836.27446,ERROR:ConnectionError,452.35133171081543
1786831836.39349,ERROR:ConnectionError,353.2233238220215
1786831836.1681464,ERROR:ConnectionError,593.2178497314453
1786831836.385819,ERROR:ConnectionError,376.12080574035645
1786831836.5114272,ERROR:ConnectionError,251.52897834777832
1786831836.3873088,ERROR:ConnectionError,376.18422508239746
1786831836.4233658,ERROR:ConnectionError,341.48120880126953
1786831836.2568743,ERROR:ConnectionError,508.4402561187744
1786831835.9605248,ERROR:ConnectionError,806.2200546264648
1786831836.4966714,ERROR:ConnectionError,275.49028396606445
1786831836.0546186,ERROR:ConnectionError,723.189115524292
1786831836.334241,ERROR:ConnectionError,444.0956115722656
1786831835.9590738,ERROR:ConnectionError,819.4513320922852
1786831835.9614725,ERROR:ConnectionError,817.2903060913086
1786831835.852532,ERROR:ConnectionError,929.0528297424316
1786831836.436011,ERROR:ConnectionError,345.87812423706055
1786831836.1306171,ERROR:ConnectionError,652.6169776916504
1786831836.350869,ERROR:ConnectionError,434.1413974761963
1786831835.9496157,ERROR:ConnectionError,838.9785289764404
1786831835.9620342,ERROR:ConnectionError,830.5788040161133
1786831836.1552594,ERROR:ConnectionError,637.7885341644287
1786831836.331952,ERROR:ConnectionError,461.72523498535156
1786831836.6124074,ERROR:ConnectionError,181.46944046020508
1786831836.4139247,ERROR:ConnectionError,382.25460052490234
1786831836.1888192,ERROR:ConnectionError,614.9652004241943
1786831836.4066017,ERROR:ConnectionError,401.752233505249
1786831836.1438682,ERROR:ConnectionError,671.849250793457
1786831836.2760448,ERROR:ConnectionError,549.9660968780518
1786831836.3552394,ERROR:ConnectionError,471.8930721282959
1786831836.558322,ERROR:ConnectionError,274.57690238952637
1786831836.2954202,ERROR:ConnectionError,538.5565757751465
1786831836.391575,ERROR:ConnectionError,442.6841735839844
1786831836.1204338,ERROR:ConnectionError,717.6322937011719
1786831836.1876514,ERROR:ConnectionError,650.5606174468994
1786831836.300201,ERROR:ConnectionError,538.9933586120605
1786831836.355675,ERROR:ConnectionError,488.1260395050049
1786831836.3560762,ERROR:ConnectionError,489.81523513793945
1786831836.2885127,ERROR:ConnectionError,558.1376552581787
1786831836.4872885,ERROR:ConnectionError,360.95404624938965
1786831836.391089,ERROR:ConnectionError,457.87811279296875
1786831836.1169343,ERROR:ConnectionError,732.5305938720703
1786831836.3672035,ERROR:ConnectionError,483.31260681152344
1786831836.5599954,ERROR:ConnectionError,290.86828231811523
1786831836.5146146,ERROR:ConnectionError,336.7583751678467
1786831836.386757,ERROR:ConnectionError,466.9618606567383
1786831836.5232713,ERROR:ConnectionError,331.09188079833984
1786831836.5871058,ERROR:ConnectionError,267.64917373657227
1786831836.551576,ERROR:ConnectionError,303.39765548706055
1786831836.3812833,ERROR:ConnectionError,477.5269031524658
1786831836.578838,ERROR:ConnectionError,281.0792922973633
1786831836.3659766,ERROR:ConnectionError,495.391845703125
1786831836.4584072,ERROR:ConnectionError,404.01387214660645
1786831836.4328704,ERROR:ConnectionError,429.78382110595703
1786831836.3541684,ERROR:ConnectionError,510.8201503753662
1786831836.490245,ERROR:ConnectionError,376.1298656463623
1786831836.5939963,ERROR:ConnectionError,273.937463760376
1786831836.6447961,ERROR:ConnectionError,225.32010078430176
1786831836.63861,ERROR:ConnectionError,231.93788528442383
1786831836.6434371,ERROR:ConnectionError,227.88143157958984
1786831836.6802855,ERROR:ConnectionError,191.26415252685547
1786831836.5783916,ERROR:ConnectionError,294.0952777862549
1786831836.3489435,ERROR:ConnectionError,524.564266204834
1786831836.418808,ERROR:ConnectionError,455.09862899780273
1786831836.4370377,ERROR:ConnectionError,437.0706081390381
1786831836.6177373,ERROR:ConnectionError,258.0902576446533
1786831836.2962828,ERROR:ConnectionError,580.4946422576904
1786831836.4616008,ERROR:ConnectionError,416.9497489929199
1786831836.5046556,ERROR:ConnectionError,374.73297119140625
1786831836.5750365,ERROR:ConnectionError,304.8715591430664
1786831836.68875,ERROR:ConnectionError,191.8468475341797
1786831836.6833358,ERROR:ConnectionError,198.46701622009277
1786831836.726825,ERROR:ConnectionError,155.43413162231445
1786831836.4115925,ERROR:ConnectionError,471.585750579834
1786831836.5166354,ERROR:ConnectionError,367.02895164489746
1786831836.5963547,ERROR:ConnectionError,287.51277923583984
1786831836.4913046,ERROR:ConnectionError,393.5816287994385
1786831836.6941745,ERROR:ConnectionError,191.40195846557617
1786831836.4309494,ERROR:ConnectionError,455.3794860839844
1786831836.63738,ERROR:ConnectionError,250.58412551879883
1786831836.641966,ERROR:ConnectionError,246.49524688720703
1786831836.4227722,ERROR:ConnectionError,466.78876876831055
1786831836.6104932,ERROR:ConnectionError,282.1829319000244
1786831836.5814676,ERROR:ConnectionError,311.61046028137207
1786831836.6345105,ERROR:ConnectionError,259.25374031066895
1786831836.6423578,ERROR:ConnectionError,252.75874137878418
1786831836.717637,ERROR:ConnectionError,179.07452583312988
1786831836.5386672,ERROR:ConnectionError,361.72986030578613
1786831836.7077687,ERROR:ConnectionError,192.8701400756836
1786831836.7232919,ERROR:ConnectionError,181.28538131713867
1786831836.6896935,ERROR:ConnectionError,223.9837646484375
1786831836.5794122,ERROR:ConnectionError,334.55514907836914
1786831836.679381,ERROR:ConnectionError,239.6240234375
1786831836.691408,ERROR:ConnectionError,238.13915252685547
1786831836.6467037,ERROR:ConnectionError,286.984920501709
1786831836.682,ERROR:ConnectionError,268.932580947876
1786831836.7467268,ERROR:ConnectionError,204.79393005371094
1786831836.6083968,ERROR:ConnectionError,343.92595291137695
1786831836.682385,ERROR:ConnectionError,270.8456516265869
1786831836.6428704,ERROR:ConnectionError,315.22583961486816
1786831836.7138438,ERROR:ConnectionError,244.90952491760254
1786831836.709382,ERROR:ConnectionError,250.0462532043457
1786831836.7020812,ERROR:ConnectionError,259.9058151245117
