timestamp,status,latency_ms
1786831481.1269221,200,5669.5709228515625
1786831481.1134157,200,5802.43182182312
1786831481.0886366,200,5923.778772354126
1786831481.090192,200,5943.9897537231445
1786831481.1190033,200,5934.217214584351
1786831481.0916233,200,5976.9768714904785
1786831481.1223533,200,5952.9924392700195
1786831481.0908184,200,5988.007307052612
1786831481.0925138,200,5987.969636917114
1786831481.1242049,200,5957.190990447998
1786831481.109742,200,5977.469682693481
1786831481.089511,200,5998.930215835571
1786831481.1366546,200,5953.030109405518
1786831481.0939336,200,6001.906633377075
1786831481.1305957,200,5966.097354888916
1786831481.1536913,200,6037.008047103882
1786831481.144063,200,6047.521591186523
1786831481.1474075,200,6049.3035316467285
1786831481.1557062,200,6523.325681686401
1786831481.1424901,200,6537.757873535156
1786831481.1455514,200,6535.968065261841
1786831481.1805267,ERROR:ReadTimeout,10012.678861618042
1786831481.1591103,ERROR:ReadTimeout,10049.471139907837
1786831481.1874714,ERROR:ReadTimeout,10021.54278755188
1786831481.1853626,ERROR:ReadTimeout,10023.987293243408
1786831481.1941924,ERROR:ReadTimeout,10025.593280792236
1786831481.1970153,ERROR:ReadTimeout,10023.250579833984
1786831481.2002335,ERROR:ReadTimeout,10020.427465438843
1786831481.2024508,ERROR:ReadTimeout,10019.238233566284
1786831481.2062707,ERROR:ReadTimeout,10015.794277191162
1786831481.2138867,ERROR:ReadTimeout,10021.94356918335
1786831481.218479,ERROR:ReadTimeout,10029.536485671997
1786831481.2225635,ERROR:ReadTimeout,10027.530908584595
1786831481.2291865,ERROR:ReadTimeout,10023.116111755371
1786831481.2374465,ERROR:ReadTimeout,10016.412258148193
1786831481.2425058,ERROR:ReadTimeout,10011.82746887207
1786831481.2273736,ERROR:ReadTimeout,10032.732963562012
1786831481.2478683,ERROR:ReadTimeout,10021.849632263184
1786831481.2501023,ERROR:ReadTimeout,10020.000457763672
1786831481.2417073,ERROR:ReadTimeout,10038.090467453003
1786831481.2513666,ERROR:ReadTimeout,10030.04240989685
1786831481.2614298,ERROR:ReadTimeout,10021.257638931274
1786831481.2537518,ERROR:ReadTimeout,10029.309034347534
1786831481.2552278,ERROR:ReadTimeout,10028.292655944824
1786831481.2844439,ERROR:ReadTimeout,10011.417150497437
1786831481.273656,ERROR:ReadTimeout,10023.138284683228
1786831481.276586,ERROR:ReadTimeout,10020.816326141357
1786831481.2805204,ERROR:ReadTimeout,10019.423961639404
1786831481.2716038,ERROR:ReadTimeout,10028.750896453857
1786831481.2908566,ERROR:ReadTimeout,10022.810459136963
1786831486.796509,ERROR:ReadTimeout,10006.311178207397
1786831486.9158685,ERROR:ReadTimeout,10015.562534332275
1786831487.0341914,ERROR:ReadTimeout,10016.478300094604
1786831487.0124283,ERROR:ReadTimeout,10038.709878921509
1786831487.0532286,ERROR:ReadTimeout,10006.291389465332
1786831487.0686116,ERROR:ReadTimeout,10014.520645141602
1786831487.075356,ERROR:ReadTimeout,10016.90697669983
1786831487.0788321,ERROR:ReadTimeout,10013.71169090271
1786831487.0804892,ERROR:ReadTimeout,10014.236688613892
1786831487.0896924,ERROR:ReadTimeout,10014.030933380127
1786831487.0814047,ERROR:ReadTimeout,10022.645473480225
1786831487.0872245,ERROR:ReadTimeout,10017.224311828613
1786831487.0884523,ERROR:ReadTimeout,10016.200065612793
1786831487.095846,ERROR:ReadTimeout,10009.711503982544
1786831487.0966969,ERROR:ReadTimeout,10019.602060317993
1786831487.190706,ERROR:ReadTimeout,10011.725902557373
1786831487.1915934,ERROR:ReadTimeout,10011.134386062622
1786831487.1967185,ERROR:ReadTimeout,10006.216049194336
1786831487.680252,ERROR:ReadTimeout,10009.099960327148
1786831487.679041,ERROR:ReadTimeout,10010.904550552368
1786831487.681523,ERROR:ReadTimeout,10008.883714675903
1786831491.193222,ERROR:ReadTimeout,10006.839752197266
1786831491.20859,ERROR:ReadTimeout,10019.826889038086
1786831491.209021,ERROR:ReadTimeout,10019.86575126648
1786831491.2093568,ERROR:ReadTimeout,10019.977807998657
1786831491.220272,ERROR:ReadTimeout,10024.317502975464
1786831491.2220733,ERROR:ReadTimeout,10023.214340209961
1786831491.2216973,ERROR:ReadTimeout,10025.537729263306
1786831491.2206683,ERROR:ReadTimeout,10027.87971496582
1786831491.2197971,ERROR:ReadTimeout,10029.316186904907
1786831491.2358413,ERROR:ReadTimeout,10024.259328842163
1786831491.252316,ERROR:ReadTimeout,10015.240669250488
1786831491.254342,ERROR:ReadTimeout,10013.888597488403
1786831491.250113,ERROR:ReadTimeout,10018.656253814697
1786831491.2601166,ERROR:ReadTimeout,10009.097814559937
1786831491.25387,ERROR:ReadTimeout,10016.997814178467
1786831491.2480264,ERROR:ReadTimeout,10023.183584213257
1786831491.269727,ERROR:ReadTimeout,10016.573667526245
1786831491.270109,ERROR:ReadTimeout,10016.849279403687
1786831501.2001097,ERROR:ConnectionError,87.24713325500488
1786831491.2814174,ERROR:ReadTimeout,10026.329278945923
1786831491.283068,ERROR:ReadTimeout,10025.184392929077
1786831491.279812,ERROR:ReadTimeout,10039.4766330719
1786831491.282698,ERROR:ReadTimeout,10037.837266921997
1786831491.2835264,ERROR:ReadTimeout,10037.948369979858
1786831491.2974098,ERROR:ReadTimeout,10024.463891983032
1786831491.3003635,ERROR:ReadTimeout,10021.865367889404
1786831491.2968025,ERROR:ReadTimeout,10026.16572380066
1786831491.2999551,ERROR:ReadTimeout,10023.42939376831
1786831491.295873,ERROR:ReadTimeout,10029.624223709106
1786831491.3136773,ERROR:ReadTimeout,10015.286207199097
1786831501.2284253,ERROR:ConnectionError,115.12970924377441
1786831501.2293444,ERROR:ConnectionError,116.58143997192383
1786831501.2288973,ERROR:ConnectionError,123.48508834838867
1786831501.2452986,ERROR:ConnectionError,110.93330383300781
1786831501.2485552,ERROR:ConnectionError,115.41366577148438
1786831501.2472432,ERROR:ConnectionError,135.8182430267334
1786831501.24912,ERROR:ConnectionError,136.3973617553711
1786831501.244601,ERROR:ConnectionError,152.3895263671875
1786831501.2687757,ERROR:ConnectionError,137.39252090454102
1786831501.2675645,ERROR:ConnectionError,139.19830322265625
1786831501.260115,ERROR:ConnectionError,149.8124599456787
1786831501.2682388,ERROR:ConnectionError,147.19486236572266
1786831501.2708747,ERROR:ConnectionError,157.81307220458984
1786831501.2692213,ERROR:ConnectionError,161.65900230407715
1786831501.287362,ERROR:ConnectionError,145.1249122619629
1786831501.2712157,ERROR:ConnectionError,162.6584529876709
1786831501.2863128,ERROR:ConnectionError,151.8850326538086
1786831501.2869666,ERROR:ConnectionError,154.79063987731934
1786831501.3077598,ERROR:ConnectionError,134.5815658569336
1786831501.3205469,ERROR:ConnectionError,126.17778778076172
1786831501.3082607,ERROR:ConnectionError,143.25189590454102
1786831501.3214836,ERROR:ConnectionError,131.2117576599121
1786831501.319309,ERROR:ConnectionError,142.95196533203125
1786831501.3222344,ERROR:ConnectionError,142.72761344909668
1786831501.3289728,ERROR:ConnectionError,138.49949836730957
1786831501.321884,ERROR:ConnectionError,149.02114868164062
1786831501.3229766,ERROR:ConnectionError,148.29421043395996
1786831501.3255057,ERROR:ConnectionError,149.7781276702881
1786831501.3233905,ERROR:ConnectionError,154.84619140625
1786831501.3435662,ERROR:ConnectionError,143.87011528015137
1786831501.3459356,ERROR:ConnectionError,148.86069297790527
1786831501.3523917,ERROR:ConnectionError,147.89605140686035
1786831501.3562412,ERROR:ConnectionError,146.41904830932617
1786831501.3639803,ERROR:ConnectionError,146.09456062316895
1786831501.3830776,ERROR:ConnectionError,138.1552219390869
1786831501.3970094,ERROR:ConnectionError,125.64635276794434
1786831501.3855262,ERROR:ConnectionError,139.68920707702637
1786831501.4067705,ERROR:ConnectionError,120.6214427947998
1786831501.4061782,ERROR:ConnectionError,131.48069381713867
1786831501.4154491,ERROR:ConnectionError,125.79154968261719
1786831501.4287007,ERROR:ConnectionError,113.32130432128906
1786831501.4099374,ERROR:ConnectionError,137.8939151763916
1786831501.4324949,ERROR:ConnectionError,118.01385879516602
1786831501.4308882,ERROR:ConnectionError,121.76918983459473
1786831501.4338813,ERROR:ConnectionError,125.23484230041504
1786831501.4417694,ERROR:ConnectionError,121.18172645568848
1786831501.4423509,ERROR:ConnectionError,122.22862243652344
1786831501.4527037,ERROR:ConnectionError,120.40424346923828
1786831501.4382236,ERROR:ConnectionError,138.82827758789062
1786831501.4515219,ERROR:ConnectionError,129.5933723449707
1786831501.4622722,ERROR:ConnectionError,120.18537521362305
1786831501.4674811,ERROR:ConnectionError,128.35049629211426
1786831501.4467373,ERROR:ConnectionError,151.77273750305176
1786831501.4709113,ERROR:ConnectionError,128.45993041992188
1786831501.471276,ERROR:ConnectionError,130.6767463684082
1786831501.464978,ERROR:ConnectionError,140.09547233581543
1786831501.4752965,ERROR:ConnectionError,136.92283630371094
1786831501.478244,ERROR:ConnectionError,136.73114776611328
1786831501.4874454,ERROR:ConnectionError,133.39734077453613
1786831501.4948225,ERROR:ConnectionError,129.58335876464844
1786831501.5002985,ERROR:ConnectionError,124.86410140991211
1786831501.50267,ERROR:ConnectionError,123.00562858581543
1786831501.5100846,ERROR:ConnectionError,117.40779876708984
1786831501.5212436,ERROR:ConnectionError,113.40880393981934
1786831501.5252292,ERROR:ConnectionError,110.41402816772461
1786831501.527398,ERROR:ConnectionError,110.35466194152832
1786831501.5376709,ERROR:ConnectionError,109.3299388885498
1786831501.5478406,ERROR:ConnectionError,101.91202163696289
1786831501.5420306,ERROR:ConnectionError,109.54904556274414
1786831501.5412505,ERROR:ConnectionError,110.97979545593262
1786831501.5226624,ERROR:ConnectionError,135.96177101135254
1786831501.552665,ERROR:ConnectionError,107.55610466003418
1786831501.550516,ERROR:ConnectionError,116.4703369140625
1786831501.5645895,ERROR:ConnectionError,107.08212852478027
1786831501.5630147,ERROR:ConnectionError,110.20207405090332
1786831501.5591307,ERROR:ConnectionError,116.63699150085449
1786831501.5731266,ERROR:ConnectionError,106.09292984008789
1786831501.5811234,ERROR:ConnectionError,100.12507438659668
1786831501.5958405,ERROR:ConnectionError,88.3171558380127
1786831501.577064,ERROR:ConnectionError,111.78946495056152
1786831501.582468,ERROR:ConnectionError,107.05304145812988
1786831501.6122284,ERROR:ConnectionError,81.06398582458496
1786831501.5985174,ERROR:ConnectionError,95.24726867675781
1786831501.6019626,ERROR:ConnectionError,93.86563301086426
1786831501.6050844,ERROR:ConnectionError,96.17209434509277
1786831501.6275034,ERROR:ConnectionError,77.4538516998291
1786831501.5993793,ERROR:ConnectionError,106.12273216247559
1786831501.624416,ERROR:ConnectionError,84.75327491760254
1786831501.6208534,ERROR:ConnectionError,88.78326416015625
1786831501.6251752,ERROR:ConnectionError,89.31541442871094
1786831501.6150172,ERROR:ConnectionError,100.0218391418457
1786831501.6256824,ERROR:ConnectionError,218.71566772460938
1786831501.6346638,ERROR:ConnectionError,212.1105194091797
1786831501.6356938,ERROR:ConnectionError,212.61882781982422
1786831501.637762,ERROR:ConnectionError,214.44058418273926
1786831501.6470115,ERROR:ConnectionError,207.6096534729004
1786831501.6498039,ERROR:ConnectionError,209.72728729248047
1786831501.6515946,ERROR:ConnectionError,211.3628387451172
1786831501.652238,ERROR:ConnectionError,214.55693244934082
1786831501.6602328,ERROR:ConnectionError,210.66045761108398
1786831501.6669972,ERROR:ConnectionError,206.1755657196045
1786831501.6716805,ERROR:ConnectionError,201.9059658050537
1786831501.6586344,ERROR:ConnectionError,217.5002098083496
1786831501.6757793,ERROR:ConnectionError,209.9912166595459
1786831501.6732242,ERROR:ConnectionError,214.07723426818848
1786831501.684169,ERROR:ConnectionError,207.1511745452881
1786831501.6812592,ERROR:ConnectionError,212.0797634124756
1786831501.6933033,ERROR:ConnectionError,201.8890380859375
1786831501.6792333,ERROR:ConnectionError,221.80533409118652
1786831501.6888633,ERROR:ConnectionError,213.01579475402832
1786831501.7150455,ERROR:ConnectionError,187.41655349731445
1786831501.6895285,ERROR:ConnectionError,214.09177780151367
1786831501.6958358,ERROR:ConnectionError,209.8865509033203
1786831501.701268,ERROR:ConnectionError,206.51483535766602
1786831501.7055075,ERROR:ConnectionError,208.0216407775879
1786831501.7091792,ERROR:ConnectionError,207.8561782836914
1786831501.7049663,ERROR:ConnectionError,242.1431541442871
1786831501.6937754,ERROR:ConnectionError,256.9746971130371
1786831501.7096446,ERROR:ConnectionError,285.3846549987793
1786831501.7145193,ERROR:ConnectionError,306.6372871398926
1786831501.844409,ERROR:ConnectionError,189.30888175964355
1786831501.8483493,ERROR:ConnectionError,191.42436981201172
1786831501.8467863,ERROR:ConnectionError,198.042631149292
1786831501.852212,ERROR:ConnectionError,205.36160469055176
1786831501.8546321,ERROR:ConnectionError,206.1917781829834
1786831501.8595421,ERROR:ConnectionError,207.15832710266113
1786831501.8630023,ERROR:ConnectionError,207.79013633728027
1786831501.8709712,ERROR:ConnectionError,202.53920555114746
1786831501.8761942,ERROR:ConnectionError,206.42375946044922
1786831501.8668106,ERROR:ConnectionError,219.6345329284668
1786831501.8735957,ERROR:ConnectionError,214.98584747314453
1786831501.8952,ERROR:ConnectionError,197.82519340515137
1786831501.8732,ERROR:ConnectionError,223.59943389892578
1786831501.8933468,ERROR:ConnectionError,205.83724975585938
1786831501.885781,ERROR:ConnectionError,216.7947292327881
1786831501.9036279,ERROR:ConnectionError,211.5035057067871
1786831501.88731,ERROR:ConnectionError,230.8967113494873
1786831501.9024687,ERROR:ConnectionError,218.87588500976562
1786831501.9018857,ERROR:ConnectionError,225.7227897644043
1786831501.907794,ERROR:ConnectionError,222.21970558166504
1786831501.9010491,ERROR:ConnectionError,229.37297821044922
1786831501.8913336,ERROR:ConnectionError,240.6604290008545
1786831501.9135454,ERROR:ConnectionError,224.93433952331543
1786831501.9057298,ERROR:ConnectionError,250.16546249389648
1786831501.917049,ERROR:ConnectionError,245.95260620117188
1786831501.9471242,ERROR:ConnectionError,218.0769443511963
1786831501.9950407,ERROR:ConnectionError,174.19886589050293
1786831501.9507616,ERROR:ConnectionError,219.940185546875
1786831502.0211709,ERROR:ConnectionError,160.54654121398926
1786831502.0397842,ERROR:ConnectionError,146.11148834228516
1786831502.0337684,ERROR:ConnectionError,155.47990798950195
1786831502.0575855,ERROR:ConnectionError,135.77890396118164
1786831502.04484,ERROR:ConnectionError,150.01296997070312
1786831502.0608404,ERROR:ConnectionError,137.47119903564453
1786831502.070806,ERROR:ConnectionError,144.20509338378906
1786831502.0667121,ERROR:ConnectionError,149.97076988220215
1786831502.073522,ERROR:ConnectionError,145.9023952484131
1786831502.093038,ERROR:ConnectionError,132.51900672912598
1786831502.0826504,ERROR:ConnectionError,144.03963088989258
1786831502.0885913,ERROR:ConnectionError,139.82343673706055
1786831502.0968153,ERROR:ConnectionError,135.7872486114502
1786831502.0864575,ERROR:ConnectionError,147.1245288848877
1786831502.0991912,ERROR:ConnectionError,135.98966598510742
1786831502.1151443,ERROR:ConnectionError,120.4228401184082
1786831502.1182165,ERROR:ConnectionError,123.94857406616211
1786831502.1025887,ERROR:ConnectionError,150.5906581878662
1786831502.1213522,ERROR:ConnectionError,135.66160202026367
1786831502.1276186,ERROR:ConnectionError,129.97078895568848
1786831502.130026,ERROR:ConnectionError,131.22963905334473
1786831502.1304293,ERROR:ConnectionError,137.98832893371582
1786831502.1559103,ERROR:ConnectionError,116.33443832397461
1786831502.1384892,ERROR:ConnectionError,134.56058502197266
1786831502.1320004,ERROR:ConnectionError,142.65942573547363
1786831502.1630108,ERROR:ConnectionError,113.311767578125
1786831502.1652524,ERROR:ConnectionError,121.31857872009277
1786831502.1707106,ERROR:ConnectionError,134.59491729736328
1786831502.1692505,ERROR:ConnectionError,143.02635192871094
1786831502.181728,ERROR:ConnectionError,134.03820991516113
1786831502.1892586,ERROR:ConnectionError,129.61626052856445
1786831502.1859076,ERROR:ConnectionError,133.30340385437012
1786831502.1933763,ERROR:ConnectionError,127.31695175170898
1786831502.1948626,ERROR:ConnectionError,185.95647811889648
1786831502.198319,ERROR:ConnectionError,197.31426239013672
1786831502.2166958,ERROR:ConnectionError,215.6691551208496
1786831502.2150254,ERROR:ConnectionError,230.94773292541504
1786831502.2255695,ERROR:ConnectionError,223.388671875
1786831502.219435,ERROR:ConnectionError,232.27334022521973
1786831502.2335927,ERROR:ConnectionError,221.41766548156738
1786831502.226701,ERROR:ConnectionError,230.37099838256836
1786831502.235189,ERROR:ConnectionError,224.32208061218262
1786831502.2284265,ERROR:ConnectionError,235.05544662475586
1786831502.2355742,ERROR:ConnectionError,236.93323135375977
1786831502.2326112,ERROR:ConnectionError,247.30157852172852
1786831502.2421756,ERROR:ConnectionError,238.19327354431152
1786831502.2531984,ERROR:ConnectionError,228.65700721740723
1786831502.2612672,ERROR:ConnectionError,224.09892082214355
1786831502.2576,ERROR:ConnectionError,229.6597957611084
1786831502.2570236,ERROR:ConnectionError,232.00440406799316
1786831502.273058,ERROR:ConnectionError,222.3207950592041
1786831502.2684278,ERROR:ConnectionError,230.1793098449707
1786831502.2722554,ERROR:ConnectionError,230.12328147888184
1786831502.2763307,ERROR:ConnectionError,232.06019401550293
1786831502.274671,ERROR:ConnectionError,234.2205047607422
1786831502.312287,ERROR:ConnectionError,201.78723335266113
1786831502.315776,ERROR:ConnectionError,200.0584602355957
1786831502.2865841,ERROR:ConnectionError,233.75725746154785
1786831502.3207023,ERROR:ConnectionError,200.6065845489502
1786831502.3188834,ERROR:ConnectionError,207.2620391845703
1786831502.3192174,ERROR:ConnectionError,209.74159240722656
1786831502.30532,ERROR:ConnectionError,224.822998046875
1786831502.3808346,ERROR:ConnectionError,150.58469772338867
1786831502.3956451,ERROR:ConnectionError,136.9774341583252
1786831502.432376,ERROR:ConnectionError,112.91193962097168
1786831502.4459822,ERROR:ConnectionError,99.91049766540527
1786831502.4489677,ERROR:ConnectionError,98.65975379943848
1786831502.4517195,ERROR:ConnectionError,100.43168067932129
1786831502.455018,ERROR:ConnectionError,104.25925254821777
1786831502.4570796,ERROR:ConnectionError,104.26068305969238
1786831502.459521,ERROR:ConnectionError,104.5231819152832
1786831502.4634893,ERROR:ConnectionError,103.20329666137695
1786831502.4725194,ERROR:ConnectionError,99.06387329101562
1786831502.480374,ERROR:ConnectionError,100.54469108581543
1786831502.4799252,ERROR:ConnectionError,107.99598693847656
1786831502.4853742,ERROR:ConnectionError,104.00867462158203
1786831502.4872677,ERROR:ConnectionError,103.88398170471191
1786831502.4818647,ERROR:ConnectionError,109.94744300842285
1786831502.4890344,ERROR:ConnectionError,103.51085662841797
1786831502.4986157,ERROR:ConnectionError,104.90751266479492
1786831502.508406,ERROR:ConnectionError,107.45763778686523
1786831502.4953885,ERROR:ConnectionError,120.85843086242676
1786831502.5023909,ERROR:ConnectionError,120.90468406677246
1786831502.5140848,ERROR:ConnectionError,109.66229438781738
1786831502.5158486,ERROR:ConnectionError,111.16337776184082
1786831502.5088992,ERROR:ConnectionError,121.36340141296387
1786831502.5213177,ERROR:ConnectionError,114.16459083557129
1786831502.53015,ERROR:ConnectionError,105.63492774963379
1786831502.5203512,ERROR:ConnectionError,115.84639549255371
1786831502.531431,ERROR:ConnectionError,111.30046844482422
1786831502.5261576,ERROR:ConnectionError,120.63193321228027
1786831502.5289726,ERROR:ConnectionError,124.2213249206543
1786831502.545297,ERROR:ConnectionError,114.26353454589844
1786831502.5521612,ERROR:ConnectionError,118.59869956970215
1786831502.532634,ERROR:ConnectionError,141.27564430236816
1786831502.54764,ERROR:ConnectionError,127.76374816894531
1786831502.545901,ERROR:ConnectionError,131.84189796447754
1786831502.5592887,ERROR:ConnectionError,121.46997451782227
1786831502.561352,ERROR:ConnectionError,130.61785697937012
1786831502.566699,ERROR:ConnectionError,125.62036514282227
1786831502.5640569,ERROR:ConnectionError,130.40757179260254
1786831502.5715938,ERROR:ConnectionError,123.60620498657227
1786831502.587932,ERROR:ConnectionError,116.80746078491211
1786831502.5809338,ERROR:ConnectionError,125.93913078308105
1786831502.592552,ERROR:ConnectionError,115.82183837890625
1786831502.589413,ERROR:ConnectionError,123.53968620300293
1786831502.591823,ERROR:ConnectionError,121.66810035705566
1786831502.5911624,ERROR:ConnectionError,123.45266342163086
1786831502.6035626,ERROR:ConnectionError,115.03887176513672
1786831502.6162534,ERROR:ConnectionError,105.00454902648926
1786831502.6158729,ERROR:ConnectionError,109.19857025146484
1786831502.623306,ERROR:ConnectionError,104.76350784301758
1786831502.6238232,ERROR:ConnectionError,105.98516464233398
1786831502.630271,ERROR:ConnectionError,99.96962547302246
1786831502.627021,ERROR:ConnectionError,107.47241973876953
1786831502.642742,ERROR:ConnectionError,92.62514114379883
1786831502.6468022,ERROR:ConnectionError,89.75720405578613
1786831502.6354914,ERROR:ConnectionError,107.47981071472168
1786831502.6362047,ERROR:ConnectionError,110.27216911315918
1786831502.6357903,ERROR:ConnectionError,112.61391639709473
1786831502.6595721,ERROR:ConnectionError,94.3295955657959
1786831502.6777508,ERROR:ConnectionError,77.03185081481934
1786831502.6739187,ERROR:ConnectionError,83.0531120300293
1786831502.6532037,ERROR:ConnectionError,105.1945686340332
1786831502.6707695,ERROR:ConnectionError,93.40381622314453
1786831502.7047498,ERROR:ConnectionError,61.91277503967285
1786831502.6807685,ERROR:ConnectionError,86.40694618225098
1786831502.675411,ERROR:ConnectionError,92.04506874084473
1786831502.695207,ERROR:ConnectionError,72.86977767944336
1786831502.7068856,ERROR:ConnectionError,63.42935562133789
1786831502.7146842,ERROR:ConnectionError,56.76603317260742
1786831502.7129602,ERROR:ConnectionError,58.8226318359375
1786831502.708384,ERROR:ConnectionError,65.38915634155273
1786831502.713497,ERROR:ConnectionError,60.846805572509766
1786831502.6919818,ERROR:ConnectionError,82.92222023010254
1786831502.694543,ERROR:ConnectionError,84.23042297363281
1786831502.6923275,ERROR:ConnectionError,88.4389877319336
1786831502.7353787,ERROR:ConnectionError,45.7310676574707
1786831502.7365665,ERROR:ConnectionError,64.05997276306152
1786831502.730247,ERROR:ConnectionError,70.95575332641602
1786831502.725085,ERROR:ConnectionError,78.42850685119629
1786831502.7298157,ERROR:ConnectionError,76.52592658996582
1786831502.721269,ERROR:ConnectionError,85.4179859161377
1786831502.7186797,ERROR:ConnectionError,90.50536155700684
1786831502.748418,ERROR:ConnectionError,63.745737075805664
1786831502.754792,ERROR:ConnectionError,63.78626823425293
1786831502.7280838,ERROR:ConnectionError,96.98152542114258
1786831502.746488,ERROR:ConnectionError,81.06160163879395
1786831502.7569842,ERROR:ConnectionError,72.0376968383789
1786831502.7539449,ERROR:ConnectionError,80.17849922180176
1786831502.7666683,ERROR:ConnectionError,68.84908676147461
1786831502.7680829,ERROR:ConnectionError,72.20053672790527
1786831502.7345722,ERROR:ConnectionError,106.11867904663086
1786831502.7429812,ERROR:ConnectionError,98.44589233398438
1786831502.7674603,ERROR:ConnectionError,82.52620697021484
1786831502.7671833,ERROR:ConnectionError,85.39080619812012
1786831502.7787826,ERROR:ConnectionError,76.69782638549805
1786831502.7703245,ERROR:ConnectionError,91.21346473693848
1786831502.7743545,ERROR:ConnectionError,88.8974666595459
1786831502.758406,ERROR:ConnectionError,109.08389091491699
1786831502.774911,ERROR:ConnectionError,95.1998233795166
1786831502.809195,ERROR:ConnectionError,62.30616569519043
1786831502.7641828,ERROR:ConnectionError,108.92009735107422
1786831502.7717893,ERROR:ConnectionError,101.62782669067383
1786831502.803521,ERROR:ConnectionError,70.32513618469238
1786831502.8063533,ERROR:ConnectionError,70.10006904602051
1786831502.8012133,ERROR:ConnectionError,78.2923698425293
1786831502.771461,ERROR:ConnectionError,111.29450798034668
1786831502.8121717,ERROR:ConnectionError,80.74378967285156
1786831502.800638,ERROR:ConnectionError,93.95718574523926
1786831502.806694,ERROR:ConnectionError,88.38057518005371
1786831502.818592,ERROR:ConnectionError,78.00173759460449
1786831502.8355348,ERROR:ConnectionError,67.4753189086914
1786831502.8403013,ERROR:ConnectionError,69.23937797546387
1786831502.773782,ERROR:ConnectionError,140.91014862060547
1786831502.8275611,ERROR:ConnectionError,87.84317970275879
1786831502.7811148,ERROR:ConnectionError,135.9562873840332
1786831502.8290293,ERROR:ConnectionError,92.51809120178223
1786831502.7807748,ERROR:ConnectionError,142.6866054534912
1786831502.8250747,ERROR:ConnectionError,103.74569892883301
1786831502.849997,ERROR:ConnectionError,81.82954788208008
1786831502.8632612,ERROR:ConnectionError,69.45943832397461
1786831502.876463,ERROR:ConnectionError,60.11176109313965
1786831502.8406973,ERROR:ConnectionError,99.2434024810791
1786831502.867499,ERROR:ConnectionError,76.15351676940918
1786831502.8715117,ERROR:ConnectionError,76.35498046875
1786831502.8414361,ERROR:ConnectionError,106.84704780578613
1786831502.8554916,ERROR:ConnectionError,100.42142868041992
1786831502.8341372,ERROR:ConnectionError,122.42412567138672
1786831502.852584,ERROR:ConnectionError,106.39762878417969
1786831502.8946037,ERROR:ConnectionError,64.89372253417969
1786831502.8701208,ERROR:ConnectionError,90.47532081604004
1786831502.873856,ERROR:ConnectionError,88.01651000976562
1786831502.8734221,ERROR:ConnectionError,91.04013442993164
1786831502.8615515,ERROR:ConnectionError,104.16412353515625
1786831502.8929262,ERROR:ConnectionError,75.06895065307617
1786831502.8731155,ERROR:ConnectionError,96.8770980834961
1786831502.923472,ERROR:ConnectionError,60.482025146484375
1786831502.915413,ERROR:ConnectionError,69.40054893493652
1786831502.9288318,ERROR:ConnectionError,58.234214782714844
1786831502.8795133,ERROR:ConnectionError,112.77103424072266
1786831502.8950827,ERROR:ConnectionError,104.21466827392578
1786831502.9327314,ERROR:ConnectionError,67.7025318145752
1786831502.8966002,ERROR:ConnectionError,104.57658767700195
1786831502.9606025,ERROR:ConnectionError,47.61242866516113
1786831502.9095483,ERROR:ConnectionError,99.00069236755371
1786831502.882764,ERROR:ConnectionError,128.4961700439453
1786831502.93995,ERROR:ConnectionError,72.28326797485352
1786831502.9147034,ERROR:ConnectionError,100.4486083984375
1786831502.9559236,ERROR:ConnectionError,59.896230697631836
1786831502.9170852,ERROR:ConnectionError,101.21583938598633
1786831502.9318388,ERROR:ConnectionError,87.83364295959473
1786831502.903018,ERROR:ConnectionError,117.90871620178223
1786831502.921597,ERROR:ConnectionError,101.16291046142578
1786831502.9595056,ERROR:ConnectionError,64.56542015075684
1786831502.9365845,ERROR:ConnectionError,89.65420722961426
1786831502.943664,ERROR:ConnectionError,82.89432525634766
1786831502.9657257,ERROR:ConnectionError,61.333656311035156
1786831502.9565728,ERROR:ConnectionError,74.30744171142578
1786831502.968007,ERROR:ConnectionError,75.27518272399902
1786831502.9644704,ERROR:ConnectionError,79.4677734375
1786831502.9482906,ERROR:ConnectionError,98.02913665771484
1786831502.9700022,ERROR:ConnectionError,82.47566223144531
1786831502.9478793,ERROR:ConnectionError,109.41314697265625
1786831502.987075,ERROR:ConnectionError,70.84822654724121
1786831502.984821,ERROR:ConnectionError,74.0053653717041
1786831502.9922945,ERROR:ConnectionError,70.73688507080078
1786831502.9589934,ERROR:ConnectionError,107.38158226013184
1786831502.983961,ERROR:ConnectionError,93.52278709411621
1786831503.0004413,ERROR:ConnectionError,82.68570899963379
1786831503.01968,ERROR:ConnectionError,65.10066986083984
1786831503.008555,ERROR:ConnectionError,76.97439193725586
1786831502.9618788,ERROR:ConnectionError,130.4183006286621
1786831503.011269,ERROR:ConnectionError,81.32815361022949
1786831503.012251,ERROR:ConnectionError,85.68239212036133
1786831502.99931,ERROR:ConnectionError,104.14004325866699
1786831503.0082252,ERROR:ConnectionError,101.64904594421387
1786831503.0432918,ERROR:ConnectionError,68.73893737792969
1786831503.015164,ERROR:ConnectionError,99.47347640991211
1786831503.020935,ERROR:ConnectionError,97.00465202331543
1786831503.0183115,ERROR:ConnectionError,100.02684593200684
1786831503.0270667,ERROR:ConnectionError,91.89653396606445
1786831503.0240798,ERROR:ConnectionError,97.34463691711426
1786831503.046331,ERROR:ConnectionError,76.86972618103027
1786831503.057934,ERROR:ConnectionError,66.39599800109863
1786831503.0011852,ERROR:ConnectionError,125.42867660522461
1786831503.0847912,ERROR:ConnectionError,46.97608947753906
1786831503.0439444,ERROR:ConnectionError,88.17458152770996
1786831503.0265656,ERROR:ConnectionError,106.90784454345703
1786831503.0525312,ERROR:ConnectionError,85.83807945251465
1786831503.0630412,ERROR:ConnectionError,83.62603187561035
1786831503.0158331,ERROR:ConnectionError,131.28995895385742
1786831503.06639,ERROR:ConnectionError,86.38191223144531
1786831503.092309,ERROR:ConnectionError,62.85214424133301
1786831503.0262458,ERROR:ConnectionError,130.62405586242676
1786831503.0309432,ERROR:ConnectionError,126.74593925476074
1786831503.0855355,ERROR:ConnectionError,74.66340065002441
1786831503.0831387,ERROR:ConnectionError,77.73184776306152
1786831503.097942,ERROR:ConnectionError,66.71762466430664
1786831503.103463,ERROR:ConnectionError,65.60897827148438
1786831503.0588388,ERROR:ConnectionError,124.05180931091309
1786831503.1098843,ERROR:ConnectionError,74.08976554870605
1786831503.0774958,ERROR:ConnectionError,107.2685718536377
1786831503.0573015,ERROR:ConnectionError,131.52289390563965
1786831503.0227692,ERROR:ConnectionError,167.98925399780273
1786831503.1243422,ERROR:ConnectionError,69.45252418518066
1786831503.0926032,ERROR:ConnectionError,104.81762886047363
1786831503.1146486,ERROR:ConnectionError,91.88413619995117
1786831503.1183462,ERROR:ConnectionError,91.13788604736328
1786831503.1120386,ERROR:ConnectionError,98.10900688171387
1786831503.1189692,ERROR:ConnectionError,92.4065113067627
1786831503.1232955,ERROR:ConnectionError,91.22085571289062
1786831503.121432,ERROR:ConnectionError,96.43220901489258
1786831503.1179476,ERROR:ConnectionError,103.3165454864502
1786831503.1466808,ERROR:ConnectionError,75.03104209899902
1786831503.1321256,ERROR:ConnectionError,94.6812629699707
1786831503.1383805,ERROR:ConnectionError,89.20407295227051
1786831503.1646702,ERROR:ConnectionError,70.27268409729004
1786831503.147132,ERROR:ConnectionError,88.9737606048584
1786831503.1334877,ERROR:ConnectionError,105.6981086730957
1786831503.1608775,ERROR:ConnectionError,80.84726333618164
1786831503.1888347,ERROR:ConnectionError,64.6514892578125
1786831503.1568797,ERROR:ConnectionError,106.49728775024414
1786831503.157696,ERROR:ConnectionError,108.41536521911621
1786831503.1690836,ERROR:ConnectionError,98.45399856567383
1786831503.1527858,ERROR:ConnectionError,117.13290214538574
1786831503.155169,ERROR:ConnectionError,115.29684066772461
1786831503.1847708,ERROR:ConnectionError,92.35191345214844
1786831503.2094934,ERROR:ConnectionError,69.1823959350586
1786831503.1602087,ERROR:ConnectionError,119.27461624145508
1786831503.1266441,ERROR:ConnectionError,153.25498580932617
1786831503.2212753,ERROR:ConnectionError,63.272953033447266
1786831503.1829045,ERROR:ConnectionError,104.99906539916992
1786831503.131779,ERROR:ConnectionError,160.59041023254395
1786831503.197429,ERROR:ConnectionError,101.75061225891113
1786831503.183985,ERROR:ConnectionError,117.02775955200195
1786831503.1907678,ERROR:ConnectionError,113.1279468536377
1786831503.2113876,ERROR:ConnectionError,94.95067596435547
1786831503.2065425,ERROR:ConnectionError,100.31867027282715
1786831503.241733,ERROR:ConnectionError,83.75167846679688
1786831503.2275908,ERROR:ConnectionError,101.43351554870605
1786831503.1938055,ERROR:ConnectionError,140.14196395874023
1786831503.2217195,ERROR:ConnectionError,116.83917045593262
1786831503.214532,ERROR:ConnectionError,125.81110000610352
1786831503.2361128,ERROR:ConnectionError,105.64017295837402
1786831503.2178724,ERROR:ConnectionError,126.15776062011719
1786831503.2391946,ERROR:ConnectionError,106.71210289001465
1786831503.2534964,ERROR:ConnectionError,92.76103973388672
1786831503.2268155,ERROR:ConnectionError,120.35584449768066
1786831503.210204,ERROR:ConnectionError,137.44473457336426
1786831503.2661247,ERROR:ConnectionError,87.35227584838867
1786831503.279907,ERROR:ConnectionError,79.3161392211914
1786831503.269927,ERROR:ConnectionError,90.32583236694336
1786831503.287912,ERROR:ConnectionError,76.18308067321777
1786831503.2633886,ERROR:ConnectionError,101.28140449523926
1786831503.2771344,ERROR:ConnectionError,87.87250518798828
1786831503.2923803,ERROR:ConnectionError,75.25062561035156
1786831503.3068683,ERROR:ConnectionError,68.14169883728027
1786831503.2845569,ERROR:ConnectionError,98.23060035705566
1786831503.2786863,ERROR:ConnectionError,107.5284481048584
1786831503.2349555,ERROR:ConnectionError,155.11155128479004
1786831503.2675467,ERROR:ConnectionError,123.6565113067627
1786831503.3010259,ERROR:ConnectionError,92.43392944335938
1786831503.3063488,ERROR:ConnectionError,87.67390251159668
1786831503.3440416,ERROR:ConnectionError,51.38134956359863
1786831503.270474,ERROR:ConnectionError,128.97634506225586
1786831503.303906,ERROR:ConnectionError,98.85978698730469
1786831503.2794905,ERROR:ConnectionError,127.1505355834961
1786831503.3592308,ERROR:ConnectionError,50.429344177246094
1786831503.3340073,ERROR:ConnectionError,78.70316505432129
1786831503.360259,ERROR:ConnectionError,57.01947212219238
1786831503.3534873,ERROR:ConnectionError,66.14518165588379
1786831503.3290327,ERROR:ConnectionError,91.20917320251465
1786831503.3459163,ERROR:ConnectionError,76.61247253417969
1786831503.2991905,ERROR:ConnectionError,125.76436996459961
1786831503.3385687,ERROR:ConnectionError,86.85159683227539
1786831503.3462646,ERROR:ConnectionError,79.87165451049805
1786831503.3476555,ERROR:ConnectionError,79.10394668579102
1786831503.3403523,ERROR:ConnectionError,91.49861335754395
1786831503.3750226,ERROR:ConnectionError,57.33752250671387
1786831503.3254952,ERROR:ConnectionError,107.14983940124512
1786831503.3471787,ERROR:ConnectionError,91.42231941223145
1786831503.3650138,ERROR:ConnectionError,75.58846473693848
1786831503.3646753,ERROR:ConnectionError,80.535888671875
1786831503.382802,ERROR:ConnectionError,63.089847564697266
1786831503.3417604,ERROR:ConnectionError,105.29828071594238
1786831503.36764,ERROR:ConnectionError,85.92915534973145
1786831503.4027758,ERROR:ConnectionError,51.465511322021484
1786831503.41272,ERROR:ConnectionError,41.78190231323242
1786831503.386223,ERROR:ConnectionError,69.20313835144043
1786831503.364106,ERROR:ConnectionError,94.05374526977539
1786831503.393471,ERROR:ConnectionError,67.81888008117676
1786831503.399461,ERROR:ConnectionError,64.59236145019531
1786831503.4096699,ERROR:ConnectionError,54.73136901855469
1786831503.3900788,ERROR:ConnectionError,77.75640487670898
1786831503.39121,ERROR:ConnectionError,83.6796760559082
1786831503.3940306,ERROR:ConnectionError,82.5810432434082
1786831503.4249659,ERROR:ConnectionError,58.099985122680664
1786831503.425426,ERROR:ConnectionError,58.09450149536133
1786831503.395435,ERROR:ConnectionError,88.32263946533203
1786831503.4225378,ERROR:ConnectionError,66.01190567016602
1786831503.420248,ERROR:ConnectionError,69.88382339477539
1786831503.4326522,ERROR:ConnectionError,64.82338905334473
1786831503.4196415,ERROR:ConnectionError,78.6902904510498
1786831503.4318662,ERROR:ConnectionError,71.04945182800293
1786831503.455434,ERROR:ConnectionError,51.89990997314453
1786831503.41729,ERROR:ConnectionError,91.07732772827148
1786831503.4386141,ERROR:ConnectionError,75.14357566833496
1786831503.4458978,ERROR:ConnectionError,69.26488876342773
1786831503.4545066,ERROR:ConnectionError,62.30306625366211
1786831503.4452255,ERROR:ConnectionError,72.66545295715332
1786831503.4582312,ERROR:ConnectionError,62.35527992248535
1786831503.4406104,ERROR:ConnectionError,83.51969718933105
1786831503.4066486,ERROR:ConnectionError,118.6532974243164
1786831503.464416,ERROR:ConnectionError,61.49697303771973
1786831503.467842,ERROR:ConnectionError,64.5599365234375
1786831503.476624,ERROR:ConnectionError,60.053348541259766
1786831503.453583,ERROR:ConnectionError,84.60354804992676
1786831503.4323704,ERROR:ConnectionError,106.09245300292969
1786831503.4542475,ERROR:ConnectionError,85.06608009338379
1786831503.4267688,ERROR:ConnectionError,112.9293441772461
1786831503.4640586,ERROR:ConnectionError,82.67354965209961
1786831503.461302,ERROR:ConnectionError,85.80780029296875
1786831503.4261434,ERROR:ConnectionError,123.04043769836426
1786831503.4470646,ERROR:ConnectionError,110.9628677368164
1786831503.4830759,ERROR:ConnectionError,76.75957679748535
1786831503.4749,ERROR:ConnectionError,92.09394454956055
1786831503.5137634,ERROR:ConnectionError,56.710243225097656
1786831503.5029304,ERROR:ConnectionError,68.73655319213867
1786831503.4837632,ERROR:ConnectionError,90.32320976257324
1786831503.490141,ERROR:ConnectionError,86.29894256591797
1786831503.5083764,ERROR:ConnectionError,69.49853897094727
1786831503.5397046,ERROR:ConnectionError,38.994789123535156
1786831503.4974837,ERROR:ConnectionError,81.71272277832031
1786831503.5253134,ERROR:ConnectionError,57.219505310058594
1786831503.5393214,ERROR:ConnectionError,44.974327087402344
1786831503.498338,ERROR:ConnectionError,86.36593818664551
1786831503.5073447,ERROR:ConnectionError,80.7332992553711
1786831503.5205948,ERROR:ConnectionError,69.52357292175293
1786831503.483527,ERROR:ConnectionError,108.99496078491211
1786831503.5241418,ERROR:ConnectionError,69.81754302978516
1786831503.488561,ERROR:ConnectionError,106.49967193603516
1786831503.5151708,ERROR:ConnectionError,83.08982849121094
1786831503.5178986,ERROR:ConnectionError,84.40423011779785
1786831503.516817,ERROR:ConnectionError,89.50042724609375
1786831503.525919,ERROR:ConnectionError,85.25657653808594
1786831503.5324097,ERROR:ConnectionError,80.46984672546387
1786831503.5366917,ERROR:ConnectionError,76.57527923583984
1786831503.5598414,ERROR:ConnectionError,53.71737480163574
1786831503.5384688,ERROR:ConnectionError,76.32303237915039
1786831503.547115,ERROR:ConnectionError,70.20235061645508
1786831503.5491934,ERROR:ConnectionError,70.50919532775879
1786831503.5580378,ERROR:ConnectionError,65.97328186035156
1786831503.5716782,ERROR:ConnectionError,56.839704513549805
1786831503.5381947,ERROR:ConnectionError,96.29392623901367
1786831503.5467415,ERROR:ConnectionError,92.2846794128418
1786831503.5670056,ERROR:ConnectionError,72.29137420654297
1786831503.5778823,ERROR:ConnectionError,63.37690353393555
1786831503.574098,ERROR:ConnectionError,70.37496566772461
1786831503.5792024,ERROR:ConnectionError,66.65587425231934
1786831503.5764496,ERROR:ConnectionError,73.74191284179688
1786831503.5704823,ERROR:ConnectionError,80.96575736999512
1786831503.582542,ERROR:ConnectionError,69.52214241027832
1786831503.5847104,ERROR:ConnectionError,71.14338874816895
1786831503.5843046,ERROR:ConnectionError,74.6164321899414
1786831503.5901265,ERROR:ConnectionError,73.3652114868164
1786831503.5925634,ERROR:ConnectionError,75.17814636230469
1786831503.578708,ERROR:ConnectionError,91.37487411499023
1786831503.6135633,ERROR:ConnectionError,56.81633949279785
1786831503.606326,ERROR:ConnectionError,72.18098640441895
1786831503.6111863,ERROR:ConnectionError,68.26472282409668
1786831503.6023104,ERROR:ConnectionError,77.74686813354492
1786831503.5950732,ERROR:ConnectionError,86.44223213195801
1786831503.6128886,ERROR:ConnectionError,70.41072845458984
1786831503.588089,ERROR:ConnectionError,97.1066951751709
1786831503.5939684,ERROR:ConnectionError,91.61138534545898
1786831503.6197078,ERROR:ConnectionError,75.30975341796875
1786831503.624021,ERROR:ConnectionError,71.61736488342285
1786831503.639304,ERROR:ConnectionError,57.13224411010742
1786831503.6148002,ERROR:ConnectionError,82.64398574829102
1786831503.6132724,ERROR:ConnectionError,85.71696281433105
1786831503.5982685,ERROR:ConnectionError,101.01580619812012
1786831503.6285288,ERROR:ConnectionError,70.98984718322754
1786831503.6589315,ERROR:ConnectionError,50.85301399230957
1786831503.663504,ERROR:ConnectionError,46.779632568359375
1786831503.6700928,ERROR:ConnectionError,41.73851013183594
1786831503.645866,ERROR:ConnectionError,66.23649597167969
1786831503.634502,ERROR:ConnectionError,77.83389091491699
1786831503.639034,ERROR:ConnectionError,75.43492317199707
1786831503.650201,ERROR:ConnectionError,65.37604331970215
1786831503.6173255,ERROR:ConnectionError,100.06189346313477
1786831503.6514604,ERROR:ConnectionError,75.44302940368652
1786831503.6520717,ERROR:ConnectionError,76.16066932678223
1786831503.6956427,ERROR:ConnectionError,36.0102653503418
1786831503.6800616,ERROR:ConnectionError,58.278799057006836
1786831503.6412675,ERROR:ConnectionError,100.18181800842285
1786831503.6703863,ERROR:ConnectionError,72.51524925231934
1786831503.6855872,ERROR:ConnectionError,64.67580795288086
1786831503.6785152,ERROR:ConnectionError,72.21865653991699
1786831503.6950228,ERROR:ConnectionError,64.17536735534668
1786831503.6444836,ERROR:ConnectionError,115.29946327209473
1786831503.6833134,ERROR:ConnectionError,76.89857482910156
1786831503.697448,ERROR:ConnectionError,64.01467323303223
1786831503.6559029,ERROR:ConnectionError,106.99915885925293
1786831503.681522,ERROR:ConnectionError,88.85884284973145
1786831503.667754,ERROR:ConnectionError,102.94866561889648
1786831503.7123406,ERROR:ConnectionError,59.266090393066406
1786831503.6852064,ERROR:ConnectionError,104.55918312072754
1786831503.7097962,ERROR:ConnectionError,80.37257194519043
1786831503.679457,ERROR:ConnectionError,117.57516860961914
1786831503.7173965,ERROR:ConnectionError,81.94589614868164
1786831503.750345,ERROR:ConnectionError,50.42576789855957
1786831503.698999,ERROR:ConnectionError,109.33327674865723
1786831503.69644,ERROR:ConnectionError,112.54310607910156
1786831503.7102895,ERROR:ConnectionError,101.2265682220459
1786831503.7144732,ERROR:ConnectionError,99.43819046020508
1786831503.6995265,ERROR:ConnectionError,115.25106430053711
1786831503.7507432,ERROR:ConnectionError,66.33853912353516
1786831503.7716134,ERROR:ConnectionError,50.0943660736084
1786831503.7118394,ERROR:ConnectionError,110.43810844421387
1786831503.7592087,ERROR:ConnectionError,66.77579879760742
1786831503.7269154,ERROR:ConnectionError,100.6631851196289
1786831503.69929,ERROR:ConnectionError,132.70020484924316
1786831503.7155876,ERROR:ConnectionError,116.71066284179688
1786831503.77039,ERROR:ConnectionError,65.04273414611816
1786831503.731664,ERROR:ConnectionError,106.43863677978516
1786831503.728245,ERROR:ConnectionError,110.99743843078613
1786831503.738356,ERROR:ConnectionError,104.53248023986816
1786831503.7614727,ERROR:ConnectionError,86.79795265197754
1786831503.7121084,ERROR:ConnectionError,141.48879051208496
1786831503.7429123,ERROR:ConnectionError,111.19508743286133
1786831503.74146,ERROR:ConnectionError,114.3953800201416
1786831503.7901773,ERROR:ConnectionError,66.54667854309082
1786831503.7629147,ERROR:ConnectionError,97.25165367126465
1786831503.7707095,ERROR:ConnectionError,97.18990325927734
1786831503.8007805,ERROR:ConnectionError,70.41311264038086
1786831503.8147857,ERROR:ConnectionError,59.05008316040039
1786831503.7602181,ERROR:ConnectionError,116.5151596069336
1786831503.799359,ERROR:ConnectionError,83.91690254211426
1786831503.8083436,ERROR:ConnectionError,76.29799842834473
1786831503.759791,ERROR:ConnectionError,130.11741638183594
1786831503.811526,ERROR:ConnectionError,83.65011215209961
1786831503.825994,ERROR:ConnectionError,70.24192810058594
1786831503.8170924,ERROR:ConnectionError,79.81252670288086
1786831503.8222857,ERROR:ConnectionError,77.54302024841309
1786831503.8275886,ERROR:ConnectionError,81.50863647460938
1786831503.7970457,ERROR:ConnectionError,113.5857105255127
1786831503.8139217,ERROR:ConnectionError,99.88689422607422
1786831503.8089902,ERROR:ConnectionError,106.17375373840332
1786831503.789777,ERROR:ConnectionError,126.22618675231934
1786831503.8217237,ERROR:ConnectionError,94.59042549133301
1786831503.855863,ERROR:ConnectionError,63.02928924560547
1786831503.838113,ERROR:ConnectionError,84.3818187713623
1786831503.856733,ERROR:ConnectionError,80.94239234924316
1786831503.842898,ERROR:ConnectionError,111.92035675048828
1786831503.8354409,ERROR:ConnectionError,121.49834632873535
1786831503.867908,ERROR:ConnectionError,89.63203430175781
1786831503.8323038,ERROR:ConnectionError,127.43020057678223
1786831503.8899226,ERROR:ConnectionError,70.17159461975098
1786831503.8392537,ERROR:ConnectionError,126.3883113861084
1786831503.8482952,ERROR:ConnectionError,118.62874031066895
1786831503.8536065,ERROR:ConnectionError,121.34623527526855
1786831503.8767438,ERROR:ConnectionError,100.79741477966309
1786831503.854113,ERROR:ConnectionError,127.98357009887695
1786831503.8319995,ERROR:ConnectionError,155.1799774169922
1786831503.8969116,ERROR:ConnectionError,91.16649627685547
1786831503.9163194,ERROR:ConnectionError,77.65626907348633
1786831503.8951864,ERROR:ConnectionError,103.89018058776855
1786831503.8601754,ERROR:ConnectionError,139.18209075927734
1786831503.8712015,ERROR:ConnectionError,134.34934616088867
1786831503.918907,ERROR:ConnectionError,87.21208572387695
1786831503.9138207,ERROR:ConnectionError,96.14372253417969
1786831503.916013,ERROR:ConnectionError,95.55673599243164
1786831503.9376924,ERROR:ConnectionError,79.2856216430664
1786831503.883292,ERROR:ConnectionError,136.31868362426758
1786831503.8846498,ERROR:ConnectionError,136.85870170593262
1786831503.9151747,ERROR:ConnectionError,107.98358917236328
1786831503.9548328,ERROR:ConnectionError,73.75645637512207
1786831503.9106417,ERROR:ConnectionError,118.38006973266602
1786831503.896245,ERROR:ConnectionError,139.24360275268555
1786831503.8998406,ERROR:ConnectionError,136.37280464172363
1786831503.9091072,ERROR:ConnectionError,135.66207885742188
1786831503.9225035,ERROR:ConnectionError,122.81227111816406
1786831503.8738472,ERROR:ConnectionError,176.19037628173828
1786831503.9880855,ERROR:ConnectionError,62.592506408691406
1786831503.9575467,ERROR:ConnectionError,104.12120819091797
1786831504.0062428,ERROR:ConnectionError,57.82794952392578
1786831503.9775505,ERROR:ConnectionError,89.03717994689941
1786831503.9821117,ERROR:ConnectionError,88.33003044128418
1786831504.023169,ERROR:ConnectionError,48.68483543395996
1786831503.9993632,ERROR:ConnectionError,78.44257354736328
1786831503.9569817,ERROR:ConnectionError,124.4802474975586
1786831503.966939,ERROR:ConnectionError,115.86475372314453
1786831503.9597414,ERROR:ConnectionError,124.5887279510498
1786831503.9749646,ERROR:ConnectionError,112.19286918640137
1786831504.0362217,ERROR:ConnectionError,63.43579292297363
1786831504.0196223,ERROR:ConnectionError,80.8110237121582
1786831504.0286007,ERROR:ConnectionError,75.1183032989502
1786831504.0215175,ERROR:ConnectionError,84.37681198120117
1786831503.9601002,ERROR:ConnectionError,147.41778373718262
1786831504.0055625,ERROR:ConnectionError,102.37860679626465
1786831504.0506861,ERROR:ConnectionError,59.69381332397461
1786831504.0115824,ERROR:ConnectionError,99.09462928771973
1786831503.9990854,ERROR:ConnectionError,115.51928520202637
1786831503.9871912,ERROR:ConnectionError,127.98833847045898
1786831504.0778182,ERROR:ConnectionError,37.89162635803223
1786831503.9939857,ERROR:ConnectionError,123.43573570251465
1786831503.9656513,ERROR:ConnectionError,153.0594825744629
1786831504.0169902,ERROR:ConnectionError,102.02550888061523
1786831504.0617087,ERROR:ConnectionError,61.873674392700195
1786831504.0500503,ERROR:ConnectionError,75.90913772583008
1786831504.0355015,ERROR:ConnectionError,93.77264976501465
1786831504.064081,ERROR:ConnectionError,68.43900680541992
1786831504.0453222,ERROR:ConnectionError,87.77570724487305
1786831504.066599,ERROR:ConnectionError,74.48887825012207
1786831504.0814748,ERROR:ConnectionError,62.09754943847656
1786831504.0099747,ERROR:ConnectionError,139.6312713623047
1786831504.0718615,ERROR:ConnectionError,79.76651191711426
1786831504.11039,ERROR:ConnectionError,43.04909706115723
1786831504.044779,ERROR:ConnectionError,110.17346382141113
1786831504.0871708,ERROR:ConnectionError,69.8997974395752
1786831504.1004405,ERROR:ConnectionError,57.700157165527344
1786831504.0843408,ERROR:ConnectionError,75.60420036315918
1786831504.0704522,ERROR:ConnectionError,93.76859664916992
1786831504.0828114,ERROR:ConnectionError,81.69984817504883
1786831504.1151872,ERROR:ConnectionError,53.275108337402344
1786831504.0290298,ERROR:ConnectionError,141.18385314941406
1786831504.1106827,ERROR:ConnectionError,61.99026107788086
1786831504.1037326,ERROR:ConnectionError,79.85591888427734
1786831504.0996685,ERROR:ConnectionError,91.58587455749512
1786831504.1292827,ERROR:ConnectionError,64.81122970581055
1786831504.1331084,ERROR:ConnectionError,64.55731391906738
1786831504.1079473,ERROR:ConnectionError,93.90640258789062
1786831504.1187177,ERROR:ConnectionError,83.63652229309082
1786831504.1075287,ERROR:ConnectionError,95.07870674133301
1786831504.1059518,ERROR:ConnectionError,97.22042083740234
1786831504.1435807,ERROR:ConnectionError,61.446189880371094
1786831504.1174324,ERROR:ConnectionError,88.84835243225098
1786831504.1259701,ERROR:ConnectionError,80.9943675994873
1786831504.1325288,ERROR:ConnectionError,75.97684860229492
1786831504.149617,ERROR:ConnectionError,59.554338455200195
1786831504.151638,ERROR:ConnectionError,63.26746940612793
1786831504.1157155,ERROR:ConnectionError,100.2345085144043
1786831504.15815,ERROR:ConnectionError,59.092044830322266
1786831504.1190271,ERROR:ConnectionError,99.85589981079102
1786831504.1410973,ERROR:ConnectionError,89.80131149291992
1786831504.1235917,ERROR:ConnectionError,111.28592491149902
1786831504.191267,ERROR:ConnectionError,44.022560119628906
1786831504.1549613,ERROR:ConnectionError,84.34700965881348
1786831504.1702225,ERROR:ConnectionError,73.7311840057373
1786831504.172685,ERROR:ConnectionError,72.03054428100586
1786831504.1599553,ERROR:ConnectionError,85.48521995544434
1786831504.1146162,ERROR:ConnectionError,131.35743141174316
1786831504.1570811,ERROR:ConnectionError,92.13447570800781
1786831504.153451,ERROR:ConnectionError,96.45724296569824
1786831504.1684704,ERROR:ConnectionError,83.39166641235352
1786831504.1642287,ERROR:ConnectionError,88.6533260345459
1786831504.164517,ERROR:ConnectionError,91.24398231506348
1786831504.1941028,ERROR:ConnectionError,73.69470596313477
1786831504.2050364,ERROR:ConnectionError,64.63932991027832
1786831504.2069724,ERROR:ConnectionError,64.6817684173584
1786831504.2149155,ERROR:ConnectionError,57.525634765625
1786831504.2018635,ERROR:ConnectionError,70.94049453735352
1786831504.183603,ERROR:ConnectionError,95.24250030517578
1786831504.2023618,ERROR:ConnectionError,80.82079887390137
1786831504.206288,ERROR:ConnectionError,77.30460166931152
1786831504.1976814,ERROR:ConnectionError,98.32882881164551
1786831504.217252,ERROR:ConnectionError,79.59938049316406
1786831504.2188888,ERROR:ConnectionError,78.64642143249512
1786831504.2026138,ERROR:ConnectionError,95.41153907775879
1786831504.244725,ERROR:ConnectionError,53.74264717102051
1786831504.2085135,ERROR:ConnectionError,91.6135311126709
1786831504.2031817,ERROR:ConnectionError,98.98185729980469
1786831504.2492237,ERROR:ConnectionError,55.48977851867676
1786831504.2439635,ERROR:ConnectionError,61.844825744628906
1786831504.215956,ERROR:ConnectionError,90.59262275695801
1786831504.234885,ERROR:ConnectionError,77.44503021240234
1786831504.2518694,ERROR:ConnectionError,70.35398483276367
1786831504.2459836,ERROR:ConnectionError,77.43048667907715
1786831504.230908,ERROR:ConnectionError,93.02473068237305
1786831504.2528934,ERROR:ConnectionError,72.27635383605957
1786831504.2352977,ERROR:ConnectionError,91.37582778930664
1786831504.209177,ERROR:ConnectionError,121.53768539428711
1786831504.267807,ERROR:ConnectionError,67.3067569732666
1786831504.2788544,ERROR:ConnectionError,58.432817459106445
1786831504.2557719,ERROR:ConnectionError,82.5357437133789
1786831504.2835987,ERROR:ConnectionError,56.69713020324707
1786831504.2393193,ERROR:ConnectionError,101.29070281982422
1786831504.2716606,ERROR:ConnectionError,78.99332046508789
1786831504.2724466,ERROR:ConnectionError,80.0924301147461
1786831504.2696874,ERROR:ConnectionError,85.93893051147461
1786831504.2454565,ERROR:ConnectionError,112.77484893798828
1786831504.2728102,ERROR:ConnectionError,86.03501319885254
1786831504.2499156,ERROR:ConnectionError,109.19308662414551
1786831504.3047245,ERROR:ConnectionError,57.17325210571289
1786831504.3001347,ERROR:ConnectionError,62.613487243652344
1786831504.2975411,ERROR:ConnectionError,66.49255752563477
1786831504.283193,ERROR:ConnectionError,85.1297378540039
1786831504.302176,ERROR:ConnectionError,69.43297386169434
1786831504.2984746,ERROR:ConnectionError,78.49359512329102
1786831504.3222334,ERROR:ConnectionError,57.131052017211914
1786831504.2980306,ERROR:ConnectionError,83.63580703735352
1786831504.2960236,ERROR:ConnectionError,86.71426773071289
1786831504.3234217,ERROR:ConnectionError,60.18877029418945
1786831504.3123403,ERROR:ConnectionError,83.46033096313477
1786831504.340304,ERROR:ConnectionError,56.2899112701416
1786831504.3373022,ERROR:ConnectionError,60.14513969421387
1786831504.3383129,ERROR:ConnectionError,62.41416931152344
1786831504.306555,ERROR:ConnectionError,94.83504295349121
1786831504.326684,ERROR:ConnectionError,75.5624771118164
1786831504.3251784,ERROR:ConnectionError,77.67057418823242
1786831504.3506675,ERROR:ConnectionError,55.734872817993164
1786831504.3351202,ERROR:ConnectionError,72.45659828186035
1786831504.3627589,ERROR:ConnectionError,46.94533348083496
1786831504.3058164,ERROR:ConnectionError,105.64231872558594
1786831504.3556378,ERROR:ConnectionError,64.69869613647461
1786831504.358238,ERROR:ConnectionError,66.36500358581543
1786831504.330729,ERROR:ConnectionError,95.36075592041016
1786831504.323942,ERROR:ConnectionError,105.1793098449707
1786831504.3406188,ERROR:ConnectionError,89.2946720123291
1786831504.3640406,ERROR:ConnectionError,66.08152389526367
1786831504.2968612,ERROR:ConnectionError,134.199857711792
1786831504.352548,ERROR:ConnectionError,79.75411415100098
1786831504.3588507,ERROR:ConnectionError,81.79712295532227
1786831504.379403,ERROR:ConnectionError,63.52806091308594
1786831504.4114676,ERROR:ConnectionError,35.83526611328125
1786831504.3816736,ERROR:ConnectionError,66.2221908569336
1786831504.3769782,ERROR:ConnectionError,71.13862037658691
1786831504.3619072,ERROR:ConnectionError,86.7466926574707
1786831504.3716211,ERROR:ConnectionError,80.35039901733398
1786831504.3683324,ERROR:ConnectionError,93.08123588562012
1786831504.4007363,ERROR:ConnectionError,61.09762191772461
1786831504.3827446,ERROR:ConnectionError,79.89931106567383
1786831504.3836184,ERROR:ConnectionError,87.61954307556152
1786831504.4013994,ERROR:ConnectionError,72.46756553649902
1786831504.4064124,ERROR:ConnectionError,68.023681640625
1786831504.4097142,ERROR:ConnectionError,65.3073787689209
1786831504.3966,ERROR:ConnectionError,79.06413078308105
1786831504.4323084,ERROR:ConnectionError,43.65086555480957
1786831504.4022565,ERROR:ConnectionError,80.22856712341309
1786831504.4260974,ERROR:ConnectionError,61.10024452209473
1786831504.430127,ERROR:ConnectionError,57.48295783996582
1786831504.3591168,ERROR:ConnectionError,129.4996738433838
1786831504.4429421,ERROR:ConnectionError,48.97594451904297
1786831504.420347,ERROR:ConnectionError,72.23320007324219
1786831504.4028556,ERROR:ConnectionError,90.1491641998291
1786831504.3958452,ERROR:ConnectionError,97.72443771362305
1786831504.4246147,ERROR:ConnectionError,69.23437118530273
1786831504.440657,ERROR:ConnectionError,56.622982025146484
1786831504.429127,ERROR:ConnectionError,70.30797004699707
1786831504.3974547,ERROR:ConnectionError,105.76581954956055
1786831504.4075842,ERROR:ConnectionError,96.76456451416016
1786831504.4486575,ERROR:ConnectionError,65.98091125488281
1786831504.429919,ERROR:ConnectionError,91.72725677490234
1786831504.4519799,ERROR:ConnectionError,73.81749153137207
1786831504.4479015,ERROR:ConnectionError,79.74743843078613
1786831504.4481218,ERROR:ConnectionError,80.98292350769043
1786831504.4614232,ERROR:ConnectionError,68.34292411804199
1786831504.4310656,ERROR:ConnectionError,104.33292388916016
1786831504.4473112,ERROR:ConnectionError,91.15147590637207
1786831504.4886212,ERROR:ConnectionError,54.96358871459961
1786831504.4738755,ERROR:ConnectionError,70.85561752319336
1786831504.4744444,ERROR:ConnectionError,71.31600379943848
1786831504.4938548,ERROR:ConnectionError,54.578542709350586
1786831504.471246,ERROR:ConnectionError,77.96764373779297
1786831504.4972868,ERROR:ConnectionError,60.23383140563965
1786831504.4626527,ERROR:ConnectionError,99.65205192565918
1786831504.5216584,ERROR:ConnectionError,41.921138763427734
1786831504.4759686,ERROR:ConnectionError,88.39917182922363
1786831504.4919293,ERROR:ConnectionError,72.70193099975586
1786831504.4756715,ERROR:ConnectionError,89.38765525817871
1786831504.4618409,ERROR:ConnectionError,103.5146713256836
1786831504.5435963,ERROR:ConnectionError,24.939537048339844
1786831504.5291138,ERROR:ConnectionError,39.99137878417969
1786831504.504355,ERROR:ConnectionError,68.0539608001709
1786831504.4930112,ERROR:ConnectionError,90.44551849365234
1786831504.475029,ERROR:ConnectionError,108.84809494018555
1786831504.4925876,ERROR:ConnectionError,92.1015739440918
1786831504.5032315,ERROR:ConnectionError,82.02195167541504
1786831504.5297716,ERROR:ConnectionError,64.56995010375977
1786831504.493578,ERROR:ConnectionError,101.73892974853516
1786831504.4876168,ERROR:ConnectionError,110.26406288146973
1786831504.4825127,ERROR:ConnectionError,117.99144744873047
1786831504.5492196,ERROR:ConnectionError,54.43382263183594
1786831504.487211,ERROR:ConnectionError,117.07115173339844
1786831504.5447395,ERROR:ConnectionError,59.84163284301758
1786831504.545766,ERROR:ConnectionError,59.171199798583984
1786831504.5258062,ERROR:ConnectionError,79.47611808776855
1786831504.5146465,ERROR:ConnectionError,91.84980392456055
1786831504.5276551,ERROR:ConnectionError,80.34682273864746
1786831504.5623107,ERROR:ConnectionError,56.04147911071777
1786831504.548497,ERROR:ConnectionError,73.02522659301758
1786831504.4994435,ERROR:ConnectionError,123.86631965637207
1786831504.5650642,ERROR:ConnectionError,66.60270690917969
1786831504.535408,ERROR:ConnectionError,96.61698341369629
1786831504.5643754,ERROR:ConnectionError,69.55528259277344
1786831504.569114,ERROR:ConnectionError,69.40197944641113
1786831504.5653589,ERROR:ConnectionError,76.10630989074707
1786831504.5685453,ERROR:ConnectionError,73.74763488769531
1786831504.5953214,ERROR:ConnectionError,47.447919845581055
1786831504.5838847,ERROR:ConnectionError,59.278011322021484
1786831504.5384734,ERROR:ConnectionError,105.06701469421387
1786831504.5646358,ERROR:ConnectionError,88.41633796691895
1786831504.5852613,ERROR:ConnectionError,68.75967979431152
1786831504.5635889,ERROR:ConnectionError,92.63134002685547
1786831504.604947,ERROR:ConnectionError,51.63002014160156
1786831504.5846987,ERROR:ConnectionError,72.31855392456055
1786831504.5943525,ERROR:ConnectionError,69.26250457763672
1786831504.5834978,ERROR:ConnectionError,81.57062530517578
1786831504.604586,ERROR:ConnectionError,62.911272048950195
1786831504.5575318,ERROR:ConnectionError,111.15741729736328
1786831504.6215386,ERROR:ConnectionError,52.37913131713867
1786831504.6042898,ERROR:ConnectionError,69.93246078491211
1786831504.6036656,ERROR:ConnectionError,71.05112075805664
1786831504.6184022,ERROR:ConnectionError,59.395790100097656
1786831504.6052885,ERROR:ConnectionError,74.3558406829834
1786831504.6385298,ERROR:ConnectionError,43.45417022705078
1786831504.6005113,ERROR:ConnectionError,89.89763259887695
1786831504.572419,ERROR:ConnectionError,118.36004257202148
1786831504.5978863,ERROR:ConnectionError,98.95586967468262
1786831504.6431668,ERROR:ConnectionError,54.442644119262695
1786831504.6339378,ERROR:ConnectionError,64.12029266357422
1786831504.6080103,ERROR:ConnectionError,94.89202499389648
1786831504.6435463,ERROR:ConnectionError,61.844825744628906
1786831504.632032,ERROR:ConnectionError,76.69234275817871
1786831504.6317372,ERROR:ConnectionError,79.57625389099121
1786831504.606502,ERROR:ConnectionError,106.66584968566895
1786831504.6530628,ERROR:ConnectionError,65.42682647705078
1786831504.623321,ERROR:ConnectionError,98.76012802124023
1786831504.6565814,ERROR:ConnectionError,66.7107105255127
1786831504.642774,ERROR:ConnectionError,80.95240592956543
1786831504.642302,ERROR:ConnectionError,85.81900596618652
1786831504.641508,ERROR:ConnectionError,92.92149543762207
1786831504.6650748,ERROR:ConnectionError,71.85935974121094
1786831504.6907864,ERROR:ConnectionError,47.93977737426758
1786831504.663624,ERROR:ConnectionError,83.97960662841797
1786831504.6904206,ERROR:ConnectionError,58.14790725708008
1786831504.6686969,ERROR:ConnectionError,81.52413368225098
1786831504.6747248,ERROR:ConnectionError,75.79803466796875
1786831504.6562266,ERROR:ConnectionError,96.2066650390625
1786831504.6742282,ERROR:ConnectionError,80.77478408813477
1786831504.6540256,ERROR:ConnectionError,104.03800010681152
1786831504.6739295,ERROR:ConnectionError,87.9526138305664
1786831504.657025,ERROR:ConnectionError,107.32483863830566
1786831504.667506,ERROR:ConnectionError,98.08540344238281
1786831504.7232997,ERROR:ConnectionError,47.83225059509277
1786831504.702911,ERROR:ConnectionError,71.11740112304688
1786831504.6976156,ERROR:ConnectionError,76.98607444763184
1786831504.6980655,ERROR:ConnectionError,76.9350528717041
1786831504.718501,ERROR:ConnectionError,61.41328811645508
1786831504.677808,ERROR:ConnectionError,103.13200950622559
1786831504.723732,ERROR:ConnectionError,58.03203582763672
1786831504.7087345,ERROR:ConnectionError,77.73995399475098
1786831504.6796515,ERROR:ConnectionError,107.25998878479004
1786831504.6819923,ERROR:ConnectionError,108.2010269165039
1786831504.736945,ERROR:ConnectionError,53.51090431213379
1786831504.7131772,ERROR:ConnectionError,85.63780784606934
1786831504.722094,ERROR:ConnectionError,81.11357688903809
1786831504.750531,ERROR:ConnectionError,54.30030822753906
1786831504.6968515,ERROR:ConnectionError,109.96389389038086
1786831504.7054029,ERROR:ConnectionError,102.71406173706055
1786831504.7281322,ERROR:ConnectionError,83.4970474243164
1786831504.7618904,ERROR:ConnectionError,56.99324607849121
1786831504.7655983,ERROR:ConnectionError,54.98361587524414
1786831504.7485774,ERROR:ConnectionError,73.86374473571777
1786831504.7711437,ERROR:ConnectionError,54.50582504272461
1786831504.7524433,ERROR:ConnectionError,73.50587844848633
1786831504.750231,ERROR:ConnectionError,76.67732238769531
1786831504.7113237,ERROR:ConnectionError,116.1336898803711
1786831504.738738,ERROR:ConnectionError,89.60461616516113
1786831504.734442,ERROR:ConnectionError,94.31147575378418
1786831504.7902036,ERROR:ConnectionError,50.48727989196777
1786831504.7580717,ERROR:ConnectionError,83.18376541137695
1786831504.775008,ERROR:ConnectionError,71.52915000915527
1786831504.7476127,ERROR:ConnectionError,100.02636909484863
1786831504.7869182,ERROR:ConnectionError,61.27643585205078
1786831504.774038,ERROR:ConnectionError,74.56636428833008
1786831504.7799256,ERROR:ConnectionError,71.08473777770996
1786831504.8068244,ERROR:ConnectionError,46.93722724914551
1786831504.7746098,ERROR:ConnectionError,80.00659942626953
1786831504.764359,ERROR:ConnectionError,92.54050254821777
1786831504.7817698,ERROR:ConnectionError,75.5777359008789
1786831504.8081257,ERROR:ConnectionError,53.29275131225586
1786831504.7904623,ERROR:ConnectionError,71.64573669433594
1786831504.7988226,ERROR:ConnectionError,68.70007514953613
1786831504.7550156,ERROR:ConnectionError,116.2557601928711
1786831504.7864816,ERROR:ConnectionError,90.35253524780273
1786831504.818893,ERROR:ConnectionError,64.41640853881836
1786831504.82876,ERROR:ConnectionError,60.55855751037598
1786831504.811638,ERROR:ConnectionError,81.29239082336426
1786831504.820592,ERROR:ConnectionError,74.65624809265137
1786831504.780947,ERROR:ConnectionError,115.26942253112793
1786831504.827463,ERROR:ConnectionError,71.70915603637695
1786831504.8614292,ERROR:ConnectionError,41.48745536804199
1786831504.826916,ERROR:ConnectionError,76.4307975769043
1786831504.8224502,ERROR:ConnectionError,81.50625228881836
1786831504.804843,ERROR:ConnectionError,102.07343101501465
1786831504.8486102,ERROR:ConnectionError,59.44991111755371
1786831504.8482,ERROR:ConnectionError,60.15753746032715
1786831504.8283484,ERROR:ConnectionError,80.26909828186035
1786831504.8465486,ERROR:ConnectionError,63.09199333190918
1786831504.825657,ERROR:ConnectionError,90.56377410888672
1786831504.8546288,ERROR:ConnectionError,65.91105461120605
1786831504.8259573,ERROR:ConnectionError,99.57027435302734
1786831504.8032167,ERROR:ConnectionError,122.86257743835449
1786831504.8537776,ERROR:ConnectionError,79.01525497436523
1786831504.87128,ERROR:ConnectionError,63.5225772857666
1786831504.8510232,ERROR:ConnectionError,85.18195152282715
1786831504.8569086,ERROR:ConnectionError,80.32846450805664
1786831504.8407009,ERROR:ConnectionError,100.30269622802734
1786831504.8675363,ERROR:ConnectionError,76.77316665649414
1786831504.847647,ERROR:ConnectionError,97.38564491271973
1786831504.8412619,ERROR:ConnectionError,112.3204231262207
1786831504.8833218,ERROR:ConnectionError,71.12669944763184
1786831504.8573563,ERROR:ConnectionError,97.66268730163574
1786831504.862117,ERROR:ConnectionError,93.12129020690918
1786831504.8962402,ERROR:ConnectionError,59.77201461791992
1786831504.9083703,ERROR:ConnectionError,57.25908279418945
1786831504.8929412,ERROR:ConnectionError,76.7059326171875
1786831504.8952584,ERROR:ConnectionError,74.89323616027832
1786831504.9033542,ERROR:ConnectionError,67.55256652832031
1786831504.909646,ERROR:ConnectionError,69.49424743652344
1786831504.920551,ERROR:ConnectionError,58.889150619506836
1786831504.9069233,ERROR:ConnectionError,74.05352592468262
1786831504.8893297,ERROR:ConnectionError,94.36535835266113
1786831504.9260855,ERROR:ConnectionError,63.033342361450195
1786831504.876847,ERROR:ConnectionError,116.66393280029297
1786831504.9029236,ERROR:ConnectionError,91.34554862976074
1786831504.9080675,ERROR:ConnectionError,88.47522735595703
1786831504.9328,ERROR:ConnectionError,65.6592845916748
1786831504.8991861,ERROR:ConnectionError,99.81846809387207
1786831504.9443405,ERROR:ConnectionError,66.55383110046387
1786831504.953592,ERROR:ConnectionError,60.63032150268555
1786831504.9362133,ERROR:ConnectionError,84.13219451904297
1786831504.9039626,ERROR:ConnectionError,120.43142318725586
1786831504.9372416,ERROR:ConnectionError,87.8756046295166
1786831504.9560168,ERROR:ConnectionError,69.58627700805664
1786831504.9162307,ERROR:ConnectionError,109.91311073303223
1786831504.9450414,ERROR:ConnectionError,83.45532417297363
1786831504.9348106,ERROR:ConnectionError,97.83601760864258
1786831504.9701579,ERROR:ConnectionError,64.65935707092285
1786831504.9410121,ERROR:ConnectionError,109.61270332336426
1786831504.9552448,ERROR:ConnectionError,96.78483009338379
1786831504.9086277,ERROR:ConnectionError,146.6529369354248
1786831504.9255354,ERROR:ConnectionError,130.2661895751953
1786831504.9794478,ERROR:ConnectionError,76.90668106079102
1786831504.954455,ERROR:ConnectionError,102.8280258178711
1786831504.9965527,ERROR:ConnectionError,62.372684478759766
1786831505.014231,ERROR:ConnectionError,45.29213905334473
1786831504.9990106,ERROR:ConnectionError,62.04700469970703
1786831504.9935207,ERROR:ConnectionError,71.88987731933594
1786831504.9837043,ERROR:ConnectionError,83.8630199432373
1786831504.979152,ERROR:ConnectionError,89.21289443969727
1786831504.9809868,ERROR:ConnectionError,96.91834449768066
1786831505.024406,ERROR:ConnectionError,54.90922927856445
1786831504.9709127,ERROR:ConnectionError,110.28861999511719
1786831504.965643,ERROR:ConnectionError,117.28692054748535
1786831505.034831,ERROR:ConnectionError,59.67307090759277
1786831504.9984694,ERROR:ConnectionError,97.98026084899902
1786831504.955025,ERROR:ConnectionError,141.7679786682129
1786831505.0110023,ERROR:ConnectionError,94.48099136352539
1786831504.9891343,ERROR:ConnectionError,121.66070938110352
1786831505.0203567,ERROR:ConnectionError,96.30155563354492
1786831505.0251267,ERROR:ConnectionError,96.02999687194824
1786831504.9696562,ERROR:ConnectionError,163.96594047546387
1786831505.0256097,ERROR:ConnectionError,110.32223701477051
1786831505.032655,ERROR:ConnectionError,106.5988540649414
1786831504.9942772,ERROR:ConnectionError,147.5048065185547
1786831505.0506349,ERROR:ConnectionError,91.52722358703613
1786831505.0572922,ERROR:ConnectionError,85.48569679260254
1786831505.028504,ERROR:ConnectionError,114.81904983520508
1786831505.0563629,ERROR:ConnectionError,88.86289596557617
1786831505.0261514,ERROR:ConnectionError,120.19729614257812
1786831505.0675766,ERROR:ConnectionError,96.4510440826416
1786831505.0520399,ERROR:ConnectionError,112.68281936645508
1786831505.068394,ERROR:ConnectionError,98.22893142700195
1786831505.0812113,ERROR:ConnectionError,90.2242660522461
1786831505.0595312,ERROR:ConnectionError,124.95279312133789
1786831505.0610664,ERROR:ConnectionError,124.14121627807617
1786831505.082939,ERROR:ConnectionError,103.30629348754883
1786831505.1054945,ERROR:ConnectionError,83.63175392150879
1786831505.1166668,ERROR:ConnectionError,73.83155822753906
1786831505.0654185,ERROR:ConnectionError,126.11222267150879
1786831505.121168,ERROR:ConnectionError,71.01082801818848
1786831505.0945134,ERROR:ConnectionError,98.82926940917969
1786831505.0552998,ERROR:ConnectionError,143.4788703918457
1786831505.0779328,ERROR:ConnectionError,121.4148998260498
1786831505.0968,ERROR:ConnectionError,104.09665107727051
1786831505.1433282,ERROR:ConnectionError,57.936906814575195
1786831505.0589337,ERROR:ConnectionError,144.9120044708252
1786831505.0558116,ERROR:ConnectionError,150.42686462402344
1786831505.1108055,ERROR:ConnectionError,110.88347434997559
1786831505.1417913,ERROR:ConnectionError,82.12089538574219
1786831505.1359458,ERROR:ConnectionError,92.67663955688477
1786831505.1421702,ERROR:ConnectionError,90.67273139953613
1786831505.1463552,ERROR:ConnectionError,88.49930763244629
1786831505.1336324,ERROR:ConnectionError,107.29432106018066
1786831505.0793245,ERROR:ConnectionError,169.28863525390625
1786831505.1640384,ERROR:ConnectionError,87.24403381347656
1786831505.1452322,ERROR:ConnectionError,109.1318130493164
1786831505.096459,ERROR:ConnectionError,164.9770736694336
1786831505.1844928,ERROR:ConnectionError,90.12484550476074
1786831505.16473,ERROR:ConnectionError,113.2192611694336
1786831505.1392653,ERROR:ConnectionError,140.63358306884766
1786831505.1862547,ERROR:ConnectionError,96.30227088928223
1786831505.1905262,ERROR:ConnectionError,96.06218338012695
1786831505.2328544,ERROR:ConnectionError,61.14840507507324
1786831505.2286327,ERROR:ConnectionError,69.2603588104248
1786831505.1921887,ERROR:ConnectionError,108.60133171081543
1786831505.1427858,ERROR:ConnectionError,165.24791717529297
1786831505.1993544,ERROR:ConnectionError,109.87186431884766
1786831505.234866,ERROR:ConnectionError,79.01430130004883
1786831505.189139,ERROR:ConnectionError,125.36048889160156
1786831505.2216973,ERROR:ConnectionError,93.08624267578125
1786831505.201271,ERROR:ConnectionError,117.7072525024414
1786831505.2038543,ERROR:ConnectionError,115.60773849487305
1786831505.1666338,ERROR:ConnectionError,153.1198024749756
1786831505.1933498,ERROR:ConnectionError,126.9688606262207
1786831505.171451,ERROR:ConnectionError,153.4128189086914
1786831505.2062523,ERROR:ConnectionError,132.15947151184082
1786831505.2409368,ERROR:ConnectionError,104.85363006591797
1786831505.2486205,ERROR:ConnectionError,107.21969604492188
1786831505.1915364,ERROR:ConnectionError,164.75248336791992
1786831505.1852164,ERROR:ConnectionError,171.88358306884766
1786831505.254379,ERROR:ConnectionError,104.4764518737793
1786831505.2779589,ERROR:ConnectionError,82.22842216491699
1786831505.3007982,ERROR:ConnectionError,60.415029525756836
1786831505.261445,ERROR:ConnectionError,100.3410816192627
1786831505.198789,ERROR:ConnectionError,163.35701942443848
1786831505.2239206,ERROR:ConnectionError,139.63723182678223
1786831505.2009075,ERROR:ConnectionError,170.43399810791016
1786831505.2940977,ERROR:ConnectionError,84.2127799987793
1786831505.3092365,ERROR:ConnectionError,72.2954273223877
1786831505.2825696,ERROR:ConnectionError,109.18569564819336
1786831505.297902,ERROR:ConnectionError,98.80208969116211
1786831505.2865977,ERROR:ConnectionError,112.35332489013672
1786831505.313891,ERROR:ConnectionError,87.44931221008301
1786831505.3189912,ERROR:ConnectionError,82.8559398651123
1786831505.319765,ERROR:ConnectionError,84.95688438415527
1786831505.251294,ERROR:ConnectionError,161.3290309906006
1786831505.3080442,ERROR:ConnectionError,105.00192642211914
1786831505.3145072,ERROR:ConnectionError,99.50065612792969
1786831505.3147898,ERROR:ConnectionError,103.51085662841797
1786831505.2799103,ERROR:ConnectionError,138.8711929321289
1786831505.3458023,ERROR:ConnectionError,75.98686218261719
1786831505.3194702,ERROR:ConnectionError,104.45952415466309
1786831505.324875,ERROR:ConnectionError,101.43756866455078
1786831505.2746282,ERROR:ConnectionError,158.66756439208984
1786831505.3571062,ERROR:ConnectionError,77.01921463012695
1786831505.37832,ERROR:ConnectionError,58.753013610839844
1786831505.3612201,ERROR:ConnectionError,79.33998107910156
1786831505.356299,ERROR:ConnectionError,94.42615509033203
1786831505.371349,ERROR:ConnectionError,79.76078987121582
1786831505.3588657,ERROR:ConnectionError,92.55743026733398
1786831505.3601942,ERROR:ConnectionError,95.68119049072266
1786831505.3621528,ERROR:ConnectionError,107.48147964477539
1786831505.3635666,ERROR:ConnectionError,109.65228080749512
1786831505.3203278,ERROR:ConnectionError,159.45816040039062
1786831505.361792,ERROR:ConnectionError,124.73845481872559
1786831505.3967137,ERROR:ConnectionError,90.80386161804199
1786831505.3384242,ERROR:ConnectionError,154.1144847869873
1786831505.4013526,ERROR:ConnectionError,91.63475036621094
1786831505.401854,ERROR:ConnectionError,92.53478050231934
1786831505.4183116,ERROR:ConnectionError,78.8578987121582
1786831505.3558497,ERROR:ConnectionError,145.31302452087402
1786831505.4405744,ERROR:ConnectionError,80.82747459411621
1786831505.3989837,ERROR:ConnectionError,123.6581802368164
1786831505.4218025,ERROR:ConnectionError,101.84359550476074
1786831505.4239364,ERROR:ConnectionError,103.94501686096191
1786831505.4047296,ERROR:ConnectionError,123.5194206237793
1786831505.4140155,ERROR:ConnectionError,117.61045455932617
1786831505.4797964,ERROR:ConnectionError,53.905487060546875
1786831505.4507823,ERROR:ConnectionError,86.13395690917969
1786831505.381543,ERROR:ConnectionError,170.2289581298828
1786831505.4944,ERROR:ConnectionError,59.40532684326172
1786831505.4126332,ERROR:ConnectionError,141.7386531829834
1786831505.3917634,ERROR:ConnectionError,163.6033058166504
1786831505.492996,ERROR:ConnectionError,67.23594665527344
1786831505.4875262,ERROR:ConnectionError,74.9051570892334
1786831505.4263206,ERROR:ConnectionError,140.6865119934082
1786831505.4696488,ERROR:ConnectionError,100.56757926940918
1786831505.413054,ERROR:ConnectionError,157.73725509643555
1786831505.4558856,ERROR:ConnectionError,125.23674964904785
1786831505.4511163,ERROR:ConnectionError,130.34343719482422
1786831505.5011744,ERROR:ConnectionError,81.30264282226562
1786831505.473227,ERROR:ConnectionError,111.47785186767578
1786831505.4971805,ERROR:ConnectionError,88.7000560760498
1786831505.4341316,ERROR:ConnectionError,154.04224395751953
1786831505.4333086,ERROR:ConnectionError,157.4118137359619
1786831505.4370828,ERROR:ConnectionError,154.92558479309082
1786831505.4187894,ERROR:ConnectionError,176.0389804840088
1786831505.531637,ERROR:ConnectionError,63.88235092163086
1786831505.5282576,ERROR:ConnectionError,89.58554267883301
1786831505.4865415,ERROR:ConnectionError,134.97638702392578
1786831505.4925473,ERROR:ConnectionError,129.83322143554688
1786831505.522653,ERROR:ConnectionError,100.69465637207031
1786831505.551784,ERROR:ConnectionError,75.41847229003906
1786831505.451428,ERROR:ConnectionError,178.2686710357666
1786831505.5337105,ERROR:ConnectionError,103.8815975189209
1786831505.553816,ERROR:ConnectionError,87.76473999023438
1786831505.5670173,ERROR:ConnectionError,76.5068531036377
1786831505.5278945,ERROR:ConnectionError,118.44873428344727
1786831505.5956068,ERROR:ConnectionError,54.94379997253418
1786831505.570226,ERROR:ConnectionError,83.18924903869629
1786831505.5236578,ERROR:ConnectionError,131.29091262817383
1786831505.5214205,ERROR:ConnectionError,136.53016090393066
1786831505.592022,ERROR:ConnectionError,71.57349586486816
1786831505.5543814,ERROR:ConnectionError,114.11380767822266
1786831505.5624418,ERROR:ConnectionError,108.00290107727051
1786831505.5602407,ERROR:ConnectionError,110.94141006469727
1786831505.581467,ERROR:ConnectionError,95.02768516540527
1786831505.5553741,ERROR:ConnectionError,121.81568145751953
1786831505.5707977,ERROR:ConnectionError,113.08932304382324
1786831505.5858932,ERROR:ConnectionError,99.33996200561523
1786831505.5847156,ERROR:ConnectionError,104.11810874938965
1786831505.5881844,ERROR:ConnectionError,106.9800853729248
1786831505.6272197,ERROR:ConnectionError,75.67620277404785
1786831505.5811327,ERROR:ConnectionError,126.51824951171875
1786831505.62973,ERROR:ConnectionError,78.84764671325684
1786831505.6534293,ERROR:ConnectionError,55.855512619018555
1786831505.5948412,ERROR:ConnectionError,117.91634559631348
1786831505.5369248,ERROR:ConnectionError,178.31182479858398
1786831505.641592,ERROR:ConnectionError,79.82730865478516
1786831505.590727,ERROR:ConnectionError,131.00194931030273
1786831505.6223922,ERROR:ConnectionError,100.95524787902832
1786831505.5824847,ERROR:ConnectionError,141.21627807617188
1786831505.6636112,ERROR:ConnectionError,61.76114082336426
1786831505.6376019,ERROR:ConnectionError,89.20693397521973
1786831505.6215281,ERROR:ConnectionError,113.39664459228516
1786831505.6233604,ERROR:ConnectionError,112.45346069335938
1786831505.6435328,ERROR:ConnectionError,95.63350677490234
1786831505.6704574,ERROR:ConnectionError,69.00858879089355
1786831505.6888485,ERROR:ConnectionError,57.0673942565918
1786831505.654959,ERROR:ConnectionError,94.38443183898926
1786831505.6765087,ERROR:ConnectionError,81.22444152832031
1786831505.6178558,ERROR:ConnectionError,141.30735397338867
1786831505.6711893,ERROR:ConnectionError,89.62488174438477
1786831505.7029037,ERROR:ConnectionError,59.775352478027344
1786831505.6771975,ERROR:ConnectionError,87.24236488342285
1786831505.657961,ERROR:ConnectionError,108.61492156982422
1786831505.6685052,ERROR:ConnectionError,104.13026809692383
1786831505.6839006,ERROR:ConnectionError,89.54334259033203
1786831505.6852438,ERROR:ConnectionError,91.84765815734863
1786831505.7253878,ERROR:ConnectionError,51.999568939208984
1786831505.708587,ERROR:ConnectionError,70.05739212036133
1786831505.6951733,ERROR:ConnectionError,85.55817604064941
1786831505.7092922,ERROR:ConnectionError,72.48044013977051
1786831505.646352,ERROR:ConnectionError,135.87665557861328
1786831505.6505597,ERROR:ConnectionError,134.25135612487793
1786831505.7127666,ERROR:ConnectionError,72.42250442504883
1786831505.734936,ERROR:ConnectionError,64.72373008728027
1786831505.7233582,ERROR:ConnectionError,77.55208015441895
1786831505.7076614,ERROR:ConnectionError,94.2983627319336
1786831505.7493567,ERROR:ConnectionError,55.28378486633301
1786831505.7268188,ERROR:ConnectionError,81.20059967041016
1786831505.715246,ERROR:ConnectionError,93.45054626464844
1786831505.739472,ERROR:ConnectionError,70.96195220947266
1786831505.7237072,ERROR:ConnectionError,96.17972373962402
1786831505.721429,ERROR:ConnectionError,109.04955863952637
1786831505.7217612,ERROR:ConnectionError,110.05353927612305
1786831505.7459297,ERROR:ConnectionError,90.49820899963379
1786831505.762688,ERROR:ConnectionError,76.80606842041016
1786831505.7591736,ERROR:ConnectionError,80.60646057128906
1786831505.7644494,ERROR:ConnectionError,77.1474838256836
1786831505.739181,ERROR:ConnectionError,106.14609718322754
1786831505.7786546,ERROR:ConnectionError,71.14148139953613
1786831505.773456,ERROR:ConnectionError,78.44996452331543
1786831505.7817793,ERROR:ConnectionError,71.49887084960938
1786831505.8019702,ERROR:ConnectionError,54.236412048339844
1786831505.7807405,ERROR:ConnectionError,76.71451568603516
1786831505.757742,ERROR:ConnectionError,103.54018211364746
1786831505.760828,ERROR:ConnectionError,102.00881958007812
1786831505.7358205,ERROR:ConnectionError,139.2369270324707
1786831505.7848196,ERROR:ConnectionError,101.06062889099121
1786831505.7773936,ERROR:ConnectionError,108.84237289428711
1786831505.7665846,ERROR:ConnectionError,120.54228782653809
1786831505.8046508,ERROR:ConnectionError,83.87470245361328
1786831505.772646,ERROR:ConnectionError,121.27518653869629
1786831505.8087091,ERROR:ConnectionError,87.11981773376465
1786831505.8104422,ERROR:ConnectionError,86.86518669128418
1786831505.8416038,ERROR:ConnectionError,58.357954025268555
1786831505.8009164,ERROR:ConnectionError,101.26543045043945
1786831505.7771037,ERROR:ConnectionError,129.17041778564453
1786831505.8395035,ERROR:ConnectionError,69.37098503112793
1786831505.8364365,ERROR:ConnectionError,72.90887832641602
1786831505.8080337,ERROR:ConnectionError,101.65691375732422
1786831505.7822347,ERROR:ConnectionError,134.7043514251709
1786831505.8318233,ERROR:ConnectionError,85.44206619262695
1786831505.853291,ERROR:ConnectionError,68.86625289916992
1786831505.7851968,ERROR:ConnectionError,138.87524604797363
1786831505.8613288,ERROR:ConnectionError,63.83705139160156
1786831505.7996664,ERROR:ConnectionError,129.41884994506836
1786831505.886244,ERROR:ConnectionError,46.84782028198242
1786831505.8304925,ERROR:ConnectionError,104.94017601013184
1786831505.8397846,ERROR:ConnectionError,99.63607788085938
1786831505.8885334,ERROR:ConnectionError,52.01244354248047
1786831505.8453393,ERROR:ConnectionError,104.60209846496582
1786831505.862845,ERROR:ConnectionError,87.81790733337402
1786831505.8973584,ERROR:ConnectionError,53.691864013671875
1786831505.8519137,ERROR:ConnectionError,108.71148109436035
1786831505.8574615,ERROR:ConnectionError,109.43913459777832
1786831505.8958397,ERROR:ConnectionError,74.93329048156738
1786831505.9062822,ERROR:ConnectionError,65.1850700378418
1786831505.8871346,ERROR:ConnectionError,88.46759796142578
1786831505.8750665,ERROR:ConnectionError,105.50498962402344
1786831505.922169,ERROR:ConnectionError,61.525821685791016
1786831505.9088826,ERROR:ConnectionError,77.58784294128418
1786831505.856219,ERROR:ConnectionError,132.1558952331543
1786831505.9251785,ERROR:ConnectionError,65.27471542358398
1786831505.8939323,ERROR:ConnectionError,103.78265380859375
1786831505.8499112,ERROR:ConnectionError,149.8250961303711
1786831505.902193,ERROR:ConnectionError,97.97334671020508
1786831505.9290938,ERROR:ConnectionError,76.02715492248535
1786831505.935439,ERROR:ConnectionError,73.99201393127441
1786831505.9093513,ERROR:ConnectionError,102.47397422790527
1786831505.8198986,ERROR:ConnectionError,192.9628849029541
1786831505.8858895,ERROR:ConnectionError,128.3266544342041
1786831505.909697,ERROR:ConnectionError,107.25927352905273
1786831505.8999705,ERROR:ConnectionError,120.95236778259277
1786831505.9405637,ERROR:ConnectionError,81.08019828796387
1786831505.9330997,ERROR:ConnectionError,103.41763496398926
1786831505.9172711,ERROR:ConnectionError,128.6931037902832
1786831505.916949,ERROR:ConnectionError,130.41424751281738
1786831505.924129,ERROR:ConnectionError,128.59058380126953
1786831505.9714751,ERROR:ConnectionError,82.66758918762207
1786831505.9510558,ERROR:ConnectionError,107.48291015625
1786831505.9606354,ERROR:ConnectionError,105.58032989501953
1786831505.9904604,ERROR:ConnectionError,81.26616477966309
1786831505.949967,ERROR:ConnectionError,127.02298164367676
1786831505.9506695,ERROR:ConnectionError,130.24640083312988
1786831505.9394345,ERROR:ConnectionError,143.05400848388672
1786831505.9837043,ERROR:ConnectionError,104.24399375915527
1786831505.9759135,ERROR:ConnectionError,124.69768524169922
1786831505.96691,ERROR:ConnectionError,134.68575477600098
1786831506.0094423,ERROR:ConnectionError,93.00851821899414
1786831505.9805863,ERROR:ConnectionError,128.23104858398438
1786831505.9977245,ERROR:ConnectionError,136.2295150756836
1786831505.9883838,ERROR:ConnectionError,154.39748764038086
1786831506.012922,ERROR:ConnectionError,138.23461532592773
1786831506.0209348,ERROR:ConnectionError,152.4338722229004
1786831505.970787,ERROR:ConnectionError,204.15425300598145
1786831505.9997451,ERROR:ConnectionError,188.2922649383545
1786831506.016968,ERROR:ConnectionError,186.68198585510254
1786831505.9864848,ERROR:ConnectionError,227.31733322143555
1786831506.0051296,ERROR:ConnectionError,215.63315391540527
1786831506.0142252,ERROR:ConnectionError,212.46004104614258
1786831506.0118356,ERROR:ConnectionError,219.3000316619873
1786831506.0585515,ERROR:ConnectionError,179.53848838806152
1786831506.0527308,ERROR:ConnectionError,187.5009536743164
1786831506.0001729,ERROR:ConnectionError,240.59677124023438
1786831506.0717368,ERROR:ConnectionError,173.3407974243164
1786831506.0541523,ERROR:ConnectionError,192.82031059265137
1786831506.0809274,ERROR:ConnectionError,166.69511795043945
1786831506.087957,ERROR:ConnectionError,168.30778121948242
1786831506.0365252,ERROR:ConnectionError,220.14546394348145
1786831506.045977,ERROR:ConnectionError,215.18540382385254
1786831506.0824995,ERROR:ConnectionError,181.04839324951172
1786831506.0473728,ERROR:ConnectionError,218.37592124938965
1786831506.021653,ERROR:ConnectionError,246.60372734069824
1786831506.1016262,ERROR:ConnectionError,170.55225372314453
1786831506.0770006,ERROR:ConnectionError,197.0534324645996
1786831506.066224,ERROR:ConnectionError,209.0771198272705
1786831506.1006246,ERROR:ConnectionError,180.94301223754883
1786831506.1339657,ERROR:ConnectionError,148.29683303833008
1786831506.1511664,ERROR:ConnectionError,133.97765159606934
1786831506.108829,ERROR:ConnectionError,178.8778305053711
1786831506.1428168,ERROR:ConnectionError,151.51143074035645
1786831506.1749527,ERROR:ConnectionError,121.88124656677246
1786831506.17338,ERROR:ConnectionError,124.09567832946777
1786831506.1880474,ERROR:ConnectionError,109.71808433532715
1786831506.2207773,ERROR:ConnectionError,77.96382904052734
1786831506.2138126,ERROR:ConnectionError,86.95530891418457
1786831506.1024568,ERROR:ConnectionError,200.49023628234863
1786831506.2381012,ERROR:ConnectionError,80.01518249511719
1786831506.24763,ERROR:ConnectionError,70.77932357788086
1786831506.2402399,ERROR:ConnectionError,79.07366752624512
1786831506.226697,ERROR:ConnectionError,93.5664176940918
1786831506.2311447,ERROR:ConnectionError,92.26131439208984
1786831506.2036633,ERROR:ConnectionError,120.36275863647461
1786831506.2721872,ERROR:ConnectionError,67.10529327392578
1786831506.263558,ERROR:ConnectionError,76.21264457702637
1786831506.2469814,ERROR:ConnectionError,100.46601295471191
1786831506.2562752,ERROR:ConnectionError,92.3912525177002
1786831506.2407749,ERROR:ConnectionError,108.20293426513672
1786831506.2682679,ERROR:ConnectionError,85.50882339477539
1786831506.2450883,ERROR:ConnectionError,110.29672622680664
1786831506.2657568,ERROR:ConnectionError,90.83056449890137
1786831506.2822692,ERROR:ConnectionError,75.10709762573242
1786831506.296844,ERROR:ConnectionError,71.33889198303223
1786831506.2611897,ERROR:ConnectionError,107.8948974609375
1786831506.297482,ERROR:ConnectionError,73.1191635131836
1786831506.2943356,ERROR:ConnectionError,80.00540733337402
1786831506.2566772,ERROR:ConnectionError,120.7880973815918
1786831506.2877207,ERROR:ConnectionError,90.09933471679688
1786831506.300777,ERROR:ConnectionError,79.20384407043457
1786831506.319322,ERROR:ConnectionError,61.50031089782715
1786831506.2815785,ERROR:ConnectionError,100.24309158325195
1786831506.2740686,ERROR:ConnectionError,117.53511428833008
1786831506.2851527,ERROR:ConnectionError,108.10637474060059
1786831506.298748,ERROR:ConnectionError,99.53188896179199
1786831506.29777,ERROR:ConnectionError,101.53865814208984
1786831506.3184147,ERROR:ConnectionError,87.38422393798828
1786831506.3565974,ERROR:ConnectionError,55.09376525878906
1786831506.3397796,ERROR:ConnectionError,74.5856761932373
1786831506.3029552,ERROR:ConnectionError,111.86623573303223
1786831506.318124,ERROR:ConnectionError,97.02301025390625
1786831506.3240364,ERROR:ConnectionError,93.93453598022461
1786831506.353791,ERROR:ConnectionError,65.91010093688965
1786831506.3234186,ERROR:ConnectionError,107.78665542602539
1786831506.320271,ERROR:ConnectionError,111.77349090576172
1786831506.2753105,ERROR:ConnectionError,164.21914100646973
1786831506.3393044,ERROR:ConnectionError,103.19900512695312
1786831506.3778281,ERROR:ConnectionError,67.3074722290039
1786831506.379989,ERROR:ConnectionError,73.1055736541748
1786831506.3706102,ERROR:ConnectionError,87.56375312805176
1786831506.4117074,ERROR:ConnectionError,48.96187782287598
1786831506.3573842,ERROR:ConnectionError,106.62055015563965
1786831506.3774755,ERROR:ConnectionError,87.18490600585938
1786831506.3553927,ERROR:ConnectionError,111.1750602722168
1786831506.3932695,ERROR:ConnectionError,75.94752311706543
1786831506.4197097,ERROR:ConnectionError,50.65798759460449
1786831506.348984,ERROR:ConnectionError,127.24518775939941
1786831506.3486733,ERROR:ConnectionError,131.84261322021484
1786831506.3916144,ERROR:ConnectionError,90.88778495788574
1786831506.3474555,ERROR:ConnectionError,137.34817504882812
1786831506.4143732,ERROR:ConnectionError,86.11273765563965
1786831506.417981,ERROR:ConnectionError,85.41703224182129
1786831506.3982892,ERROR:ConnectionError,110.85343360900879
1786831506.3743496,ERROR:ConnectionError,138.90457153320312
1786831506.3690913,ERROR:ConnectionError,144.6213722229004
1786831506.3808284,ERROR:ConnectionError,135.53309440612793
1786831506.414829,ERROR:ConnectionError,103.62529754638672
1786831506.4058082,ERROR:ConnectionError,120.41950225830078
1786831506.4640138,ERROR:ConnectionError,62.81757354736328
1786831506.3818285,ERROR:ConnectionError,145.4939842224121
1786831506.3993182,ERROR:ConnectionError,133.8973045349121
1786831506.4425166,ERROR:ConnectionError,93.73712539672852
1786831506.503413,ERROR:ConnectionError,33.31780433654785
1786831506.4395394,ERROR:ConnectionError,97.84722328186035
1786831506.4151528,ERROR:ConnectionError,125.25272369384766
1786831506.431215,ERROR:ConnectionError,112.60437965393066
1786831506.4451504,ERROR:ConnectionError,106.21404647827148
1786831506.3681908,ERROR:ConnectionError,191.21336936950684
1786831506.4665773,ERROR:ConnectionError,96.16923332214355
1786831506.4848146,ERROR:ConnectionError,81.88557624816895
1786831506.5132673,ERROR:ConnectionError,54.585933685302734
1786831506.4531054,ERROR:ConnectionError,115.05818367004395
1786831506.4762573,ERROR:ConnectionError,93.20521354675293
1786831506.4646668,ERROR:ConnectionError,108.04152488708496
1786831506.4581873,ERROR:ConnectionError,119.23575401306152
1786831506.4320524,ERROR:ConnectionError,148.21672439575195
1786831506.5004935,ERROR:ConnectionError,81.93278312683105
1786831506.4703794,ERROR:ConnectionError,125.2295970916748
1786831506.4825168,ERROR:ConnectionError,114.61400985717773
1786831506.4805272,ERROR:ConnectionError,117.51604080200195
1786831506.5091555,ERROR:ConnectionError,102.33664512634277
1786831506.5273306,ERROR:ConnectionError,85.8922004699707
1786831506.4692285,ERROR:ConnectionError,147.4015712738037
1786831506.5184624,ERROR:ConnectionError,107.60140419006348
1786831506.5694733,ERROR:ConnectionError,58.472394943237305
1786831506.5137198,ERROR:ConnectionError,116.74785614013672
1786831506.5268397,ERROR:ConnectionError,106.08196258544922
1786831506.5404222,ERROR:ConnectionError,93.65272521972656
1786831506.5667112,ERROR:ConnectionError,78.24492454528809
1786831506.5373952,ERROR:ConnectionError,111.21034622192383
1786831506.5332258,ERROR:ConnectionError,115.80061912536621
1786831506.460683,ERROR:ConnectionError,191.30873680114746
1786831506.5594122,ERROR:ConnectionError,96.25673294067383
1786831506.5367389,ERROR:ConnectionError,119.62676048278809
1786831506.526245,ERROR:ConnectionError,136.29579544067383
1786831506.5438364,ERROR:ConnectionError,119.12775039672852
1786831506.5971422,ERROR:ConnectionError,68.93372535705566
1786831506.5774333,ERROR:ConnectionError,90.423583984375
1786831506.5362635,ERROR:ConnectionError,134.1407299041748
1786831506.5681686,ERROR:ConnectionError,103.11555862426758
1786831506.5727174,ERROR:ConnectionError,101.09519958496094
1786831506.582436,ERROR:ConnectionError,103.99007797241211
1786831506.516372,ERROR:ConnectionError,173.38204383850098
1786831506.5980568,ERROR:ConnectionError,92.61703491210938
1786831506.5956223,ERROR:ConnectionError,99.40600395202637
1786831506.6260784,ERROR:ConnectionError,69.89383697509766
1786831506.562756,ERROR:ConnectionError,133.50653648376465
1786831506.634086,ERROR:ConnectionError,65.78421592712402
1786831506.5678616,ERROR:ConnectionError,137.24446296691895
1786831506.6115031,ERROR:ConnectionError,95.94130516052246
1786831506.6166382,ERROR:ConnectionError,91.60614013671875
1786831506.6329327,ERROR:ConnectionError,84.33294296264648
1786831506.5513988,ERROR:ConnectionError,169.5401668548584
1786831506.6279576,ERROR:ConnectionError,98.62160682678223
1786831506.6629708,ERROR:ConnectionError,64.40067291259766
1786831506.5803277,ERROR:ConnectionError,150.0411033630371
1786831506.644965,ERROR:ConnectionError,86.50612831115723
1786831506.6712942,ERROR:ConnectionError,61.89250946044922
1786831506.6304793,ERROR:ConnectionError,108.90722274780273
1786831506.6490326,ERROR:ConnectionError,96.30179405212402
1786831506.6704166,ERROR:ConnectionError,75.74915885925293
1786831506.6486182,ERROR:ConnectionError,100.1427173614502
1786831506.6132336,ERROR:ConnectionError,137.5710964202881
1786831506.6563737,ERROR:ConnectionError,96.42839431762695
1786831506.6739259,ERROR:ConnectionError,79.90479469299316
1786831506.6660883,ERROR:ConnectionError,92.6969051361084
1786831506.66255,ERROR:ConnectionError,97.198486328125
1786831506.6520014,ERROR:ConnectionError,111.71245574951172
1786831506.6678655,ERROR:ConnectionError,103.26004028320312
1786831506.7082553,ERROR:ConnectionError,64.9111270904541
1786831506.7051213,ERROR:ConnectionError,68.74442100524902
1786831506.717275,ERROR:ConnectionError,57.02090263366699
1786831506.6897678,ERROR:ConnectionError,88.65618705749512
1786831506.6557238,ERROR:ConnectionError,142.67230033874512
1786831506.6906912,ERROR:ConnectionError,108.21342468261719
1786831506.7487717,ERROR:ConnectionError,54.61263656616211
1786831506.7209482,ERROR:ConnectionError,90.35110473632812
1786831506.6864364,ERROR:ConnectionError,125.39792060852051
1786831496.8028295,ERROR:ReadTimeout,10010.695695877075
1786831506.6998796,ERROR:ConnectionError,115.2191162109375
1786831506.6962686,ERROR:ConnectionError,123.84200096130371
1786831506.7314806,ERROR:ConnectionError,91.78543090820312
1786831506.7528121,ERROR:ConnectionError,70.85776329040527
1786831506.758795,ERROR:ConnectionError,68.77446174621582
1786831506.7303805,ERROR:ConnectionError,102.08773612976074
1786831506.707457,ERROR:ConnectionError,125.46157836914062
1786831506.7267394,ERROR:ConnectionError,108.34717750549316
1786831506.6959803,ERROR:ConnectionError,141.14832878112793
1786831506.7508137,ERROR:ConnectionError,90.66891670227051
1786831506.7597554,ERROR:ConnectionError,83.08792114257812
1786831506.7731771,ERROR:ConnectionError,72.16167449951172
1786831506.727379,ERROR:ConnectionError,118.9272403717041
1786831506.6950374,ERROR:ConnectionError,153.56159210205078
1786831506.773878,ERROR:ConnectionError,75.12569427490234
1786831506.7461736,ERROR:ConnectionError,104.83503341674805
1786831506.7453454,ERROR:ConnectionError,109.35354232788086
1786831506.7984064,ERROR:ConnectionError,59.29708480834961
1786831506.7784345,ERROR:ConnectionError,85.65902709960938
1786831506.774303,ERROR:ConnectionError,90.20376205444336
1786831506.7538424,ERROR:ConnectionError,116.72687530517578
1786831506.8113136,ERROR:ConnectionError,59.658050537109375
1786831506.7637239,ERROR:ConnectionError,110.87822914123535
1786831506.8135345,ERROR:ConnectionError,67.09814071655273
1786831506.8033936,ERROR:ConnectionError,93.33634376525879
1786831506.7393975,ERROR:ConnectionError,161.76247596740723
1786831506.8232746,ERROR:ConnectionError,78.71794700622559
1786831506.8463142,ERROR:ConnectionError,65.50741195678711
1786831506.7331972,ERROR:ConnectionError,179.39329147338867
1786831506.79891,ERROR:ConnectionError,122.19595909118652
1786831506.8236754,ERROR:ConnectionError,106.24480247497559
1786831506.8806436,ERROR:ConnectionError,52.259206771850586
1786831506.8329244,ERROR:ConnectionError,106.83226585388184
1786831506.8151076,ERROR:ConnectionError,125.1227855682373
1786831506.8746145,ERROR:ConnectionError,68.37606430053711
1786831506.841494,ERROR:ConnectionError,114.66431617736816
1786831506.7711365,ERROR:ConnectionError,185.45818328857422
1786831506.842855,ERROR:ConnectionError,115.29397964477539
1786831506.8510194,ERROR:ConnectionError,107.96976089477539
1786831506.8201206,ERROR:ConnectionError,146.59690856933594
1786831506.8705785,ERROR:ConnectionError,96.94480895996094
1786831506.8490133,ERROR:ConnectionError,121.90508842468262
1786831496.9314384,ERROR:ReadTimeout,10045.403242111206
1786831506.8324814,ERROR:ConnectionError,147.66764640808105
1786831506.8275843,ERROR:ConnectionError,153.97953987121582
1786831506.8486133,ERROR:ConnectionError,134.17506217956543
1786831506.8967392,ERROR:ConnectionError,87.27884292602539
1786831506.8118439,ERROR:ConnectionError,173.27070236206055
1786831506.837141,ERROR:ConnectionError,157.75299072265625
1786831506.9020047,ERROR:ConnectionError,96.68493270874023
1786831506.8577187,ERROR:ConnectionError,141.33286476135254
1786831506.9125984,ERROR:ConnectionError,91.88628196716309
1786831506.8547125,ERROR:ConnectionError,163.27452659606934
1786831506.864513,ERROR:ConnectionError,155.58362007141113
1786831506.8709788,ERROR:ConnectionError,150.79069137573242
1786831506.932912,ERROR:ConnectionError,94.98953819274902
1786831506.9709296,ERROR:ConnectionError,62.06202507019043
1786831506.9011729,ERROR:ConnectionError,136.28244400024414
1786831506.9299314,ERROR:ConnectionError,109.89260673522949
1786831506.9429984,ERROR:ConnectionError,97.15604782104492
1786831506.9211168,ERROR:ConnectionError,119.39215660095215
1786831506.8350978,ERROR:ConnectionError,208.3268165588379
1786831506.9675329,ERROR:ConnectionError,89.23149108886719
1786831506.982796,ERROR:ConnectionError,77.6054859161377
1786831506.9397645,ERROR:ConnectionError,122.60985374450684
1786831506.984028,ERROR:ConnectionError,83.52899551391602
1786831506.9589958,ERROR:ConnectionError,110.3212833404541
1786831497.059535,ERROR:ReadTimeout,10018.545150756836
1786831497.0506809,ERROR:ReadTimeout,10028.870344161987
1786831497.0511494,ERROR:ReadTimeout,10029.029369354248
1786831506.956602,ERROR:ConnectionError,126.39141082763672
1786831506.8641052,ERROR:ConnectionError,220.46256065368652
1786831506.8453486,ERROR:ConnectionError,248.64792823791504
1786831506.9581585,ERROR:ConnectionError,138.00811767578125
1786831506.9118958,ERROR:ConnectionError,186.06901168823242
1786831506.9768548,ERROR:ConnectionError,122.85208702087402
1786831497.0947351,ERROR:ReadTimeout,10009.974241256714
1786831506.9801579,ERROR:ConnectionError,126.34515762329102
1786831497.0925505,ERROR:ReadTimeout,10015.894889831543
1786831497.0831387,ERROR:ReadTimeout,10027.740955352783
1786831497.092278,ERROR:ReadTimeout,10038.856506347656
1786831497.104056,ERROR:ReadTimeout,10030.38477897644
1786831507.0401602,ERROR:ConnectionError,98.13046455383301
1786831507.060415,ERROR:ConnectionError,79.44512367248535
1786831497.104657,ERROR:ReadTimeout,10036.6370677948
1786831497.1055639,ERROR:ReadTimeout,10036.020994186401
1786831506.9815738,ERROR:ConnectionError,165.3153896331787
1786831497.1037295,ERROR:ReadTimeout,10047.890186309814
1786831506.9851456,ERROR:ConnectionError,169.80457305908203
1786831507.004498,ERROR:ConnectionError,150.88415145874023
1786831497.1163065,ERROR:ReadTimeout,10039.430856704712
1786831497.1044548,ERROR:ReadTimeout,10051.591873168945
1786831506.9667263,ERROR:ConnectionError,190.90509414672852
1786831506.9949033,ERROR:ConnectionError,168.7004566192627
1786831506.9402368,ERROR:ConnectionError,228.0721664428711
1786831507.0179996,ERROR:ConnectionError,158.23864936828613
1786831507.039833,ERROR:ConnectionError,148.15115928649902
1786831506.998701,ERROR:ConnectionError,194.18764114379883
1786831507.033,ERROR:ConnectionError,167.9861545562744
1786831507.0434384,ERROR:ConnectionError,157.83333778381348
1786831507.0217822,ERROR:ConnectionError,179.92401123046875
1786831507.0405154,ERROR:ConnectionError,163.39778900146484
1786831507.0780897,ERROR:ConnectionError,126.57952308654785
1786831506.9561737,ERROR:ConnectionError,249.0675449371338
1786831507.0675657,ERROR:ConnectionError,138.7166976928711
1786831507.080187,ERROR:ConnectionError,127.7012825012207
1786831507.0845757,ERROR:ConnectionError,125.8394718170166
1786831507.0693247,ERROR:ConnectionError,143.52917671203613
1786831507.0279133,ERROR:ConnectionError,192.05689430236816
1786831497.2024424,ERROR:ReadTimeout,10019.301176071167
1786831507.1108882,ERROR:ConnectionError,112.21647262573242
1786831497.202733,ERROR:ReadTimeout,10023.045063018799
1786831507.0623837,ERROR:ConnectionError,167.71674156188965
1786831497.2029412,ERROR:ReadTimeout,10027.550220489502
1786831507.0374691,ERROR:ConnectionError,195.1768398284912
1786831506.9990597,ERROR:ConnectionError,236.128568649292
1786831507.07956,ERROR:ConnectionError,168.50018501281738
1786831507.1383064,ERROR:ConnectionError,118.77846717834473
1786831507.0201087,ERROR:ConnectionError,237.5509738922119
1786831507.1047225,ERROR:ConnectionError,154.77967262268066
1786831507.141304,ERROR:ConnectionError,126.06596946716309
1786831507.0940096,ERROR:ConnectionError,174.24631118774414
1786831507.106511,ERROR:ConnectionError,165.27962684631348
1786831507.108526,ERROR:ConnectionError,163.8500690460205
1786831507.1576452,ERROR:ConnectionError,118.40033531188965
1786831507.1398673,ERROR:ConnectionError,139.10722732543945
1786831507.0961769,ERROR:ConnectionError,183.61353874206543
1786831507.0997183,ERROR:ConnectionError,184.11493301391602
1786831507.1344545,ERROR:ConnectionError,152.97508239746094
1786831507.0567796,ERROR:ConnectionError,232.79786109924316
1786831507.131144,ERROR:ConnectionError,167.16957092285156
1786831507.0830052,ERROR:ConnectionError,216.57133102416992
1786831507.0979753,ERROR:ConnectionError,204.6501636505127
1786831507.1557431,ERROR:ConnectionError,150.03609657287598
1786831507.1553907,ERROR:ConnectionError,151.3354778289795
1786831507.1468983,ERROR:ConnectionError,160.1099967956543
1786831507.156054,ERROR:ConnectionError,153.15508842468262
1786831507.1879954,ERROR:ConnectionError,125.6110668182373
1786831507.1762471,ERROR:ConnectionError,138.95916938781738
1786831507.2104266,ERROR:ConnectionError,105.24845123291016
1786831507.1516316,ERROR:ConnectionError,166.4121150970459
1786831507.20629,ERROR:ConnectionError,115.41390419006348
1786831507.168318,ERROR:ConnectionError,160.6154441833496
1786831507.14159,ERROR:ConnectionError,193.89700889587402
1786831507.2009945,ERROR:ConnectionError,136.2156867980957
1786831507.2046783,ERROR:ConnectionError,154.51979637145996
1786831507.2128632,ERROR:ConnectionError,147.07303047180176
1786831507.1636138,ERROR:ConnectionError,210.93153953552246
1786831507.2052493,ERROR:ConnectionError,170.54176330566406
1786831507.2257864,ERROR:ConnectionError,152.30798721313477
1786831507.1549637,ERROR:ConnectionError,232.47361183166504
1786831507.2079053,ERROR:ConnectionError,188.9805793762207
1786831507.2012777,ERROR:ConnectionError,224.1039276123047
1786831507.2039225,ERROR:ConnectionError,270.5526351928711
1786831507.1929038,ERROR:ConnectionError,286.057710647583
1786831507.2231128,ERROR:ConnectionError,270.721435546875
1786831507.2017133,ERROR:ConnectionError,298.0682849884033
1786831507.248072,ERROR:ConnectionError,257.0481300354004
1786831507.221756,ERROR:ConnectionError,287.18042373657227
1786831507.2304964,ERROR:ConnectionError,278.8398265838623
1786831507.3057911,ERROR:ConnectionError,236.4659309387207
1786831507.230111,ERROR:ConnectionError,312.6518726348877
1786831507.2352014,ERROR:ConnectionError,307.88683891296387
1786831507.2200346,ERROR:ConnectionError,323.8997459411621
1786831507.3026388,ERROR:ConnectionError,242.94257164001465
1786831507.3354948,ERROR:ConnectionError,210.59632301330566
1786831507.2723863,ERROR:ConnectionError,274.1062641143799
1786831507.2789862,ERROR:ConnectionError,267.9727077484131
1786831507.28744,ERROR:ConnectionError,260.6656551361084
1786831507.2673798,ERROR:ConnectionError,281.02564811706543
1786831507.313616,ERROR:ConnectionError,235.01062393188477
1786831507.318054,ERROR:ConnectionError,232.38158226013184
1786831507.2576656,ERROR:ConnectionError,293.0586338043213
1786831507.2995856,ERROR:ConnectionError,251.4026165008545
1786831507.2595112,ERROR:ConnectionError,292.01817512512207
1786831507.2760549,ERROR:ConnectionError,276.57198905944824
1786831507.309214,ERROR:ConnectionError,244.22574043273926
1786831507.315683,ERROR:ConnectionError,238.67034912109375
1786831507.2682652,ERROR:ConnectionError,289.03746604919434
1786831507.2718034,ERROR:ConnectionError,286.00382804870605
1786831507.2983227,ERROR:ConnectionError,259.9010467529297
1786831507.2895844,ERROR:ConnectionError,272.3417282104492
1786831507.3599432,ERROR:ConnectionError,202.27718353271484
1786831507.283844,ERROR:ConnectionError,279.3865203857422
1786831507.3152142,ERROR:ConnectionError,251.64365768432617
1786831507.3592117,ERROR:ConnectionError,208.18781852722168
1786831507.3067336,ERROR:ConnectionError,262.3264789581299
1786831507.378101,ERROR:ConnectionError,192.80028343200684
1786831507.425388,ERROR:ConnectionError,148.12278747558594
1786831507.4938474,ERROR:ConnectionError,82.34786987304688
1786831507.3874443,ERROR:ConnectionError,189.50247764587402
1786831507.2797987,ERROR:ConnectionError,297.8401184082031
1786831507.3070126,ERROR:ConnectionError,271.7437744140625
1786831507.2326546,ERROR:ConnectionError,347.3644256591797
1786831507.3969014,ERROR:ConnectionError,184.72003936767578
1786831507.3289442,ERROR:ConnectionError,253.99518013000488
1786831507.499793,ERROR:ConnectionError,84.31124687194824
1786831507.2571025,ERROR:ConnectionError,327.5132179260254
1786831507.3757968,ERROR:ConnectionError,216.70293807983398
1786831507.5051312,ERROR:ConnectionError,93.45483779907227
1786831507.4789727,ERROR:ConnectionError,122.32661247253418
1786831507.3745592,ERROR:ConnectionError,244.15278434753418
1786831507.3372154,ERROR:ConnectionError,282.879114151001
1786831507.474483,ERROR:ConnectionError,146.50225639343262
1786831507.321715,ERROR:ConnectionError,299.5181083679199
1786831507.553445,ERROR:ConnectionError,81.50529861450195
1786831507.5439408,ERROR:ConnectionError,91.34769439697266
1786831507.5461085,ERROR:ConnectionError,94.1762924194336
1786831507.576201,ERROR:ConnectionError,67.63696670532227
1786831507.5622258,ERROR:ConnectionError,85.3416919708252
1786831507.5455887,ERROR:ConnectionError,104.54630851745605
1786831507.5089464,ERROR:ConnectionError,145.53070068359375
1786831507.5787597,ERROR:ConnectionError,77.19922065734863
1786831507.5709093,ERROR:ConnectionError,86.47632598876953
1786831507.5486326,ERROR:ConnectionError,109.2061996459961
1786831507.566863,ERROR:ConnectionError,92.79513359069824
1786831507.5430925,ERROR:ConnectionError,117.33889579772949
1786831507.5093434,ERROR:ConnectionError,151.63087844848633
1786831507.5515358,ERROR:ConnectionError,110.44096946716309
1786831507.5422637,ERROR:ConnectionError,121.49882316589355
1786831507.5469675,ERROR:ConnectionError,119.86517906188965
1786831507.5674036,ERROR:ConnectionError,104.63452339172363
1786831507.5509927,ERROR:ConnectionError,123.68202209472656
1786831507.6013074,ERROR:ConnectionError,73.83322715759277
1786831507.5578141,ERROR:ConnectionError,118.93773078918457
1786831507.563237,ERROR:ConnectionError,118.57914924621582
1786831507.577643,ERROR:ConnectionError,108.10971260070801
1786831507.5543578,ERROR:ConnectionError,134.25636291503906
1786831507.5619333,ERROR:ConnectionError,127.89344787597656
1786831507.557315,ERROR:ConnectionError,133.1794261932373
1786831507.5841117,ERROR:ConnectionError,109.98010635375977
1786831507.5504441,ERROR:ConnectionError,145.2009677886963
1786831507.5800242,ERROR:ConnectionError,119.17304992675781
1786831497.6899545,ERROR:ReadTimeout,10012.8493309021
1786831497.6893625,ERROR:ReadTimeout,10014.904975891113
1786831507.6212382,ERROR:ConnectionError,84.6095085144043
1786831507.5582297,ERROR:ConnectionError,148.74553680419922
1786831507.5507295,ERROR:ConnectionError,157.62734413146973
1786831497.6904197,ERROR:ReadTimeout,10022.718906402588
1786831507.5829463,ERROR:ConnectionError,131.33692741394043
1786831507.548112,ERROR:ConnectionError,167.02604293823242
1786831507.5769515,ERROR:ConnectionError,140.37108421325684
1786831507.5464988,ERROR:ConnectionError,173.09880256652832
1786831507.5846214,ERROR:ConnectionError,136.9943618774414
1786831507.54841,ERROR:ConnectionError,173.53534698486328
1786831507.581628,ERROR:ConnectionError,147.7985382080078
1786831507.6475775,ERROR:ConnectionError,93.86539459228516
1786831507.5526328,ERROR:ConnectionError,191.28179550170898
1786831507.5735168,ERROR:ConnectionError,176.81050300598145
1786831507.6201024,ERROR:ConnectionError,130.48601150512695
1786831507.5925078,ERROR:ConnectionError,160.34436225891113
1786831507.6349595,ERROR:ConnectionError,119.39263343811035
1786831507.569066,ERROR:ConnectionError,188.86208534240723
1786831507.6187208,ERROR:ConnectionError,145.5676555633545
1786831507.5985935,ERROR:ConnectionError,168.23697090148926
1786831507.67676,ERROR:ConnectionError,98.21534156799316
1786831507.6501422,ERROR:ConnectionError,127.94184684753418
1786831507.6544845,ERROR:ConnectionError,124.8772144317627
1786831507.6668403,ERROR:ConnectionError,112.81108856201172
1786831507.6209908,ERROR:ConnectionError,159.79409217834473
1786831507.6619813,ERROR:ConnectionError,120.1472282409668
1786831507.6402955,ERROR:ConnectionError,148.13780784606934
1786831507.6578462,ERROR:ConnectionError,131.50691986083984
1786831507.6746907,ERROR:ConnectionError,117.61236190795898
1786831507.6573937,ERROR:ConnectionError,135.545015335083
1786831507.5427668,ERROR:ConnectionError,251.7688274383545
1786831507.643847,ERROR:ConnectionError,152.27270126342773
1786831507.6352932,ERROR:ConnectionError,162.14966773986816
1786831507.6559699,ERROR:ConnectionError,142.16327667236328
1786831507.6751492,ERROR:ConnectionError,131.75439834594727
1786831507.6905046,ERROR:ConnectionError,116.89543724060059
1786831507.689838,ERROR:ConnectionError,118.68095397949219
1786831507.6609797,ERROR:ConnectionError,149.5687961578369
1786831507.6637704,ERROR:ConnectionError,147.59278297424316
1786831507.6886263,ERROR:ConnectionError,123.10194969177246
1786831507.7058597,ERROR:ConnectionError,106.85491561889648
1786831507.6992059,ERROR:ConnectionError,114.17317390441895
1786831507.7151437,ERROR:ConnectionError,98.53219985961914
1786831507.6604366,ERROR:ConnectionError,153.45335006713867
1786831507.704278,ERROR:ConnectionError,110.66722869873047
1786831507.6596682,ERROR:ConnectionError,155.61628341674805
1786831507.6818223,ERROR:ConnectionError,133.63170623779297
1786831507.7173278,ERROR:ConnectionError,98.34790229797363
1786831507.6956534,ERROR:ConnectionError,121.72675132751465
1786831507.7083695,ERROR:ConnectionError,109.22646522521973
1786831507.7196026,ERROR:ConnectionError,100.80194473266602
1786831507.7028131,ERROR:ConnectionError,127.86865234375
1786831507.7142885,ERROR:ConnectionError,116.66607856750488
1786831507.7216263,ERROR:ConnectionError,109.96389389038086
1786831507.7069843,ERROR:ConnectionError,126.64484977722168
1786831507.6941028,ERROR:ConnectionError,139.801025390625
1786831507.729433,ERROR:ConnectionError,104.90727424621582
1786831507.6720533,ERROR:ConnectionError,165.66848754882812
1786831507.6857612,ERROR:ConnectionError,156.7232608795166
1786831507.7414517,ERROR:ConnectionError,103.03020477294922
1786831507.7219515,ERROR:ConnectionError,122.77793884277344
1786831507.750592,ERROR:ConnectionError,100.19969940185547
1786831507.7807906,ERROR:ConnectionError,72.54528999328613
1786831507.766838,ERROR:ConnectionError,93.2457447052002
1786831507.713149,ERROR:ConnectionError,148.69952201843262
1786831507.7749877,ERROR:ConnectionError,87.22996711730957
1786831507.7793705,ERROR:ConnectionError,83.51516723632812
1786831507.757935,ERROR:ConnectionError,109.80534553527832
1786831507.7503357,ERROR:ConnectionError,117.69604682922363
1786831507.7528603,ERROR:ConnectionError,117.13552474975586
1786831507.7439237,ERROR:ConnectionError,126.36947631835938
1786831507.7780943,ERROR:ConnectionError,98.93107414245605
1786831507.782134,ERROR:ConnectionError,95.1681137084961
1786831507.7543583,ERROR:ConnectionError,133.01777839660645
1786831507.7642975,ERROR:ConnectionError,128.56197357177734
1786831507.8085258,ERROR:ConnectionError,85.12711524963379
1786831507.7923112,ERROR:ConnectionError,101.91130638122559
1786831507.7893634,ERROR:ConnectionError,105.34405708312988
1786831507.7981393,ERROR:ConnectionError,100.4176139831543
1786831507.7929451,ERROR:ConnectionError,106.73069953918457
1786831507.8069139,ERROR:ConnectionError,93.27816963195801
1786831507.7945442,ERROR:ConnectionError,112.71882057189941
1786831507.815679,ERROR:ConnectionError,93.00875663757324
1786831507.779657,ERROR:ConnectionError,129.7917366027832
1786831507.7884462,ERROR:ConnectionError,121.60420417785645
1786831507.7961266,ERROR:ConnectionError,114.61520195007324
1786831507.7974498,ERROR:ConnectionError,117.80667304992676
1786831507.814949,ERROR:ConnectionError,127.10309028625488
1786831507.8105538,ERROR:ConnectionError,143.48602294921875
1786831507.8113706,ERROR:ConnectionError,146.39925956726074
1786831507.815457,ERROR:ConnectionError,142.6103115081787
1786831507.8074067,ERROR:ConnectionError,167.74964332580566
1786831507.8138938,ERROR:ConnectionError,162.92643547058105
1786831507.8204083,ERROR:ConnectionError,156.9998264312744
1786831507.8133833,ERROR:ConnectionError,166.96619987487793
1786831507.8309586,ERROR:ConnectionError,150.21157264709473
1786831507.817386,ERROR:ConnectionError,166.35751724243164
1786831507.811733,ERROR:ConnectionError,172.31273651123047
1786831507.831597,ERROR:ConnectionError,153.11336517333984
1786831507.8127215,ERROR:ConnectionError,174.75104331970215
1786831507.8176017,ERROR:ConnectionError,170.39132118225098
1786831507.8136802,ERROR:ConnectionError,174.98469352722168
1786831507.837726,ERROR:ConnectionError,151.39460563659668
1786831507.8343475,ERROR:ConnectionError,156.7239761352539
1786831507.8339086,ERROR:ConnectionError,159.69085693359375
1786831507.8336365,ERROR:ConnectionError,160.45022010803223
1786831507.8306875,ERROR:ConnectionError,175.55832862854004
1786831507.844491,ERROR:ConnectionError,229.2044162750244
1786831507.844733,ERROR:ConnectionError,270.45512199401855
1786831507.8152883,ERROR:ConnectionError,354.6710014343262
1786831507.8622215,ERROR:ConnectionError,317.291259765625
1786831507.8628895,ERROR:ConnectionError,345.7186222076416
1786831507.8600926,ERROR:ConnectionError,359.39741134643555
1786831507.842492,ERROR:ConnectionError,377.3367404937744
1786831507.8677473,ERROR:ConnectionError,356.8429946899414
1786831507.8533428,ERROR:ConnectionError,374.32193756103516
1786831507.8700035,ERROR:ConnectionError,358.43682289123535
1786831507.8508008,ERROR:ConnectionError,381.6101551055908
1786831507.8680367,ERROR:ConnectionError,365.9024238586426
1786831507.8773062,ERROR:ConnectionError,358.13426971435547
1786831507.8702972,ERROR:ConnectionError,366.58549308776855
1786831507.8618538,ERROR:ConnectionError,380.7368278503418
1786831507.8770316,ERROR:ConnectionError,366.01996421813965
1786831507.893657,ERROR:ConnectionError,352.3526191711426
1786831507.8873842,ERROR:ConnectionError,360.013484954834
1786831507.8947113,ERROR:ConnectionError,358.57129096984863
1786831507.8985631,ERROR:ConnectionError,356.2908172607422
1786831507.8996823,ERROR:ConnectionError,357.2807312011719
1786831507.9001958,ERROR:ConnectionError,357.6161861419678
1786831507.9094565,ERROR:ConnectionError,353.82795333862305
1786831507.9072733,ERROR:ConnectionError,357.20252990722656
1786831507.9100542,ERROR:ConnectionError,356.7972183227539
1786831507.9086955,ERROR:ConnectionError,359.3640327453613
1786831507.9152632,ERROR:ConnectionError,356.9600582122803
1786831507.8928683,ERROR:ConnectionError,382.5862407684326
1786831507.9420605,ERROR:ConnectionError,335.7210159301758
1786831507.9540498,ERROR:ConnectionError,324.77450370788574
1786831507.8942268,ERROR:ConnectionError,389.7829055786133
1786831507.9751694,ERROR:ConnectionError,309.48662757873535
1786831507.9107456,ERROR:ConnectionError,377.7761459350586
1786831507.9768267,ERROR:ConnectionError,313.8124942779541
1786831507.957778,ERROR:ConnectionError,333.2662582397461
1786831507.9580743,ERROR:ConnectionError,334.3937397003174
1786831507.9803574,ERROR:ConnectionError,314.10765647888184
1786831507.983748,ERROR:ConnectionError,314.4216537475586
1786831507.9840503,ERROR:ConnectionError,318.4857368469238
1786831507.977412,ERROR:ConnectionError,330.5392265319824
1786831507.988671,ERROR:ConnectionError,324.5265483856201
1786831507.9874845,ERROR:ConnectionError,326.1871337890625
1786831507.9880002,ERROR:ConnectionError,330.4750919342041
1786831507.984714,ERROR:ConnectionError,335.1926803588867
1786831507.981178,ERROR:ConnectionError,343.4305191040039
1786831507.9891284,ERROR:ConnectionError,335.85524559020996
1786831507.99409,ERROR:ConnectionError,333.4629535675049
1786831507.9910789,ERROR:ConnectionError,340.2667045593262
1786831508.0062573,ERROR:ConnectionError,328.0966281890869
1786831507.9936032,ERROR:ConnectionError,344.5863723754883
1786831508.1152027,ERROR:ConnectionError,224.9445915222168
1786831508.179522,ERROR:ConnectionError,161.3163948059082
1786831508.2194982,ERROR:ConnectionError,122.12777137756348
1786831508.0737023,ERROR:ConnectionError,268.63980293273926
1786831508.2198353,ERROR:ConnectionError,125.22602081298828
1786831508.2086244,ERROR:ConnectionError,139.66727256774902
1786831508.2246013,ERROR:ConnectionError,125.59652328491211
1786831508.236891,ERROR:ConnectionError,121.83690071105957
1786831508.1699684,ERROR:ConnectionError,189.68915939331055
1786831508.2276735,ERROR:ConnectionError,138.79990577697754
1786831508.2324207,ERROR:ConnectionError,136.42263412475586
1786831508.243059,ERROR:ConnectionError,126.54757499694824
1786831508.2339468,ERROR:ConnectionError,138.55600357055664
1786831508.2354496,ERROR:ConnectionError,137.7720832824707
1786831508.242606,ERROR:ConnectionError,136.11268997192383
1786831508.228448,ERROR:ConnectionError,153.31625938415527
1786831508.2460167,ERROR:ConnectionError,136.76071166992188
1786831508.253291,ERROR:ConnectionError,131.17289543151855
1786831508.263293,ERROR:ConnectionError,121.71745300292969
1786831508.2569735,ERROR:ConnectionError,132.2188377380371
1786831508.2474031,ERROR:ConnectionError,143.94521713256836
1786831508.2680652,ERROR:ConnectionError,133.74567031860352
1786831508.264482,ERROR:ConnectionError,139.98746871948242
1786831508.2549038,ERROR:ConnectionError,150.36535263061523
1786831508.26686,ERROR:ConnectionError,141.88003540039062
1786831508.277791,ERROR:ConnectionError,150.07400512695312
1786831508.2578204,ERROR:ConnectionError,179.840087890625
1786831508.2754679,ERROR:ConnectionError,209.6579074859619
1786831508.2722342,ERROR:ConnectionError,216.5842056274414
1786831508.278831,ERROR:ConnectionError,212.72635459899902
1786831508.2846634,ERROR:ConnectionError,214.76387977600098
1786831508.2840168,ERROR:ConnectionError,230.03482818603516
1786831508.288534,ERROR:ConnectionError,234.40074920654297
1786831508.2906525,ERROR:ConnectionError,268.34559440612793
1786831508.2924795,ERROR:ConnectionError,289.20650482177734
1786831508.294474,ERROR:ConnectionError,296.3838577270508
1786831508.3025436,ERROR:ConnectionError,317.14320182800293
1786831508.29105,ERROR:ConnectionError,334.2571258544922
1786831508.3079622,ERROR:ConnectionError,325.0277042388916
1786831508.2981782,ERROR:ConnectionError,339.0185832977295
1786831508.3136792,ERROR:ConnectionError,358.8895797729492
1786831508.3184845,ERROR:ConnectionError,361.5860939025879
1786831508.3249907,ERROR:ConnectionError,355.71789741516113
1786831508.3132062,ERROR:ConnectionError,369.42124366760254
1786831508.3275604,ERROR:ConnectionError,356.5490245819092
1786831508.3246186,ERROR:ConnectionError,376.7263889312744
1786831508.3313534,ERROR:ConnectionError,374.34959411621094
1786831508.319914,ERROR:ConnectionError,388.75651359558105
1786831508.3408747,ERROR:ConnectionError,371.3192939758301
1786831508.3381975,ERROR:ConnectionError,405.1992893218994
1786831508.334362,ERROR:ConnectionError,409.41810607910156
1786831508.341633,ERROR:ConnectionError,402.71830558776855
1786831508.3450701,ERROR:ConnectionError,412.2796058654785
1786831508.3483005,ERROR:ConnectionError,413.4535789489746
1786831508.3596659,ERROR:ConnectionError,409.28125381469727
1786831508.3732333,ERROR:ConnectionError,396.1639404296875
1786831508.3587375,ERROR:ConnectionError,411.08012199401855
1786831508.3401783,ERROR:ConnectionError,432.41286277770996
1786831508.3827834,ERROR:ConnectionError,393.3451175689697
1786831508.36648,ERROR:ConnectionError,412.83607482910156
1786831508.3502042,ERROR:ConnectionError,433.3202838897705
1786831508.3423908,ERROR:ConnectionError,443.47357749938965
1786831508.3892007,ERROR:ConnectionError,397.8140354156494
1786831508.36885,ERROR:ConnectionError,419.45648193359375
1786831508.3844738,ERROR:ConnectionError,406.3546657562256
1786831508.3817718,ERROR:ConnectionError,414.29996490478516
1786831508.3725116,ERROR:ConnectionError,441.2569999694824
1786831508.3787265,ERROR:ConnectionError,448.2228755950928
1786831508.3913565,ERROR:ConnectionError,438.8589859008789
1786831508.40182,ERROR:ConnectionError,433.26497077941895
1786831508.437671,ERROR:ConnectionError,397.8090286254883
1786831508.4278772,ERROR:ConnectionError,409.1818332672119
1786831508.408754,ERROR:ConnectionError,429.7833442687988
1786831508.4915683,ERROR:ConnectionError,354.05921936035156
1786831508.3850162,ERROR:ConnectionError,461.43269538879395
1786831508.4888277,ERROR:ConnectionError,361.1297607421875
1786831508.485135,ERROR:ConnectionError,365.53096771240234
1786831508.4994397,ERROR:ConnectionError,353.3928394317627
1786831508.5229468,ERROR:ConnectionError,336.5051746368408
1786831508.4044816,ERROR:ConnectionError,455.57451248168945
1786831508.5140634,ERROR:ConnectionError,351.9015312194824
1786831508.5590112,ERROR:ConnectionError,310.10937690734863
1786831508.3696125,ERROR:ConnectionError,500.1521110534668
1786831508.4052749,ERROR:ConnectionError,465.91997146606445
1786831508.5816994,ERROR:ConnectionError,290.19737243652344
1786831508.590874,ERROR:ConnectionError,287.9900932312012
1786831508.632999,ERROR:ConnectionError,271.99840545654297
1786831508.637208,ERROR:ConnectionError,286.32116317749023
1786831508.6253161,ERROR:ConnectionError,298.830509185791
1786831508.6196985,ERROR:ConnectionError,306.596040725708
1786831508.67258,ERROR:ConnectionError,262.97736167907715
1786831508.6841192,ERROR:ConnectionError,254.90665435791016
1786831508.6807153,ERROR:ConnectionError,289.19196128845215
1786831508.6800818,ERROR:ConnectionError,293.3087348937988
1786831508.6826355,ERROR:ConnectionError,329.97918128967285
1786831508.701353,ERROR:ConnectionError,320.87063789367676
1786831508.7086818,ERROR:ConnectionError,319.077730178833
1786831508.7057135,ERROR:ConnectionError,325.27756690979004
1786831508.7122023,ERROR:ConnectionError,323.2448101043701
1786831508.7443597,ERROR:ConnectionError,293.2701110839844
1786831508.7434065,ERROR:ConnectionError,314.11051750183105
1786831508.7437885,ERROR:ConnectionError,326.48563385009766
1786831508.7573645,ERROR:ConnectionError,320.4216957092285
1786831508.7617624,ERROR:ConnectionError,321.3517665863037
1786831508.7694042,ERROR:ConnectionError,329.3454647064209
1786831508.772599,ERROR:ConnectionError,328.4792900085449
1786831508.768957,ERROR:ConnectionError,343.74070167541504
1786831508.7698252,ERROR:ConnectionError,364.5796775817871
1786831508.7761397,ERROR:ConnectionError,361.8807792663574
1786831508.7793686,ERROR:ConnectionError,380.018949508667
1786831508.787022,ERROR:ConnectionError,379.3325424194336
1786831508.7858734,ERROR:ConnectionError,389.4686698913574
1786831508.7835324,ERROR:ConnectionError,395.3580856323242
1786831508.7883132,ERROR:ConnectionError,393.1903839111328
1786831508.7908418,ERROR:ConnectionError,403.99980545043945
1786831508.79608,ERROR:ConnectionError,402.4240970611572
1786831508.8350954,ERROR:ConnectionError,365.3287887573242
1786831508.813778,ERROR:ConnectionError,391.12377166748047
1786831508.835488,ERROR:ConnectionError,373.8718032836914
1786831508.8269675,ERROR:ConnectionError,384.08470153808594
1786831508.8385456,ERROR:ConnectionError,384.2756748199463
1786831508.837068,ERROR:ConnectionError,392.9882049560547
1786831508.8302264,ERROR:ConnectionError,400.2864360809326
1786831508.846458,ERROR:ConnectionError,386.89517974853516
1786831508.8456366,ERROR:ConnectionError,390.2709484100342
1786831508.8528426,ERROR:ConnectionError,389.73045349121094
1786831508.8697736,ERROR:ConnectionError,376.50108337402344
1786831508.8499658,ERROR:ConnectionError,399.9285697937012
1786831508.860065,ERROR:ConnectionError,392.0753002166748
1786831508.8506749,ERROR:ConnectionError,405.5674076080322
1786831508.85947,ERROR:ConnectionError,397.33171463012695
1786831508.8719025,ERROR:ConnectionError,394.2735195159912
1786831508.871202,ERROR:ConnectionError,396.21639251708984
1786831508.8659732,ERROR:ConnectionError,402.6355743408203
1786831508.8691335,ERROR:ConnectionError,413.9072895050049
1786831508.8788722,ERROR:ConnectionError,405.40575981140137
1786831508.905008,ERROR:ConnectionError,383.7435245513916
1786831508.924155,ERROR:ConnectionError,367.5804138183594
1786831508.935621,ERROR:ConnectionError,361.5107536315918
1786831508.9390352,ERROR:ConnectionError,361.62495613098145
1786831508.926307,ERROR:ConnectionError,376.6822814941406
1786831508.9699175,ERROR:ConnectionError,344.923734664917
1786831508.923543,ERROR:ConnectionError,392.86088943481445
1786831509.0354583,ERROR:ConnectionError,282.44757652282715
1786831509.0575273,ERROR:ConnectionError,264.0969753265381
1786831509.012627,ERROR:ConnectionError,310.24765968322754
1786831509.0222354,ERROR:ConnectionError,301.2373447418213
1786831509.0702865,ERROR:ConnectionError,258.056640625
1786831508.9734013,ERROR:ConnectionError,357.59592056274414
1786831509.031001,ERROR:ConnectionError,300.762414932251
1786831509.0376394,ERROR:ConnectionError,294.91424560546875
1786831509.0277724,ERROR:ConnectionError,311.7849826812744
1786831509.083126,ERROR:ConnectionError,269.69313621520996
1786831509.077797,ERROR:ConnectionError,276.0043144226074
1786831509.0987625,ERROR:ConnectionError,257.4899196624756
1786831509.1010861,ERROR:ConnectionError,257.0512294769287
1786831509.1127105,ERROR:ConnectionError,251.5263557434082
1786831509.1344132,ERROR:ConnectionError,237.5941276550293
1786831509.1380305,ERROR:ConnectionError,236.4640235900879
1786831509.1593988,ERROR:ConnectionError,217.7879810333252
1786831509.1788993,ERROR:ConnectionError,202.01683044433594
1786831509.1663697,ERROR:ConnectionError,215.8679962158203
1786831509.200432,ERROR:ConnectionError,185.36067008972168
1786831509.211064,ERROR:ConnectionError,177.48785018920898
1786831509.2093709,ERROR:ConnectionError,180.01437187194824
1786831509.2049115,ERROR:ConnectionError,186.16223335266113
1786831509.1815133,ERROR:ConnectionError,209.99503135681152
1786831509.2228332,ERROR:ConnectionError,169.0526008605957
1786831509.1985147,ERROR:ConnectionError,196.3634490966797
1786831509.1948652,ERROR:ConnectionError,203.6306858062744
1786831509.2305214,ERROR:ConnectionError,170.87793350219727
1786831509.2300675,ERROR:ConnectionError,180.43756484985352
1786831509.233367,ERROR:ConnectionError,184.13567543029785
1786831509.2462842,ERROR:ConnectionError,179.67605590820312
1786831509.267428,ERROR:ConnectionError,160.6912612915039
1786831509.242584,ERROR:ConnectionError,187.23416328430176
1786831509.2661881,ERROR:ConnectionError,165.3432846069336
1786831509.284286,ERROR:ConnectionError,152.5440216064453
1786831509.2359173,ERROR:ConnectionError,201.85589790344238
1786831509.2562504,ERROR:ConnectionError,190.138578414917
1786831509.175359,ERROR:ConnectionError,273.1342315673828
1786831509.2568088,ERROR:ConnectionError,192.26741790771484
1786831509.2686176,ERROR:ConnectionError,181.68234825134277
1786831509.3164134,ERROR:ConnectionError,136.5222930908203
1786831509.2521503,ERROR:ConnectionError,202.11195945739746
1786831509.2830536,ERROR:ConnectionError,174.96442794799805
1786831509.323483,ERROR:ConnectionError,135.55550575256348
1786831509.2917495,ERROR:ConnectionError,173.97594451904297
1786831509.2971444,ERROR:ConnectionError,173.76065254211426
1786831509.3310075,ERROR:ConnectionError,141.40820503234863
1786831509.3216348,ERROR:ConnectionError,158.88595581054688
1786831509.3179145,ERROR:ConnectionError,163.67483139038086
1786831509.3006713,ERROR:ConnectionError,183.23493003845215
1786831509.3029985,ERROR:ConnectionError,181.7798614501953
1786831509.3317752,ERROR:ConnectionError,154.52265739440918
1786831509.2499032,ERROR:ConnectionError,237.5962734222412
1786831509.314854,ERROR:ConnectionError,176.06568336486816
1786831509.3528287,ERROR:ConnectionError,138.6864185333252
1786831509.2887619,ERROR:ConnectionError,205.2152156829834
1786831509.3325632,ERROR:ConnectionError,163.14148902893066
1786831509.3395677,ERROR:ConnectionError,162.23478317260742
1786831509.3745072,ERROR:ConnectionError,129.18663024902344
1786831509.3562605,ERROR:ConnectionError,149.23715591430664
1786831509.322887,ERROR:ConnectionError,186.11598014831543
1786831509.3283546,ERROR:ConnectionError,184.16762351989746
1786831509.3538098,ERROR:ConnectionError,159.56830978393555
1786831509.382248,ERROR:ConnectionError,132.76910781860352
1786831509.3582656,ERROR:ConnectionError,164.9789810180664
1786831509.3894036,ERROR:ConnectionError,150.0711441040039
1786831509.3809273,ERROR:ConnectionError,162.21356391906738
1786831509.3772004,ERROR:ConnectionError,168.67804527282715
1786831509.3720145,ERROR:ConnectionError,177.6580810546875
1786831509.3885636,ERROR:ConnectionError,163.80596160888672
1786831509.4105127,ERROR:ConnectionError,142.350435256958
1786831509.3858025,ERROR:ConnectionError,178.4985065460205
1786831509.391514,ERROR:ConnectionError,174.33905601501465
1786831509.3910825,ERROR:ConnectionError,175.39119720458984
1786831509.3918934,ERROR:ConnectionError,177.91318893432617
1786831509.3985076,ERROR:ConnectionError,179.56781387329102
1786831509.4281297,ERROR:ConnectionError,154.6769142150879
1786831509.4014106,ERROR:ConnectionError,182.33871459960938
1786831509.4657395,ERROR:ConnectionError,120.19610404968262
1786831509.4175358,ERROR:ConnectionError,168.7307357788086
1786831509.4315429,ERROR:ConnectionError,156.48508071899414
1786831509.4490833,ERROR:ConnectionError,144.02103424072266
1786831509.3642445,ERROR:ConnectionError,230.83925247192383
1786831509.4464114,ERROR:ConnectionError,151.58605575561523
1786831509.437782,ERROR:ConnectionError,169.81744766235352
1786831509.4529438,ERROR:ConnectionError,155.49540519714355
1786831509.39489,ERROR:ConnectionError,220.40390968322754
1786831509.4709136,ERROR:ConnectionError,148.43130111694336
1786831509.4485042,ERROR:ConnectionError,171.7376708984375
1786831509.4875064,ERROR:ConnectionError,134.13143157958984
1786831509.4368384,ERROR:ConnectionError,185.6234073638916
1786831509.4805355,ERROR:ConnectionError,160.1572036743164
1786831509.4259708,ERROR:ConnectionError,216.11380577087402
1786831509.4580307,ERROR:ConnectionError,184.93890762329102
1786831509.4590466,ERROR:ConnectionError,186.31243705749512
1786831509.486306,ERROR:ConnectionError,159.454345703125
1786831509.4724276,ERROR:ConnectionError,178.75027656555176
1786831509.4503088,ERROR:ConnectionError,202.53372192382812
1786831509.5018146,ERROR:ConnectionError,154.20174598693848
1786831509.513385,ERROR:ConnectionError,143.0985927581787
1786831509.4298296,ERROR:ConnectionError,230.86142539978027
1786831509.4847887,ERROR:ConnectionError,177.54864692687988
1786831509.5037003,ERROR:ConnectionError,166.54157638549805
1786831509.5090132,ERROR:ConnectionError,163.9258861541748
1786831509.4816034,ERROR:ConnectionError,192.3696994781494
1786831509.483915,ERROR:ConnectionError,193.6206817626953
1786831509.4957142,ERROR:ConnectionError,183.71295928955078
1786831509.4939847,ERROR:ConnectionError,186.20753288269043
1786831509.4542706,ERROR:ConnectionError,228.52230072021484
1786831509.523254,ERROR:ConnectionError,166.64791107177734
1786831509.5055027,ERROR:ConnectionError,185.93978881835938
1786831509.5125313,ERROR:ConnectionError,181.37693405151367
1786831509.5150254,ERROR:ConnectionError,179.4877052307129
1786831509.5394886,ERROR:ConnectionError,155.8513641357422
1786831509.5458922,ERROR:ConnectionError,150.67458152770996
1786831509.549682,ERROR:ConnectionError,150.6209373474121
1786831509.5431497,ERROR:ConnectionError,161.44394874572754
1786831509.5658615,ERROR:ConnectionError,143.0816650390625
1786831509.5523791,ERROR:ConnectionError,159.44361686706543
1786831509.5643132,ERROR:ConnectionError,149.6422290802002
1786831509.5698147,ERROR:ConnectionError,149.01208877563477
1786831509.4909298,ERROR:ConnectionError,233.6599826812744
1786831509.4915233,ERROR:ConnectionError,235.66651344299316
1786831509.5529697,ERROR:ConnectionError,181.60343170166016
1786831509.5664797,ERROR:ConnectionError,168.86544227600098
1786831509.5862727,ERROR:ConnectionError,161.75222396850586
1786831509.5951483,ERROR:ConnectionError,153.8679599761963
1786831509.5780902,ERROR:ConnectionError,177.75368690490723
1786831509.582834,ERROR:ConnectionError,173.71129989624023
1786831509.5837567,ERROR:ConnectionError,176.15318298339844
1786831509.5980062,ERROR:ConnectionError,163.9411449432373
1786831509.5880346,ERROR:ConnectionError,175.40264129638672
1786831509.5859456,ERROR:ConnectionError,186.41328811645508
1786831509.607608,ERROR:ConnectionError,165.7083034515381
1786831509.5931153,ERROR:ConnectionError,186.62238121032715
1786831509.6202497,ERROR:ConnectionError,162.41216659545898
1786831509.6084504,ERROR:ConnectionError,176.849365234375
1786831509.6216455,ERROR:ConnectionError,164.02316093444824
1786831509.6224704,ERROR:ConnectionError,168.18904876708984
1786831509.615311,ERROR:ConnectionError,188.81750106811523
1786831509.6420984,ERROR:ConnectionError,163.0878448486328
1786831509.6407032,ERROR:ConnectionError,169.0654754638672
1786831509.6193538,ERROR:ConnectionError,191.02859497070312
1786831509.6457677,ERROR:ConnectionError,169.02732849121094
1786831509.6623514,ERROR:ConnectionError,152.80866622924805
1786831509.6528502,ERROR:ConnectionError,162.74237632751465
1786831509.6560252,ERROR:ConnectionError,161.19384765625
1786831509.645372,ERROR:ConnectionError,175.22621154785156
1786831509.6511877,ERROR:ConnectionError,179.35681343078613
1786831509.6607006,ERROR:ConnectionError,174.01456832885742
1786831509.6702514,ERROR:ConnectionError,166.25237464904785
1786831509.6564927,ERROR:ConnectionError,182.23190307617188
1786831509.6429768,ERROR:ConnectionError,196.16150856018066
1786831509.6739824,ERROR:ConnectionError,167.16551780700684
1786831509.6914496,ERROR:ConnectionError,152.95004844665527
1786831509.7046044,ERROR:ConnectionError,148.60939979553223
1786831509.6939187,ERROR:ConnectionError,159.98029708862305
1786831509.6965773,ERROR:ConnectionError,158.02359580993652
1786831509.682805,ERROR:ConnectionError,182.15441703796387
1786831509.6794355,ERROR:ConnectionError,189.06021118164062
1786831509.694574,ERROR:ConnectionError,177.2303581237793
1786831509.6802013,ERROR:ConnectionError,194.05007362365723
1786831509.6953497,ERROR:ConnectionError,182.3446750640869
1786831509.7118375,ERROR:ConnectionError,169.21210289001465
1786831509.700313,ERROR:ConnectionError,183.00294876098633
1786831509.7139647,ERROR:ConnectionError,172.14632034301758
1786831509.7353532,ERROR:ConnectionError,154.09421920776367
1786831509.6899142,ERROR:ConnectionError,201.16472244262695
1786831509.6775467,ERROR:ConnectionError,218.15037727355957
1786831509.67295,ERROR:ConnectionError,223.40083122253418
1786831509.7246013,ERROR:ConnectionError,209.70559120178223
1786831509.7345848,ERROR:ConnectionError,205.91020584106445
1786831509.7558525,ERROR:ConnectionError,195.2214241027832
1786831509.708956,ERROR:ConnectionError,242.62475967407227
1786831509.7188365,ERROR:ConnectionError,237.45369911193848
1786831509.7480357,ERROR:ConnectionError,208.79149436950684
1786831509.7565522,ERROR:ConnectionError,205.6424617767334
1786831509.7271998,ERROR:ConnectionError,235.66865921020508
1786831509.7634468,ERROR:ConnectionError,201.56168937683105
1786831509.7490273,ERROR:ConnectionError,218.05262565612793
1786831509.7619581,ERROR:ConnectionError,213.23752403259277
1786831509.773326,ERROR:ConnectionError,226.27520561218262
1786831509.7723718,ERROR:ConnectionError,230.30877113342285
1786831509.7599223,ERROR:ConnectionError,253.91387939453125
1786831509.7797432,ERROR:ConnectionError,238.14105987548828
1786831509.7853103,ERROR:ConnectionError,236.0210418701172
1786831509.790665,ERROR:ConnectionError,283.42533111572266
1786831509.7826724,ERROR:ConnectionError,301.4416694641113
1786831509.8051908,ERROR:ConnectionError,280.1470756530762
1786831509.8103883,ERROR:ConnectionError,277.12345123291016
1786831509.7856753,ERROR:ConnectionError,314.3460750579834
1786831509.8097792,ERROR:ConnectionError,290.6925678253174
1786831509.8041399,ERROR:ConnectionError,298.16293716430664
1786831509.8148053,ERROR:ConnectionError,290.8921241760254
1786831509.8305593,ERROR:ConnectionError,281.33702278137207
1786831509.8206093,ERROR:ConnectionError,294.51704025268555
1786831509.8347275,ERROR:ConnectionError,280.99632263183594
1786831509.839146,ERROR:ConnectionError,276.8988609313965
1786831509.815166,ERROR:ConnectionError,306.9777488708496
1786831509.8387356,ERROR:ConnectionError,286.6966724395752
1786831509.8156004,ERROR:ConnectionError,312.4690055847168
1786831509.844408,ERROR:ConnectionError,286.5157127380371
1786831509.841155,ERROR:ConnectionError,292.59681701660156
1786831509.8172278,ERROR:ConnectionError,317.54326820373535
1786831509.8365126,ERROR:ConnectionError,313.73047828674316
1786831509.868506,ERROR:ConnectionError,300.7700443267822
1786831509.8546076,ERROR:ConnectionError,317.54493713378906
1786831509.8539062,ERROR:ConnectionError,318.65572929382324
1786831509.8649719,ERROR:ConnectionError,308.408260345459
1786831509.8777037,ERROR:ConnectionError,303.22265625
1786831509.8718164,ERROR:ConnectionError,309.8015785217285
1786831509.8742583,ERROR:ConnectionError,309.75985527038574
1786831509.881059,ERROR:ConnectionError,306.1068058013916
1786831509.8894567,ERROR:ConnectionError,302.42300033569336
1786831509.883325,ERROR:ConnectionError,309.2010021209717
1786831509.886123,ERROR:ConnectionError,311.27214431762695
1786831509.891089,ERROR:ConnectionError,318.4354305267334
1786831509.8532252,ERROR:ConnectionError,367.49887466430664
1786831509.8957136,ERROR:ConnectionError,327.53920555114746
1786831509.896361,ERROR:ConnectionError,333.9231014251709
1786831509.9343178,ERROR:ConnectionError,309.8888397216797
1786831509.9405057,ERROR:ConnectionError,308.99930000305176
1786831509.951587,ERROR:ConnectionError,304.1372299194336
1786831509.9622114,ERROR:ConnectionError,308.31241607666016
1786831509.951085,ERROR:ConnectionError,321.1634159088135
1786831509.9563007,ERROR:ConnectionError,320.80912590026855
1786831509.9650223,ERROR:ConnectionError,314.1605854034424
1786831509.9670894,ERROR:ConnectionError,313.5251998901367
1786831509.9628763,ERROR:ConnectionError,320.28818130493164
1786831509.9568355,ERROR:ConnectionError,326.9491195678711
1786831509.9996142,ERROR:ConnectionError,294.13366317749023
1786831509.9752073,ERROR:ConnectionError,321.98548316955566
1786831510.0026903,ERROR:ConnectionError,294.83509063720703
1786831510.01385,ERROR:ConnectionError,285.27164459228516
1786831510.0178938,ERROR:ConnectionError,288.42663764953613
1786831510.021341,ERROR:ConnectionError,298.24161529541016
1786831510.085345,ERROR:ConnectionError,239.88580703735352
1786831510.1004784,ERROR:ConnectionError,225.07309913635254
1786831510.0741005,ERROR:ConnectionError,251.84965133666992
1786831510.0841265,ERROR:ConnectionError,242.33579635620117
1786831510.0875206,ERROR:ConnectionError,240.24438858032227
1786831510.1023104,ERROR:ConnectionError,233.92987251281738
1786831510.1000314,ERROR:ConnectionError,237.35618591308594
1786831510.1119115,ERROR:ConnectionError,232.64431953430176
1786831510.115203,ERROR:ConnectionError,232.95187950134277
1786831510.1160517,ERROR:ConnectionError,238.6496067047119
1786831510.1221588,ERROR:ConnectionError,235.6278896331787
1786831510.115732,ERROR:ConnectionError,242.72418022155762
1786831510.1254451,ERROR:ConnectionError,235.9142303466797
1786831510.128078,ERROR:ConnectionError,233.6716651916504
1786831510.105707,ERROR:ConnectionError,262.3271942138672
1786831510.130933,ERROR:ConnectionError,237.81681060791016
1786831510.1337612,ERROR:ConnectionError,241.9726848602295
1786831510.1502533,ERROR:ConnectionError,250.02479553222656
1786831510.1725688,ERROR:ConnectionError,231.54306411743164
1786831510.134779,ERROR:ConnectionError,271.0990905761719
1786831510.172161,ERROR:ConnectionError,235.1243495941162
1786831510.1733892,ERROR:ConnectionError,237.09607124328613
1786831510.1816247,ERROR:ConnectionError,230.93271255493164
1786831510.169288,ERROR:ConnectionError,245.75352668762207
1786831510.1871753,ERROR:ConnectionError,245.46360969543457
1786831510.1809354,ERROR:ConnectionError,254.64916229248047
1786831510.1918902,ERROR:ConnectionError,253.7069320678711
1786831510.1925375,ERROR:ConnectionError,261.1379623413086
1786831510.1840274,ERROR:ConnectionError,272.36056327819824
1786831510.197413,ERROR:ConnectionError,260.3304386138916
1786831510.2095387,ERROR:ConnectionError,248.49462509155273
1786831510.2232616,ERROR:ConnectionError,236.56654357910156
1786831510.2495167,ERROR:ConnectionError,215.0745391845703
1786831510.2442212,ERROR:ConnectionError,223.98877143859863
1786831510.220735,ERROR:ConnectionError,255.03253936767578
1786831510.2302978,ERROR:ConnectionError,245.87392807006836
1786831510.270535,ERROR:ConnectionError,218.46628189086914
1786831510.2722566,ERROR:ConnectionError,217.25010871887207
1786831510.280622,ERROR:ConnectionError,212.86797523498535
1786831510.2791922,ERROR:ConnectionError,217.18955039978027
1786831510.283794,ERROR:ConnectionError,215.87252616882324
1786831510.2831767,ERROR:ConnectionError,219.6061611175537
1786831510.2557344,ERROR:ConnectionError,247.60174751281738
1786831510.297533,ERROR:ConnectionError,206.10713958740234
1786831510.293761,ERROR:ConnectionError,212.79001235961914
1786831510.2771227,ERROR:ConnectionError,231.52995109558105
1786831510.30633,ERROR:ConnectionError,206.47358894348145
1786831510.2972066,ERROR:ConnectionError,217.09370613098145
1786831510.3259592,ERROR:ConnectionError,198.54259490966797
1786831510.3195972,ERROR:ConnectionError,206.24327659606934
1786831510.3255575,ERROR:ConnectionError,203.599214553833
1786831510.2991285,ERROR:ConnectionError,233.37817192077637
1786831510.3277714,ERROR:ConnectionError,205.68203926086426
1786831510.3252406,ERROR:ConnectionError,214.81823921203613
1786831510.3362503,ERROR:ConnectionError,208.0085277557373
1786831510.3481894,ERROR:ConnectionError,198.21977615356445
1786831510.337398,ERROR:ConnectionError,209.70773696899414
1786831510.3613691,ERROR:ConnectionError,186.10882759094238
1786831510.3445654,ERROR:ConnectionError,205.23428916931152
1786831510.3547113,ERROR:ConnectionError,195.88398933410645
1786831510.3577948,ERROR:ConnectionError,202.1949291229248
1786831510.326471,ERROR:ConnectionError,236.40966415405273
1786831510.3680458,ERROR:ConnectionError,204.4236660003662
1786831510.3584654,ERROR:ConnectionError,217.96846389770508
1786831510.3617554,ERROR:ConnectionError,217.47970581054688
1786831510.3687575,ERROR:ConnectionError,213.32097053527832
1786831510.4002903,ERROR:ConnectionError,186.02681159973145
1786831510.375745,ERROR:ConnectionError,210.87408065795898
1786831510.4058867,ERROR:ConnectionError,192.74091720581055
1786831510.4072955,ERROR:ConnectionError,194.12803649902344
1786831510.4041228,ERROR:ConnectionError,200.75345039367676
1786831510.4536881,ERROR:ConnectionError,210.63470840454102
1786831510.435594,ERROR:ConnectionError,230.0570011138916
1786831510.4563975,ERROR:ConnectionError,222.51296043395996
1786831510.4150498,ERROR:ConnectionError,266.5369510650635
1786831510.4125707,ERROR:ConnectionError,269.4263458251953
1786831510.44561,ERROR:ConnectionError,238.2657527923584
1786831510.4580398,ERROR:ConnectionError,226.27782821655273
1786831510.45775,ERROR:ConnectionError,232.55515098571777
1786831510.4326513,ERROR:ConnectionError,258.512020111084
1786831510.410496,ERROR:ConnectionError,282.17339515686035
1786831510.4996731,ERROR:ConnectionError,195.22500038146973
1786831510.493503,ERROR:ConnectionError,203.42373847961426
1786831510.47618,ERROR:ConnectionError,225.19946098327637
1786831510.468218,ERROR:ConnectionError,233.68072509765625
1786831510.5033464,ERROR:ConnectionError,202.00395584106445
1786831510.489515,ERROR:ConnectionError,219.74587440490723
1786831510.4646015,ERROR:ConnectionError,246.3517189025879
1786831510.4890156,ERROR:ConnectionError,224.090576171875
1786831510.4598372,ERROR:ConnectionError,254.6834945678711
1786831510.503646,ERROR:ConnectionError,213.98663520812988
1786831510.4963963,ERROR:ConnectionError,228.55448722839355
1786831510.533463,ERROR:ConnectionError,192.09909439086914
1786831510.5027924,ERROR:ConnectionError,226.1338233947754
1786831510.5258465,ERROR:ConnectionError,203.51767539978027
1786831510.5128129,ERROR:ConnectionError,216.9950008392334
1786831510.5086613,ERROR:ConnectionError,221.97556495666504
1786831510.5400715,ERROR:ConnectionError,190.9942626953125
1786831510.5442748,ERROR:ConnectionError,187.00909614562988
1786831510.5471156,ERROR:ConnectionError,194.49496269226074
1786831510.5325956,ERROR:ConnectionError,213.08040618896484
1786831510.475777,ERROR:ConnectionError,271.76928520202637
1786831510.5065618,ERROR:ConnectionError,243.17526817321777
1786831510.5245137,ERROR:ConnectionError,225.88109970092773
1786831510.550603,ERROR:ConnectionError,201.08342170715332
1786831510.5143156,ERROR:ConnectionError,241.04976654052734
1786831510.5464199,ERROR:ConnectionError,210.3133201599121
1786831510.529169,ERROR:ConnectionError,228.55305671691895
1786831510.5628915,ERROR:ConnectionError,195.61290740966797
1786831510.5498097,ERROR:ConnectionError,220.16620635986328
1786831510.5724773,ERROR:ConnectionError,200.82879066467285
1786831510.5764787,ERROR:ConnectionError,197.39484786987305
1786831510.5474844,ERROR:ConnectionError,226.62115097045898
1786831510.560002,ERROR:ConnectionError,220.4761505126953
1786831510.6656587,ERROR:ConnectionError,125.82230567932129
1786831510.601431,ERROR:ConnectionError,194.34642791748047
1786831510.5820863,ERROR:ConnectionError,214.11919593811035
1786831510.6789205,ERROR:ConnectionError,118.22175979614258
1786831510.5866265,ERROR:ConnectionError,211.07769012451172
1786831510.5863266,ERROR:ConnectionError,211.69090270996094
1786831510.6048844,ERROR:ConnectionError,193.43256950378418
1786831510.6643348,ERROR:ConnectionError,136.9302272796631
1786831510.5986507,ERROR:ConnectionError,206.53414726257324
1786831510.5792482,ERROR:ConnectionError,228.2576560974121
1786831510.681597,ERROR:ConnectionError,126.13940238952637
1786831510.6820042,ERROR:ConnectionError,131.61969184875488
1786831510.6838858,ERROR:ConnectionError,137.74633407592773
1786831510.6843252,ERROR:ConnectionError,137.91799545288086
1786831510.6911726,ERROR:ConnectionError,151.41582489013672
1786831510.6903157,ERROR:ConnectionError,181.58626556396484
1786831510.6949055,ERROR:ConnectionError,212.2805118560791
1786831510.7019043,ERROR:ConnectionError,208.05120468139648
1786831510.7013905,ERROR:ConnectionError,215.56997299194336
1786831510.692678,ERROR:ConnectionError,230.84449768066406
1786831510.7053595,ERROR:ConnectionError,223.57177734375
1786831510.7109604,ERROR:ConnectionError,237.48421669006348
1786831510.7092702,ERROR:ConnectionError,249.8795986175537
1786831510.713124,ERROR:ConnectionError,251.9528865814209
1786831510.6969337,ERROR:ConnectionError,269.38414573669434
1786831510.7255683,ERROR:ConnectionError,245.57018280029297
1786831510.7176378,ERROR:ConnectionError,256.1767101287842
1786831510.7145293,ERROR:ConnectionError,261.5518569946289
1786831510.730739,ERROR:ConnectionError,269.43111419677734
1786831510.7249575,ERROR:ConnectionError,285.0940227508545
1786831510.728936,ERROR:ConnectionError,285.1531505584717
1786831510.7293696,ERROR:ConnectionError,291.7187213897705
1786831510.7310698,ERROR:ConnectionError,349.4694232940674
1786831510.7498007,ERROR:ConnectionError,331.3322067260742
1786831510.745685,ERROR:ConnectionError,340.58690071105957
1786831510.747555,ERROR:ConnectionError,339.0216827392578
1786831510.7298133,ERROR:ConnectionError,358.37721824645996
1786831510.757726,ERROR:ConnectionError,332.7004909515381
1786831510.731288,ERROR:ConnectionError,366.72496795654297
1786831510.769985,ERROR:ConnectionError,328.3827304840088
1786831510.7738771,ERROR:ConnectionError,324.8023986816406
1786831510.7915072,ERROR:ConnectionError,312.713623046875
1786831510.7416198,ERROR:ConnectionError,364.78137969970703
1786831510.7585082,ERROR:ConnectionError,351.18865966796875
1786831510.7804897,ERROR:ConnectionError,331.61211013793945
1786831510.7553792,ERROR:ConnectionError,358.4127426147461
1786831510.7504025,ERROR:ConnectionError,364.1335964202881
1786831510.773313,ERROR:ConnectionError,341.7510986328125
1786831510.7741096,ERROR:ConnectionError,342.5936698913574
1786831510.756743,ERROR:ConnectionError,368.1514263153076
1786831510.7980242,ERROR:ConnectionError,341.5822982788086
1786831510.751692,ERROR:ConnectionError,396.1200714111328
1786831510.8012736,ERROR:ConnectionError,351.4418601989746
1786831510.8051932,ERROR:ConnectionError,354.6144962310791
1786831510.80774,ERROR:ConnectionError,369.31347846984863
1786831510.7977102,ERROR:ConnectionError,379.8518180847168
1786831510.7983272,ERROR:ConnectionError,398.97727966308594
1786831510.8136342,ERROR:ConnectionError,397.6750373840332
1786831510.8222492,ERROR:ConnectionError,400.0716209411621
1786831510.821643,ERROR:ConnectionError,405.0307273864746
1786831510.9071987,ERROR:ConnectionError,332.2489261627197
1786831510.9591632,ERROR:ConnectionError,282.6423645019531
1786831510.8425987,ERROR:ConnectionError,407.72175788879395
1786831511.0100691,ERROR:ConnectionError,240.54312705993652
1786831510.9289417,ERROR:ConnectionError,326.4894485473633
1786831510.7957864,ERROR:ConnectionError,464.98632431030273
1786831510.9738214,ERROR:ConnectionError,293.46656799316406
1786831510.7962103,ERROR:ConnectionError,473.9677906036377
1786831510.9711478,ERROR:ConnectionError,302.8523921966553
1786831510.9484546,ERROR:ConnectionError,325.83165168762207
1786831510.797148,ERROR:ConnectionError,488.4200096130371
1786831510.9169762,ERROR:ConnectionError,376.00111961364746
1786831510.8719144,ERROR:ConnectionError,422.34063148498535
1786831510.923529,ERROR:ConnectionError,376.27220153808594
1786831511.0141075,ERROR:ConnectionError,287.5354290008545
1786831510.976089,ERROR:ConnectionError,328.6852836608887
1786831511.021103,ERROR:ConnectionError,319.13113594055176
1786831510.965127,ERROR:ConnectionError,383.1510543823242
1786831510.9099643,ERROR:ConnectionError,439.73350524902344
1786831511.0811446,ERROR:ConnectionError,277.38332748413086
1786831511.0862815,ERROR:ConnectionError,274.85084533691406
1786831511.0002127,ERROR:ConnectionError,365.3988838195801
1786831511.0805573,ERROR:ConnectionError,293.0319309234619
1786831511.0882008,ERROR:ConnectionError,287.68301010131836
1786831510.8075118,ERROR:ConnectionError,574.4452476501465
1786831511.0986865,ERROR:ConnectionError,293.8687801361084
1786831511.11211,ERROR:ConnectionError,293.34449768066406
1786831511.1042292,ERROR:ConnectionError,309.22412872314453
1786831511.0980237,ERROR:ConnectionError,318.7432289123535
1786831511.0865834,ERROR:ConnectionError,331.1309814453125
1786831511.1097062,ERROR:ConnectionError,309.3686103820801
1786831511.0983732,ERROR:ConnectionError,324.3579864501953
1786831510.9663315,ERROR:ConnectionError,459.2123031616211
1786831511.0904367,ERROR:ConnectionError,339.7068977355957
1786831511.1145432,ERROR:ConnectionError,316.0743713378906
1786831511.124903,ERROR:ConnectionError,316.2691593170166
1786831511.106413,ERROR:ConnectionError,337.31770515441895
1786831511.1150718,ERROR:ConnectionError,331.1893939971924
1786831511.147837,ERROR:ConnectionError,298.7496852874756
1786831511.113803,ERROR:ConnectionError,339.39599990844727
1786831511.1527433,ERROR:ConnectionError,307.35135078430176
1786831511.1167114,ERROR:ConnectionError,346.0569381713867
1786831511.1775718,ERROR:ConnectionError,292.2787666320801
1786831511.197347,ERROR:ConnectionError,278.8228988647461
1786831511.159817,ERROR:ConnectionError,324.1233825683594
1786831511.139615,ERROR:ConnectionError,347.08571434020996
1786831511.2113893,ERROR:ConnectionError,275.67553520202637
1786831511.1770644,ERROR:ConnectionError,313.81726264953613
1786831511.2223325,ERROR:ConnectionError,271.09742164611816
1786831511.239458,ERROR:ConnectionError,257.0185661315918
1786831511.2266812,ERROR:ConnectionError,272.83406257629395
1786831511.2418144,ERROR:ConnectionError,265.57087898254395
1786831511.2503314,ERROR:ConnectionError,275.77877044677734
1786831511.2506163,ERROR:ConnectionError,276.86214447021484
1786831511.2607868,ERROR:ConnectionError,281.9080352783203
1786831511.255439,ERROR:ConnectionError,290.7688617706299
1786831511.2942646,ERROR:ConnectionError,254.7600269317627
1786831511.2742922,ERROR:ConnectionError,275.6197452545166
1786831511.2672992,ERROR:ConnectionError,283.9350700378418
1786831511.2740083,ERROR:ConnectionError,278.03540229797363
1786831511.2855775,ERROR:ConnectionError,267.0316696166992
1786831511.2929864,ERROR:ConnectionError,264.88471031188965
1786831511.270192,ERROR:ConnectionError,290.21763801574707
1786831511.3016489,ERROR:ConnectionError,471.70114517211914
1786831511.299814,ERROR:ConnectionError,477.2076606750488
1786831511.3047857,ERROR:ConnectionError,494.6556091308594
1786831511.3402445,ERROR:ConnectionError,469.836950302124
1786831511.3497055,ERROR:ConnectionError,462.7413749694824
1786831511.348295,ERROR:ConnectionError,465.3010368347168
1786831511.36114,ERROR:ConnectionError,460.71767807006836
1786831511.365622,ERROR:ConnectionError,457.99899101257324
1786831511.3736012,ERROR:ConnectionError,457.7808380126953
1786831511.3758924,ERROR:ConnectionError,456.8922519683838
1786831511.3585372,ERROR:ConnectionError,474.5926856994629
1786831511.3819735,ERROR:ConnectionError,463.2256031036377
1786831511.3925648,ERROR:ConnectionError,454.3483257293701
1786831511.4054651,ERROR:ConnectionError,442.685604095459
1786831511.4177222,ERROR:ConnectionError,434.45444107055664
1786831511.413462,ERROR:ConnectionError,439.12339210510254
1786831511.4227402,ERROR:ConnectionError,432.56545066833496
1786831511.4255528,ERROR:ConnectionError,432.3461055755615
1786831511.4190822,ERROR:ConnectionError,440.9754276275635
1786831511.416778,ERROR:ConnectionError,445.8043575286865
1786831511.4301531,ERROR:ConnectionError,449.93114471435547
1786831511.4411874,ERROR:ConnectionError,443.7398910522461
1786831511.430624,ERROR:ConnectionError,456.74753189086914
1786831511.443739,ERROR:ConnectionError,449.0361213684082
1786831511.4465933,ERROR:ConnectionError,452.5442123413086
1786831511.4532073,ERROR:ConnectionError,456.5930366516113
1786831511.4601061,ERROR:ConnectionError,450.0601291656494
1786831511.4462695,ERROR:ConnectionError,468.98555755615234
1786831511.486711,ERROR:ConnectionError,435.14060974121094
1786831511.4627774,ERROR:ConnectionError,463.3638858795166
1786831511.4698665,ERROR:ConnectionError,456.601619720459
1786831511.490896,ERROR:ConnectionError,442.78550148010254
1786831511.4995263,ERROR:ConnectionError,434.9255561828613
1786831511.507395,ERROR:ConnectionError,432.41190910339355
1786831511.4870713,ERROR:ConnectionError,455.3399085998535
1786831511.4761796,ERROR:ConnectionError,468.8146114349365
1786831511.4934378,ERROR:ConnectionError,452.96263694763184
1786831511.4964862,ERROR:ConnectionError,455.75809478759766
1786831511.5427072,ERROR:ConnectionError,417.40870475769043
1786831511.4839513,ERROR:ConnectionError,479.2006015777588
1786831511.5261195,ERROR:ConnectionError,439.9385452270508
1786831511.5274909,ERROR:ConnectionError,444.8249340057373
1786831511.549921,ERROR:ConnectionError,423.1874942779541
1786831511.552636,ERROR:ConnectionError,427.33263969421387
1786831511.552052,ERROR:ConnectionError,430.36913871765137
1786831511.5512428,ERROR:ConnectionError,431.74171447753906
1786831511.5604203,ERROR:ConnectionError,428.7533760070801
1786831511.5462193,ERROR:ConnectionError,446.685791015625
1786831511.5578787,ERROR:ConnectionError,440.8881664276123
1786831511.549038,ERROR:ConnectionError,456.7530155181885
1786831511.7733612,ERROR:ConnectionError,236.1581325531006
1786831511.799454,ERROR:ConnectionError,214.80870246887207
1786831511.777032,ERROR:ConnectionError,240.3719425201416
1786831511.8100927,ERROR:ConnectionError,209.95593070983887
1786831511.8124561,ERROR:ConnectionError,215.24786949157715
1786831511.8218677,ERROR:ConnectionError,207.55267143249512
1786831511.8327913,ERROR:ConnectionError,200.10781288146973
1786831511.823631,ERROR:ConnectionError,215.33966064453125
1786831511.833136,ERROR:ConnectionError,213.22274208068848
1786831511.813603,ERROR:ConnectionError,234.5123291015625
1786831511.8452084,ERROR:ConnectionError,206.6802978515625
1786831511.846923,ERROR:ConnectionError,208.5583209991455
1786831511.8314004,ERROR:ConnectionError,227.51665115356445
1786831511.8481617,ERROR:ConnectionError,234.1623306274414
1786831511.8521852,ERROR:ConnectionError,244.5824146270752
1786831511.8525908,ERROR:ConnectionError,257.6720714569092
1786831511.8553123,ERROR:ConnectionError,256.27923011779785
1786831511.8600678,ERROR:ConnectionError,258.042573928833
1786831511.8579094,ERROR:ConnectionError,281.48818016052246
1786831511.8625903,ERROR:ConnectionError,291.9349670410156
1786831511.8800998,ERROR:ConnectionError,275.8595943450928
1786831511.8849387,ERROR:ConnectionError,273.38147163391113
1786831511.8927855,ERROR:ConnectionError,270.16711235046387
1786831511.8991477,ERROR:ConnectionError,264.48750495910645
1786831511.8873835,ERROR:ConnectionError,277.4081230163574
1786831511.9098122,ERROR:ConnectionError,265.5773162841797
1786831511.9101725,ERROR:ConnectionError,268.91112327575684
1786831511.9152646,ERROR:ConnectionError,272.7930545806885
1786831511.9218621,ERROR:ConnectionError,278.5613536834717
1786831511.9264746,ERROR:ConnectionError,276.0791778564453
1786831511.9464078,ERROR:ConnectionError,270.88093757629395
1786831511.934461,ERROR:ConnectionError,284.5757007598877
1786831511.9522593,ERROR:ConnectionError,267.122745513916
1786831511.933696,ERROR:ConnectionError,288.7835502624512
1786831511.9450042,ERROR:ConnectionError,278.0764102935791
1786831511.9660728,ERROR:ConnectionError,265.93804359436035
1786831511.9424245,ERROR:ConnectionError,290.4496192932129
1786831511.9723265,ERROR:ConnectionError,262.8140449523926
1786831511.92615,ERROR:ConnectionError,309.71217155456543
1786831511.9601305,ERROR:ConnectionError,276.4430046081543
1786831511.973116,ERROR:ConnectionError,264.58168029785156
1786831511.963161,ERROR:ConnectionError,282.11212158203125
1786831511.9799771,ERROR:ConnectionError,266.8008804321289
1786831511.9398162,ERROR:ConnectionError,324.04303550720215
1786831511.9829915,ERROR:ConnectionError,292.3445701599121
1786831511.9891882,ERROR:ConnectionError,287.69445419311523
1786831511.9929185,ERROR:ConnectionError,288.6035442352295
1786831511.9987767,ERROR:ConnectionError,285.7174873352051
1786831512.0058036,ERROR:ConnectionError,282.6404571533203
1786831511.9824312,ERROR:ConnectionError,317.95549392700195
1786831512.0095286,ERROR:ConnectionError,301.0978698730469
1786831512.0200598,ERROR:ConnectionError,297.73449897766113
1786831512.0142758,ERROR:ConnectionError,304.8689365386963
1786831512.029433,ERROR:ConnectionError,293.2460308074951
1786831512.0329084,ERROR:ConnectionError,290.12227058410645
1786831512.0389864,ERROR:ConnectionError,288.75184059143066
1786831512.0174148,ERROR:ConnectionError,311.8135929107666
1786831512.0518992,ERROR:ConnectionError,284.06643867492676
1786831512.0277145,ERROR:ConnectionError,311.5694522857666
1786831512.0463731,ERROR:ConnectionError,329.5285701751709
1786831512.0481298,ERROR:ConnectionError,348.6764430999756
1786831512.055492,ERROR:ConnectionError,341.68243408203125
1786831512.118122,ERROR:ConnectionError,297.1620559692383
1786831512.0823734,ERROR:ConnectionError,335.953950881958
1786831512.0967803,ERROR:ConnectionError,322.33428955078125
1786831512.1102734,ERROR:ConnectionError,319.6690082550049
1786831512.1394083,ERROR:ConnectionError,299.8011112213135
1786831512.058931,ERROR:ConnectionError,384.1259479522705
1786831512.1545374,ERROR:ConnectionError,292.1786308288574
1786831512.1116016,ERROR:ConnectionError,339.0474319458008
1786831512.162966,ERROR:ConnectionError,291.5210723876953
1786831512.158331,ERROR:ConnectionError,296.51927947998047
1786831512.1647983,ERROR:ConnectionError,296.5676784515381
1786831512.1636422,ERROR:ConnectionError,305.7878017425537
1786831512.1754007,ERROR:ConnectionError,294.5215702056885
1786831512.1559668,ERROR:ConnectionError,315.7079219818115
1786831512.188071,ERROR:ConnectionError,283.92744064331055
1786831512.1790957,ERROR:ConnectionError,294.42358016967773
1786831512.217299,ERROR:ConnectionError,264.1172409057617
1786831512.2025654,ERROR:ConnectionError,279.4032096862793
1786831512.2004373,ERROR:ConnectionError,286.06414794921875
1786831512.2190478,ERROR:ConnectionError,269.7463035583496
1786831512.219388,ERROR:ConnectionError,277.23145484924316
1786831512.2351506,ERROR:ConnectionError,277.2369384765625
1786831512.2320302,ERROR:ConnectionError,281.59117698669434
1786831512.2230923,ERROR:ConnectionError,291.5012836456299
1786831512.2328806,ERROR:ConnectionError,282.867431640625
1786831512.22249,ERROR:ConnectionError,299.6549606323242
1786831512.2365804,ERROR:ConnectionError,305.5381774902344
1786831512.2452886,ERROR:ConnectionError,304.8274517059326
1786831512.2467859,ERROR:ConnectionError,306.7352771759033
1786831512.2358713,ERROR:ConnectionError,323.9550590515137
1786831512.2377055,ERROR:ConnectionError,325.303316116333
1786831512.263869,ERROR:ConnectionError,307.903528213501
1786831512.2845025,ERROR:ConnectionError,307.5213432312012
1786831512.3106377,ERROR:ConnectionError,287.9195213317871
1786831512.288453,ERROR:ConnectionError,313.5406970977783
1786831512.3178048,ERROR:ConnectionError,286.865234375
1786831512.276895,ERROR:ConnectionError,328.1679153442383
1786831512.2753468,ERROR:ConnectionError,333.6458206176758
1786831512.2815363,ERROR:ConnectionError,328.0332088470459
1786831512.3191543,ERROR:ConnectionError,295.25136947631836
1786831512.3230379,ERROR:ConnectionError,296.54455184936523
1786831512.3277483,ERROR:ConnectionError,292.30618476867676
1786831512.3003993,ERROR:ConnectionError,321.05302810668945
1786831512.3292396,ERROR:ConnectionError,297.360897064209
1786831512.3359776,ERROR:ConnectionError,297.15943336486816
1786831512.3226895,ERROR:ConnectionError,312.0083808898926
1786831512.3392944,ERROR:ConnectionError,301.63049697875977
1786831512.396816,ERROR:ConnectionError,244.4918155670166
1786831512.3971791,ERROR:ConnectionError,249.85957145690918
1786831512.3759122,ERROR:ConnectionError,271.58212661743164
1786831512.4392202,ERROR:ConnectionError,221.14801406860352
1786831512.4153032,ERROR:ConnectionError,247.2972869873047
1786831512.41912,ERROR:ConnectionError,244.69518661499023
1786831512.443066,ERROR:ConnectionError,222.53727912902832
1786831512.4299574,ERROR:ConnectionError,236.67502403259277
1786831512.4467316,ERROR:ConnectionError,220.2591896057129
1786831512.4183383,ERROR:ConnectionError,249.03154373168945
1786831512.4548557,ERROR:ConnectionError,214.61105346679688
1786831512.4506605,ERROR:ConnectionError,222.4752902984619
1786831512.4613798,ERROR:ConnectionError,219.17414665222168
1786831512.4544966,ERROR:ConnectionError,230.2563190460205
1786831512.4720078,ERROR:ConnectionError,218.91522407531738
1786831512.4716847,ERROR:ConnectionError,223.6626148223877
1786831512.469441,ERROR:ConnectionError,227.05817222595215
1786831512.4819748,ERROR:ConnectionError,216.75562858581543
1786831512.4699273,ERROR:ConnectionError,229.51126098632812
1786831512.4735277,ERROR:ConnectionError,234.30681228637695
1786831512.5124004,ERROR:ConnectionError,201.385498046875
1786831512.4814267,ERROR:ConnectionError,232.90562629699707
1786831512.49663,ERROR:ConnectionError,222.0594882965088
1786831512.513639,ERROR:ConnectionError,205.5184841156006
1786831512.48651,ERROR:ConnectionError,235.67509651184082
1786831512.4888034,ERROR:ConnectionError,236.7866039276123
1786831512.515755,ERROR:ConnectionError,211.6391658782959
1786831512.514602,ERROR:ConnectionError,215.15321731567383
1786831512.5221534,ERROR:ConnectionError,212.59236335754395
1786831512.5535328,ERROR:ConnectionError,181.58864974975586
1786831512.542129,ERROR:ConnectionError,198.66538047790527
1786831512.5630193,ERROR:ConnectionError,181.84852600097656
1786831512.5598395,ERROR:ConnectionError,185.78791618347168
1786831512.5501285,ERROR:ConnectionError,202.3153305053711
1786831512.5920334,ERROR:ConnectionError,182.98077583312988
1786831512.6020038,ERROR:ConnectionError,175.4462718963623
1786831512.5717864,ERROR:ConnectionError,206.8650722503662
1786831512.6095808,ERROR:ConnectionError,175.81725120544434
1786831512.6144211,ERROR:ConnectionError,172.8811264038086
1786831512.5985658,ERROR:ConnectionError,190.25516510009766
1786831512.609004,ERROR:ConnectionError,184.30566787719727
1786831512.6200616,ERROR:ConnectionError,177.92391777038574
1786831512.6214614,ERROR:ConnectionError,179.17108535766602
1786831512.6046836,ERROR:ConnectionError,196.8514919281006
1786831512.60507,ERROR:ConnectionError,197.9835033416748
1786831512.641316,ERROR:ConnectionError,163.3584499359131
1786831512.6331518,ERROR:ConnectionError,176.78380012512207
1786831512.6266286,ERROR:ConnectionError,189.47148323059082
1786831512.6409361,ERROR:ConnectionError,177.27255821228027
1786831512.6347053,ERROR:ConnectionError,184.60845947265625
1786831512.6470518,ERROR:ConnectionError,176.58734321594238
1786831512.6195917,ERROR:ConnectionError,206.30788803100586
1786831512.6475012,ERROR:ConnectionError,184.86595153808594
1786831512.666645,ERROR:ConnectionError,176.5449047088623
1786831512.666999,ERROR:ConnectionError,178.99179458618164
1786831512.667376,ERROR:ConnectionError,183.9280128479004
1786831512.6626098,ERROR:ConnectionError,190.4768943786621
1786831512.665611,ERROR:ConnectionError,188.5390281677246
1786831512.6603796,ERROR:ConnectionError,196.5649127960205
1786831512.6694748,ERROR:ConnectionError,188.06028366088867
1786831512.6805668,ERROR:ConnectionError,177.9768466949463
1786831512.6638243,ERROR:ConnectionError,195.88255882263184
1786831512.6847677,ERROR:ConnectionError,178.59458923339844
1786831512.6731467,ERROR:ConnectionError,201.11536979675293
1786831512.6909437,ERROR:ConnectionError,184.4778060913086
1786831512.695358,ERROR:ConnectionError,181.41603469848633
1786831512.7137973,ERROR:ConnectionError,167.88077354431152
1786831512.6965094,ERROR:ConnectionError,185.4839324951172
1786831512.7078462,ERROR:ConnectionError,175.11987686157227
1786831512.6994457,ERROR:ConnectionError,184.63540077209473
1786831512.698741,ERROR:ConnectionError,190.37318229675293
1786831512.7187002,ERROR:ConnectionError,176.0082244873047
1786831512.719166,ERROR:ConnectionError,177.43825912475586
1786831512.7143393,ERROR:ConnectionError,189.8210048675537
1786831512.7221959,ERROR:ConnectionError,187.6688003540039
1786831512.72977,ERROR:ConnectionError,186.22064590454102
1786831512.7274027,ERROR:ConnectionError,191.99037551879883
1786831512.7256017,ERROR:ConnectionError,195.29080390930176
1786831512.7347527,ERROR:ConnectionError,187.86144256591797
1786831512.7351267,ERROR:ConnectionError,192.18754768371582
1786831512.7408075,ERROR:ConnectionError,192.2433376312256
1786831512.7448943,ERROR:ConnectionError,203.54700088500977
1786831512.7456353,ERROR:ConnectionError,214.98394012451172
1786831512.7524893,ERROR:ConnectionError,209.34224128723145
1786831512.7750244,ERROR:ConnectionError,190.93871116638184
1786831512.7786593,ERROR:ConnectionError,192.22378730773926
1786831512.7774577,ERROR:ConnectionError,196.19107246398926
1786831512.7854674,ERROR:ConnectionError,196.2263584136963
1786831512.7933202,ERROR:ConnectionError,194.80133056640625
1786831512.7888284,ERROR:ConnectionError,201.8134593963623
1786831512.7873101,ERROR:ConnectionError,206.58254623413086
1786831512.7979977,ERROR:ConnectionError,200.14309883117676
1786831512.8006392,ERROR:ConnectionError,200.93894004821777
1786831512.8015423,ERROR:ConnectionError,204.45704460144043
1786831512.803069,ERROR:ConnectionError,204.32639122009277
1786831512.8099475,ERROR:ConnectionError,202.29434967041016
1786831512.8161526,ERROR:ConnectionError,199.82337951660156
1786831512.8046825,ERROR:ConnectionError,213.02199363708496
1786831512.8193252,ERROR:ConnectionError,203.13549041748047
1786831512.818218,ERROR:ConnectionError,206.49075508117676
1786831512.8259082,ERROR:ConnectionError,203.8896083831787
1786831512.823649,ERROR:ConnectionError,216.19415283203125
1786831512.8323815,ERROR:ConnectionError,210.20746231079102
1786831512.8432019,ERROR:ConnectionError,202.90613174438477
1786831512.8530955,ERROR:ConnectionError,193.6361789703369
1786831512.8597162,ERROR:ConnectionError,191.93768501281738
1786831512.8513148,ERROR:ConnectionError,200.714111328125
1786831512.8633747,ERROR:ConnectionError,192.1243667602539
1786831512.8460014,ERROR:ConnectionError,215.30890464782715
1786831512.854159,ERROR:ConnectionError,214.0357494354248
1786831512.8569534,ERROR:ConnectionError,211.58814430236816
1786831512.8585527,ERROR:ConnectionError,216.46595001220703
1786831512.8575425,ERROR:ConnectionError,224.40075874328613
1786831512.8754294,ERROR:ConnectionError,209.28502082824707
1786831512.8767874,ERROR:ConnectionError,208.32133293151855
1786831512.8840868,ERROR:ConnectionError,205.54423332214355
1786831512.874272,ERROR:ConnectionError,217.94891357421875
1786831512.882974,ERROR:ConnectionError,209.62285995483398
1786831512.8891222,ERROR:ConnectionError,209.7311019897461
1786831512.881688,ERROR:ConnectionError,220.62253952026367
1786831512.8947203,ERROR:ConnectionError,210.47186851501465
1786831512.8966203,ERROR:ConnectionError,210.0820541381836
1786831512.904171,ERROR:ConnectionError,208.39691162109375
1786831512.8819983,ERROR:ConnectionError,236.33837699890137
1786831512.9098768,ERROR:ConnectionError,211.75527572631836
1786831512.9160028,ERROR:ConnectionError,210.17956733703613
1786831512.9209018,ERROR:ConnectionError,217.24748611450195
1786831512.9194362,ERROR:ConnectionError,225.6021499633789
1786831512.9273233,ERROR:ConnectionError,227.25677490234375
1786831512.9484522,ERROR:ConnectionError,206.51888847351074
1786831512.9606311,ERROR:ConnectionError,196.32267951965332
1786831512.9618392,ERROR:ConnectionError,196.71034812927246
1786831512.9330616,ERROR:ConnectionError,226.58205032348633
1786831512.9736598,ERROR:ConnectionError,190.58489799499512
1786831512.9659762,ERROR:ConnectionError,203.72533798217773
1786831512.9817042,ERROR:ConnectionError,188.4603500366211
1786831512.9981518,ERROR:ConnectionError,172.78075218200684
1786831512.9939032,ERROR:ConnectionError,179.98075485229492
1786831512.922622,ERROR:ConnectionError,251.6331672668457
1786831512.990654,ERROR:ConnectionError,183.87389183044434
1786831512.9708934,ERROR:ConnectionError,206.80737495422363
1786831512.98813,ERROR:ConnectionError,197.20053672790527
1786831513.0015886,ERROR:ConnectionError,188.35139274597168
1786831513.0074148,ERROR:ConnectionError,183.31670761108398
1786831513.0177162,ERROR:ConnectionError,174.67737197875977
1786831513.0060103,ERROR:ConnectionError,192.56258010864258
1786831513.0122507,ERROR:ConnectionError,194.82159614562988
1786831513.0159872,ERROR:ConnectionError,192.31200218200684
1786831513.02472,ERROR:ConnectionError,184.10444259643555
1786831513.0224714,ERROR:ConnectionError,197.07107543945312
1786831513.0516665,ERROR:ConnectionError,174.66211318969727
1786831513.0398529,ERROR:ConnectionError,189.90516662597656
1786831513.0461202,ERROR:ConnectionError,184.02385711669922
1786831513.0555093,ERROR:ConnectionError,179.2621612548828
1786831513.029808,ERROR:ConnectionError,205.3830623626709
1786831513.0425985,ERROR:ConnectionError,193.5410499572754
1786831513.0613213,ERROR:ConnectionError,178.3919334411621
1786831513.0520356,ERROR:ConnectionError,194.2436695098877
1786831513.0682054,ERROR:ConnectionError,182.34825134277344
1786831513.068547,ERROR:ConnectionError,183.28189849853516
1786831513.0467398,ERROR:ConnectionError,216.03846549987793
1786831513.0750263,ERROR:ConnectionError,192.14439392089844
1786831513.081956,ERROR:ConnectionError,197.6797580718994
1786831513.0851161,ERROR:ConnectionError,201.9648551940918
1786831513.0847278,ERROR:ConnectionError,216.4626121520996
1786831513.0922291,ERROR:ConnectionError,211.98534965515137
1786831513.089643,ERROR:ConnectionError,224.03621673583984
1786831513.0926046,ERROR:ConnectionError,227.0338535308838
1786831513.0988665,ERROR:ConnectionError,227.8738021850586
1786831513.1023211,ERROR:ConnectionError,233.48546028137207
1786831513.106713,ERROR:ConnectionError,229.4759750366211
1786831513.1261923,ERROR:ConnectionError,215.59381484985352
1786831513.105202,ERROR:ConnectionError,238.616943359375
1786831513.1381602,ERROR:ConnectionError,207.98206329345703
1786831513.1216416,ERROR:ConnectionError,229.72941398620605
1786831513.1549788,ERROR:ConnectionError,196.9168186187744
1786831513.1125784,ERROR:ConnectionError,239.60280418395996
1786831513.1450496,ERROR:ConnectionError,209.4581127166748
1786831513.159652,ERROR:ConnectionError,200.4694938659668
1786831513.1183488,ERROR:ConnectionError,250.08368492126465
1786831513.1569626,ERROR:ConnectionError,211.94195747375488
1786831513.1545916,ERROR:ConnectionError,227.36716270446777
1786831513.1642551,ERROR:ConnectionError,218.98865699768066
1786831513.1585584,ERROR:ConnectionError,231.20403289794922
1786831513.1709404,ERROR:ConnectionError,221.13609313964844
1786831513.170172,ERROR:ConnectionError,228.99842262268066
1786831513.1697128,ERROR:ConnectionError,231.1074733734131
1786831513.1738932,ERROR:ConnectionError,228.44958305358887
1786831513.1742609,ERROR:ConnectionError,240.57722091674805
1786831513.1853497,ERROR:ConnectionError,244.14730072021484
1786831513.1924024,ERROR:ConnectionError,237.47611045837402
1786831513.1777089,ERROR:ConnectionError,256.81495666503906
1786831513.1745346,ERROR:ConnectionError,263.95463943481445
1786831513.1899483,ERROR:ConnectionError,253.5538673400879
1786831513.190741,ERROR:ConnectionError,257.39407539367676
1786831513.208831,ERROR:ConnectionError,254.5449733734131
1786831513.219553,ERROR:ConnectionError,246.87743186950684
1786831513.2083075,ERROR:ConnectionError,263.0465030670166
1786831513.1985834,ERROR:ConnectionError,280.5962562561035
1786831513.2263474,ERROR:ConnectionError,256.1013698577881
1786831513.2351978,ERROR:ConnectionError,267.09675788879395
1786831513.2361486,ERROR:ConnectionError,266.56556129455566
1786831513.2301543,ERROR:ConnectionError,274.78480339050293
1786831513.2297666,ERROR:ConnectionError,277.08983421325684
1786831513.2397218,ERROR:ConnectionError,268.0971622467041
1786831513.234812,ERROR:ConnectionError,277.2798538208008
1786831513.246291,ERROR:ConnectionError,277.67062187194824
1786831513.2505689,ERROR:ConnectionError,278.7809371948242
1786831513.2070842,ERROR:ConnectionError,324.9471187591553
1786831513.2518384,ERROR:ConnectionError,288.0845069885254
1786831513.2627897,ERROR:ConnectionError,279.72412109375
1786831513.2671807,ERROR:ConnectionError,278.42044830322266
1786831513.2796476,ERROR:ConnectionError,280.44748306274414
1786831513.287092,ERROR:ConnectionError,275.48885345458984
1786831513.3012106,ERROR:ConnectionError,264.1451358795166
1786831513.304224,ERROR:ConnectionError,266.15214347839355
1786831513.3358185,ERROR:ConnectionError,235.22591590881348
1786831513.3136916,ERROR:ConnectionError,257.8465938568115
1786831513.3267534,ERROR:ConnectionError,248.8400936126709
1786831513.3196476,ERROR:ConnectionError,264.75048065185547
1786831513.3361962,ERROR:ConnectionError,251.96027755737305
1786831513.3417964,ERROR:ConnectionError,246.78993225097656
1786831513.3438275,ERROR:ConnectionError,249.44567680358887
1786831513.3461528,ERROR:ConnectionError,247.56622314453125
1786831513.352187,ERROR:ConnectionError,246.54698371887207
1786831513.3513823,ERROR:ConnectionError,249.21774864196777
1786831513.354516,ERROR:ConnectionError,254.39071655273438
1786831513.3601327,ERROR:ConnectionError,268.5120105743408
1786831513.3519027,ERROR:ConnectionError,279.53553199768066
1786831513.368912,ERROR:ConnectionError,263.33069801330566
1786831513.3819702,ERROR:ConnectionError,250.6556510925293
1786831513.3684459,ERROR:ConnectionError,267.6684856414795
1786831513.3832572,ERROR:ConnectionError,256.1359405517578
1786831513.3897736,ERROR:ConnectionError,254.70471382141113
1786831513.3920877,ERROR:ConnectionError,264.0211582183838
1786831513.4023516,ERROR:ConnectionError,265.0330066680908
1786831513.3991816,ERROR:ConnectionError,269.02222633361816
1786831513.4008281,ERROR:ConnectionError,269.49024200439453
1786831513.4295096,ERROR:ConnectionError,243.42751502990723
1786831513.4384973,ERROR:ConnectionError,238.76070976257324
1786831513.4435134,ERROR:ConnectionError,234.42578315734863
1786831513.414853,ERROR:ConnectionError,263.40293884277344
1786831513.4345396,ERROR:ConnectionError,254.55474853515625
1786831513.4298835,ERROR:ConnectionError,259.71269607543945
1786831513.4481483,ERROR:ConnectionError,241.84894561767578
1786831513.463388,ERROR:ConnectionError,233.39271545410156
1786831513.4791906,ERROR:ConnectionError,222.32484817504883
1786831513.4664407,ERROR:ConnectionError,236.99450492858887
1786831513.4824588,ERROR:ConnectionError,225.3124713897705
1786831513.5049775,ERROR:ConnectionError,204.9582004547119
1786831513.5078273,ERROR:ConnectionError,204.2384147644043
1786831513.502723,ERROR:ConnectionError,210.01625061035156
1786831513.502308,ERROR:ConnectionError,211.69519424438477
1786831513.5068648,ERROR:ConnectionError,213.69242668151855
1786831513.5293603,ERROR:ConnectionError,196.29430770874023
1786831513.5121012,ERROR:ConnectionError,216.27116203308105
1786831513.5239716,ERROR:ConnectionError,204.7593593597412
1786831513.4713662,ERROR:ConnectionError,260.65540313720703
1786831513.53204,ERROR:ConnectionError,212.47053146362305
1786831513.5425227,ERROR:ConnectionError,202.41546630859375
1786831513.5399344,ERROR:ConnectionError,209.23519134521484
1786831513.5456095,ERROR:ConnectionError,204.13494110107422
1786831513.5625892,ERROR:ConnectionError,199.89919662475586
1786831513.5601125,ERROR:ConnectionError,203.5849094390869
1786831513.5653706,ERROR:ConnectionError,199.7666358947754
1786831513.570387,ERROR:ConnectionError,209.34319496154785
1786831513.5715442,ERROR:ConnectionError,225.53277015686035
1786831513.571055,ERROR:ConnectionError,226.46570205688477
1786831513.588165,ERROR:ConnectionError,209.68055725097656
1786831513.5756078,ERROR:ConnectionError,224.62058067321777
1786831513.5844111,ERROR:ConnectionError,217.12398529052734
1786831513.5885937,ERROR:ConnectionError,228.6686897277832
1786831513.593286,ERROR:ConnectionError,225.63982009887695
1786831513.5937276,ERROR:ConnectionError,229.45761680603027
1786831513.5987444,ERROR:ConnectionError,225.13580322265625
1786831513.6006105,ERROR:ConnectionError,231.01544380187988
1786831513.6089163,ERROR:ConnectionError,231.39715194702148
1786831513.6286557,ERROR:ConnectionError,213.33789825439453
1786831513.631451,ERROR:ConnectionError,216.49909019470215
1786831513.632253,ERROR:ConnectionError,216.4449691772461
1786831513.632632,ERROR:ConnectionError,220.46923637390137
1786831513.6361954,ERROR:ConnectionError,218.53899955749512
1786831513.639402,ERROR:ConnectionError,227.98895835876465
1786831513.644491,ERROR:ConnectionError,226.36914253234863
1786831513.667396,ERROR:ConnectionError,211.16042137145996
1786831513.6561215,ERROR:ConnectionError,222.90515899658203
1786831513.6729455,ERROR:ConnectionError,210.22343635559082
1786831513.6682138,ERROR:ConnectionError,218.32275390625
1786831513.670326,ERROR:ConnectionError,220.1085090637207
1786831513.6772673,ERROR:ConnectionError,217.87619590759277
1786831513.6779468,ERROR:ConnectionError,220.48187255859375
1786831513.6900032,ERROR:ConnectionError,216.62473678588867
1786831513.6782613,ERROR:ConnectionError,229.18438911437988
1786831513.689104,ERROR:ConnectionError,220.88980674743652
1786831513.6896021,ERROR:ConnectionError,222.93901443481445
1786831513.7015285,ERROR:ConnectionError,212.2976779937744
1786831513.6967897,ERROR:ConnectionError,223.42157363891602
1786831513.7283823,ERROR:ConnectionError,195.30129432678223
1786831513.7034476,ERROR:ConnectionError,220.75271606445312
1786831513.7099457,ERROR:ConnectionError,217.72193908691406
1786831513.7205648,ERROR:ConnectionError,212.84842491149902
1786831513.7140095,ERROR:ConnectionError,225.1124382019043
1786831513.7256656,ERROR:ConnectionError,213.8211727142334
1786831513.744945,ERROR:ConnectionError,194.82874870300293
1786831513.7287364,ERROR:ConnectionError,212.17966079711914
1786831513.7127519,ERROR:ConnectionError,230.71742057800293
1786831513.7120774,ERROR:ConnectionError,231.95457458496094
1786831513.7077837,ERROR:ConnectionError,237.33186721801758
1786831513.7445202,ERROR:ConnectionError,213.11306953430176
1786831513.74918,ERROR:ConnectionError,217.5297737121582
1786831513.7624981,ERROR:ConnectionError,205.10435104370117
1786831513.7497504,ERROR:ConnectionError,220.2126979827881
1786831513.7320337,ERROR:ConnectionError,241.4379119873047
1786831513.7637064,ERROR:ConnectionError,214.43414688110352
1786831513.765144,ERROR:ConnectionError,213.77897262573242
1786831513.779742,ERROR:ConnectionError,203.56512069702148
1786831513.7978525,ERROR:ConnectionError,191.21813774108887
1786831513.8002362,ERROR:ConnectionError,195.7988739013672
1786831513.8015428,ERROR:ConnectionError,197.85094261169434
1786831513.7970877,ERROR:ConnectionError,207.65328407287598
1786831513.7975311,ERROR:ConnectionError,211.19356155395508
1786831513.8172789,ERROR:ConnectionError,199.09930229187012
1786831513.8231957,ERROR:ConnectionError,195.2195167541504
1786831513.8189354,ERROR:ConnectionError,201.71856880187988
1786831513.8238876,ERROR:ConnectionError,217.90504455566406
1786831513.831635,ERROR:ConnectionError,213.32287788391113
1786831513.8403237,ERROR:ConnectionError,208.4815502166748
1786831513.8420033,ERROR:ConnectionError,208.15014839172363
1786831513.8479595,ERROR:ConnectionError,206.2239646911621
1786831513.8487053,ERROR:ConnectionError,208.61506462097168
1786831513.8547444,ERROR:ConnectionError,205.66391944885254
1786831513.870869,ERROR:ConnectionError,206.2840461730957
1786831513.8674037,ERROR:ConnectionError,210.1590633392334
1786831513.8531113,ERROR:ConnectionError,227.41150856018066
1786831513.8790326,ERROR:ConnectionError,221.16613388061523
1786831513.8865523,ERROR:ConnectionError,214.91408348083496
1786831513.9074547,ERROR:ConnectionError,196.4097023010254
1786831513.8951588,ERROR:ConnectionError,209.02276039123535
1786831513.87857,ERROR:ConnectionError,225.8625030517578
1786831513.9138346,ERROR:ConnectionError,197.55887985229492
1786831513.9066393,ERROR:ConnectionError,211.87663078308105
1786831513.9100027,ERROR:ConnectionError,211.92693710327148
1786831513.8904455,ERROR:ConnectionError,233.4001064300537
1786831513.9202218,ERROR:ConnectionError,208.3125114440918
1786831513.898441,ERROR:ConnectionError,236.91654205322266
1786831513.9409227,ERROR:ConnectionError,195.78194618225098
1786831513.9242082,ERROR:ConnectionError,215.84391593933105
1786831513.9236946,ERROR:ConnectionError,219.33555603027344
1786831513.9335244,ERROR:ConnectionError,210.2959156036377
1786831513.939493,ERROR:ConnectionError,205.12914657592773
1786831513.9125514,ERROR:ConnectionError,232.45811462402344
1786831513.8831766,ERROR:ConnectionError,265.7945156097412
1786831513.9440384,ERROR:ConnectionError,206.0708999633789
1786831513.9434822,ERROR:ConnectionError,213.05060386657715
1786831513.9397795,ERROR:ConnectionError,220.66330909729004
1786831513.9276838,ERROR:ConnectionError,234.1024875640869
1786831513.9391322,ERROR:ConnectionError,223.65474700927734
1786831513.9667208,ERROR:ConnectionError,197.2053050994873
1786831513.9576454,ERROR:ConnectionError,207.52358436584473
1786831513.9451244,ERROR:ConnectionError,230.26704788208008
1786831513.9789312,ERROR:ConnectionError,199.98955726623535
1786831513.967614,ERROR:ConnectionError,213.25111389160156
1786831513.9781518,ERROR:ConnectionError,210.99281311035156
1786831513.989081,ERROR:ConnectionError,200.76704025268555
1786831513.9699738,ERROR:ConnectionError,226.15981101989746
1786831513.9734817,ERROR:ConnectionError,223.1736183166504
1786831514.0087347,ERROR:ConnectionError,194.7765350341797
1786831513.9994104,ERROR:ConnectionError,205.25622367858887
1786831513.9960475,ERROR:ConnectionError,209.19489860534668
1786831513.983316,ERROR:ConnectionError,223.30117225646973
1786831514.0047548,ERROR:ConnectionError,205.77263832092285
1786831514.01639,ERROR:ConnectionError,206.97927474975586
1786831514.0184257,ERROR:ConnectionError,213.27829360961914
1786831514.0206628,ERROR:ConnectionError,215.81363677978516
1786831514.0418074,ERROR:ConnectionError,198.31132888793945
1786831514.0449674,ERROR:ConnectionError,203.11713218688965
1786831514.0488188,ERROR:ConnectionError,207.60536193847656
1786831514.0541935,ERROR:ConnectionError,210.39462089538574
1786831514.060419,ERROR:ConnectionError,207.4260711669922
1786831514.0501614,ERROR:ConnectionError,225.64339637756348
1786831514.077571,ERROR:ConnectionError,201.92885398864746
1786831514.077185,ERROR:ConnectionError,206.9847583770752
1786831514.0573297,ERROR:ConnectionError,230.84473609924316
1786831514.0805328,ERROR:ConnectionError,210.70218086242676
1786831514.1002083,ERROR:ConnectionError,194.49710845947266
1786831514.1041868,ERROR:ConnectionError,197.3288059234619
1786831514.1014771,ERROR:ConnectionError,211.6374969482422
1786831514.1044407,ERROR:ConnectionError,211.57431602478027
1786831514.1038713,ERROR:ConnectionError,213.12594413757324
1786831514.1114025,ERROR:ConnectionError,206.74419403076172
1786831514.1186085,ERROR:ConnectionError,207.7350616455078
1786831514.1238554,ERROR:ConnectionError,203.4752368927002
1786831514.1219432,ERROR:ConnectionError,208.94408226013184
1786831514.136717,ERROR:ConnectionError,201.2019157409668
1786831514.135366,ERROR:ConnectionError,208.8334560394287
1786831514.1285467,ERROR:ConnectionError,218.23453903198242
1786831514.1400614,ERROR:ConnectionError,208.41503143310547
1786831514.1438258,ERROR:ConnectionError,208.54568481445312
1786831514.1430404,ERROR:ConnectionError,218.63818168640137
1786831514.1446278,ERROR:ConnectionError,220.51596641540527
1786831514.1565428,ERROR:ConnectionError,214.66946601867676
1786831514.1450148,ERROR:ConnectionError,227.4928092956543
1786831514.1627936,ERROR:ConnectionError,212.35060691833496
1786831514.1501179,ERROR:ConnectionError,225.33535957336426
1786831514.1604555,ERROR:ConnectionError,227.37455368041992
1786831514.1489828,ERROR:ConnectionError,241.5461540222168
1786831514.161795,ERROR:ConnectionError,232.99527168273926
1786831514.1651785,ERROR:ConnectionError,235.67557334899902
1786831514.178932,ERROR:ConnectionError,223.7718105316162
1786831514.1639338,ERROR:ConnectionError,252.98213958740234
1786831514.1891549,ERROR:ConnectionError,237.75172233581543
1786831514.1754014,ERROR:ConnectionError,259.1357231140137
1786831514.1808732,ERROR:ConnectionError,254.04834747314453
1786831514.189857,ERROR:ConnectionError,249.53722953796387
1786831514.1966631,ERROR:ConnectionError,244.18401718139648
1786831514.2317183,ERROR:ConnectionError,215.00802040100098
1786831514.2646005,ERROR:ConnectionError,185.21642684936523
1786831514.1961427,ERROR:ConnectionError,254.0605068206787
1786831514.248095,ERROR:ConnectionError,206.33459091186523
1786831514.203522,ERROR:ConnectionError,253.9362907409668
1786831514.21058,ERROR:ConnectionError,248.26288223266602
1786831514.2758152,ERROR:ConnectionError,185.43291091918945
1786831514.2233803,ERROR:ConnectionError,239.59779739379883
1786831514.2679,ERROR:ConnectionError,205.34443855285645
1786831514.2364826,ERROR:ConnectionError,237.58268356323242
1786831514.2564347,ERROR:ConnectionError,219.4826602935791
1786831514.240127,ERROR:ConnectionError,243.21961402893066
1786831514.206624,ERROR:ConnectionError,278.17654609680176
1786831514.2052493,ERROR:ConnectionError,280.4543972015381
1786831514.2841804,ERROR:ConnectionError,201.99012756347656
1786831514.279597,ERROR:ConnectionError,215.0721549987793
1786831514.2912445,ERROR:ConnectionError,208.05048942565918
1786831514.2881851,ERROR:ConnectionError,211.99560165405273
1786831514.3160264,ERROR:ConnectionError,187.4861717224121
1786831514.2046778,ERROR:ConnectionError,301.7120361328125
1786831514.2947164,ERROR:ConnectionError,216.41039848327637
1786831514.3170018,ERROR:ConnectionError,201.60198211669922
1786831514.3379292,ERROR:ConnectionError,184.64088439941406
1786831514.3263545,ERROR:ConnectionError,197.42727279663086
1786831514.3015273,ERROR:ConnectionError,227.30326652526855
1786831514.3181548,ERROR:ConnectionError,217.85283088684082
1786831514.3273387,ERROR:ConnectionError,210.1309299468994
1786831514.3442101,ERROR:ConnectionError,193.5713291168213
1786831514.3131256,ERROR:ConnectionError,227.5216579437256
1786831514.3725197,ERROR:ConnectionError,174.7128963470459
1786831514.3467941,ERROR:ConnectionError,200.85573196411133
1786831514.3308957,ERROR:ConnectionError,217.50164031982422
1786831514.3616934,ERROR:ConnectionError,190.964937210083
1786831514.3712368,ERROR:ConnectionError,184.02361869812012
1786831514.3484855,ERROR:ConnectionError,208.2364559173584
1786831514.3651562,ERROR:ConnectionError,194.27943229675293
1786831514.3754594,ERROR:ConnectionError,188.246488571167
1786831514.375153,ERROR:ConnectionError,189.44478034973145
1786831514.3523834,ERROR:ConnectionError,215.97766876220703
1786831514.400864,ERROR:ConnectionError,173.30384254455566
1786831514.3878427,ERROR:ConnectionError,189.50772285461426
1786831514.4027107,ERROR:ConnectionError,177.22320556640625
1786831514.3905385,ERROR:ConnectionError,196.65193557739258
1786831514.434547,ERROR:ConnectionError,156.07047080993652
1786831514.3947997,ERROR:ConnectionError,198.1182098388672
1786831514.426917,ERROR:ConnectionError,166.94927215576172
1786831514.4629867,ERROR:ConnectionError,133.84079933166504
1786831514.4498258,ERROR:ConnectionError,147.9504108428955
1786831514.4574685,ERROR:ConnectionError,141.69001579284668
1786831514.4349298,ERROR:ConnectionError,164.55650329589844
1786831514.45885,ERROR:ConnectionError,141.0515308380127
1786831514.4394038,ERROR:ConnectionError,163.6815071105957
1786831514.45021,ERROR:ConnectionError,154.72412109375
1786831514.416929,ERROR:ConnectionError,188.44985961914062
1786831514.4408576,ERROR:ConnectionError,167.71483421325684
1786831514.4467378,ERROR:ConnectionError,162.28532791137695
1786831514.461258,ERROR:ConnectionError,149.67799186706543
1786831514.4740736,ERROR:ConnectionError,139.77646827697754
1786831514.454439,ERROR:ConnectionError,162.8894805908203
1786831514.486177,ERROR:ConnectionError,132.09176063537598
1786831514.4732559,ERROR:ConnectionError,147.22013473510742
1786831514.4759245,ERROR:ConnectionError,157.52196311950684
1786831514.48336,ERROR:ConnectionError,164.8423671722412
1786831514.4848096,ERROR:ConnectionError,163.76352310180664
1786831514.4857142,ERROR:ConnectionError,167.4511432647705
1786831514.5035203,ERROR:ConnectionError,152.35090255737305
1786831514.4946823,ERROR:ConnectionError,161.7565155029297
1786831514.511137,ERROR:ConnectionError,148.2686996459961
1786831514.5476646,ERROR:ConnectionError,124.73011016845703
1786831514.4993122,ERROR:ConnectionError,175.25482177734375
1786831514.5001907,ERROR:ConnectionError,175.66895484924316
1786831514.5063996,ERROR:ConnectionError,170.26257514953613
1786831514.518616,ERROR:ConnectionError,159.29222106933594
1786831514.5552704,ERROR:ConnectionError,135.84065437316895
1786831514.537479,ERROR:ConnectionError,154.60753440856934
1786831514.536026,ERROR:ConnectionError,158.90121459960938
1786831514.5377872,ERROR:ConnectionError,158.97536277770996
1786831514.5288427,ERROR:ConnectionError,169.23189163208008
1786831514.5237906,ERROR:ConnectionError,178.76076698303223
1786831514.5406582,ERROR:ConnectionError,163.36846351623535
1786831514.5484064,ERROR:ConnectionError,156.71396255493164
1786831514.5567324,ERROR:ConnectionError,151.80611610412598
1786831514.5526743,ERROR:ConnectionError,164.09611701965332
1786831514.5225787,ERROR:ConnectionError,194.78988647460938
1786831514.5799463,ERROR:ConnectionError,138.86046409606934
1786831514.5472398,ERROR:ConnectionError,174.44419860839844
1786831514.564604,ERROR:ConnectionError,157.58347511291504
1786831514.5683687,ERROR:ConnectionError,154.13761138916016
1786831514.590647,ERROR:ConnectionError,132.65562057495117
1786831514.5741763,ERROR:ConnectionError,149.86562728881836
1786831514.5594482,ERROR:ConnectionError,167.5276756286621
1786831514.5637143,ERROR:ConnectionError,168.0164337158203
1786831514.599166,ERROR:ConnectionError,142.59099960327148
1786831514.5994925,ERROR:ConnectionError,156.60667419433594
1786831514.597801,ERROR:ConnectionError,158.86330604553223
1786831514.6030984,ERROR:ConnectionError,153.84340286254883
1786831514.5929282,ERROR:ConnectionError,164.30258750915527
1786831514.6182811,ERROR:ConnectionError,142.0912742614746
1786831514.6109471,ERROR:ConnectionError,153.2309055328369
1786831514.5871983,ERROR:ConnectionError,177.61731147766113
1786831514.6085837,ERROR:ConnectionError,160.25114059448242
1786831514.6334589,ERROR:ConnectionError,139.12463188171387
1786831514.5773594,ERROR:ConnectionError,199.43833351135254
1786831514.6173413,ERROR:ConnectionError,162.02402114868164
1786831514.593878,ERROR:ConnectionError,186.05971336364746
1786831514.6138635,ERROR:ConnectionError,170.34554481506348
1786831514.620485,ERROR:ConnectionError,169.5106029510498
1786831514.604943,ERROR:ConnectionError,185.4534149169922
1786831514.599907,ERROR:ConnectionError,191.6637420654297
1786831514.5968401,ERROR:ConnectionError,198.74978065490723
1786831514.6053846,ERROR:ConnectionError,191.82658195495605
1786831514.6564488,ERROR:ConnectionError,141.98684692382812
1786831514.6594188,ERROR:ConnectionError,147.07159996032715
1786831514.6485803,ERROR:ConnectionError,158.4627628326416
1786831514.6531808,ERROR:ConnectionError,163.10405731201172
1786831514.6090314,ERROR:ConnectionError,211.23456954956055
1786831514.6482096,ERROR:ConnectionError,186.6140365600586
1786831514.675869,ERROR:ConnectionError,163.76566886901855
1786831514.6724048,ERROR:ConnectionError,167.60683059692383
1786831514.6766694,ERROR:ConnectionError,163.71774673461914
1786831514.674577,ERROR:ConnectionError,171.09298706054688
1786831514.6559055,ERROR:ConnectionError,200.20461082458496
1786831514.6911247,ERROR:ConnectionError,165.5564308166504
1786831514.6920955,ERROR:ConnectionError,166.426420211792
1786831514.698085,ERROR:ConnectionError,164.9343967437744
1786831514.6779156,ERROR:ConnectionError,189.84389305114746
1786831514.6967735,ERROR:ConnectionError,172.8384494781494
1786831514.702563,ERROR:ConnectionError,198.49467277526855
1786831514.6949368,ERROR:ConnectionError,207.5960636138916
1786831514.708548,ERROR:ConnectionError,208.54616165161133
1786831514.7040372,ERROR:ConnectionError,223.91438484191895
1786831514.7216935,ERROR:ConnectionError,211.93504333496094
1786831514.7225153,ERROR:ConnectionError,214.9035930633545
1786831514.7167866,ERROR:ConnectionError,233.8845729827881
1786831514.7173762,ERROR:ConnectionError,244.0207004547119
1786831514.722195,ERROR:ConnectionError,245.58329582214355
1786831514.7051284,ERROR:ConnectionError,263.6733055114746
1786831514.7317412,ERROR:ConnectionError,241.01877212524414
1786831514.7233088,ERROR:ConnectionError,259.58728790283203
1786831514.7269893,ERROR:ConnectionError,258.5909366607666
1786831514.7240498,ERROR:ConnectionError,262.09521293640137
1786831514.718815,ERROR:ConnectionError,269.57058906555176
1786831514.7603822,ERROR:ConnectionError,233.25133323669434
1786831514.7417667,ERROR:ConnectionError,252.20465660095215
1786831514.7641866,ERROR:ConnectionError,232.70297050476074
1786831514.7561078,ERROR:ConnectionError,244.87948417663574
1786831514.7572355,ERROR:ConnectionError,246.1225986480713
1786831514.7648242,ERROR:ConnectionError,239.81523513793945
1786831514.7569485,ERROR:ConnectionError,253.7400722503662
1786831514.7725947,ERROR:ConnectionError,239.89510536193848
1786831514.7768083,ERROR:ConnectionError,238.5697364807129
1786831514.7799447,ERROR:ConnectionError,235.96715927124023
1786831514.7566705,ERROR:ConnectionError,263.5660171508789
1786831514.791578,ERROR:ConnectionError,234.44175720214844
1786831514.790011,ERROR:ConnectionError,239.46523666381836
1786831514.798446,ERROR:ConnectionError,231.67777061462402
1786831514.7688465,ERROR:ConnectionError,267.41480827331543
1786831514.7842166,ERROR:ConnectionError,253.18288803100586
1786831514.8070505,ERROR:ConnectionError,237.56051063537598
1786831514.8202732,ERROR:ConnectionError,224.84970092773438
1786831514.790403,ERROR:ConnectionError,257.80415534973145
1786831514.7793736,ERROR:ConnectionError,273.2861042022705
1786831514.7956014,ERROR:ConnectionError,260.3113651275635
1786831514.8396468,ERROR:ConnectionError,219.47646141052246
1786831514.8162954,ERROR:ConnectionError,248.0480670928955
1786831514.8065,ERROR:ConnectionError,264.6443843841553
1786831514.834838,ERROR:ConnectionError,237.60056495666504
1786831514.8456783,ERROR:ConnectionError,229.8290729522705
1786831514.8403938,ERROR:ConnectionError,237.77198791503906
1786831514.8400197,ERROR:ConnectionError,242.8877353668213
1786831514.7972198,ERROR:ConnectionError,287.7027988433838
1786831514.856123,ERROR:ConnectionError,232.6970100402832
1786831514.8585298,ERROR:ConnectionError,231.00042343139648
1786831514.8696203,ERROR:ConnectionError,224.1342067718506
1786831514.9025428,ERROR:ConnectionError,198.45271110534668
1786831514.8567276,ERROR:ConnectionError,246.48141860961914
1786831514.8630304,ERROR:ConnectionError,241.93572998046875
1786831514.9010677,ERROR:ConnectionError,209.46788787841797
1786831514.9677873,ERROR:ConnectionError,146.29197120666504
1786831514.972771,ERROR:ConnectionError,143.69702339172363
1786831514.86777,ERROR:ConnectionError,250.6711483001709
1786831514.9279785,ERROR:ConnectionError,190.88101387023926
1786831514.9506857,ERROR:ConnectionError,171.91362380981445
1786831514.9171112,ERROR:ConnectionError,208.63032341003418
1786831514.9829109,ERROR:ConnectionError,143.17846298217773
1786831514.937429,ERROR:ConnectionError,190.66739082336426
1786831514.933643,ERROR:ConnectionError,196.31028175354004
1786831514.961408,ERROR:ConnectionError,170.2899932861328
1786831514.9688122,ERROR:ConnectionError,164.14499282836914
1786831514.9939778,ERROR:ConnectionError,150.74563026428223
1786831514.9861522,ERROR:ConnectionError,163.64645957946777
1786831514.988394,ERROR:ConnectionError,166.98312759399414
1786831515.001003,ERROR:ConnectionError,159.09886360168457
1786831514.9969022,ERROR:ConnectionError,170.2725887298584
1786831515.0033748,ERROR:ConnectionError,164.7038459777832
1786831514.985592,ERROR:ConnectionError,187.06107139587402
1786831515.004646,ERROR:ConnectionError,169.35443878173828
1786831515.0125,ERROR:ConnectionError,162.91570663452148
1786831515.0153906,ERROR:ConnectionError,162.89091110229492
1786831514.993644,ERROR:ConnectionError,185.0411891937256
1786831515.0202484,ERROR:ConnectionError,161.1196994781494
1786831515.026033,ERROR:ConnectionError,159.47794914245605
1786831515.0107002,ERROR:ConnectionError,175.20427703857422
1786831515.0446208,ERROR:ConnectionError,154.74390983581543
1786831515.029486,ERROR:ConnectionError,178.2989501953125
1786831515.0159197,ERROR:ConnectionError,195.09339332580566
1786831515.0374105,ERROR:ConnectionError,176.1019229888916
1786831515.030129,ERROR:ConnectionError,186.51080131530762
1786831515.0362706,ERROR:ConnectionError,183.49337577819824
1786831515.0526779,ERROR:ConnectionError,169.68011856079102
1786831515.0482175,ERROR:ConnectionError,177.3068904876709
1786831515.0451293,ERROR:ConnectionError,181.60057067871094
1786831515.0724475,ERROR:ConnectionError,155.13944625854492
1786831515.064356,ERROR:ConnectionError,164.96968269348145
1786831515.0591345,ERROR:ConnectionError,170.8357334136963
1786831515.0559204,ERROR:ConnectionError,175.99868774414062
1786831515.0711522,ERROR:ConnectionError,170.57418823242188
1786831515.088832,ERROR:ConnectionError,160.14623641967773
1786831515.0937662,ERROR:ConnectionError,160.12907028198242
1786831515.0895376,ERROR:ConnectionError,166.69344902038574
1786831515.0755177,ERROR:ConnectionError,190.92893600463867
1786831515.1032193,ERROR:ConnectionError,164.8106575012207
1786831515.078177,ERROR:ConnectionError,194.23675537109375
1786831515.0849361,ERROR:ConnectionError,188.55786323547363
1786831515.1010082,ERROR:ConnectionError,176.6517162322998
1786831515.1105468,ERROR:ConnectionError,172.18613624572754
1786831515.1140866,ERROR:ConnectionError,176.7427921295166
1786831515.1188667,ERROR:ConnectionError,174.58772659301758
1786831515.1281042,ERROR:ConnectionError,165.96102714538574
1786831515.08292,ERROR:ConnectionError,211.73501014709473
1786831515.122631,ERROR:ConnectionError,173.7816333770752
1786831515.1317308,ERROR:ConnectionError,176.21946334838867
1786831515.1329691,ERROR:ConnectionError,177.88124084472656
1786831515.1184494,ERROR:ConnectionError,195.07551193237305
1786831515.1498086,ERROR:ConnectionError,166.83697700500488
1786831515.1164877,ERROR:ConnectionError,200.56724548339844
1786831515.1299648,ERROR:ConnectionError,193.07613372802734
1786831515.1671896,ERROR:ConnectionError,164.08157348632812
1786831515.104978,ERROR:ConnectionError,230.60345649719238
1786831515.1257513,ERROR:ConnectionError,213.37175369262695
1786831515.1601124,ERROR:ConnectionError,186.9363784790039
1786831515.1680865,ERROR:ConnectionError,182.13796615600586
1786831515.1260955,ERROR:ConnectionError,228.6231517791748
1786831515.1726642,ERROR:ConnectionError,184.97872352600098
1786831515.155387,ERROR:ConnectionError,203.22394371032715
1786831515.17401,ERROR:ConnectionError,185.20855903625488
1786831515.1754253,ERROR:ConnectionError,185.8994960784912
1786831515.1813793,ERROR:ConnectionError,181.10108375549316
1786831515.17869,ERROR:ConnectionError,187.96038627624512
1786831515.1859102,ERROR:ConnectionError,184.9353313446045
1786831515.1447341,ERROR:ConnectionError,227.3111343383789
1786831515.1783311,ERROR:ConnectionError,200.58250427246094
1786831515.1855204,ERROR:ConnectionError,193.91775131225586
1786831515.2110238,ERROR:ConnectionError,173.4027862548828
1786831515.216651,ERROR:ConnectionError,177.75821685791016
1786831515.2077956,ERROR:ConnectionError,187.44587898254395
1786831515.1993747,ERROR:ConnectionError,196.55799865722656
1786831515.227597,ERROR:ConnectionError,172.20520973205566
1786831515.213522,ERROR:ConnectionError,190.66357612609863
1786831515.2223763,ERROR:ConnectionError,182.1887493133545
1786831515.2319276,ERROR:ConnectionError,186.87963485717773
1786831515.2267423,ERROR:ConnectionError,193.86577606201172
1786831515.2197733,ERROR:ConnectionError,201.7982006072998
1786831515.225535,ERROR:ConnectionError,198.4384059906006
1786831515.2680426,ERROR:ConnectionError,164.90697860717773
1786831515.229977,ERROR:ConnectionError,205.86204528808594
1786831515.229334,ERROR:ConnectionError,208.27746391296387
1786831515.2539032,ERROR:ConnectionError,189.13912773132324
1786831515.2489884,ERROR:ConnectionError,195.2812671661377
1786831515.2417378,ERROR:ConnectionError,205.55400848388672
1786831515.2735057,ERROR:ConnectionError,184.11827087402344
1786831515.3135347,ERROR:ConnectionError,144.90485191345215
1786831515.2776697,ERROR:ConnectionError,181.2138557434082
1786831515.2827446,ERROR:ConnectionError,176.6195297241211
1786831515.2562406,ERROR:ConnectionError,205.9638500213623
1786831515.2724261,ERROR:ConnectionError,190.25731086730957
1786831515.2664626,ERROR:ConnectionError,197.6644992828369
1786831515.290841,ERROR:ConnectionError,174.70216751098633
1786831515.2940722,ERROR:ConnectionError,173.9659309387207
1786831515.2946634,ERROR:ConnectionError,176.32460594177246
1786831515.3079634,ERROR:ConnectionError,170.30096054077148
1786831515.2934656,ERROR:ConnectionError,185.3928565979004
1786831515.3170617,ERROR:ConnectionError,173.24590682983398
1786831515.3230493,ERROR:ConnectionError,169.07811164855957
1786831515.316655,ERROR:ConnectionError,178.62629890441895
1786831515.3312826,ERROR:ConnectionError,165.67492485046387
1786831515.2964277,ERROR:ConnectionError,202.14009284973145
1786831515.3708599,ERROR:ConnectionError,139.86682891845703
1786831515.347059,ERROR:ConnectionError,170.98212242126465
1786831515.3576548,ERROR:ConnectionError,165.20428657531738
1786831515.3592265,ERROR:ConnectionError,164.02935981750488
1786831515.3844397,ERROR:ConnectionError,140.960693359375
1786831515.339139,ERROR:ConnectionError,186.9058609008789
1786831515.3108623,ERROR:ConnectionError,215.69180488586426
1786831515.3666594,ERROR:ConnectionError,168.27130317687988
1786831515.3355963,ERROR:ConnectionError,201.41148567199707
1786831515.3613343,ERROR:ConnectionError,178.0714988708496
1786831515.3789225,ERROR:ConnectionError,160.83264350891113
1786831515.362489,ERROR:ConnectionError,179.40306663513184
1786831515.3547347,ERROR:ConnectionError,188.40694427490234
1786831515.3586206,ERROR:ConnectionError,190.3860569000244
1786831515.3502545,ERROR:ConnectionError,199.354887008667
1786831515.3944194,ERROR:ConnectionError,158.48636627197266
1786831515.421583,ERROR:ConnectionError,134.99999046325684
1786831515.3959413,ERROR:ConnectionError,170.8841323852539
1786831515.3998117,ERROR:ConnectionError,170.38345336914062
1786831515.3720548,ERROR:ConnectionError,200.97875595092773
1786831515.379446,ERROR:ConnectionError,193.9399242401123
1786831515.4206192,ERROR:ConnectionError,154.65068817138672
1786831515.4045742,ERROR:ConnectionError,173.59280586242676
1786831515.4188197,ERROR:ConnectionError,159.92474555969238
1786831515.4358706,ERROR:ConnectionError,145.78866958618164
1786831515.4239821,ERROR:ConnectionError,159.45935249328613
1786831515.4041958,ERROR:ConnectionError,189.5427703857422
1786831515.4584484,ERROR:ConnectionError,142.40765571594238
1786831515.3952494,ERROR:ConnectionError,208.73689651489258
1786831515.4576356,ERROR:ConnectionError,148.33760261535645
1786831515.4473002,ERROR:ConnectionError,160.4633331298828
1786831515.4782805,ERROR:ConnectionError,130.15389442443848
1786831515.4626915,ERROR:ConnectionError,148.64063262939453
1786831515.4593713,ERROR:ConnectionError,158.14900398254395
1786831515.462214,ERROR:ConnectionError,161.55195236206055
1786831515.4376223,ERROR:ConnectionError,187.54816055297852
1786831515.4442763,ERROR:ConnectionError,181.33115768432617
1786831515.432963,ERROR:ConnectionError,196.52462005615234
1786831515.4921374,ERROR:ConnectionError,138.66591453552246
1786831515.4430518,ERROR:ConnectionError,188.9963150024414
1786831515.4903173,ERROR:ConnectionError,143.08738708496094
1786831515.4641356,ERROR:ConnectionError,169.9216365814209
1786831515.4589353,ERROR:ConnectionError,181.0438632965088
1786831515.4710085,ERROR:ConnectionError,169.38519477844238
1786831515.4969687,ERROR:ConnectionError,146.80957794189453
1786831515.495294,ERROR:ConnectionError,149.2912769317627
1786831515.5228703,ERROR:ConnectionError,123.90828132629395
1786831515.4680517,ERROR:ConnectionError,183.92300605773926
1786831515.5265617,ERROR:ConnectionError,126.29508972167969
1786831515.5370202,ERROR:ConnectionError,117.39516258239746
1786831515.478866,ERROR:ConnectionError,177.2933006286621
1786831515.510736,ERROR:ConnectionError,149.3825912475586
1786831515.5232627,ERROR:ConnectionError,137.76278495788574
1786831515.4985788,ERROR:ConnectionError,164.38031196594238
1786831515.4655514,ERROR:ConnectionError,209.28096771240234
1786831515.5394158,ERROR:ConnectionError,136.1978054046631
1786831515.5816696,ERROR:ConnectionError,98.81329536437988
1786831515.5419009,ERROR:ConnectionError,141.01815223693848
1786831515.5702052,ERROR:ConnectionError,113.12437057495117
1786831515.539762,ERROR:ConnectionError,144.2725658416748
1786831515.526053,ERROR:ConnectionError,158.27393531799316
1786831515.5180533,ERROR:ConnectionError,180.48858642578125
1786831515.5254097,ERROR:ConnectionError,175.85349082946777
1786831515.5490167,ERROR:ConnectionError,155.5788516998291
1786831515.556595,ERROR:ConnectionError,151.84831619262695
1786831515.5730438,ERROR:ConnectionError,135.73026657104492
1786831515.5668404,ERROR:ConnectionError,148.3590602874756
1786831515.5529144,ERROR:ConnectionError,166.75972938537598
1786831515.573392,ERROR:ConnectionError,154.0994644165039
1786831515.5937467,ERROR:ConnectionError,141.84045791625977
1786831515.543151,ERROR:ConnectionError,194.5328712463379
1786831515.6084416,ERROR:ConnectionError,130.59210777282715
1786831515.578177,ERROR:ConnectionError,163.62237930297852
1786831515.5787504,ERROR:ConnectionError,167.47379302978516
1786831515.6077726,ERROR:ConnectionError,139.06025886535645
1786831515.5496154,ERROR:ConnectionError,202.193021774292
1786831515.6060996,ERROR:ConnectionError,150.8946418762207
1786831515.575278,ERROR:ConnectionError,187.6993179321289
1786831515.6039982,ERROR:ConnectionError,159.49010848999023
1786831515.6748443,ERROR:ConnectionError,92.75126457214355
1786831515.6294956,ERROR:ConnectionError,140.89488983154297
1786831515.6629682,ERROR:ConnectionError,107.81645774841309
1786831515.6256144,ERROR:ConnectionError,151.5524387359619
1786831515.5834508,ERROR:ConnectionError,195.44720649719238
1786831515.6113417,ERROR:ConnectionError,168.0004596710205
1786831515.6610343,ERROR:ConnectionError,132.01379776000977
1786831515.634067,ERROR:ConnectionError,162.45627403259277
1786831515.5349422,ERROR:ConnectionError,261.94214820861816
1786831515.6237762,ERROR:ConnectionError,173.55060577392578
1786831515.6544285,ERROR:ConnectionError,145.28846740722656
1786831515.6334121,ERROR:ConnectionError,170.22252082824707
1786831515.6467884,ERROR:ConnectionError,159.43121910095215
1786831515.6175332,ERROR:ConnectionError,191.79058074951172
1786831515.6437867,ERROR:ConnectionError,168.78533363342285
1786831515.6601312,ERROR:ConnectionError,153.05328369140625
1786831515.7012749,ERROR:ConnectionError,113.01684379577637
1786831515.7046056,ERROR:ConnectionError,110.49199104309082
1786831515.656168,ERROR:ConnectionError,163.7890338897705
1786831515.6519895,ERROR:ConnectionError,173.22063446044922
1786831515.6829302,ERROR:ConnectionError,143.86916160583496
1786831515.6404033,ERROR:ConnectionError,188.85564804077148
1786831515.6756232,ERROR:ConnectionError,156.1431884765625
1786831515.652866,ERROR:ConnectionError,183.15768241882324
1786831515.7418075,ERROR:ConnectionError,96.66252136230469
1786831515.600884,ERROR:ConnectionError,244.91548538208008
1786831515.6843343,ERROR:ConnectionError,162.86110877990723
1786831515.6833384,ERROR:ConnectionError,170.19271850585938
1786831515.6804917,ERROR:ConnectionError,175.4612922668457
1786831515.6251822,ERROR:ConnectionError,231.2016487121582
1786831515.6320562,ERROR:ConnectionError,224.9763011932373
1786831515.719682,ERROR:ConnectionError,138.09680938720703
1786831515.6985528,ERROR:ConnectionError,164.4749641418457
1786831515.708457,ERROR:ConnectionError,156.45718574523926
1786831515.7376914,ERROR:ConnectionError,131.0436725616455
1786831515.7634954,ERROR:ConnectionError,110.41927337646484
1786831515.684041,ERROR:ConnectionError,191.1182403564453
1786831515.746839,ERROR:ConnectionError,129.93645668029785
1786831515.6445935,ERROR:ConnectionError,234.60650444030762
1786831515.63999,ERROR:ConnectionError,240.54622650146484
1786831515.7789116,ERROR:ConnectionError,108.1085205078125
1786831515.7275035,ERROR:ConnectionError,161.34905815124512
1786831515.797336,ERROR:ConnectionError,97.14055061340332
1786831515.7152092,ERROR:ConnectionError,180.10592460632324
1786831515.7676084,ERROR:ConnectionError,143.33653450012207
1786831515.7704027,ERROR:ConnectionError,141.2816047668457
1786831515.7629867,ERROR:ConnectionError,151.58510208129883
1786831515.708783,ERROR:ConnectionError,206.09307289123535
1786831515.7965326,ERROR:ConnectionError,122.3137378692627
1786831515.757006,ERROR:ConnectionError,168.2136058807373
1786831515.7355995,ERROR:ConnectionError,194.99993324279785
1786831515.79689,ERROR:ConnectionError,136.58404350280762
1786831515.7707925,ERROR:ConnectionError,163.30957412719727
1786831515.7462332,ERROR:ConnectionError,192.23260879516602
1786831515.8093336,ERROR:ConnectionError,129.63318824768066
1786831515.8151066,ERROR:ConnectionError,128.46994400024414
1786831515.630815,ERROR:ConnectionError,324.39732551574707
1786831515.7771761,ERROR:ConnectionError,178.56621742248535
1786831515.7997282,ERROR:ConnectionError,158.19597244262695
1786831515.7930572,ERROR:ConnectionError,168.43533515930176
1786831515.8132427,ERROR:ConnectionError,150.08258819580078
1786831515.7390423,ERROR:ConnectionError,226.4389991760254
1786831515.826809,ERROR:ConnectionError,140.19489288330078
1786831515.8292696,ERROR:ConnectionError,140.6412124633789
1786831515.8317778,ERROR:ConnectionError,144.11616325378418
1786831515.8125832,ERROR:ConnectionError,165.7874584197998
1786831515.8062592,ERROR:ConnectionError,175.30274391174316
1786831515.838484,ERROR:ConnectionError,147.7963924407959
1786831515.8199663,ERROR:ConnectionError,168.97344589233398
1786831515.876783,ERROR:ConnectionError,120.13697624206543
1786831515.779348,ERROR:ConnectionError,220.6892967224121
1786831515.8142972,ERROR:ConnectionError,191.21861457824707
1786831515.847206,ERROR:ConnectionError,161.36741638183594
1786831515.751823,ERROR:ConnectionError,260.90455055236816
1786831515.8563914,ERROR:ConnectionError,157.48238563537598
1786831515.879209,ERROR:ConnectionError,137.1481418609619
1786831515.8751667,ERROR:ConnectionError,142.03643798828125
1786831515.894489,ERROR:ConnectionError,127.03537940979004
1786831515.8036482,ERROR:ConnectionError,219.43235397338867
1786831515.8805444,ERROR:ConnectionError,147.30477333068848
1786831515.8458228,ERROR:ConnectionError,186.25235557556152
1786831515.8252199,ERROR:ConnectionError,209.12671089172363
1786831515.8360362,ERROR:ConnectionError,201.09224319458008
1786831515.8570406,ERROR:ConnectionError,181.84876441955566
1786831515.863037,ERROR:ConnectionError,177.06036567687988
1786831515.9384735,ERROR:ConnectionError,103.42741012573242
1786831515.8535478,ERROR:ConnectionError,189.98003005981445
1786831515.8559635,ERROR:ConnectionError,194.352388381958
1786831515.9252305,ERROR:ConnectionError,126.64461135864258
1786831515.9148839,ERROR:ConnectionError,137.9988193511963
1786831515.8888638,ERROR:ConnectionError,173.83885383605957
1786831515.8687465,ERROR:ConnectionError,194.78750228881836
1786831515.8739219,ERROR:ConnectionError,198.2738971710205
1786831515.9334834,ERROR:ConnectionError,146.89064025878906
1786831515.9145818,ERROR:ConnectionError,169.36993598937988
1786831515.857786,ERROR:ConnectionError,226.57465934753418
1786831515.9306087,ERROR:ConnectionError,154.33311462402344
1786831515.8870318,ERROR:ConnectionError,201.1415958404541
1786831515.9579341,ERROR:ConnectionError,131.3943862915039
1786831515.9633353,ERROR:ConnectionError,128.8008689880371
1786831515.9389737,ERROR:ConnectionError,156.64076805114746
1786831515.864926,ERROR:ConnectionError,232.0082187652588
1786831515.969922,ERROR:ConnectionError,128.60894203186035
1786831515.910987,ERROR:ConnectionError,188.7977123260498
1786831515.9654891,ERROR:ConnectionError,136.67702674865723
1786831515.9759068,ERROR:ConnectionError,128.6628246307373
1786831515.9670134,ERROR:ConnectionError,140.08307456970215
1786831515.955229,ERROR:ConnectionError,157.7749252319336
1786831515.934109,ERROR:ConnectionError,180.99212646484375
1786831515.9435866,ERROR:ConnectionError,173.9356517791748
1786831515.9783819,ERROR:ConnectionError,141.6158676147461
1786831515.8953216,ERROR:ConnectionError,225.0370979309082
1786831515.9862916,ERROR:ConnectionError,137.05945014953613
1786831516.0172095,ERROR:ConnectionError,111.00387573242188
1786831515.9557476,ERROR:ConnectionError,174.89171028137207
1786831515.9188561,ERROR:ConnectionError,217.41199493408203
1786831515.9116926,ERROR:ConnectionError,225.58259963989258
1786831516.0085838,ERROR:ConnectionError,137.3119354248047
1786831516.0389047,ERROR:ConnectionError,118.96872520446777
1786831516.0320907,ERROR:ConnectionError,127.86436080932617
1786831516.0055254,ERROR:ConnectionError,154.87194061279297
1786831515.9815705,ERROR:ConnectionError,179.47149276733398
1786831516.0371583,ERROR:ConnectionError,124.18603897094727
1786831516.062716,ERROR:ConnectionError,104.07829284667969
1786831516.0278573,ERROR:ConnectionError,140.2266025543213
1786831516.034355,ERROR:ConnectionError,134.4759464263916
1786831516.0529013,ERROR:ConnectionError,119.78387832641602
1786831516.041919,ERROR:ConnectionError,137.5415325164795
1786831516.0000494,ERROR:ConnectionError,180.06491661071777
1786831516.013883,ERROR:ConnectionError,166.65363311767578
1786831515.9889545,ERROR:ConnectionError,198.96912574768066
1786831516.0215418,ERROR:ConnectionError,167.93251037597656
1786831516.0163658,ERROR:ConnectionError,174.67355728149414
1786831515.9969313,ERROR:ConnectionError,195.0232982635498
1786831516.043538,ERROR:ConnectionError,151.19481086730957
1786831516.051886,ERROR:ConnectionError,147.62234687805176
1786831515.961504,ERROR:ConnectionError,238.5542392730713
1786831516.0803816,ERROR:ConnectionError,130.10454177856445
1786831516.0985396,ERROR:ConnectionError,113.58809471130371
1786831516.0230885,ERROR:ConnectionError,195.94144821166992
1786831516.0503273,ERROR:ConnectionError,170.78280448913574
1786831516.012737,ERROR:ConnectionError,209.49482917785645
1786831516.0401046,ERROR:ConnectionError,182.8305721282959
1786831516.0921464,ERROR:ConnectionError,133.2697868347168
1786831516.1021774,ERROR:ConnectionError,124.37820434570312
1786831516.0722132,ERROR:ConnectionError,161.59296035766602
1786831516.1919618,ERROR:ConnectionError,59.426069259643555
1786831516.0839596,ERROR:ConnectionError,169.51918601989746
1786831516.1045835,ERROR:ConnectionError,150.8190631866455
1786831516.1151106,ERROR:ConnectionError,146.58069610595703
1786831516.099798,ERROR:ConnectionError,165.61532020568848
1786831516.1372807,ERROR:ConnectionError,135.64515113830566
1786831516.1459048,ERROR:ConnectionError,127.93898582458496
1786831516.089337,ERROR:ConnectionError,189.63003158569336
1786831516.1599655,ERROR:ConnectionError,124.40180778503418
1786831516.1668255,ERROR:ConnectionError,118.42608451843262
1786831516.0849504,ERROR:ConnectionError,201.43437385559082
1786831516.1071064,ERROR:ConnectionError,189.48936462402344
1786831516.2104967,ERROR:ConnectionError,90.11435508728027
1786831516.0881836,ERROR:ConnectionError,214.86234664916992
1786831516.1680913,ERROR:ConnectionError,139.58287239074707
1786831516.0956237,ERROR:ConnectionError,213.16862106323242
1786831516.1306486,ERROR:ConnectionError,179.3198585510254
1786831516.200094,ERROR:ConnectionError,111.61351203918457
1786831516.0969415,ERROR:ConnectionError,216.4144515991211
1786831516.2190423,ERROR:ConnectionError,97.08476066589355
1786831516.0635457,ERROR:ConnectionError,253.5574436187744
1786831516.136278,ERROR:ConnectionError,187.64734268188477
1786831516.1794705,ERROR:ConnectionError,145.38192749023438
1786831516.180543,ERROR:ConnectionError,146.7151641845703
1786831516.1801212,ERROR:ConnectionError,149.4464874267578
1786831516.1282232,ERROR:ConnectionError,204.38361167907715
1786831516.1578903,ERROR:ConnectionError,191.50829315185547
1786831516.0843682,ERROR:ConnectionError,266.3302421569824
1786831516.117534,ERROR:ConnectionError,239.54224586486816
1786831516.1130142,ERROR:ConnectionError,246.54030799865723
1786831516.2738538,ERROR:ConnectionError,90.00444412231445
1786831516.2617035,ERROR:ConnectionError,104.34126853942871
1786831516.1610482,ERROR:ConnectionError,207.2920799255371
1786831516.1910481,ERROR:ConnectionError,178.10440063476562
1786831516.1947439,ERROR:ConnectionError,174.9577522277832
1786831516.120366,ERROR:ConnectionError,252.02178955078125
1786831516.123362,ERROR:ConnectionError,249.708890914917
1786831516.1688366,ERROR:ConnectionError,205.16657829284668
1786831516.1727,ERROR:ConnectionError,203.34649085998535
1786831516.2554176,ERROR:ConnectionError,128.42464447021484
1786831516.161351,ERROR:ConnectionError,227.39553451538086
1786831516.2843773,ERROR:ConnectionError,105.3473949432373
1786831516.2265627,ERROR:ConnectionError,164.0625
1786831516.2222412,ERROR:ConnectionError,170.2277660369873
1786831516.2254267,ERROR:ConnectionError,169.05903816223145
1786831516.2211213,ERROR:ConnectionError,173.84672164916992
1786831516.265426,ERROR:ConnectionError,137.5572681427002
1786831516.222942,ERROR:ConnectionError,182.03449249267578
1786831516.1995213,ERROR:ConnectionError,213.3653163909912
1786831516.160406,ERROR:ConnectionError,252.8824806213379
1786831516.3099768,ERROR:ConnectionError,114.49003219604492
1786831516.2121346,ERROR:ConnectionError,213.6516571044922
1786831516.3087995,ERROR:ConnectionError,121.46973609924316
1786831516.2729363,ERROR:ConnectionError,159.27982330322266
1786831516.3171122,ERROR:ConnectionError,129.2550563812256
1786831516.2338166,ERROR:ConnectionError,212.90278434753418
1786831516.251398,ERROR:ConnectionError,199.36370849609375
1786831516.1200094,ERROR:ConnectionError,331.6781520843506
1786831516.1894805,ERROR:ConnectionError,266.4337158203125
1786831516.3006215,ERROR:ConnectionError,156.4505100250244
1786831516.253491,ERROR:ConnectionError,204.90670204162598
1786831516.3595667,ERROR:ConnectionError,99.23577308654785
1786831516.1879394,ERROR:ConnectionError,277.02903747558594
1786831516.3295774,ERROR:ConnectionError,142.03238487243652
1786831516.2789793,ERROR:ConnectionError,194.45276260375977
1786831516.2852619,ERROR:ConnectionError,195.82366943359375
1786831516.3133647,ERROR:ConnectionError,174.7267246246338
1786831516.38385,ERROR:ConnectionError,109.45606231689453
1786831516.3697083,ERROR:ConnectionError,130.68413734436035
1786831516.311717,ERROR:ConnectionError,190.781831741333
1786831516.3326206,ERROR:ConnectionError,172.1794605255127
1786831516.3691633,ERROR:ConnectionError,152.3299217224121
1786831516.324862,ERROR:ConnectionError,198.16207885742188
1786831516.3924766,ERROR:ConnectionError,134.9484920501709
1786831516.368354,ERROR:ConnectionError,159.42740440368652
1786831516.296623,ERROR:ConnectionError,232.61117935180664
1786831516.3030558,ERROR:ConnectionError,228.55639457702637
1786831516.3660514,ERROR:ConnectionError,166.77451133728027
1786831516.3723965,ERROR:ConnectionError,161.8056297302246
1786831516.327271,ERROR:ConnectionError,214.02311325073242
1786831516.3076866,ERROR:ConnectionError,237.61463165283203
1786831516.3239331,ERROR:ConnectionError,221.75216674804688
1786831516.3638718,ERROR:ConnectionError,185.4109764099121
1786831516.3760564,ERROR:ConnectionError,177.49619483947754
1786831516.404987,ERROR:ConnectionError,159.163236618042
1786831516.4258008,ERROR:ConnectionError,143.30339431762695
1786831516.3507073,ERROR:ConnectionError,219.14315223693848
1786831516.3494313,ERROR:ConnectionError,223.82688522338867
1786831516.4029927,ERROR:ConnectionError,170.6259250640869
1786831516.4302797,ERROR:ConnectionError,143.7208652496338
1786831516.2863932,ERROR:ConnectionError,294.5873737335205
1786831516.3161395,ERROR:ConnectionError,267.49563217163086
1786831516.3570852,ERROR:ConnectionError,228.20520401000977
1786831516.3906345,ERROR:ConnectionError,206.12573623657227
1786831516.4128978,ERROR:ConnectionError,189.18967247009277
1786831516.3740113,ERROR:ConnectionError,228.80315780639648
1786831516.4516969,ERROR:ConnectionError,154.24180030822754
1786831516.3897316,ERROR:ConnectionError,222.8853702545166
1786831516.3945022,ERROR:ConnectionError,219.46954727172852
1786831516.4132946,ERROR:ConnectionError,203.54247093200684
1786831516.4584048,ERROR:ConnectionError,163.5751724243164
1786831516.4463775,ERROR:ConnectionError,183.42351913452148
1786831516.47162,ERROR:ConnectionError,159.25049781799316
1786831516.4588087,ERROR:ConnectionError,178.849458694458
1786831516.4507737,ERROR:ConnectionError,190.33122062683105
1786831516.4467278,ERROR:ConnectionError,195.21141052246094
1786831516.5048094,ERROR:ConnectionError,137.7105712890625
1786831516.4881053,ERROR:ConnectionError,154.97207641601562
1786831516.4810977,ERROR:ConnectionError,162.3382568359375
1786831516.500405,ERROR:ConnectionError,148.7729549407959
1786831516.4244761,ERROR:ConnectionError,236.72127723693848
1786831516.3887627,ERROR:ConnectionError,274.65081214904785
1786831516.5025094,ERROR:ConnectionError,161.8478298187256
1786831516.4734428,ERROR:ConnectionError,198.03285598754883
1786831516.4322639,ERROR:ConnectionError,239.6533489227295
1786831516.5230331,ERROR:ConnectionError,152.2843837738037
1786831516.4649785,ERROR:ConnectionError,215.40331840515137
1786831516.3730817,ERROR:ConnectionError,313.0834102630615
1786831516.534211,ERROR:ConnectionError,152.50730514526367
1786831516.493315,ERROR:ConnectionError,195.97315788269043
1786831516.4559236,ERROR:ConnectionError,233.9622974395752
1786831516.3949747,ERROR:ConnectionError,300.32992362976074
1786831516.5453138,ERROR:ConnectionError,158.55717658996582
1786831516.4570844,ERROR:ConnectionError,247.4496364593506
1786831516.5215101,ERROR:ConnectionError,183.69412422180176
1786831516.529242,ERROR:ConnectionError,178.55596542358398
1786831516.5274336,ERROR:ConnectionError,180.65547943115234
1786831516.5328326,ERROR:ConnectionError,176.2216091156006
1786831516.527789,ERROR:ConnectionError,184.70168113708496
1786831516.5413046,ERROR:ConnectionError,175.28462409973145
1786831516.5316236,ERROR:ConnectionError,192.46912002563477
1786831516.5691175,ERROR:ConnectionError,159.4409942626953
1786831516.5809927,ERROR:ConnectionError,150.9110927581787
1786831516.5836446,ERROR:ConnectionError,149.24883842468262
1786831516.5641618,ERROR:ConnectionError,172.26815223693848
1786831516.5740073,ERROR:ConnectionError,163.13767433166504
1786831516.5852988,ERROR:ConnectionError,157.81521797180176
1786831516.5736237,ERROR:ConnectionError,176.73659324645996
1786831516.5456905,ERROR:ConnectionError,206.25805854797363
1786831516.5967703,ERROR:ConnectionError,159.6226692199707
1786831516.6168458,ERROR:ConnectionError,139.84251022338867
1786831516.5698597,ERROR:ConnectionError,189.29386138916016
1786831516.57327,ERROR:ConnectionError,186.22660636901855
1786831516.60595,ERROR:ConnectionError,154.89625930786133
1786831516.6028214,ERROR:ConnectionError,158.58197212219238
1786831516.553562,ERROR:ConnectionError,208.49061012268066
1786831516.5492938,ERROR:ConnectionError,221.1587429046631
1786831516.622002,ERROR:ConnectionError,148.7562656402588
1786831516.6021016,ERROR:ConnectionError,169.05808448791504
1786831516.613983,ERROR:ConnectionError,161.93056106567383
1786831516.6491916,ERROR:ConnectionError,129.14538383483887
1786831516.6126292,ERROR:ConnectionError,168.01857948303223
1786831516.6411135,ERROR:ConnectionError,142.9610252380371
1786831516.6430848,ERROR:ConnectionError,141.6325569152832
1786831516.629814,ERROR:ConnectionError,161.47637367248535
1786831516.6419487,ERROR:ConnectionError,150.45523643493652
1786831516.637671,ERROR:ConnectionError,155.55238723754883
1786831516.664368,ERROR:ConnectionError,132.30609893798828
1786831516.6434422,ERROR:ConnectionError,158.82277488708496
1786831516.6308818,ERROR:ConnectionError,172.55139350891113
1786831516.6612086,ERROR:ConnectionError,142.82512664794922
1786831516.6634235,ERROR:ConnectionError,140.9761905670166
1786831516.6803904,ERROR:ConnectionError,125.64992904663086
1786831516.7052116,ERROR:ConnectionError,108.67190361022949
1786831516.642526,ERROR:ConnectionError,171.74434661865234
1786831516.6867254,ERROR:ConnectionError,128.13138961791992
1786831516.671925,ERROR:ConnectionError,150.35390853881836
1786831516.6892993,ERROR:ConnectionError,138.43417167663574
1786831516.6714907,ERROR:ConnectionError,158.16187858581543
1786831516.7165985,ERROR:ConnectionError,115.66448211669922
1786831516.6898944,ERROR:ConnectionError,143.5844898223877
1786831516.7080948,ERROR:ConnectionError,127.86006927490234
1786831516.6753297,ERROR:ConnectionError,165.0686264038086
1786831516.7038863,ERROR:ConnectionError,139.3756866455078
1786831516.7125006,ERROR:ConnectionError,134.368896484375
1786831516.7090611,ERROR:ConnectionError,138.8838291168213
1786831516.704543,ERROR:ConnectionError,144.03462409973145
1786831516.7503722,ERROR:ConnectionError,101.15456581115723
1786831516.7319129,ERROR:ConnectionError,122.79748916625977
1786831516.7078059,ERROR:ConnectionError,148.30589294433594
1786831516.695316,ERROR:ConnectionError,166.49818420410156
1786831516.7711644,ERROR:ConnectionError,94.69819068908691
1786831516.756694,ERROR:ConnectionError,109.81106758117676
1786831516.7595022,ERROR:ConnectionError,108.60610008239746
1786831516.7241006,ERROR:ConnectionError,144.96994018554688
1786831516.6861792,ERROR:ConnectionError,185.36925315856934
1786831516.7614107,ERROR:ConnectionError,119.69399452209473
1786831516.7364445,ERROR:ConnectionError,147.48001098632812
1786831516.7591643,ERROR:ConnectionError,125.89526176452637
1786831516.7329032,ERROR:ConnectionError,153.3946990966797
1786831516.7564013,ERROR:ConnectionError,130.70201873779297
1786831516.7431204,ERROR:ConnectionError,144.42729949951172
1786831516.7285697,ERROR:ConnectionError,163.82598876953125
1786831516.7847245,ERROR:ConnectionError,118.55053901672363
1786831516.7806568,ERROR:ConnectionError,127.01988220214844
1786831516.791301,ERROR:ConnectionError,120.18275260925293
1786831516.7371523,ERROR:ConnectionError,179.32820320129395
1786831516.7966826,ERROR:ConnectionError,122.97916412353516
1786831516.7707627,ERROR:ConnectionError,149.84655380249023
1786831516.7519617,ERROR:ConnectionError,170.5484390258789
1786831516.79323,ERROR:ConnectionError,130.78999519348145
1786831516.760871,ERROR:ConnectionError,168.35379600524902
1786831516.7620609,ERROR:ConnectionError,168.5483455657959
1786831516.8485842,ERROR:ConnectionError,88.58466148376465
1786831516.7783446,ERROR:ConnectionError,160.53438186645508
1786831516.7840846,ERROR:ConnectionError,157.84835815429688
1786831516.869082,ERROR:ConnectionError,74.88656044006348
1786831516.8060467,ERROR:ConnectionError,140.45405387878418
1786831516.804406,ERROR:ConnectionError,144.84095573425293
1786831516.8023121,ERROR:ConnectionError,150.25734901428223
1786831516.8142786,ERROR:ConnectionError,138.90528678894043
1786831516.8034432,ERROR:ConnectionError,154.39224243164062
1786831516.833489,ERROR:ConnectionError,130.33127784729004
1786831516.8138921,ERROR:ConnectionError,152.30107307434082
1786831516.8296602,ERROR:ConnectionError,138.6709213256836
1786831516.8148656,ERROR:ConnectionError,154.19530868530273
1786831516.7704597,ERROR:ConnectionError,198.9450454711914
1786831516.856121,ERROR:ConnectionError,115.62943458557129
1786831516.8468816,ERROR:ConnectionError,131.67142868041992
1786831516.8432736,ERROR:ConnectionError,136.59381866455078
1786831516.8404086,ERROR:ConnectionError,142.40074157714844
1786831516.792414,ERROR:ConnectionError,196.62952423095703
1786831516.8547187,ERROR:ConnectionError,137.07780838012695
1786831516.775952,ERROR:ConnectionError,218.34325790405273
1786831516.8040416,ERROR:ConnectionError,190.7508373260498
1786831516.8479533,ERROR:ConnectionError,147.10211753845215
1786831516.9196713,ERROR:ConnectionError,77.05569267272949
1786831516.8681176,ERROR:ConnectionError,129.0428638458252
1786831516.8924062,ERROR:ConnectionError,116.0733699798584
1786831516.8277454,ERROR:ConnectionError,181.6387176513672
1786831516.8863072,ERROR:ConnectionError,124.4049072265625
1786831516.8222923,ERROR:ConnectionError,189.45002555847168
1786831516.8715565,ERROR:ConnectionError,140.49005508422852
1786831516.9439766,ERROR:ConnectionError,68.39394569396973
1786831516.907687,ERROR:ConnectionError,106.12177848815918
1786831516.865873,ERROR:ConnectionError,148.8199234008789
1786831516.8322744,ERROR:ConnectionError,183.70485305786133
1786831516.8515363,ERROR:ConnectionError,164.77203369140625
1786831516.8665156,ERROR:ConnectionError,150.81167221069336
1786831516.9371781,ERROR:ConnectionError,80.34324645996094
1786831516.9240277,ERROR:ConnectionError,122.30253219604492
1786831516.861823,ERROR:ConnectionError,189.36657905578613
1786831516.9206176,ERROR:ConnectionError,131.84380531311035
1786831516.9225202,ERROR:ConnectionError,130.9363842010498
1786831516.8839338,ERROR:ConnectionError,169.8451042175293
1786831516.949258,ERROR:ConnectionError,109.41910743713379
1786831516.8359702,ERROR:ConnectionError,232.0716381072998
1786831516.9114938,ERROR:ConnectionError,157.4563980102539
1786831516.8850691,ERROR:ConnectionError,186.88154220581055
1786831516.903288,ERROR:ConnectionError,172.49345779418945
1786831516.881117,ERROR:ConnectionError,195.27029991149902
1786831516.8875566,ERROR:ConnectionError,189.1472339630127
1786831516.9388888,ERROR:ConnectionError,184.248685836792
1786831516.95319,ERROR:ConnectionError,171.0681915283203
1786831516.9578454,ERROR:ConnectionError,168.18737983703613
1786831516.8871138,ERROR:ConnectionError,241.36614799499512
1786831516.9292362,ERROR:ConnectionError,200.8352279663086
1786831516.9638293,ERROR:ConnectionError,166.84365272521973
1786831516.952583,ERROR:ConnectionError,184.91530418395996
1786831516.995062,ERROR:ConnectionError,145.01118659973145
1786831516.9798748,ERROR:ConnectionError,161.3790988922119
1786831516.9164886,ERROR:ConnectionError,227.06198692321777
1786831516.97176,ERROR:ConnectionError,177.72889137268066
1786831516.9890566,ERROR:ConnectionError,160.95423698425293
1786831516.9465106,ERROR:ConnectionError,204.2076587677002
1786831517.014701,ERROR:ConnectionError,137.59589195251465
1786831517.0084891,ERROR:ConnectionError,149.51062202453613
1786831517.051199,ERROR:ConnectionError,111.02676391601562
1786831516.9943035,ERROR:ConnectionError,168.43581199645996
1786831517.0107212,ERROR:ConnectionError,154.11996841430664
1786831516.9419427,ERROR:ConnectionError,223.41036796569824
1786831517.0120525,ERROR:ConnectionError,155.3809642791748
1786831516.9828198,ERROR:ConnectionError,184.92412567138672
1786831516.991819,ERROR:ConnectionError,182.3892593383789
1786831516.9690688,ERROR:ConnectionError,205.58786392211914
1786831517.0117493,ERROR:ConnectionError,165.1606559753418
1786831516.9948,ERROR:ConnectionError,183.43019485473633
1786831517.0093918,ERROR:ConnectionError,175.8248805999756
1786831516.969411,ERROR:ConnectionError,216.51458740234375
1786831517.0173311,ERROR:ConnectionError,171.06223106384277
1786831517.0463395,ERROR:ConnectionError,145.6742286682129
1786831516.9971666,ERROR:ConnectionError,198.0111598968506
1786831516.9306169,ERROR:ConnectionError,266.0036087036133
1786831516.996738,ERROR:ConnectionError,207.8096866607666
1786831517.0123765,ERROR:ConnectionError,194.05269622802734
1786831516.966202,ERROR:ConnectionError,246.08206748962402
1786831516.978567,ERROR:ConnectionError,234.19475555419922
1786831517.0680978,ERROR:ConnectionError,151.76916122436523
1786831516.968343,ERROR:ConnectionError,252.3019313812256
1786831517.0175254,ERROR:ConnectionError,207.06701278686523
1786831517.053788,ERROR:ConnectionError,172.438383102417
1786831517.0524707,ERROR:ConnectionError,178.5447597503662
1786831517.0757928,ERROR:ConnectionError,155.6389331817627
1786831517.0163126,ERROR:ConnectionError,217.6191806793213
1786831517.137511,ERROR:ConnectionError,101.80926322937012
1786831517.0586874,ERROR:ConnectionError,181.35499954223633
1786831517.0534656,ERROR:ConnectionError,186.9204044342041
1786831517.1260455,ERROR:ConnectionError,114.60542678833008
1786831517.1300795,ERROR:ConnectionError,114.59803581237793
1786831517.0138187,ERROR:ConnectionError,234.93647575378418
1786831517.0159843,ERROR:ConnectionError,240.10205268859863
1786831517.124266,ERROR:ConnectionError,135.09631156921387
1786831517.0767093,ERROR:ConnectionError,191.87569618225098
1786831517.076396,ERROR:ConnectionError,194.20814514160156
1786831517.1435604,ERROR:ConnectionError,143.47386360168457
1786831517.1284907,ERROR:ConnectionError,160.71128845214844
1786831517.1653602,ERROR:ConnectionError,130.39326667785645
1786831517.0689566,ERROR:ConnectionError,228.06644439697266
1786831517.1412618,ERROR:ConnectionError,157.74059295654297
1786831517.1622355,ERROR:ConnectionError,139.79148864746094
1786831517.1231434,ERROR:ConnectionError,185.38808822631836
1786831517.1523032,ERROR:ConnectionError,178.11322212219238
1786831517.2045562,ERROR:ConnectionError,128.4465789794922
1786831517.1500194,ERROR:ConnectionError,188.94338607788086
1786831517.0719593,ERROR:ConnectionError,268.33558082580566
1786831517.1494977,ERROR:ConnectionError,191.01381301879883
1786831517.1677506,ERROR:ConnectionError,182.6040744781494
1786831517.162745,ERROR:ConnectionError,203.57990264892578
1786831517.1402266,ERROR:ConnectionError,227.5855541229248
1786831517.1742208,ERROR:ConnectionError,219.3317413330078
1786831517.1306777,ERROR:ConnectionError,263.3018493652344
1786831517.188406,ERROR:ConnectionError,205.9643268585205
1786831517.224603,ERROR:ConnectionError,179.40258979797363
1786831517.1951876,ERROR:ConnectionError,213.31119537353516
1786831517.176918,ERROR:ConnectionError,233.16001892089844
1786831517.1648514,ERROR:ConnectionError,253.2641887664795
1786831517.158006,ERROR:ConnectionError,277.65774726867676
1786831517.1966288,ERROR:ConnectionError,243.82543563842773
1786831517.1674447,ERROR:ConnectionError,283.9162349700928
1786831517.1920228,ERROR:ConnectionError,262.58158683776855
1786831517.1507223,ERROR:ConnectionError,316.0080909729004
1786831517.1852255,ERROR:ConnectionError,289.6113395690918
1786831517.1782377,ERROR:ConnectionError,318.8283443450928
1786831517.2122934,ERROR:ConnectionError,287.59264945983887
1786831517.2127676,ERROR:ConnectionError,287.40692138671875
1786831517.2064376,ERROR:ConnectionError,295.23777961730957
1786831517.1746633,ERROR:ConnectionError,328.19247245788574
1786831517.2262363,ERROR:ConnectionError,278.7315845489502
1786831517.2310283,ERROR:ConnectionError,282.00340270996094
1786831517.2206492,ERROR:ConnectionError,299.39842224121094
1786831517.2393343,ERROR:ConnectionError,281.4462184906006
1786831517.2487667,ERROR:ConnectionError,274.09815788269043
1786831517.2446876,ERROR:ConnectionError,278.6555290222168
1786831517.2198787,ERROR:ConnectionError,306.3516616821289
1786831517.2560966,ERROR:ConnectionError,270.37739753723145
1786831517.2406578,ERROR:ConnectionError,290.27581214904785
1786831517.2400513,ERROR:ConnectionError,295.5319881439209
1786831517.185936,ERROR:ConnectionError,351.0441780090332
1786831517.2403924,ERROR:ConnectionError,304.05688285827637
1786831517.2685916,ERROR:ConnectionError,292.32335090637207
1786831517.2593718,ERROR:ConnectionError,308.64477157592773
1786831517.2314417,ERROR:ConnectionError,336.93695068359375
1786831517.233941,ERROR:ConnectionError,336.35544776916504
1786831517.2706134,ERROR:ConnectionError,302.9470443725586
1786831517.2970326,ERROR:ConnectionError,289.9453639984131
1786831517.2870498,ERROR:ConnectionError,300.4429340362549
1786831517.3020344,ERROR:ConnectionError,285.7944965362549
1786831517.2957673,ERROR:ConnectionError,294.2368984222412
1786831517.3085475,ERROR:ConnectionError,287.4796390533447
1786831517.2990108,ERROR:ConnectionError,297.32251167297363
1786831517.2892106,ERROR:ConnectionError,307.4615001678467
1786831517.3304267,ERROR:ConnectionError,281.5983295440674
1786831517.338978,ERROR:ConnectionError,273.29301834106445
1786831517.3330095,ERROR:ConnectionError,280.6830406188965
1786831517.3403027,ERROR:ConnectionError,277.6646614074707
1786831517.3663373,ERROR:ConnectionError,253.79204750061035
1786831517.3939886,ERROR:ConnectionError,229.76374626159668
1786831517.3405159,ERROR:ConnectionError,284.72423553466797
1786831517.3935647,ERROR:ConnectionError,234.8306179046631
1786831517.3503659,ERROR:ConnectionError,280.72261810302734
1786831517.404017,ERROR:ConnectionError,228.29961776733398
1786831517.3678226,ERROR:ConnectionError,264.77646827697754
1786831517.3943772,ERROR:ConnectionError,241.31202697753906
1786831517.4085093,ERROR:ConnectionError,230.52072525024414
1786831517.410087,ERROR:ConnectionError,234.1163158416748
1786831517.418129,ERROR:ConnectionError,228.67631912231445
1786831517.435675,ERROR:ConnectionError,215.13795852661133
1786831517.440465,ERROR:ConnectionError,210.68811416625977
1786831517.4513705,ERROR:ConnectionError,208.22405815124512
1786831517.4546094,ERROR:ConnectionError,205.44743537902832
1786831517.474847,ERROR:ConnectionError,191.8492317199707
1786831517.4970767,ERROR:ConnectionError,171.19383811950684
1786831517.4998946,ERROR:ConnectionError,170.68767547607422
1786831517.4667375,ERROR:ConnectionError,206.1593532562256
1786831517.5001786,ERROR:ConnectionError,176.8965721130371
1786831517.5028656,ERROR:ConnectionError,181.5798282623291
1786831517.5016794,ERROR:ConnectionError,185.37449836730957
1786831517.5200658,ERROR:ConnectionError,175.5537986755371
1786831517.513043,ERROR:ConnectionError,188.66920471191406
1786831517.5207949,ERROR:ConnectionError,181.26249313354492
1786831517.5264785,ERROR:ConnectionError,183.41541290283203
1786831517.504975,ERROR:ConnectionError,205.6899070739746
1786831517.5233512,ERROR:ConnectionError,188.3106231689453
1786831517.5228775,ERROR:ConnectionError,193.41564178466797
1786831517.5309446,ERROR:ConnectionError,193.47906112670898
1786831517.5355918,ERROR:ConnectionError,189.52298164367676
1786831517.5369954,ERROR:ConnectionError,189.8808479309082
1786831517.5262356,ERROR:ConnectionError,203.18055152893066
1786831517.5680282,ERROR:ConnectionError,166.99481010437012
1786831517.5609226,ERROR:ConnectionError,174.53312873840332
1786831517.5444577,ERROR:ConnectionError,191.61224365234375
1786831517.5683851,ERROR:ConnectionError,174.86190795898438
1786831517.5735714,ERROR:ConnectionError,170.88603973388672
1786831517.570305,ERROR:ConnectionError,178.01952362060547
1786831517.5874999,ERROR:ConnectionError,163.76709938049316
1786831517.590012,ERROR:ConnectionError,166.16296768188477
1786831517.5869946,ERROR:ConnectionError,170.335054397583
1786831517.5878375,ERROR:ConnectionError,170.4080104827881
1786831517.596341,ERROR:ConnectionError,172.71661758422852
1786831517.5960355,ERROR:ConnectionError,174.71909523010254
1786831517.612032,ERROR:ConnectionError,166.51082038879395
1786831517.596681,ERROR:ConnectionError,183.70413780212402
1786831517.6122746,ERROR:ConnectionError,168.52784156799316
1786831517.6136982,ERROR:ConnectionError,170.64666748046875
1786831517.62377,ERROR:ConnectionError,163.6512279510498
1786831517.617978,ERROR:ConnectionError,174.37267303466797
1786831517.6201441,ERROR:ConnectionError,172.71709442138672
1786831517.6326048,ERROR:ConnectionError,171.94080352783203
1786831517.628401,ERROR:ConnectionError,176.5291690826416
1786831517.625249,ERROR:ConnectionError,179.97407913208008
1786831517.6310973,ERROR:ConnectionError,181.05649948120117
1786831517.632324,ERROR:ConnectionError,183.5799217224121
1786831517.6356966,ERROR:ConnectionError,183.82883071899414
1786831517.6442132,ERROR:ConnectionError,178.06458473205566
1786831517.6390436,ERROR:ConnectionError,183.69197845458984
1786831517.650825,ERROR:ConnectionError,172.37162590026855
1786831517.6468134,ERROR:ConnectionError,179.671049118042
1786831517.6511595,ERROR:ConnectionError,185.84346771240234
1786831517.660064,ERROR:ConnectionError,177.37150192260742
1786831517.6596055,ERROR:ConnectionError,182.94405937194824
1786831517.666708,ERROR:ConnectionError,177.28877067565918
1786831517.66828,ERROR:ConnectionError,177.29783058166504
1786831517.67291,ERROR:ConnectionError,175.9345531463623
1786831517.6705942,ERROR:ConnectionError,184.23175811767578
1786831517.6844559,ERROR:ConnectionError,173.08783531188965
1786831517.6770852,ERROR:ConnectionError,182.56354331970215
1786831517.6870637,ERROR:ConnectionError,179.74305152893066
1786831517.695631,ERROR:ConnectionError,177.443265914917
1786831517.7017217,ERROR:ConnectionError,171.76508903503418
1786831517.7020652,ERROR:ConnectionError,174.3931770324707
1786831517.7106745,ERROR:ConnectionError,169.2516803741455
1786831517.7099323,ERROR:ConnectionError,173.6128330230713
1786831517.7116694,ERROR:ConnectionError,179.93521690368652
1786831517.7244327,ERROR:ConnectionError,177.82902717590332
1786831517.716304,ERROR:ConnectionError,187.18838691711426
1786831517.7268858,ERROR:ConnectionError,183.61377716064453
1786831517.7251256,ERROR:ConnectionError,186.74015998840332
1786831517.73608,ERROR:ConnectionError,179.93974685668945
1786831517.7350338,ERROR:ConnectionError,181.54001235961914
1786831517.7294264,ERROR:ConnectionError,189.24403190612793
1786831517.7444682,ERROR:ConnectionError,174.50475692749023
1786831517.7354631,ERROR:ConnectionError,186.89608573913574
1786831517.743258,ERROR:ConnectionError,183.90917778015137
1786831517.7512803,ERROR:ConnectionError,176.5458583831787
1786831517.7483332,ERROR:ConnectionError,187.44874000549316
1786831517.756188,ERROR:ConnectionError,186.30361557006836
1786831517.7582645,ERROR:ConnectionError,185.6849193572998
1786831517.7690697,ERROR:ConnectionError,186.82193756103516
1786831517.7573407,ERROR:ConnectionError,201.6613483428955
1786831517.7785578,ERROR:ConnectionError,183.97903442382812
1786831517.7707691,ERROR:ConnectionError,192.66796112060547
1786831517.780397,ERROR:ConnectionError,183.36057662963867
1786831517.780809,ERROR:ConnectionError,186.1875057220459
1786831517.784353,ERROR:ConnectionError,188.82465362548828
1786831517.7874353,ERROR:ConnectionError,187.84308433532715
1786831517.7923586,ERROR:ConnectionError,183.26807022094727
1786831517.7928689,ERROR:ConnectionError,188.03048133850098
1786831517.8045564,ERROR:ConnectionError,177.95634269714355
1786831517.8052287,ERROR:ConnectionError,178.77721786499023
1786831517.8049378,ERROR:ConnectionError,185.89496612548828
1786831517.812163,ERROR:ConnectionError,185.65130233764648
1786831517.8159134,ERROR:ConnectionError,182.2950839996338
1786831517.8195345,ERROR:ConnectionError,182.45267868041992
1786831517.8222866,ERROR:ConnectionError,183.63332748413086
1786831517.826495,ERROR:ConnectionError,179.98600006103516
1786831517.8374448,ERROR:ConnectionError,169.94285583496094
1786831517.822741,ERROR:ConnectionError,186.1550807952881
1786831517.8232012,ERROR:ConnectionError,193.29214096069336
1786831517.837014,ERROR:ConnectionError,183.35247039794922
1786831517.844007,ERROR:ConnectionError,179.40521240234375
1786831517.8425593,ERROR:ConnectionError,184.69786643981934
1786831517.848855,ERROR:ConnectionError,178.87520790100098
1786831517.845587,ERROR:ConnectionError,188.37428092956543
1786831517.8548384,ERROR:ConnectionError,179.75497245788574
1786831517.8575532,ERROR:ConnectionError,179.52346801757812
1786831517.8596559,ERROR:ConnectionError,180.4361343383789
1786831517.8668191,ERROR:ConnectionError,179.31056022644043
1786831517.873493,ERROR:ConnectionError,176.96261405944824
1786831517.879938,ERROR:ConnectionError,175.27484893798828
1786831517.8764665,ERROR:ConnectionError,182.9841136932373
1786831517.8730843,ERROR:ConnectionError,189.10527229309082
1786831517.8835561,ERROR:ConnectionError,182.44385719299316
1786831517.8916166,ERROR:ConnectionError,178.33423614501953
1786831517.916579,ERROR:ConnectionError,154.9234390258789
1786831517.9105098,ERROR:ConnectionError,161.41080856323242
1786831517.9118743,ERROR:ConnectionError,162.400484085083
1786831517.9034991,ERROR:ConnectionError,171.9353199005127
1786831517.902271,ERROR:ConnectionError,176.6190528869629
1786831517.9223714,ERROR:ConnectionError,159.12938117980957
1786831517.9189794,ERROR:ConnectionError,171.16594314575195
1786831517.916031,ERROR:ConnectionError,175.74048042297363
1786831517.918678,ERROR:ConnectionError,173.71416091918945
1786831517.927835,ERROR:ConnectionError,170.6862449645996
1786831517.9357908,ERROR:ConnectionError,165.95697402954102
1786831517.927179,ERROR:ConnectionError,180.4029941558838
1786831517.9439578,ERROR:ConnectionError,166.77546501159668
1786831517.9425066,ERROR:ConnectionError,168.55192184448242
1786831517.9559062,ERROR:ConnectionError,164.59918022155762
1786831517.9625492,ERROR:ConnectionError,163.12170028686523
1786831517.9590166,ERROR:ConnectionError,169.33012008666992
1786831517.967006,ERROR:ConnectionError,163.65933418273926
1786831517.9731874,ERROR:ConnectionError,157.973051071167
1786831517.9637656,ERROR:ConnectionError,167.710542678833
1786831517.975633,ERROR:ConnectionError,161.0403060913086
1786831517.975286,ERROR:ConnectionError,165.14062881469727
1786831517.9634442,ERROR:ConnectionError,178.64322662353516
1786831517.984015,ERROR:ConnectionError,161.13972663879395
1786831517.9809105,ERROR:ConnectionError,174.89337921142578
1786831517.9978278,ERROR:ConnectionError,159.25073623657227
1786831517.9982145,ERROR:ConnectionError,160.60900688171387
1786831517.982522,ERROR:ConnectionError,178.20334434509277
1786831518.0019972,ERROR:ConnectionError,165.91954231262207
1786831517.9908447,ERROR:ConnectionError,177.62064933776855
1786831518.0064933,ERROR:ConnectionError,162.59050369262695
1786831518.0073967,ERROR:ConnectionError,165.8945083618164
1786831518.0059657,ERROR:ConnectionError,175.9471893310547
1786831518.0234222,ERROR:ConnectionError,162.2929573059082
1786831518.0089061,ERROR:ConnectionError,178.08198928833008
1786831518.0165017,ERROR:ConnectionError,170.77231407165527
1786831518.0272665,ERROR:ConnectionError,160.55893898010254
1786831518.0346003,ERROR:ConnectionError,154.63495254516602
1786831518.0203753,ERROR:ConnectionError,170.62950134277344
1786831518.027738,ERROR:ConnectionError,166.24903678894043
1786831518.0370858,ERROR:ConnectionError,169.5084571838379
1786831518.040107,ERROR:ConnectionError,172.40428924560547
1786831518.046138,ERROR:ConnectionError,168.20311546325684
1786831518.0552273,ERROR:ConnectionError,160.80904006958008
1786831518.0339713,ERROR:ConnectionError,182.46793746948242
1786831518.0594618,ERROR:ConnectionError,162.52517700195312
1786831518.0504675,ERROR:ConnectionError,172.00517654418945
1786831518.0621972,ERROR:ConnectionError,161.66019439697266
1786831518.0699587,ERROR:ConnectionError,158.95676612854004
1786831518.0719278,ERROR:ConnectionError,163.2711887359619
1786831518.0754418,ERROR:ConnectionError,160.1395606994629
1786831518.0660138,ERROR:ConnectionError,171.18239402770996
1786831518.0789008,ERROR:ConnectionError,169.3115234375
1786831518.0815103,ERROR:ConnectionError,168.25509071350098
1786831518.0715108,ERROR:ConnectionError,178.71904373168945
1786831518.074286,ERROR:ConnectionError,191.06793403625488
1786831518.0917788,ERROR:ConnectionError,177.36244201660156
1786831518.0923982,ERROR:ConnectionError,180.66787719726562
1786831518.0901594,ERROR:ConnectionError,188.78436088562012
1786831518.0985296,ERROR:ConnectionError,183.82930755615234
1786831518.1110647,ERROR:ConnectionError,174.66402053833008
1786831518.1107419,ERROR:ConnectionError,178.175687789917
1786831518.1205223,ERROR:ConnectionError,169.98529434204102
1786831518.1017585,ERROR:ConnectionError,189.05901908874512
1786831518.1257117,ERROR:ConnectionError,169.11864280700684
1786831518.13117,ERROR:ConnectionError,169.04234886169434
1786831518.140436,ERROR:ConnectionError,161.09800338745117
1786831518.130676,ERROR:ConnectionError,173.8135814666748
1786831518.1314836,ERROR:ConnectionError,173.8297939300537
1786831518.107601,ERROR:ConnectionError,197.97825813293457
1786831518.142095,ERROR:ConnectionError,168.93792152404785
1786831518.1283548,ERROR:ConnectionError,184.76629257202148
1786831518.1366854,ERROR:ConnectionError,182.68918991088867
1786831518.1607335,ERROR:ConnectionError,163.50841522216797
1786831518.1570926,ERROR:ConnectionError,175.46653747558594
1786831518.1558154,ERROR:ConnectionError,177.31165885925293
1786831518.145165,ERROR:ConnectionError,189.12529945373535
1786831518.168473,ERROR:ConnectionError,166.37945175170898
1786831518.1588316,ERROR:ConnectionError,179.6703338623047
1786831518.1690896,ERROR:ConnectionError,175.03094673156738
1786831518.1679277,ERROR:ConnectionError,180.55415153503418
1786831518.1732998,ERROR:ConnectionError,178.41219902038574
1786831518.1819222,ERROR:ConnectionError,174.24607276916504
1786831518.185724,ERROR:ConnectionError,175.64630508422852
1786831518.2066107,ERROR:ConnectionError,158.47349166870117
1786831518.1869955,ERROR:ConnectionError,180.14955520629883
1786831518.187279,ERROR:ConnectionError,182.16753005981445
1786831518.1939936,ERROR:ConnectionError,177.58941650390625
1786831518.1878307,ERROR:ConnectionError,189.54944610595703
1786831518.1892426,ERROR:ConnectionError,189.77999687194824
1786831518.212522,ERROR:ConnectionError,167.17910766601562
1786831518.2224796,ERROR:ConnectionError,159.41214561462402
1786831518.1910117,ERROR:ConnectionError,194.92769241333008
1786831518.216049,ERROR:ConnectionError,171.99134826660156
1786831518.214352,ERROR:ConnectionError,176.82480812072754
1786831518.216448,ERROR:ConnectionError,175.6138801574707
1786831518.2355871,ERROR:ConnectionError,159.39092636108398
1786831518.237202,ERROR:ConnectionError,159.52253341674805
1786831518.2352302,ERROR:ConnectionError,163.1639003753662
1786831518.228925,ERROR:ConnectionError,170.43137550354004
1786831518.2482212,ERROR:ConnectionError,154.34002876281738
1786831518.2238734,ERROR:ConnectionError,189.49604034423828
1786831518.249774,ERROR:ConnectionError,175.48513412475586
1786831518.273076,ERROR:ConnectionError,157.6862335205078
1786831518.2219992,ERROR:ConnectionError,209.21611785888672
1786831518.2691543,ERROR:ConnectionError,164.20793533325195
1786831518.2823718,ERROR:ConnectionError,154.2041301727295
1786831518.2502403,ERROR:ConnectionError,186.81049346923828
1786831518.2789588,ERROR:ConnectionError,158.4475040435791
1786831518.2857378,ERROR:ConnectionError,154.62493896484375
1786831518.2653673,ERROR:ConnectionError,177.75392532348633
1786831518.2948406,ERROR:ConnectionError,153.24783325195312
1786831518.288926,ERROR:ConnectionError,159.62839126586914
1786831518.3053212,ERROR:ConnectionError,146.55160903930664
1786831518.2908242,ERROR:ConnectionError,163.77687454223633
1786831518.3045042,ERROR:ConnectionError,158.19478034973145
1786831518.3110433,ERROR:ConnectionError,152.09150314331055
1786831518.3055844,ERROR:ConnectionError,165.3122901916504
1786831518.3331375,ERROR:ConnectionError,147.43399620056152
1786831518.3002243,ERROR:ConnectionError,181.79845809936523
1786831518.3015423,ERROR:ConnectionError,184.47351455688477
1786831518.2905152,ERROR:ConnectionError,197.97182083129883
1786831518.3348598,ERROR:ConnectionError,157.52410888671875
1786831518.3715925,ERROR:ConnectionError,122.40958213806152
1786831518.3385153,ERROR:ConnectionError,159.27410125732422
1786831518.3484926,ERROR:ConnectionError,150.85363388061523
1786831518.33257,ERROR:ConnectionError,172.01495170593262
1786831518.3993642,ERROR:ConnectionError,106.4293384552002
1786831518.3242595,ERROR:ConnectionError,183.75086784362793
1786831518.35172,ERROR:ConnectionError,159.6674919128418
1786831518.3342993,ERROR:ConnectionError,178.63726615905762
1786831518.365095,ERROR:ConnectionError,154.1752815246582
1786831518.3773947,ERROR:ConnectionError,143.39208602905273
1786831518.3561783,ERROR:ConnectionError,171.22697830200195
1786831518.3797085,ERROR:ConnectionError,149.68252182006836
1786831518.3859525,ERROR:ConnectionError,144.32764053344727
1786831518.3949885,ERROR:ConnectionError,138.54622840881348
1786831518.3193843,ERROR:ConnectionError,214.71309661865234
1786831518.3920686,ERROR:ConnectionError,142.54236221313477
1786831518.313131,ERROR:ConnectionError,227.94175148010254
1786831518.3671541,ERROR:ConnectionError,175.63581466674805
1786831518.40257,ERROR:ConnectionError,141.13712310791016
1786831518.4485602,ERROR:ConnectionError,101.8366813659668
1786831518.3911881,ERROR:ConnectionError,159.67679023742676
1786831518.3967354,ERROR:ConnectionError,154.6192169189453
1786831518.3613846,ERROR:ConnectionError,195.91617584228516
1786831518.4365854,ERROR:ConnectionError,123.87585639953613
1786831518.3441343,ERROR:ConnectionError,216.9780731201172
1786831518.4133778,ERROR:ConnectionError,155.16042709350586
1786831518.4631424,ERROR:ConnectionError,109.11250114440918
1786831518.4977984,ERROR:ConnectionError,75.44684410095215
1786831518.4370575,ERROR:ConnectionError,137.5133991241455
1786831518.3694558,ERROR:ConnectionError,207.95035362243652
1786831518.4307718,ERROR:ConnectionError,174.33404922485352
1786831518.4312215,ERROR:ConnectionError,176.26285552978516
1786831518.3984032,ERROR:ConnectionError,209.8367214202881
1786831518.3880544,ERROR:ConnectionError,220.82757949829102
1786831518.4252682,ERROR:ConnectionError,186.553955078125
1786831518.4333735,ERROR:ConnectionError,183.35723876953125
1786831518.4546115,ERROR:ConnectionError,162.6882553100586
1786831518.4403722,ERROR:ConnectionError,180.30405044555664
1786831518.5058053,ERROR:ConnectionError,115.91339111328125
1786831518.381901,ERROR:ConnectionError,243.53957176208496
1786831518.4374123,ERROR:ConnectionError,189.93401527404785
1786831518.4860346,ERROR:ConnectionError,145.30420303344727
1786831518.5346198,ERROR:ConnectionError,99.67207908630371
1786831518.5294034,ERROR:ConnectionError,112.55669593811035
1786831518.4627087,ERROR:ConnectionError,179.69727516174316
1786831518.48058,ERROR:ConnectionError,162.13536262512207
1786831518.4518805,ERROR:ConnectionError,193.79353523254395
1786831518.5129466,ERROR:ConnectionError,133.27598571777344
1786831518.5274143,ERROR:ConnectionError,123.2752799987793
1786831518.5722663,ERROR:ConnectionError,94.11501884460449
1786831518.4431434,ERROR:ConnectionError,226.4244556427002
1786831518.5113966,ERROR:ConnectionError,158.91456604003906
1786831518.542802,ERROR:ConnectionError,128.6487579345703
1786831518.470906,ERROR:ConnectionError,204.55121994018555
1786831518.499355,ERROR:ConnectionError,190.46854972839355
1786831518.4923933,ERROR:ConnectionError,198.54354858398438
1786831518.379041,ERROR:ConnectionError,313.86756896972656
1786831518.5080228,ERROR:ConnectionError,187.81185150146484
1786831518.5192819,ERROR:ConnectionError,179.23688888549805
1786831518.5732558,ERROR:ConnectionError,131.09755516052246
1786831518.4940119,ERROR:ConnectionError,212.19587326049805
1786831518.504595,ERROR:ConnectionError,202.35252380371094
1786831518.5410826,ERROR:ConnectionError,169.4784164428711
1786831518.482031,ERROR:ConnectionError,238.28840255737305
1786831518.5302882,ERROR:ConnectionError,191.25890731811523
1786831518.4885013,ERROR:ConnectionError,234.8952293395996
1786831518.5604706,ERROR:ConnectionError,173.50149154663086
1786831518.5504062,ERROR:ConnectionError,198.5011100769043
1786831518.448098,ERROR:ConnectionError,304.4159412384033
1786831518.5335436,ERROR:ConnectionError,236.2515926361084
1786831518.6051214,ERROR:ConnectionError,180.38535118103027
1786831518.551362,ERROR:ConnectionError,241.6086196899414
1786831518.5745783,ERROR:ConnectionError,226.84192657470703
1786831518.6082485,ERROR:ConnectionError,210.0393772125244
1786831518.5341034,ERROR:ConnectionError,291.8412685394287
1786831518.5774148,ERROR:ConnectionError,253.62372398376465
1786831518.6118307,ERROR:ConnectionError,219.73419189453125
1786831518.6074994,ERROR:ConnectionError,227.0810604095459
1786831518.5611193,ERROR:ConnectionError,274.059534072876
1786831518.520795,ERROR:ConnectionError,323.67634773254395
1786831518.5508747,ERROR:ConnectionError,296.83518409729004
1786831518.6506977,ERROR:ConnectionError,200.06632804870605
1786831518.6173084,ERROR:ConnectionError,234.0712547302246
1786831518.6217308,ERROR:ConnectionError,230.79442977905273
1786831518.5573092,ERROR:ConnectionError,299.8518943786621
1786831518.620688,ERROR:ConnectionError,248.88849258422852
1786831518.6167393,ERROR:ConnectionError,255.45120239257812
1786831518.5437148,ERROR:ConnectionError,334.1083526611328
1786831518.6254497,ERROR:ConnectionError,255.7077407836914
1786831518.6088881,ERROR:ConnectionError,274.2025852203369
1786831518.6462295,ERROR:ConnectionError,237.2744083404541
1786831518.5685487,ERROR:ConnectionError,324.920654296875
1786831518.6427228,ERROR:ConnectionError,253.33857536315918
1786831518.6898332,ERROR:ConnectionError,207.57508277893066
1786831518.6419735,ERROR:ConnectionError,256.01696968078613
1786831518.6985295,ERROR:ConnectionError,211.20905876159668
1786831518.6343005,ERROR:ConnectionError,276.1101722717285
1786831518.666395,ERROR:ConnectionError,244.40336227416992
1786831518.627355,ERROR:ConnectionError,293.02310943603516
1786831518.7062275,ERROR:ConnectionError,214.51115608215332
1786831518.6714609,ERROR:ConnectionError,250.34213066101074
1786831518.675474,ERROR:ConnectionError,246.72579765319824
1786831518.695846,ERROR:ConnectionError,239.1183376312256
1786831518.6456835,ERROR:ConnectionError,290.35329818725586
1786831518.7203298,ERROR:ConnectionError,216.23563766479492
1786831518.7043624,ERROR:ConnectionError,233.05559158325195
1786831518.6313546,ERROR:ConnectionError,309.1599941253662
1786831518.6703188,ERROR:ConnectionError,281.56495094299316
1786831518.6695762,ERROR:ConnectionError,283.7870121002197
1786831518.7105727,ERROR:ConnectionError,248.05712699890137
1786831518.642413,ERROR:ConnectionError,316.9829845428467
1786831518.7489173,ERROR:ConnectionError,210.8159065246582
1786831518.6929157,ERROR:ConnectionError,268.17989349365234
1786831518.7234063,ERROR:ConnectionError,239.14861679077148
1786831518.7525227,ERROR:ConnectionError,211.60531044006348
1786831518.7069566,ERROR:ConnectionError,261.35802268981934
1786831518.6909442,ERROR:ConnectionError,278.4745693206787
1786831518.7339826,ERROR:ConnectionError,236.08064651489258
1786831518.8183002,ERROR:ConnectionError,161.1032485961914
1786831518.7929826,ERROR:ConnectionError,188.5509490966797
1786831518.8014317,ERROR:ConnectionError,180.50694465637207
1786831518.7855272,ERROR:ConnectionError,196.69771194458008
1786831518.7698052,ERROR:ConnectionError,217.6644802093506
1786831518.8315725,ERROR:ConnectionError,156.39042854309082
1786831518.8259547,ERROR:ConnectionError,164.5820140838623
1786831518.8310492,ERROR:ConnectionError,163.12789916992188
1786831518.8345914,ERROR:ConnectionError,163.79570960998535
1786831518.8351862,ERROR:ConnectionError,165.29345512390137
1786831518.721555,ERROR:ConnectionError,280.7886600494385
1786831518.8477194,ERROR:ConnectionError,163.02824020385742
1786831518.850773,ERROR:ConnectionError,164.73793983459473
1786831518.8513887,ERROR:ConnectionError,168.26510429382324
1786831518.8722036,ERROR:ConnectionError,148.22912216186523
1786831518.844482,ERROR:ConnectionError,178.16162109375
1786831518.8695917,ERROR:ConnectionError,157.3464870452881
1786831518.8778725,ERROR:ConnectionError,150.9556770324707
1786831518.8571787,ERROR:ConnectionError,177.7975559234619
1786831518.852534,ERROR:ConnectionError,183.3171844482422
1786831518.881165,ERROR:ConnectionError,161.47756576538086
1786831518.8830984,ERROR:ConnectionError,161.66210174560547
1786831518.89607,ERROR:ConnectionError,148.9877700805664
1786831518.8835108,ERROR:ConnectionError,164.2477512359619
1786831518.8974156,ERROR:ConnectionError,163.2535457611084
1786831518.8979974,ERROR:ConnectionError,165.82655906677246
1786831518.9097528,ERROR:ConnectionError,156.81171417236328
1786831518.9108043,ERROR:ConnectionError,157.0439338684082
1786831518.8934777,ERROR:ConnectionError,180.71675300598145
1786831518.9104185,ERROR:ConnectionError,164.14427757263184
1786831518.96111,ERROR:ConnectionError,117.97833442687988
1786831518.9207478,ERROR:ConnectionError,164.08443450927734
1786831518.959404,ERROR:ConnectionError,128.4620761871338
1786831518.9222062,ERROR:ConnectionError,172.06788063049316
1786831518.9374259,ERROR:ConnectionError,157.23896026611328
1786831518.9203875,ERROR:ConnectionError,177.07395553588867
1786831518.9586885,ERROR:ConnectionError,140.0156021118164
1786831518.9625618,ERROR:ConnectionError,136.72256469726562
1786831518.953376,ERROR:ConnectionError,147.21918106079102
1786831518.9218135,ERROR:ConnectionError,182.8291416168213
1786831518.9360483,ERROR:ConnectionError,169.71611976623535
1786831518.9405236,ERROR:ConnectionError,171.13947868347168
1786831518.9597397,ERROR:ConnectionError,157.4685573577881
1786831518.9349797,ERROR:ConnectionError,185.6558322906494
1786831518.9700692,ERROR:ConnectionError,152.05144882202148
1786831518.98223,ERROR:ConnectionError,142.2402858734131
1786831518.987478,ERROR:ConnectionError,137.51530647277832
1786831518.9641376,ERROR:ConnectionError,161.25202178955078
1786831518.9815435,ERROR:ConnectionError,149.90901947021484
1786831518.979415,ERROR:ConnectionError,154.07991409301758
1786831518.9365735,ERROR:ConnectionError,199.44214820861816
1786831518.9694266,ERROR:ConnectionError,175.22835731506348
1786831518.9879694,ERROR:ConnectionError,165.78102111816406
1786831518.9819455,ERROR:ConnectionError,172.11341857910156
1786831518.9941895,ERROR:ConnectionError,164.31951522827148
1786831518.9683251,ERROR:ConnectionError,192.08884239196777
1786831519.0107572,ERROR:ConnectionError,150.75159072875977
1786831518.9983985,ERROR:ConnectionError,165.82012176513672
1786831519.0204415,ERROR:ConnectionError,148.65422248840332
1786831519.0023537,ERROR:ConnectionError,168.03836822509766
1786831519.0358605,ERROR:ConnectionError,139.329195022583
1786831518.9905467,ERROR:ConnectionError,185.08100509643555
1786831519.034987,ERROR:ConnectionError,141.7250633239746
1786831519.0477755,ERROR:ConnectionError,130.77139854431152
1786831519.0288398,ERROR:ConnectionError,151.80253982543945
1786831519.0004892,ERROR:ConnectionError,182.3720932006836
1786831519.0155225,ERROR:ConnectionError,180.70483207702637
1786831519.0665758,ERROR:ConnectionError,130.04612922668457
1786831519.0606842,ERROR:ConnectionError,140.3188705444336
1786831518.951895,ERROR:ConnectionError,256.53743743896484
1786831519.0791004,ERROR:ConnectionError,131.4241886138916
1786831519.0992913,ERROR:ConnectionError,111.76562309265137
1786831519.1116726,ERROR:ConnectionError,99.96318817138672
1786831519.0269477,ERROR:ConnectionError,185.19115447998047
1786831519.067859,ERROR:ConnectionError,147.9663848876953
1786831519.0848475,ERROR:ConnectionError,140.33007621765137
1786831519.06385,ERROR:ConnectionError,165.76242446899414
1786831519.022658,ERROR:ConnectionError,208.1298828125
1786831519.0878763,ERROR:ConnectionError,144.4692611694336
1786831519.0946708,ERROR:ConnectionError,138.49782943725586
1786831519.0745692,ERROR:ConnectionError,163.08283805847168
1786831519.019666,ERROR:ConnectionError,222.7039337158203
1786831519.0426571,ERROR:ConnectionError,201.72119140625
1786831519.074204,ERROR:ConnectionError,175.74691772460938
1786831519.1006062,ERROR:ConnectionError,151.58343315124512
1786831519.0450623,ERROR:ConnectionError,209.84196662902832
1786831519.133505,ERROR:ConnectionError,124.17793273925781
1786831519.125397,ERROR:ConnectionError,133.561372756958
1786831519.0974727,ERROR:ConnectionError,167.32192039489746
1786831519.120649,ERROR:ConnectionError,145.280122756958
1786831519.1314614,ERROR:ConnectionError,135.15377044677734
1786831519.098714,ERROR:ConnectionError,170.03560066223145
1786831519.124479,ERROR:ConnectionError,150.97999572753906
1786831519.1221318,ERROR:ConnectionError,157.3481559753418
1786831519.1585176,ERROR:ConnectionError,121.37651443481445
1786831519.0447679,ERROR:ConnectionError,239.44330215454102
1786831519.1250002,ERROR:ConnectionError,166.3033962249756
1786831519.104759,ERROR:ConnectionError,189.88609313964844
1786831519.1828709,ERROR:ConnectionError,123.37565422058105
1786831519.0942836,ERROR:ConnectionError,219.06256675720215
1786831519.1057734,ERROR:ConnectionError,211.37285232543945
1786831519.1446705,ERROR:ConnectionError,178.58386039733887
1786831519.160426,ERROR:ConnectionError,165.01307487487793
1786831519.1767223,ERROR:ConnectionError,149.93047714233398
1786831519.2121453,ERROR:ConnectionError,119.16089057922363
1786831519.136024,ERROR:ConnectionError,195.89591026306152
1786831519.1691082,ERROR:ConnectionError,178.87449264526367
1786831519.170403,ERROR:ConnectionError,177.94418334960938
1786831519.153759,ERROR:ConnectionError,195.50275802612305
1786831519.1751983,ERROR:ConnectionError,176.22613906860352
1786831519.2946546,ERROR:ConnectionError,59.46636199951172
1786831519.2158365,ERROR:ConnectionError,141.1435604095459
1786831519.2252047,ERROR:ConnectionError,135.6203556060791
1786831519.1806517,ERROR:ConnectionError,183.41636657714844
1786831519.2084472,ERROR:ConnectionError,159.5165729522705
1786831519.201043,ERROR:ConnectionError,168.50852966308594
1786831519.1540647,ERROR:ConnectionError,216.60423278808594
1786831519.1962376,ERROR:ConnectionError,178.30276489257812
1786831519.1785538,ERROR:ConnectionError,199.5241641998291
1786831519.2324123,ERROR:ConnectionError,147.39751815795898
1786831519.2331753,ERROR:ConnectionError,147.21226692199707
1786831519.1642284,ERROR:ConnectionError,217.7119255065918
1786831519.1615179,ERROR:ConnectionError,223.15216064453125
1786831519.2443857,ERROR:ConnectionError,141.97969436645508
1786831519.1172178,ERROR:ConnectionError,279.2325019836426
1786831519.2666261,ERROR:ConnectionError,135.8346939086914
1786831519.2687898,ERROR:ConnectionError,134.41705703735352
1786831519.257697,ERROR:ConnectionError,146.20089530944824
1786831519.1966286,ERROR:ConnectionError,213.59634399414062
1786831519.1756358,ERROR:ConnectionError,238.09814453125
1786831519.211065,ERROR:ConnectionError,203.41992378234863
1786831519.2105358,ERROR:ConnectionError,208.2228660583496
1786831519.2116444,ERROR:ConnectionError,211.2596035003662
1786831519.2799022,ERROR:ConnectionError,150.19702911376953
1786831519.264804,ERROR:ConnectionError,168.34712028503418
1786831519.284219,ERROR:ConnectionError,150.87032318115234
1786831519.2376633,ERROR:ConnectionError,198.13942909240723
1786831519.2522016,ERROR:ConnectionError,189.8970603942871
1786831519.30626,ERROR:ConnectionError,136.51013374328613
1786831519.2307982,ERROR:ConnectionError,217.90146827697754
1786831519.2423847,ERROR:ConnectionError,210.69860458374023
1786831519.2549126,ERROR:ConnectionError,198.70615005493164
1786831519.3266656,ERROR:ConnectionError,136.79122924804688
1786831519.3232632,ERROR:ConnectionError,141.49785041809082
1786831519.2296243,ERROR:ConnectionError,235.6858253479004
1786831519.258967,ERROR:ConnectionError,208.76121520996094
1786831519.3679729,ERROR:ConnectionError,102.42533683776855
1786831519.3569984,ERROR:ConnectionError,113.78216743469238
1786831519.360833,ERROR:ConnectionError,110.26167869567871
1786831519.3254478,ERROR:ConnectionError,149.13344383239746
1786831519.3171613,ERROR:ConnectionError,158.74624252319336
1786831519.3492694,ERROR:ConnectionError,133.61239433288574
1786831519.3133564,ERROR:ConnectionError,173.63595962524414
1786831519.2659402,ERROR:ConnectionError,221.48919105529785
1786831519.3798192,ERROR:ConnectionError,113.0228042602539
1786831519.249964,ERROR:ConnectionError,244.62437629699707
1786831519.2913356,ERROR:ConnectionError,206.6967487335205
1786831519.3313158,ERROR:ConnectionError,167.41299629211426
1786831519.275474,ERROR:ConnectionError,235.93902587890625
1786831519.3541317,ERROR:ConnectionError,158.57696533203125
1786831519.3706803,ERROR:ConnectionError,148.01406860351562
1786831519.3479922,ERROR:ConnectionError,181.76865577697754
1786831519.3640769,ERROR:ConnectionError,168.58434677124023
1786831519.2794933,ERROR:ConnectionError,257.26771354675293
1786831519.3865507,ERROR:ConnectionError,152.47654914855957
1786831519.42292,ERROR:ConnectionError,116.84727668762207
1786831519.351432,ERROR:ConnectionError,192.55828857421875
1786831519.3695617,ERROR:ConnectionError,177.3512363433838
1786831519.3780875,ERROR:ConnectionError,170.2730655670166
1786831519.3483543,ERROR:ConnectionError,204.17451858520508
1786831519.3819513,ERROR:ConnectionError,171.35310173034668
1786831519.4331613,ERROR:ConnectionError,125.69427490234375
1786831519.3846807,ERROR:ConnectionError,182.73258209228516
1786831519.3319285,ERROR:ConnectionError,239.50910568237305
1786831519.4039073,ERROR:ConnectionError,168.60055923461914
1786831519.4102335,ERROR:ConnectionError,163.4218692779541
1786831519.414493,ERROR:ConnectionError,160.09211540222168
1786831519.4024694,ERROR:ConnectionError,181.793212890625
1786831519.3745494,ERROR:ConnectionError,211.4572525024414
1786831519.4301107,ERROR:ConnectionError,156.57663345336914
1786831519.3964612,ERROR:ConnectionError,191.6201114654541
1786831519.4421077,ERROR:ConnectionError,151.63779258728027
1786831519.4187682,ERROR:ConnectionError,176.16605758666992
1786831519.4137437,ERROR:ConnectionError,181.9462776184082
1786831519.4759183,ERROR:ConnectionError,125.75721740722656
1786831519.4828925,ERROR:ConnectionError,124.02176856994629
1786831519.4032147,ERROR:ConnectionError,207.89265632629395
1786831519.4653199,ERROR:ConnectionError,149.55663681030273
1786831519.4946036,ERROR:ConnectionError,122.37167358398438
1786831519.4980447,ERROR:ConnectionError,123.12769889831543
1786831519.470408,ERROR:ConnectionError,152.09197998046875
1786831519.4351006,ERROR:ConnectionError,188.83919715881348
1786831519.4928515,ERROR:ConnectionError,134.965181350708
1786831519.4745944,ERROR:ConnectionError,155.58362007141113
1786831519.46477,ERROR:ConnectionError,169.01493072509766
1786831519.4487123,ERROR:ConnectionError,187.2091293334961
1786831519.4530928,ERROR:ConnectionError,184.10992622375488
1786831519.453628,ERROR:ConnectionError,184.62061882019043
1786831519.4710999,ERROR:ConnectionError,168.2131290435791
1786831519.3803945,ERROR:ConnectionError,259.25564765930176
1786831519.4428203,ERROR:ConnectionError,197.2815990447998
1786831519.5367734,ERROR:ConnectionError,105.35144805908203
1786831519.4358113,ERROR:ConnectionError,209.83123779296875
1786831519.4707866,ERROR:ConnectionError,180.94539642333984
1786831519.4870026,ERROR:ConnectionError,166.5782928466797
1786831519.5439987,ERROR:ConnectionError,109.95149612426758
1786831519.5297842,ERROR:ConnectionError,134.55867767333984
1786831519.4677372,ERROR:ConnectionError,203.63974571228027
1786831519.539799,ERROR:ConnectionError,134.94253158569336
1786831519.4874356,ERROR:ConnectionError,188.59052658081055
1786831519.5127194,ERROR:ConnectionError,164.8085117340088
1786831519.4634664,ERROR:ConnectionError,218.1706428527832
1786831519.5525396,ERROR:ConnectionError,131.33931159973145
1786831519.5483718,ERROR:ConnectionError,137.25519180297852
1786831519.5326705,ERROR:ConnectionError,163.03277015686035
1786831519.5187032,ERROR:ConnectionError,178.08032035827637
1786831519.5390363,ERROR:ConnectionError,159.96265411376953
1786831519.5736635,ERROR:ConnectionError,126.98912620544434
1786831519.567425,ERROR:ConnectionError,137.47835159301758
1786831519.5469236,ERROR:ConnectionError,164.4287109375
1786831519.6111214,ERROR:ConnectionError,109.40241813659668
1786831519.5114248,ERROR:ConnectionError,211.34519577026367
1786831519.4987357,ERROR:ConnectionError,224.6861457824707
1786831519.5842717,ERROR:ConnectionError,146.16656303405762
1786831519.5860162,ERROR:ConnectionError,146.95215225219727
1786831519.5533159,ERROR:ConnectionError,182.20186233520508
1786831519.588088,ERROR:ConnectionError,148.18167686462402
1786831519.5949426,ERROR:ConnectionError,143.082857131958
1786831519.5714486,ERROR:ConnectionError,169.83318328857422
1786831519.586695,ERROR:ConnectionError,159.67917442321777
1786831519.6278267,ERROR:ConnectionError,123.2156753540039
1786831519.6169841,ERROR:ConnectionError,139.7702693939209
1786831519.5745916,ERROR:ConnectionError,183.16960334777832
1786831519.5589278,ERROR:ConnectionError,200.18959045410156
1786831519.6372092,ERROR:ConnectionError,128.4310817718506
1786831519.5956964,ERROR:ConnectionError,179.69012260437012
1786831519.5937538,ERROR:ConnectionError,185.9591007232666
1786831519.621182,ERROR:ConnectionError,159.04712677001953
1786831519.6393185,ERROR:ConnectionError,143.45622062683105
1786831519.6069276,ERROR:ConnectionError,178.49206924438477
1786831519.6359308,ERROR:ConnectionError,151.89504623413086
1786831519.6239526,ERROR:ConnectionError,164.54148292541504
1786831519.6225107,ERROR:ConnectionError,167.32430458068848
1786831519.6539602,ERROR:ConnectionError,138.18883895874023
1786831519.6456544,ERROR:ConnectionError,148.08177947998047
1786831519.640112,ERROR:ConnectionError,156.92996978759766
1786831519.6535926,ERROR:ConnectionError,144.30856704711914
1786831519.6421356,ERROR:ConnectionError,156.1877727508545
1786831519.67475,ERROR:ConnectionError,127.72059440612793
1786831519.5725164,ERROR:ConnectionError,230.52000999450684
1786831519.630194,ERROR:ConnectionError,180.75871467590332
1786831519.6148894,ERROR:ConnectionError,205.25145530700684
1786831519.6838887,ERROR:ConnectionError,147.48048782348633
1786831519.671389,ERROR:ConnectionError,162.00995445251465
1786831519.6337934,ERROR:ConnectionError,200.13928413391113
1786831519.6382582,ERROR:ConnectionError,201.71713829040527
1786831519.6856356,ERROR:ConnectionError,159.55424308776855
1786831519.7049184,ERROR:ConnectionError,142.56787300109863
1786831519.6760364,ERROR:ConnectionError,175.12011528015137
1786831519.6990077,ERROR:ConnectionError,153.5940170288086
1786831519.6517425,ERROR:ConnectionError,201.63464546203613
1786831519.6816473,ERROR:ConnectionError,172.40309715270996
1786831519.7362785,ERROR:ConnectionError,121.27304077148438
1786831519.601689,ERROR:ConnectionError,256.36792182922363
1786831519.6967926,ERROR:ConnectionError,164.2138957977295
1786831519.7304482,ERROR:ConnectionError,133.41975212097168
1786831519.7113636,ERROR:ConnectionError,156.57758712768555
1786831519.7591255,ERROR:ConnectionError,109.59100723266602
1786831519.7802358,ERROR:ConnectionError,90.12269973754883
1786831519.639658,ERROR:ConnectionError,231.57858848571777
1786831519.7227783,ERROR:ConnectionError,154.78944778442383
1786831519.7577727,ERROR:ConnectionError,123.05760383605957
1786831519.7205324,ERROR:ConnectionError,163.6359691619873
1786831519.7878373,ERROR:ConnectionError,97.23782539367676
1786831519.6643536,ERROR:ConnectionError,222.14150428771973
1786831519.7463868,ERROR:ConnectionError,145.47324180603027
1786831519.7355285,ERROR:ConnectionError,159.53755378723145
1786831519.7656515,ERROR:ConnectionError,130.03778457641602
1786831519.7510505,ERROR:ConnectionError,151.1695384979248
1786831519.782784,ERROR:ConnectionError,119.74501609802246
1786831519.833411,ERROR:ConnectionError,70.81985473632812
1786831519.7234316,ERROR:ConnectionError,181.85806274414062
1786831519.6775362,ERROR:ConnectionError,228.5454273223877
1786831519.7006612,ERROR:ConnectionError,209.90562438964844
1786831519.788502,ERROR:ConnectionError,126.11222267150879
1786831519.7567704,ERROR:ConnectionError,159.42692756652832
1786831519.6957161,ERROR:ConnectionError,220.92747688293457
1786831519.7753983,ERROR:ConnectionError,143.38445663452148
1786831519.8109634,ERROR:ConnectionError,109.14039611816406
1786831519.7970526,ERROR:ConnectionError,124.62306022644043
1786831519.7380352,ERROR:ConnectionError,188.74716758728027
1786831519.80248,ERROR:ConnectionError,126.07550621032715
1786831519.779725,ERROR:ConnectionError,150.38108825683594
1786831519.7329798,ERROR:ConnectionError,200.58822631835938
1786831519.7412906,ERROR:ConnectionError,201.38049125671387
1786831519.7983286,ERROR:ConnectionError,145.39718627929688
1786831519.7898421,ERROR:ConnectionError,154.313325881958
1786831519.8865025,ERROR:ConnectionError,60.92023849487305
1786831519.831383,ERROR:ConnectionError,117.52939224243164
1786831519.7854307,ERROR:ConnectionError,167.38581657409668
1786831519.792157,ERROR:ConnectionError,167.71411895751953
1786831519.8030446,ERROR:ConnectionError,172.6698875427246
1786831519.8474972,ERROR:ConnectionError,132.3714256286621
1786831519.7937496,ERROR:ConnectionError,187.4256134033203
1786831519.8581243,ERROR:ConnectionError,123.9161491394043
1786831519.8575602,ERROR:ConnectionError,126.27172470092773
1786831519.8526123,ERROR:ConnectionError,131.8497657775879
1786831519.8201556,ERROR:ConnectionError,173.83718490600586
1786831519.8679504,ERROR:ConnectionError,127.72297859191895
1786831519.7979062,ERROR:ConnectionError,201.0352611541748
1786831519.8339415,ERROR:ConnectionError,167.17219352722168
1786831519.845199,ERROR:ConnectionError,159.45720672607422
1786831519.8533852,ERROR:ConnectionError,151.70979499816895
1786831519.8808434,ERROR:ConnectionError,133.09860229492188
1786831519.851164,ERROR:ConnectionError,164.57056999206543
1786831519.8399868,ERROR:ConnectionError,182.08742141723633
1786831519.863883,ERROR:ConnectionError,164.5824909210205
1786831519.895696,ERROR:ConnectionError,1053.2116889953613
1786831519.9022279,ERROR:ConnectionError,1266.7713165283203
1786831519.8703656,ERROR:ConnectionError,1410.3071689605713
1786831519.9285626,ERROR:ConnectionError,1354.102611541748
1786831519.8712466,ERROR:ConnectionError,1525.7878303527832
1786831519.9052963,ERROR:ConnectionError,1512.486219406128
1786831519.9060915,ERROR:ConnectionError,1525.0177383422852
1786831519.9105783,ERROR:ConnectionError,1712.6953601837158
1786831519.8918688,ERROR:ConnectionError,1742.4728870391846
1786831519.861015,ERROR:ConnectionError,1776.097297668457
1786831519.854059,ERROR:ConnectionError,1812.218427658081
1786831519.9216828,ERROR:ConnectionError,1750.0343322753906
1786831519.8775818,ERROR:ConnectionError,1811.159610748291
1786831519.9441633,ERROR:ConnectionError,1757.0216655731201
1786831519.884177,ERROR:ConnectionError,1823.6300945281982
1786831519.9162083,ERROR:ConnectionError,1793.943166732788
1786831519.9187908,ERROR:ConnectionError,1803.4534454345703
1786831519.9301138,ERROR:ConnectionError,1794.281244277954
1786831519.8850815,ERROR:ConnectionError,1839.6806716918945
1786831519.9437332,ERROR:ConnectionError,1814.6448135375977
1786831519.868725,ERROR:ConnectionError,1903.928518295288
1786831519.9335728,ERROR:ConnectionError,1860.9039783477783
1786831519.9426832,ERROR:ConnectionError,1868.8273429870605
1786831519.9025369,ERROR:ConnectionError,1912.8174781799316
1786831519.9267986,ERROR:ConnectionError,1897.8335857391357
1786831519.9844682,ERROR:ConnectionError,1889.6849155426025
1786831519.916653,ERROR:ConnectionError,1984.9052429199219
1786831519.982048,ERROR:ConnectionError,1966.7255878448486
1786831519.9042404,ERROR:ConnectionError,2049.5262145996094
1786831519.9146252,ERROR:ConnectionError,2040.3835773468018
1786831519.9489212,ERROR:ConnectionError,2006.7870616912842
1786831519.9598851,ERROR:ConnectionError,1996.8769550323486
1786831519.994006,ERROR:ConnectionError,1967.91672706604
1786831519.9474344,ERROR:ConnectionError,2014.9586200714111
1786831519.9811833,ERROR:ConnectionError,1981.5196990966797
1786831519.9201107,ERROR:ConnectionError,2042.8106784820557
1786831519.9528263,ERROR:ConnectionError,2011.443853378296
1786831520.0139496,ERROR:ConnectionError,1989.3903732299805
1786831520.0011246,ERROR:ConnectionError,2007.7691078186035
1786831520.0284734,ERROR:ConnectionError,1980.7093143463135
1786831519.8950753,ERROR:ConnectionError,2116.999626159668
1786831519.9838421,ERROR:ConnectionError,2033.8075160980225
1786831519.979881,ERROR:ConnectionError,2038.9764308929443
1786831519.9989505,ERROR:ConnectionError,2020.6146240234375
1786831520.0157444,ERROR:ConnectionError,2010.1597309112549
1786831520.0220847,ERROR:ConnectionError,2004.7523975372314
1786831519.9956856,ERROR:ConnectionError,2044.9793338775635
1786831520.005099,ERROR:ConnectionError,2035.8247756958008
1786831520.004667,ERROR:ConnectionError,2040.4725074768066
1786831519.975724,ERROR:ConnectionError,2076.7626762390137
1786831520.9489198,ERROR:ConnectionError,1106.5773963928223
1786831521.169008,ERROR:ConnectionError,897.0615863800049
1786831521.2806835,ERROR:ConnectionError,788.7077331542969
1786831521.2826755,ERROR:ConnectionError,787.0054244995117
1786831521.4311216,ERROR:ConnectionError,663.0947589874268
1786831521.4177942,ERROR:ConnectionError,676.7396926879883
1786831521.6232796,ERROR:ConnectionError,479.04086112976074
1786831521.6371224,ERROR:ConnectionError,473.3879566192627
1786831521.3970444,ERROR:ConnectionError,718.5232639312744
1786831521.6663194,ERROR:ConnectionError,451.55882835388184
1786831521.6717248,ERROR:ConnectionError,447.0868110656738
1786831521.6887517,ERROR:ConnectionError,434.0364933013916
1786831521.7244067,ERROR:ConnectionError,403.3331871032715
1786831521.724768,ERROR:ConnectionError,412.0001792907715
1786831521.7011924,ERROR:ConnectionError,437.90507316589355
1786831521.722254,ERROR:ConnectionError,418.6272621154785
1786831521.7078142,ERROR:ConnectionError,438.612699508667
1786831521.7583878,ERROR:ConnectionError,394.27781105041504
1786831521.794484,ERROR:ConnectionError,360.05258560180664
1786831521.7726645,ERROR:ConnectionError,387.33887672424316
1786831521.824643,ERROR:ConnectionError,336.503267288208
1786831521.9015672,ERROR:ConnectionError,260.8926296234131
1786831521.9487798,ERROR:ConnectionError,215.0123119354248
1786831521.81536,ERROR:ConnectionError,348.65283966064453
1786831521.874166,ERROR:ConnectionError,294.7392463684082
1786831521.955014,ERROR:ConnectionError,214.20931816101074
1786831521.811516,ERROR:ConnectionError,358.142614364624
1786831521.9567661,ERROR:ConnectionError,213.18340301513672
1786831521.6343524,ERROR:ConnectionError,538.5897159576416
1786831521.9557116,ERROR:ConnectionError,218.22261810302734
1786831521.9537761,ERROR:ConnectionError,223.67358207702637
1786831521.9629247,ERROR:ConnectionError,221.56691551208496
1786831521.9627068,ERROR:ConnectionError,240.34595489501953
1786831521.9619312,ERROR:ConnectionError,241.41263961791992
1786831522.0033495,ERROR:ConnectionError,202.37207412719727
1786831522.0089192,ERROR:ConnectionError,198.4419822692871
1786831521.9623997,ERROR:ConnectionError,245.28837203979492
1786831521.9642742,ERROR:ConnectionError,247.2248077392578
1786831522.0120802,ERROR:ConnectionError,204.89263534545898
1786831522.0091877,ERROR:ConnectionError,208.1432342529297
1786831522.017659,ERROR:ConnectionError,200.93131065368652
1786831521.710162,ERROR:ConnectionError,513.4809017181396
1786831522.0188637,ERROR:ConnectionError,205.8703899383545
1786831522.0195713,ERROR:ConnectionError,211.62939071655273
1786831522.0259132,ERROR:ConnectionError,209.8219394683838
1786831522.0268414,ERROR:ConnectionError,210.9215259552002
1786831522.0406716,ERROR:ConnectionError,198.05335998535156
1786831522.040928,ERROR:ConnectionError,197.97492027282715
1786831522.0451488,ERROR:ConnectionError,199.97453689575195
1786831522.0524952,ERROR:ConnectionError,193.26424598693848
1786831522.055505,ERROR:ConnectionError,195.3604221343994
1786831522.0660808,ERROR:ConnectionError,187.21628189086914
1786831522.0945377,ERROR:ConnectionError,159.6839427947998
1786831522.0696847,ERROR:ConnectionError,188.05480003356934
1786831522.0694299,ERROR:ConnectionError,189.34011459350586
1786831522.102326,ERROR:ConnectionError,164.45279121398926
1786831522.0942264,ERROR:ConnectionError,178.9834499359131
1786831522.1227963,ERROR:ConnectionError,155.3037166595459
1786831522.11052,ERROR:ConnectionError,169.58856582641602
1786831522.1155782,ERROR:ConnectionError,165.78006744384766
1786831522.1367786,ERROR:ConnectionError,148.83184432983398
1786831522.127746,ERROR:ConnectionError,158.46681594848633
1786831522.1178873,ERROR:ConnectionError,168.9891815185547
1786831522.1188166,ERROR:ConnectionError,169.5992946624756
1786831522.1391044,ERROR:ConnectionError,160.45761108398438
1786831522.162464,ERROR:ConnectionError,151.82065963745117
1786831522.1640184,ERROR:ConnectionError,150.57873725891113
1786831522.1464362,ERROR:ConnectionError,168.4122085571289
1786831522.1526763,ERROR:ConnectionError,165.24314880371094
1786831522.169664,ERROR:ConnectionError,148.43463897705078
1786831522.163797,ERROR:ConnectionError,158.16259384155273
1786831522.1689124,ERROR:ConnectionError,161.09108924865723
1786831522.16001,ERROR:ConnectionError,174.41606521606445
1786831522.1408877,ERROR:ConnectionError,195.21307945251465
1786831522.1729774,ERROR:ConnectionError,164.95156288146973
1786831522.1545439,ERROR:ConnectionError,189.15176391601562
1786831522.1692297,ERROR:ConnectionError,184.17716026306152
1786831522.1739407,ERROR:ConnectionError,179.7044277191162
1786831522.1699917,ERROR:ConnectionError,201.76053047180176
1786831522.1774557,ERROR:ConnectionError,202.22163200378418
1786831522.1844988,ERROR:ConnectionError,195.94168663024902
1786831522.2030616,ERROR:ConnectionError,196.3176727294922
1786831522.2033486,ERROR:ConnectionError,209.14149284362793
1786831522.161153,ERROR:ConnectionError,252.30121612548828
1786831522.2057257,ERROR:ConnectionError,215.2242660522461
1786831522.207693,ERROR:ConnectionError,214.86377716064453
1786831522.2115078,ERROR:ConnectionError,223.6177921295166
1786831522.207394,ERROR:ConnectionError,235.9635829925537
1786831522.2173367,ERROR:ConnectionError,239.52293395996094
1786831522.2185953,ERROR:ConnectionError,239.72749710083008
1786831522.2236557,ERROR:ConnectionError,238.3730411529541
1786831522.231206,ERROR:ConnectionError,246.49357795715332
1786831522.2357464,ERROR:ConnectionError,247.41315841674805
1786831522.224741,ERROR:ConnectionError,277.8050899505615
1786831522.216981,ERROR:ConnectionError,294.76451873779297
1786831522.2377706,ERROR:ConnectionError,277.34947204589844
1786831522.2389061,ERROR:ConnectionError,278.99861335754395
1786831522.2451324,ERROR:ConnectionError,273.35667610168457
1786831522.2387295,ERROR:ConnectionError,285.0782871246338
1786831522.2508755,ERROR:ConnectionError,274.31702613830566
1786831522.2457633,ERROR:ConnectionError,295.75657844543457
1786831522.254226,ERROR:ConnectionError,294.68560218811035
1786831522.2533045,ERROR:ConnectionError,302.22105979919434
1786831522.2577477,ERROR:ConnectionError,298.16436767578125
1786831522.2587755,ERROR:ConnectionError,304.20684814453125
1786831522.278112,ERROR:ConnectionError,288.1617546081543
1786831522.2862217,ERROR:ConnectionError,282.52482414245605
1786831522.2667894,ERROR:ConnectionError,307.4321746826172
1786831522.2732162,ERROR:ConnectionError,303.73477935791016
1786831522.2801163,ERROR:ConnectionError,299.7109889984131
1786831522.2995727,ERROR:ConnectionError,284.0273380279541
1786831522.314296,ERROR:ConnectionError,270.2515125274658
1786831522.321967,ERROR:ConnectionError,272.8447914123535
1786831522.3148544,ERROR:ConnectionError,280.6565761566162
1786831522.2856178,ERROR:ConnectionError,310.90688705444336
1786831522.317924,ERROR:ConnectionError,283.54430198669434
1786831522.281366,ERROR:ConnectionError,320.8959102630615
1786831522.288421,ERROR:ConnectionError,314.26429748535156
1786831522.330011,ERROR:ConnectionError,274.3337154388428
1786831522.3181021,ERROR:ConnectionError,286.5722179412842
1786831522.3146048,ERROR:ConnectionError,296.19503021240234
1786831522.286884,ERROR:ConnectionError,328.9022445678711
1786831522.336108,ERROR:ConnectionError,280.09939193725586
1786831522.3344367,ERROR:ConnectionError,284.5017910003662
1786831522.3536496,ERROR:ConnectionError,274.66320991516113
1786831522.3534167,ERROR:ConnectionError,287.034273147583
1786831522.3717606,ERROR:ConnectionError,269.29759979248047
1786831522.3796856,ERROR:ConnectionError,266.07298851013184
1786831522.337934,ERROR:ConnectionError,311.922550201416
1786831522.3437052,ERROR:ConnectionError,307.57927894592285
1786831522.3804452,ERROR:ConnectionError,274.5935916900635
1786831522.3993902,ERROR:ConnectionError,271.4710235595703
1786831522.412538,ERROR:ConnectionError,261.2731456756592
1786831522.4209611,ERROR:ConnectionError,256.81018829345703
1786831522.4225621,ERROR:ConnectionError,255.91731071472168
1786831522.435136,ERROR:ConnectionError,247.70569801330566
1786831522.4134595,ERROR:ConnectionError,271.93236351013184
1786831522.4433663,ERROR:ConnectionError,245.14317512512207
1786831522.4583297,ERROR:ConnectionError,233.6876392364502
1786831522.4568684,ERROR:ConnectionError,238.30533027648926
1786831522.47771,ERROR:ConnectionError,217.78607368469238
1786831522.5117579,ERROR:ConnectionError,183.97784233093262
1786831522.5025592,ERROR:ConnectionError,194.2422389984131
1786831522.4620378,ERROR:ConnectionError,243.10731887817383
1786831522.5151336,ERROR:ConnectionError,193.53652000427246
1786831522.4831812,ERROR:ConnectionError,228.8339138031006
1786831522.5184977,ERROR:ConnectionError,195.24431228637695
1786831522.5687578,ERROR:ConnectionError,145.4601287841797
1786831522.5179136,ERROR:ConnectionError,202.37493515014648
1786831522.5489233,ERROR:ConnectionError,171.83852195739746
1786831522.5742307,ERROR:ConnectionError,146.92950248718262
1786831522.5555363,ERROR:ConnectionError,167.00124740600586
1786831522.5629923,ERROR:ConnectionError,163.48958015441895
1786831522.5415306,ERROR:ConnectionError,185.89067459106445
1786831522.5559201,ERROR:ConnectionError,172.29247093200684
1786831522.5252006,ERROR:ConnectionError,204.12039756774902
1786831522.5662835,ERROR:ConnectionError,163.44404220581055
1786831522.5948284,ERROR:ConnectionError,140.82813262939453
1786831522.5798378,ERROR:ConnectionError,156.6011905670166
1786831522.6026926,ERROR:ConnectionError,134.31835174560547
1786831522.5845566,ERROR:ConnectionError,161.02027893066406
1786831522.5769641,ERROR:ConnectionError,169.5561408996582
1786831522.5965312,ERROR:ConnectionError,150.74968338012695
1786831522.6046789,ERROR:ConnectionError,145.77984809875488
1786831522.5238197,ERROR:ConnectionError,227.52618789672852
1786831522.5836124,ERROR:ConnectionError,168.95675659179688
1786831522.60148,ERROR:ConnectionError,154.69741821289062
1786831522.6108086,ERROR:ConnectionError,145.99609375
1786831522.5955203,ERROR:ConnectionError,162.52827644348145
1786831522.670873,ERROR:ConnectionError,88.73271942138672
1786831522.6157968,ERROR:ConnectionError,145.9939479827881
1786831522.6777816,ERROR:ConnectionError,87.27431297302246
1786831522.6457686,ERROR:ConnectionError,124.42755699157715
1786831522.6162143,ERROR:ConnectionError,154.28733825683594
1786831522.618947,ERROR:ConnectionError,153.87964248657227
1786831522.6512954,ERROR:ConnectionError,125.88644027709961
1786831522.7086792,ERROR:ConnectionError,70.36495208740234
1786831522.6404622,ERROR:ConnectionError,139.64247703552246
1786831522.6854029,ERROR:ConnectionError,94.94400024414062
1786831522.6784887,ERROR:ConnectionError,102.13661193847656
1786831522.6498659,ERROR:ConnectionError,131.1652660369873
1786831522.6550474,ERROR:ConnectionError,126.37805938720703
1786831522.695182,ERROR:ConnectionError,90.23571014404297
1786831522.695504,ERROR:ConnectionError,92.1473503112793
1786831522.6410646,ERROR:ConnectionError,151.14545822143555
1786831522.682852,ERROR:ConnectionError,110.07022857666016
1786831522.688518,ERROR:ConnectionError,107.77521133422852
1786831522.6920278,ERROR:ConnectionError,108.51240158081055
1786831522.6284583,ERROR:ConnectionError,174.24392700195312
1786831522.7207685,ERROR:ConnectionError,82.27920532226562
1786831522.7266076,ERROR:ConnectionError,79.14376258850098
1786831522.722548,ERROR:ConnectionError,84.7632884979248
1786831522.6957417,ERROR:ConnectionError,112.61820793151855
1786831522.7142227,ERROR:ConnectionError,95.51715850830078
1786831522.604354,ERROR:ConnectionError,207.62228965759277
1786831522.7051585,ERROR:ConnectionError,110.40353775024414
1786831522.673821,ERROR:ConnectionError,148.78416061401367
1786831522.713754,ERROR:ConnectionError,111.26160621643066
1786831522.696808,ERROR:ConnectionError,128.89695167541504
1786831522.7370188,ERROR:ConnectionError,102.2343635559082
1786831522.7282207,ERROR:ConnectionError,111.32287979125977
1786831522.712022,ERROR:ConnectionError,138.63301277160645
1786831522.6022704,ERROR:ConnectionError,249.43828582763672
1786831522.7455873,ERROR:ConnectionError,111.58227920532227
1786831522.721165,ERROR:ConnectionError,138.02599906921387
1786831522.7202983,ERROR:ConnectionError,139.59884643554688
1786831522.780352,ERROR:ConnectionError,90.79575538635254
1786831522.7356675,ERROR:ConnectionError,153.71322631835938
1786831522.7596135,ERROR:ConnectionError,130.04803657531738
1786831522.7651138,ERROR:ConnectionError,132.1086883544922
1786831522.727429,ERROR:ConnectionError,172.3630428314209
1786831522.7504685,ERROR:ConnectionError,157.79733657836914
1786831522.7810717,ERROR:ConnectionError,130.6157112121582
1786831522.802711,ERROR:ConnectionError,112.12563514709473
1786831522.7854278,ERROR:ConnectionError,131.96158409118652
1786831522.747288,ERROR:ConnectionError,174.0405559539795
1786831522.7525792,ERROR:ConnectionError,171.3275909423828
1786831522.81557,ERROR:ConnectionError,109.49277877807617
1786831522.7702053,ERROR:ConnectionError,155.6568145751953
1786831522.7465267,ERROR:ConnectionError,180.8943748474121
1786831522.7705069,ERROR:ConnectionError,157.20486640930176
1786831522.8005517,ERROR:ConnectionError,127.80547142028809
1786831522.729735,ERROR:ConnectionError,205.45434951782227
1786831522.7568126,ERROR:ConnectionError,179.23355102539062
1786831522.8073204,ERROR:ConnectionError,133.85510444641113
1786831522.7364473,ERROR:ConnectionError,204.99849319458008
1786831522.729327,ERROR:ConnectionError,214.13373947143555
1786831522.8250299,ERROR:ConnectionError,126.84226036071777
1786831522.811986,ERROR:ConnectionError,142.13943481445312
1786831522.7963438,ERROR:ConnectionError,159.14487838745117
1786831522.7561896,ERROR:ConnectionError,200.24514198303223
1786831522.7814322,ERROR:ConnectionError,180.85670471191406
1786831522.792928,ERROR:ConnectionError,170.1347827911377
1786831522.7771902,ERROR:ConnectionError,195.6775188446045
1786831522.8711603,ERROR:ConnectionError,103.43456268310547
1786831522.8083699,ERROR:ConnectionError,167.5701141357422
1786831522.825782,ERROR:ConnectionError,152.4677276611328
1786831522.7790563,ERROR:ConnectionError,202.5918960571289
1786831522.8097465,ERROR:ConnectionError,174.66354370117188
1786831522.7618024,ERROR:ConnectionError,224.54357147216797
1786831522.7801127,ERROR:ConnectionError,208.9231014251709
1786831522.8392608,ERROR:ConnectionError,153.58805656433105
1786831522.758057,ERROR:ConnectionError,238.31582069396973
1786831522.8599033,ERROR:ConnectionError,141.42417907714844
1786831522.787659,ERROR:ConnectionError,214.05363082885742
1786831522.7922175,ERROR:ConnectionError,211.6072177886963
1786831522.8395493,ERROR:ConnectionError,166.21661186218262
1786831522.7513525,ERROR:ConnectionError,266.0987377166748
1786831522.8226144,ERROR:ConnectionError,195.5721378326416
1786831522.859199,ERROR:ConnectionError,160.03155708312988
1786831522.921338,ERROR:ConnectionError,99.4572639465332
1786831522.8517177,ERROR:ConnectionError,169.327974319458
1786831522.8057613,ERROR:ConnectionError,220.18122673034668
1786831522.7728398,ERROR:ConnectionError,261.1076831817627
1786831522.9173968,ERROR:ConnectionError,116.93930625915527
1786831522.7806294,ERROR:ConnectionError,257.31539726257324
1786831522.889668,ERROR:ConnectionError,151.7641544342041
1786831522.9274292,ERROR:ConnectionError,116.02640151977539
1786831522.88939,ERROR:ConnectionError,156.07810020446777
1786831522.85073,ERROR:ConnectionError,198.38666915893555
1786831522.8998034,ERROR:ConnectionError,150.22754669189453
1786831522.9518812,ERROR:ConnectionError,98.82092475891113
1786831522.9434686,ERROR:ConnectionError,108.26444625854492
1786831522.923913,ERROR:ConnectionError,130.87153434753418
1786831522.9117005,ERROR:ConnectionError,148.3919620513916
1786831522.8030534,ERROR:ConnectionError,261.9447708129883
1786831522.925069,ERROR:ConnectionError,140.37299156188965
1786831522.857178,ERROR:ConnectionError,208.9977264404297
1786831522.9564412,ERROR:ConnectionError,113.22617530822754
1786831522.9844186,ERROR:ConnectionError,86.17639541625977
1786831522.955498,ERROR:ConnectionError,115.9970760345459
1786831522.9630752,ERROR:ConnectionError,111.99688911437988
1786831522.9148524,ERROR:ConnectionError,162.43290901184082
1786831522.9277186,ERROR:ConnectionError,160.71605682373047
1786831522.9283633,ERROR:ConnectionError,164.25609588623047
1786831522.9541328,ERROR:ConnectionError,138.83495330810547
1786831522.9728758,ERROR:ConnectionError,121.0794448852539
1786831522.925869,ERROR:ConnectionError,170.97902297973633
1786831522.9863539,ERROR:ConnectionError,112.72501945495605
1786831522.9890428,ERROR:ConnectionError,116.65153503417969
1786831523.0057743,ERROR:ConnectionError,100.21615028381348
1786831523.025951,ERROR:ConnectionError,81.32672309875488
1786831522.9352155,ERROR:ConnectionError,172.42145538330078
1786831522.978258,ERROR:ConnectionError,130.20658493041992
1786831523.001718,ERROR:ConnectionError,108.50787162780762
1786831523.0192385,ERROR:ConnectionError,92.89884567260742
1786831523.003832,ERROR:ConnectionError,111.9697093963623
1786831522.9759457,ERROR:ConnectionError,143.91374588012695
1786831522.9746025,ERROR:ConnectionError,147.29762077331543
1786831523.070603,ERROR:ConnectionError,52.76179313659668
1786831522.9411838,ERROR:ConnectionError,184.64279174804688
1786831522.941451,ERROR:ConnectionError,185.15563011169434
1786831522.9082766,ERROR:ConnectionError,229.15887832641602
1786831523.0547926,ERROR:ConnectionError,83.1606388092041
1786831523.0174608,ERROR:ConnectionError,122.1160888671875
1786831522.9623013,ERROR:ConnectionError,178.5564422607422
1786831523.0601027,ERROR:ConnectionError,81.0701847076416
1786831522.9360538,ERROR:ConnectionError,205.35778999328613
1786831523.0379546,ERROR:ConnectionError,111.27758026123047
1786831522.8972368,ERROR:ConnectionError,253.09991836547852
1786831523.0013373,ERROR:ConnectionError,150.99644660949707
1786831523.0507088,ERROR:ConnectionError,103.25503349304199
1786831523.0650077,ERROR:ConnectionError,89.30659294128418
1786831523.0414402,ERROR:ConnectionError,115.25392532348633
1786831522.9928548,ERROR:ConnectionError,164.8259162902832
1786831523.0343428,ERROR:ConnectionError,128.05509567260742
1786831523.0208018,ERROR:ConnectionError,145.4782485961914
1786831523.0654485,ERROR:ConnectionError,102.3104190826416
1786831523.0517392,ERROR:ConnectionError,117.91372299194336
1786831523.0434637,ERROR:ConnectionError,126.71184539794922
1786831523.0696757,ERROR:ConnectionError,105.8351993560791
1786831522.981657,ERROR:ConnectionError,194.68259811401367
1786831523.0715024,ERROR:ConnectionError,107.05208778381348
1786831523.0491307,ERROR:ConnectionError,130.49769401550293
1786831522.9963865,ERROR:ConnectionError,188.06743621826172
1786831523.0884416,ERROR:ConnectionError,97.96881675720215
1786831523.0339565,ERROR:ConnectionError,153.5353660583496
1786831523.0772932,ERROR:ConnectionError,115.86499214172363
1786831523.0500371,ERROR:ConnectionError,144.09732818603516
1786831523.0181918,ERROR:ConnectionError,179.00967597961426
1786831523.099086,ERROR:ConnectionError,100.79646110534668
1786831523.1059954,ERROR:ConnectionError,96.13776206970215
1786831523.1084695,ERROR:ConnectionError,94.84624862670898
1786831523.0939624,ERROR:ConnectionError,119.95673179626465
1786831523.1057024,ERROR:ConnectionError,112.07365989685059
1786831523.0968566,ERROR:ConnectionError,122.3902702331543
1786831523.0454779,ERROR:ConnectionError,175.19283294677734
1786831523.1543205,ERROR:ConnectionError,88.90342712402344
1786831523.1219077,ERROR:ConnectionError,121.71030044555664
1786831523.1158152,ERROR:ConnectionError,129.47511672973633
1786831523.1233728,ERROR:ConnectionError,123.29363822937012
1786831523.125834,ERROR:ConnectionError,125.9605884552002
1786831523.1408646,ERROR:ConnectionError,111.36484146118164
1786831523.1492474,ERROR:ConnectionError,104.05278205871582
1786831523.0210502,ERROR:ConnectionError,237.10942268371582
1786831523.0661824,ERROR:ConnectionError,198.45151901245117
1786831523.0929732,ERROR:ConnectionError,171.97704315185547
1786831523.139584,ERROR:ConnectionError,129.52804565429688
1786831523.1503434,ERROR:ConnectionError,121.0470199584961
1786831523.1379607,ERROR:ConnectionError,134.6132755279541
1786831523.0926292,ERROR:ConnectionError,180.2377700805664
1786831523.1624048,ERROR:ConnectionError,115.16904830932617
1786831523.1102335,ERROR:ConnectionError,168.15710067749023
1786831523.126613,ERROR:ConnectionError,152.85944938659668
1786831523.1072829,ERROR:ConnectionError,175.93908309936523
1786831523.1539698,ERROR:ConnectionError,131.03818893432617
1786831523.1785605,ERROR:ConnectionError,106.8718433380127
1786831523.1121483,ERROR:ConnectionError,173.96879196166992
1786831523.141179,ERROR:ConnectionError,148.6659049987793
1786831523.167765,ERROR:ConnectionError,128.66520881652832
1786831523.1701808,ERROR:ConnectionError,128.9541721343994
1786831523.19721,ERROR:ConnectionError,107.1014404296875
1786831523.1374462,ERROR:ConnectionError,167.29974746704102
1786831523.075079,ERROR:ConnectionError,230.42535781860352
1786831523.1414173,ERROR:ConnectionError,166.00728034973145
1786831523.1567008,ERROR:ConnectionError,159.49440002441406
1786831523.184461,ERROR:ConnectionError,135.79916954040527
1786831523.169662,ERROR:ConnectionError,151.65209770202637
1786831523.1198666,ERROR:ConnectionError,205.29460906982422
1786831523.1763463,ERROR:ConnectionError,157.6542854309082
1786831523.2206786,ERROR:ConnectionError,113.76118659973145
1786831523.1874988,ERROR:ConnectionError,148.10752868652344
1786831523.202139,ERROR:ConnectionError,137.6967430114746
1786831523.1662948,ERROR:ConnectionError,177.7667999267578
1786831523.1864173,ERROR:ConnectionError,158.27703475952148
1786831523.1576855,ERROR:ConnectionError,190.73033332824707
1786831523.107641,ERROR:ConnectionError,242.8302764892578
1786831523.1796393,ERROR:ConnectionError,176.1322021484375
1786831523.152342,ERROR:ConnectionError,208.2662582397461
1786831523.2177851,ERROR:ConnectionError,145.4606056213379
1786831523.2033222,ERROR:ConnectionError,160.45808792114258
1786831523.2140274,ERROR:ConnectionError,160.4924201965332
1786831523.1931653,ERROR:ConnectionError,187.7584457397461
1786831523.2192543,ERROR:ConnectionError,167.67168045043945
1786831523.19989,ERROR:ConnectionError,194.64564323425293
1786831523.246681,ERROR:ConnectionError,148.39744567871094
1786831523.2518036,ERROR:ConnectionError,146.04520797729492
1786831523.2533057,ERROR:ConnectionError,145.42698860168457
1786831523.1755192,ERROR:ConnectionError,229.53534126281738
1786831523.2436264,ERROR:ConnectionError,162.31918334960938
1786831523.2452981,ERROR:ConnectionError,163.59400749206543
1786831523.1941416,ERROR:ConnectionError,215.02923965454102
1786831523.243232,ERROR:ConnectionError,176.90777778625488
1786831523.283234,ERROR:ConnectionError,141.65163040161133
1786831523.2691195,ERROR:ConnectionError,165.96007347106934
1786831523.2522352,ERROR:ConnectionError,188.9185905456543
1786831523.2649562,ERROR:ConnectionError,185.00614166259766
1786831523.2794812,ERROR:ConnectionError,173.86436462402344
1786831523.2646413,ERROR:ConnectionError,192.0161247253418
1786831523.258165,ERROR:ConnectionError,206.51626586914062
1786831523.271397,ERROR:ConnectionError,194.366455078125
1786831523.2725787,ERROR:ConnectionError,196.66075706481934
1786831523.2964456,ERROR:ConnectionError,174.48067665100098
1786831523.27287,ERROR:ConnectionError,203.77731323242188
1786831523.286124,ERROR:ConnectionError,201.24006271362305
1786831523.289852,ERROR:ConnectionError,199.54490661621094
1786831523.2854376,ERROR:ConnectionError,204.484224319458
1786831523.307432,ERROR:ConnectionError,185.35327911376953
1786831523.278396,ERROR:ConnectionError,215.2879238128662
1786831523.3043203,ERROR:ConnectionError,192.89040565490723
1786831523.2775815,ERROR:ConnectionError,232.0115566253662
1786831523.2850146,ERROR:ConnectionError,232.29551315307617
1786831523.3344457,ERROR:ConnectionError,185.50753593444824
1786831523.3202684,ERROR:ConnectionError,203.2797336578369
1786831523.3047519,ERROR:ConnectionError,219.69985961914062
1786831523.3340092,ERROR:ConnectionError,197.29328155517578
1786831523.3356156,ERROR:ConnectionError,202.69370079040527
1786831523.3398464,ERROR:ConnectionError,201.59173011779785
1786831523.3484263,ERROR:ConnectionError,196.20728492736816
1786831523.3213215,ERROR:ConnectionError,235.66365242004395
1786831523.299146,ERROR:ConnectionError,270.479679107666
1786831523.3440695,ERROR:ConnectionError,226.05419158935547
1786831523.3637872,ERROR:ConnectionError,206.62283897399902
1786831523.3251996,ERROR:ConnectionError,248.79717826843262
1786831523.363259,ERROR:ConnectionError,212.1415138244629
1786831523.3055115,ERROR:ConnectionError,271.9922065734863
1786831523.4059522,ERROR:ConnectionError,175.00877380371094
1786831523.3557806,ERROR:ConnectionError,228.58476638793945
1786831523.39786,ERROR:ConnectionError,190.3665065765381
1786831523.3162081,ERROR:ConnectionError,273.77843856811523
1786831523.3447013,ERROR:ConnectionError,245.50819396972656
1786831523.3504796,ERROR:ConnectionError,245.3327178955078
1786831523.3745298,ERROR:ConnectionError,224.4246006011963
1786831523.3809369,ERROR:ConnectionError,244.48800086975098
1786831523.4091759,ERROR:ConnectionError,221.44150733947754
1786831523.386935,ERROR:ConnectionError,244.28129196166992
1786831523.398739,ERROR:ConnectionError,235.45384407043457
1786831523.4201949,ERROR:ConnectionError,214.2958641052246
1786831523.3945436,ERROR:ConnectionError,242.59543418884277
1786831523.3950858,ERROR:ConnectionError,245.574951171875
1786831523.4250562,ERROR:ConnectionError,219.46406364440918
1786831523.4089,ERROR:ConnectionError,239.69602584838867
1786831523.4533534,ERROR:ConnectionError,201.10607147216797
1786831523.4411635,ERROR:ConnectionError,215.5776023864746
1786831523.3606162,ERROR:ConnectionError,298.159122467041
1786831523.4499717,ERROR:ConnectionError,209.91897583007812
1786831523.435097,ERROR:ConnectionError,236.3150119781494
1786831523.4657729,ERROR:ConnectionError,210.77990531921387
1786831523.4050617,ERROR:ConnectionError,287.52779960632324
1786831523.4766572,ERROR:ConnectionError,229.19940948486328
1786831523.4709349,ERROR:ConnectionError,237.55145072937012
1786831523.489405,ERROR:ConnectionError,220.49880027770996
1786831523.4646952,ERROR:ConnectionError,249.82595443725586
1786831523.4873848,ERROR:ConnectionError,232.67030715942383
1786831523.456667,ERROR:ConnectionError,266.5700912475586
1786831523.4899263,ERROR:ConnectionError,237.4107837677002
1786831523.4972186,ERROR:ConnectionError,234.48443412780762
1786831523.4936898,ERROR:ConnectionError,239.2556667327881
1786831523.4927952,ERROR:ConnectionError,244.6599006652832
1786831523.5173242,ERROR:ConnectionError,224.92551803588867
1786831523.5199685,ERROR:ConnectionError,222.66316413879395
1786831523.469249,ERROR:ConnectionError,273.6985683441162
1786831523.509601,ERROR:ConnectionError,236.15622520446777
1786831523.5244596,ERROR:ConnectionError,231.8098545074463
1786831523.5383787,ERROR:ConnectionError,218.58549118041992
1786831523.5446417,ERROR:ConnectionError,213.0577564239502
1786831523.5313134,ERROR:ConnectionError,232.49411582946777
1786831523.5235558,ERROR:ConnectionError,245.73826789855957
1786831523.556994,ERROR:ConnectionError,214.62726593017578
1786831523.5697064,ERROR:ConnectionError,204.95367050170898
1786831523.5701354,ERROR:ConnectionError,208.18543434143066
1786831523.5414445,ERROR:ConnectionError,239.5327091217041
1786831523.5704148,ERROR:ConnectionError,213.4847640991211
1786831523.5775192,ERROR:ConnectionError,211.57312393188477
1786831523.574003,ERROR:ConnectionError,217.54717826843262
1786831523.5754068,ERROR:ConnectionError,218.4462547302246
1786831523.5809715,ERROR:ConnectionError,220.6249237060547
1786831523.5843732,ERROR:ConnectionError,223.61087799072266
1786831523.588235,ERROR:ConnectionError,220.5197811126709
1786831523.5899932,ERROR:ConnectionError,229.2797565460205
1786831523.5989618,ERROR:ConnectionError,223.43826293945312
1786831523.5902154,ERROR:ConnectionError,245.8353042602539
1786831523.6306517,ERROR:ConnectionError,208.08100700378418
1786831523.6254342,ERROR:ConnectionError,215.70181846618652
1786831523.6345003,ERROR:ConnectionError,207.06725120544434
1786831523.6342008,ERROR:ConnectionError,208.41479301452637
1786831523.5958197,ERROR:ConnectionError,252.119779586792
1786831523.6371465,ERROR:ConnectionError,213.8955593109131
1786831523.6587846,ERROR:ConnectionError,194.34809684753418
1786831523.6312232,ERROR:ConnectionError,222.35822677612305
1786831523.6544702,ERROR:ConnectionError,202.3293972015381
1786831523.6445289,ERROR:ConnectionError,212.54754066467285
1786831523.6567478,ERROR:ConnectionError,204.21600341796875
1786831523.6486073,ERROR:ConnectionError,215.50965309143066
1786831523.6925995,ERROR:ConnectionError,182.2032928466797
1786831523.6598969,ERROR:ConnectionError,216.78686141967773
1786831523.7058678,ERROR:ConnectionError,175.30488967895508
1786831523.7200654,ERROR:ConnectionError,161.71717643737793
1786831523.6406686,ERROR:ConnectionError,244.31228637695312
1786831523.6714237,ERROR:ConnectionError,214.8745059967041
1786831523.7273443,ERROR:ConnectionError,159.44242477416992
1786831523.7317133,ERROR:ConnectionError,161.93032264709473
1786831523.709911,ERROR:ConnectionError,186.76328659057617
1786831523.714535,ERROR:ConnectionError,182.7108860015869
1786831523.6765616,ERROR:ConnectionError,221.74525260925293
1786831523.7084947,ERROR:ConnectionError,193.49908828735352
1786831523.7329538,ERROR:ConnectionError,184.11540985107422
1786831523.7429535,ERROR:ConnectionError,177.68287658691406
1786831523.723246,ERROR:ConnectionError,197.8476047515869
1786831523.7374651,ERROR:ConnectionError,185.54043769836426
1786831523.7426383,ERROR:ConnectionError,189.8174285888672
1786831523.756279,ERROR:ConnectionError,183.7179660797119
1786831523.7569711,ERROR:ConnectionError,188.68708610534668
1786831523.7457662,ERROR:ConnectionError,202.2840976715088
1786831523.7638211,ERROR:ConnectionError,188.8747215270996
1786831523.7577078,ERROR:ConnectionError,196.17033004760742
1786831523.769303,ERROR:ConnectionError,189.9583339691162
1786831523.7716298,ERROR:ConnectionError,198.38714599609375
1786831523.742261,ERROR:ConnectionError,229.9215793609619
1786831523.7839143,ERROR:ConnectionError,191.7116641998291
1786831523.789102,ERROR:ConnectionError,191.300630569458
1786831523.7809916,ERROR:ConnectionError,211.66682243347168
1786831523.7938607,ERROR:ConnectionError,200.03485679626465
1786831523.7915576,ERROR:ConnectionError,210.4029655456543
1786831523.801607,ERROR:ConnectionError,203.3083438873291
1786831523.7746704,ERROR:ConnectionError,230.8971881866455
1786831523.7783287,ERROR:ConnectionError,228.18303108215332
1786831523.8079946,ERROR:ConnectionError,217.329740524292
1786831523.822409,ERROR:ConnectionError,221.4791774749756
1786831523.836061,ERROR:ConnectionError,209.48266983032227
1786831523.8387396,ERROR:ConnectionError,213.00458908081055
1786831523.8415728,ERROR:ConnectionError,223.8016128540039
1786831523.8192818,ERROR:ConnectionError,249.50814247131348
1786831523.8535874,ERROR:ConnectionError,220.03722190856934
1786831523.8411446,ERROR:ConnectionError,232.87248611450195
1786831523.8531415,ERROR:ConnectionError,227.57220268249512
1786831523.8510504,ERROR:ConnectionError,234.114408493042
1786831523.8479989,ERROR:ConnectionError,241.7905330657959
1786831523.842622,ERROR:ConnectionError,250.47826766967773
1786831523.8609724,ERROR:ConnectionError,232.49220848083496
1786831523.8748112,ERROR:ConnectionError,218.9946174621582
1786831523.8568077,ERROR:ConnectionError,237.39337921142578
1786831523.8641305,ERROR:ConnectionError,233.54077339172363
1786831523.881182,ERROR:ConnectionError,220.40462493896484
1786831523.8087618,ERROR:ConnectionError,295.8250045776367
1786831523.876692,ERROR:ConnectionError,229.18963432312012
1786831523.8936539,ERROR:ConnectionError,223.7091064453125
1786831523.8570821,ERROR:ConnectionError,272.4347114562988
1786831523.8863084,ERROR:ConnectionError,244.20571327209473
1786831523.8983176,ERROR:ConnectionError,232.6681613922119
1786831523.8849893,ERROR:ConnectionError,256.55245780944824
1786831523.902004,ERROR:ConnectionError,240.33379554748535
1786831523.881792,ERROR:ConnectionError,263.2608413696289
1786831523.9324687,ERROR:ConnectionError,214.46752548217773
1786831523.9538867,ERROR:ConnectionError,201.24483108520508
1786831523.9400117,ERROR:ConnectionError,218.50061416625977
1786831523.9170887,ERROR:ConnectionError,253.54743003845215
1786831523.8867927,ERROR:ConnectionError,284.99555587768555
1786831523.8966887,ERROR:ConnectionError,283.3545207977295
1786831523.9230146,ERROR:ConnectionError,262.5401020050049
1786831523.948063,ERROR:ConnectionError,257.1742534637451
1786831523.945667,ERROR:ConnectionError,273.7393379211426
1786831523.9592912,ERROR:ConnectionError,262.62855529785156
1786831523.9211004,ERROR:ConnectionError,302.05297470092773
1786831523.9206443,ERROR:ConnectionError,303.5247325897217
1786831523.8972561,ERROR:ConnectionError,327.38375663757324
1786831523.9721909,ERROR:ConnectionError,283.45227241516113
1786831523.9700258,ERROR:ConnectionError,292.38224029541016
1786831523.993908,ERROR:ConnectionError,277.9662609100342
1786831524.0019717,ERROR:ConnectionError,272.07350730895996
1786831523.9804127,ERROR:ConnectionError,296.95796966552734
1786831524.004925,ERROR:ConnectionError,284.73448753356934
1786831524.0065196,ERROR:ConnectionError,286.9150638580322
1786831524.005654,ERROR:ConnectionError,298.82287979125977
1786831523.952707,ERROR:ConnectionError,357.9728603363037
1786831523.9756358,ERROR:ConnectionError,337.1262550354004
1786831524.025335,ERROR:ConnectionError,296.1149215698242
1786831524.0517552,ERROR:ConnectionError,282.6123237609863
1786831524.074025,ERROR:ConnectionError,262.02988624572754
1786831524.045552,ERROR:ConnectionError,295.7916259765625
1786831524.073634,ERROR:ConnectionError,271.59786224365234
1786831524.1015978,ERROR:ConnectionError,248.21162223815918
1786831524.0898004,ERROR:ConnectionError,261.00683212280273
1786831523.9926763,ERROR:ConnectionError,362.8702163696289
1786831524.0851772,ERROR:ConnectionError,271.3494300842285
1786831524.0439048,ERROR:ConnectionError,318.5286521911621
1786831524.1058927,ERROR:ConnectionError,273.21481704711914
1786831524.097681,ERROR:ConnectionError,284.94811058044434
1786831524.065391,ERROR:ConnectionError,320.48749923706055
1786831524.0931103,ERROR:ConnectionError,298.907995223999
1786831524.0934699,ERROR:ConnectionError,303.18188667297363
1786831524.1046007,ERROR:ConnectionError,292.89770126342773
1786831524.080726,ERROR:ConnectionError,323.95386695861816
1786831524.0688055,ERROR:ConnectionError,340.069055557251
1786831524.1415517,ERROR:ConnectionError,277.1890163421631
1786831524.130993,ERROR:ConnectionError,290.543794631958
1786831524.1305244,ERROR:ConnectionError,297.63078689575195
1786831524.1295254,ERROR:ConnectionError,302.27088928222656
1786831524.0942495,ERROR:ConnectionError,339.10608291625977
1786831524.0938113,ERROR:ConnectionError,343.9810276031494
1786831524.142347,ERROR:ConnectionError,300.7388114929199
1786831524.1551414,ERROR:ConnectionError,291.2783622741699
1786831524.1450636,ERROR:ConnectionError,307.157039642334
1786831524.1469493,ERROR:ConnectionError,312.4821186065674
1786831524.1173875,ERROR:ConnectionError,345.58749198913574
1786831524.1585283,ERROR:ConnectionError,308.08544158935547
1786831524.170648,ERROR:ConnectionError,304.22019958496094
1786831524.1800566,ERROR:ConnectionError,298.6464500427246
1786831524.2052495,ERROR:ConnectionError,281.32128715515137
1786831524.2246487,ERROR:ConnectionError,265.05422592163086
1786831524.1855686,ERROR:ConnectionError,305.91845512390137
1786831524.2194474,ERROR:ConnectionError,284.23357009887695
1786831524.255657,ERROR:ConnectionError,252.90799140930176
1786831524.1717966,ERROR:ConnectionError,337.18013763427734
1786831524.2241807,ERROR:ConnectionError,286.33904457092285
1786831524.221931,ERROR:ConnectionError,288.90299797058105
1786831524.2718854,ERROR:ConnectionError,242.06829071044922
1786831524.22324,ERROR:ConnectionError,295.1390743255615
1786831524.2773805,ERROR:ConnectionError,241.50538444519043
1786831524.3343952,ERROR:ConnectionError,188.36140632629395
1786831524.2934444,ERROR:ConnectionError,229.72512245178223
1786831524.2896717,ERROR:ConnectionError,239.22252655029297
1786831524.3044918,ERROR:ConnectionError,225.0649929046631
1786831524.2740574,ERROR:ConnectionError,257.51209259033203
1786831524.2624228,ERROR:ConnectionError,271.0747718811035
1786831524.3214607,ERROR:ConnectionError,213.3932113647461
1786831524.3565364,ERROR:ConnectionError,185.62030792236328
1786831524.3791313,ERROR:ConnectionError,163.51652145385742
1786831524.336066,ERROR:ConnectionError,207.10277557373047
1786831524.3106928,ERROR:ConnectionError,233.19149017333984
1786831524.3508234,ERROR:ConnectionError,202.76713371276855
1786831524.3127744,ERROR:ConnectionError,244.10009384155273
1786831524.4215467,ERROR:ConnectionError,137.03346252441406
1786831524.3975062,ERROR:ConnectionError,161.484956741333
1786831524.3624508,ERROR:ConnectionError,197.57580757141113
1786831524.3826387,ERROR:ConnectionError,179.8567771911621
1786831524.4187555,ERROR:ConnectionError,144.9897289276123
1786831524.3966682,ERROR:ConnectionError,167.86861419677734
1786831524.3555608,ERROR:ConnectionError,215.56782722473145
1786831524.3920286,ERROR:ConnectionError,180.3140640258789
1786831524.404697,ERROR:ConnectionError,170.06468772888184
1786831524.385894,ERROR:ConnectionError,189.50414657592773
1786831524.345241,ERROR:ConnectionError,233.81447792053223
1786831524.4333673,ERROR:ConnectionError,146.43025398254395
1786831524.3498416,ERROR:ConnectionError,231.16183280944824
1786831524.4430935,ERROR:ConnectionError,147.3233699798584
1786831524.3413556,ERROR:ConnectionError,256.0009956359863
1786831524.428178,ERROR:ConnectionError,170.89486122131348
1786831524.4522302,ERROR:ConnectionError,149.092435836792
1786831524.4748788,ERROR:ConnectionError,132.25841522216797
1786831524.4318094,ERROR:ConnectionError,179.8992156982422
1786831524.4865828,ERROR:ConnectionError,128.27324867248535
1786831524.4378076,ERROR:ConnectionError,184.63802337646484
1786831524.4464314,ERROR:ConnectionError,181.5803050994873
1786831524.4088852,ERROR:ConnectionError,228.88898849487305
1786831524.4629834,ERROR:ConnectionError,182.37733840942383
1786831524.459445,ERROR:ConnectionError,188.10057640075684
1786831524.5085754,ERROR:ConnectionError,140.63239097595215
1786831524.466627,ERROR:ConnectionError,183.98046493530273
1786831524.5089836,ERROR:ConnectionError,147.81546592712402
1786831524.4787154,ERROR:ConnectionError,181.67567253112793
1786831524.503695,ERROR:ConnectionError,162.8725528717041
1786831524.5231774,ERROR:ConnectionError,147.28355407714844
1786831524.491499,ERROR:ConnectionError,189.70108032226562
1786831524.4897134,ERROR:ConnectionError,192.26908683776855
1786831524.5105274,ERROR:ConnectionError,172.9583740234375
1786831524.5183914,ERROR:ConnectionError,168.96581649780273
1786831524.5438926,ERROR:ConnectionError,163.193941116333
1786831524.5139682,ERROR:ConnectionError,193.71557235717773
1786831524.5108397,ERROR:ConnectionError,198.75550270080566
1786831524.5348637,ERROR:ConnectionError,182.00206756591797
1786831524.5723505,ERROR:ConnectionError,149.0926742553711
1786831524.5227675,ERROR:ConnectionError,199.45383071899414
1786831524.5589974,ERROR:ConnectionError,163.7122631072998
1786831524.5189276,ERROR:ConnectionError,210.39390563964844
1786831524.5295644,ERROR:ConnectionError,201.77340507507324
1786831524.560034,ERROR:ConnectionError,184.8158836364746
1786831524.5810118,ERROR:ConnectionError,169.70062255859375
1786831524.543176,ERROR:ConnectionError,208.68349075317383
1786831524.5426564,ERROR:ConnectionError,211.70806884765625
1786831524.5790658,ERROR:ConnectionError,177.00505256652832
1786831524.5289056,ERROR:ConnectionError,236.90295219421387
1786831524.579833,ERROR:ConnectionError,191.84517860412598
1786831524.607146,ERROR:ConnectionError,173.24137687683105
1786831524.5973656,ERROR:ConnectionError,184.33737754821777
1786831524.5585966,ERROR:ConnectionError,224.2436408996582
1786831524.5536008,ERROR:ConnectionError,234.01331901550293
1786831524.601345,ERROR:ConnectionError,186.68341636657715
1786831524.5421727,ERROR:ConnectionError,254.4238567352295
1786831524.5711422,ERROR:ConnectionError,226.00245475769043
1786831524.5625024,ERROR:ConnectionError,245.51057815551758
1786831524.556886,ERROR:ConnectionError,260.58125495910645
1786831524.6117206,ERROR:ConnectionError,217.057466506958
1786831524.5637562,ERROR:ConnectionError,276.0655879974365
1786831524.6506174,ERROR:ConnectionError,196.61426544189453
1786831524.5335052,ERROR:ConnectionError,316.76721572875977
1786831524.5754056,ERROR:ConnectionError,275.7682800292969
1786831524.628025,ERROR:ConnectionError,227.8299331665039
1786831524.5990841,ERROR:ConnectionError,261.27099990844727
1786831524.574771,ERROR:ConnectionError,285.9911918640137
1786831524.564545,ERROR:ConnectionError,299.9558448791504
1786831524.5316007,ERROR:ConnectionError,334.5956802368164
1786831524.6604033,ERROR:ConnectionError,207.06415176391602
1786831524.687369,ERROR:ConnectionError,180.4952621459961
1786831524.6148672,ERROR:ConnectionError,257.63440132141113
1786831524.6492178,ERROR:ConnectionError,225.37469863891602
1786831524.622456,ERROR:ConnectionError,256.5596103668213
1786831524.6475563,ERROR:ConnectionError,232.96713829040527
1786831524.6377842,ERROR:ConnectionError,253.34644317626953
1786831524.6812148,ERROR:ConnectionError,218.9464569091797
1786831524.590429,ERROR:ConnectionError,310.30797958374023
1786831524.6665776,ERROR:ConnectionError,244.5061206817627
1786831524.6453722,ERROR:ConnectionError,268.50199699401855
1786831524.6834967,ERROR:ConnectionError,232.8808307647705
1786831524.7071002,ERROR:ConnectionError,217.1609401702881
1786831524.6704688,ERROR:ConnectionError,255.18345832824707
1786831524.6568098,ERROR:ConnectionError,269.2267894744873
1786831524.6819935,ERROR:ConnectionError,247.09033966064453
1786831524.7313478,ERROR:ConnectionError,204.67877388000488
1786831524.716876,ERROR:ConnectionError,221.61579132080078
1786831524.7076924,ERROR:ConnectionError,237.08295822143555
1786831524.7214546,ERROR:ConnectionError,225.91781616210938
1786831524.7227201,ERROR:ConnectionError,241.61434173583984
1786831524.7658238,ERROR:ConnectionError,209.90705490112305
1786831524.709604,ERROR:ConnectionError,267.19069480895996
1786831524.7222292,ERROR:ConnectionError,269.7007656097412
1786831524.7817483,ERROR:ConnectionError,210.7083797454834
1786831524.7448642,ERROR:ConnectionError,248.21043014526367
1786831524.7507226,ERROR:ConnectionError,249.82500076293945
1786831524.7803986,ERROR:ConnectionError,224.66325759887695
1786831524.788037,ERROR:ConnectionError,217.84424781799316
1786831524.7293334,ERROR:ConnectionError,278.90777587890625
1786831524.7560809,ERROR:ConnectionError,258.38398933410645
1786831524.7716901,ERROR:ConnectionError,244.66443061828613
1786831524.7876234,ERROR:ConnectionError,232.7861785888672
1786831524.7518718,ERROR:ConnectionError,276.2906551361084
1786831524.7971525,ERROR:ConnectionError,233.9150905609131
1786831524.7543738,ERROR:ConnectionError,280.8232307434082
1786831524.7828493,ERROR:ConnectionError,254.27913665771484
1786831524.8174775,ERROR:ConnectionError,220.13282775878906
1786831524.8080266,ERROR:ConnectionError,229.97593879699707
1786831524.8502808,ERROR:ConnectionError,200.30713081359863
1786831524.8511837,ERROR:ConnectionError,204.054594039917
1786831524.855865,ERROR:ConnectionError,200.34337043762207
1786831524.8603659,ERROR:ConnectionError,200.17266273498535
1786831524.8472474,ERROR:ConnectionError,215.8818244934082
1786831524.796609,ERROR:ConnectionError,267.4975395202637
1786831524.839834,ERROR:ConnectionError,231.21237754821777
1786831524.8607697,ERROR:ConnectionError,210.9088897705078
1786831524.8645124,ERROR:ConnectionError,211.1210823059082
1786831524.8674777,ERROR:ConnectionError,216.7372703552246
1786831524.8678715,ERROR:ConnectionError,216.99953079223633
1786831524.8662083,ERROR:ConnectionError,222.7165699005127
1786831524.82879,ERROR:ConnectionError,261.91043853759766
1786831524.8805308,ERROR:ConnectionError,212.65101432800293
1786831524.8746014,ERROR:ConnectionError,221.4987277984619
1786831524.9007442,ERROR:ConnectionError,201.6129493713379
1786831524.900173,ERROR:ConnectionError,206.67624473571777
1786831524.879024,ERROR:ConnectionError,234.81202125549316
1786831524.8725114,ERROR:ConnectionError,243.38579177856445
1786831524.891141,ERROR:ConnectionError,227.23007202148438
1786831524.9111037,ERROR:ConnectionError,213.30928802490234
1786831524.9163873,ERROR:ConnectionError,211.03429794311523
1786831524.926045,ERROR:ConnectionError,202.88419723510742
1786831524.9138856,ERROR:ConnectionError,223.0370044708252
1786831524.9291003,ERROR:ConnectionError,209.3360424041748
1786831524.9473815,ERROR:ConnectionError,193.21155548095703
1786831524.9256632,ERROR:ConnectionError,218.034029006958
1786831524.936036,ERROR:ConnectionError,210.71648597717285
1786831524.9242709,ERROR:ConnectionError,228.53636741638184
1786831524.9385016,ERROR:ConnectionError,217.55552291870117
1786831524.9643455,ERROR:ConnectionError,197.25823402404785
1786831524.9757428,ERROR:ConnectionError,186.16485595703125
1786831524.9447858,ERROR:ConnectionError,217.54074096679688
1786831525.0005567,ERROR:ConnectionError,175.7645606994629
1786831524.9924662,ERROR:ConnectionError,184.74841117858887
1786831524.9930835,ERROR:ConnectionError,184.75103378295898
1786831525.0050712,ERROR:ConnectionError,174.1774082183838
1786831524.9919457,ERROR:ConnectionError,191.67017936706543
1786831525.014524,ERROR:ConnectionError,170.19057273864746
1786831524.9768045,ERROR:ConnectionError,210.23964881896973
1786831525.0163636,ERROR:ConnectionError,176.8968105316162
1786831525.0310795,ERROR:ConnectionError,166.08858108520508
1786831525.0082507,ERROR:ConnectionError,189.28766250610352
1786831525.03801,ERROR:ConnectionError,160.25710105895996
1786831525.0058885,ERROR:ConnectionError,196.27857208251953
1786831525.037616,ERROR:ConnectionError,167.83857345581055
1786831525.0204172,ERROR:ConnectionError,191.67709350585938
1786831525.035208,ERROR:ConnectionError,181.18858337402344
1786831525.0631382,ERROR:ConnectionError,159.27934646606445
1786831525.0605478,ERROR:ConnectionError,163.35439682006836
1786831525.0552495,ERROR:ConnectionError,174.8204231262207
1786831525.0848808,ERROR:ConnectionError,149.6438980102539
1786831525.0716865,ERROR:ConnectionError,164.2303466796875
1786831525.0505996,ERROR:ConnectionError,188.73262405395508
1786831525.0889363,ERROR:ConnectionError,151.1070728302002
1786831525.0281796,ERROR:ConnectionError,221.53711318969727
1786831525.0931964,ERROR:ConnectionError,157.4244499206543
1786831525.0641153,ERROR:ConnectionError,188.51375579833984
1786831525.0756433,ERROR:ConnectionError,178.09224128723145
1786831525.056216,ERROR:ConnectionError,204.69093322753906
1786831525.1023686,ERROR:ConnectionError,162.7061367034912
1786831525.071056,ERROR:ConnectionError,195.22786140441895
1786831525.0842266,ERROR:ConnectionError,189.2869472503662
1786831525.0907078,ERROR:ConnectionError,183.64596366882324
1786831525.0371368,ERROR:ConnectionError,238.04903030395508
1786831525.1159067,ERROR:ConnectionError,182.4660301208496
1786831525.1138477,ERROR:ConnectionError,193.79186630249023
1786831525.1068587,ERROR:ConnectionError,205.86800575256348
1786831525.0961125,ERROR:ConnectionError,228.63268852233887
1786831525.118384,ERROR:ConnectionError,209.78355407714844
1786831525.1274345,ERROR:ConnectionError,218.03045272827148
1786831525.1244216,ERROR:ConnectionError,250.46968460083008
1786831525.1528213,ERROR:ConnectionError,288.8479232788086
1786831525.136943,ERROR:ConnectionError,317.2283172607422
1786831525.1289365,ERROR:ConnectionError,337.568998336792
1786831525.1467612,ERROR:ConnectionError,329.7991752624512
1786831525.1384625,ERROR:ConnectionError,344.15268898010254
1786831525.143707,ERROR:ConnectionError,349.32804107666016
1786831525.162332,ERROR:ConnectionError,333.26148986816406
1786831525.1619139,ERROR:ConnectionError,335.2925777435303
1786831525.1406047,ERROR:ConnectionError,358.6151599884033
1786831525.1560674,ERROR:ConnectionError,362.1082305908203
1786831525.1778417,ERROR:ConnectionError,345.37315368652344
1786831525.1772206,ERROR:ConnectionError,346.46034240722656
1786831525.1870544,ERROR:ConnectionError,336.93814277648926
1786831525.16161,ERROR:ConnectionError,362.64705657958984
1786831525.1836274,ERROR:ConnectionError,341.1438465118408
1786831525.202177,ERROR:ConnectionError,344.0263271331787
1786831525.1763346,ERROR:ConnectionError,370.33677101135254
1786831525.1971786,ERROR:ConnectionError,357.8155040740967
1786831525.1982725,ERROR:ConnectionError,358.59227180480957
1786831525.1932714,ERROR:ConnectionError,372.1473217010498
1786831525.1792567,ERROR:ConnectionError,407.1788787841797
1786831525.216407,ERROR:ConnectionError,390.3195858001709
1786831525.2224264,ERROR:ConnectionError,386.59000396728516
1786831525.2054648,ERROR:ConnectionError,409.4963073730469
1786831525.1975455,ERROR:ConnectionError,419.07644271850586
1786831525.1847215,ERROR:ConnectionError,438.17710876464844
1786831525.2345355,ERROR:ConnectionError,395.5979347229004
1786831525.2400525,ERROR:ConnectionError,406.56018257141113
1786831525.2239115,ERROR:ConnectionError,426.42760276794434
1786831525.23008,ERROR:ConnectionError,423.8102436065674
1786831525.239342,ERROR:ConnectionError,416.0268306732178
1786831525.2121058,ERROR:ConnectionError,444.4410800933838
1786831525.2506309,ERROR:ConnectionError,410.5536937713623
1786831525.2359238,ERROR:ConnectionError,441.0073757171631
1786831525.260919,ERROR:ConnectionError,420.4106330871582
1786831525.2526412,ERROR:ConnectionError,431.33091926574707
1786831525.312743,ERROR:ConnectionError,371.4942932128906
1786831525.2743616,ERROR:ConnectionError,410.18152236938477
1786831525.266298,ERROR:ConnectionError,423.65169525146484
1786831525.2751925,ERROR:ConnectionError,417.30380058288574
1786831525.2497296,ERROR:ConnectionError,446.17486000061035
1786831525.3454769,ERROR:ConnectionError,354.7837734222412
1786831525.324758,ERROR:ConnectionError,377.2616386413574
1786831525.2735243,ERROR:ConnectionError,429.89325523376465
1786831525.298736,ERROR:ConnectionError,409.1818332672119
1786831525.3281772,ERROR:ConnectionError,381.6206455230713
1786831525.2537422,ERROR:ConnectionError,457.0930004119873
1786831525.3076494,ERROR:ConnectionError,404.13403511047363
1786831525.2650867,ERROR:ConnectionError,451.5671730041504
1786831525.44168,ERROR:ConnectionError,275.51817893981934
1786831525.3749027,ERROR:ConnectionError,353.68895530700684
1786831525.4541824,ERROR:ConnectionError,288.44642639160156
1786831525.4665267,ERROR:ConnectionError,284.1978073120117
1786831525.4765728,ERROR:ConnectionError,278.11598777770996
1786831525.4956043,ERROR:ConnectionError,263.4778022766113
1786831525.4930437,ERROR:ConnectionError,267.00401306152344
1786831525.482626,ERROR:ConnectionError,282.76753425598145
1786831525.4972157,ERROR:ConnectionError,290.79604148864746
1786831525.5232239,ERROR:ConnectionError,281.4979553222656
1786831525.499233,ERROR:ConnectionError,309.48543548583984
1786831525.5236876,ERROR:ConnectionError,288.01870346069336
1786831525.5181873,ERROR:ConnectionError,297.7771759033203
1786831525.524263,ERROR:ConnectionError,293.7023639678955
1786831525.523999,ERROR:ConnectionError,294.5106029510498
1786831525.5550125,ERROR:ConnectionError,267.48037338256836
1786831525.5462134,ERROR:ConnectionError,280.9600830078125
1786831525.565429,ERROR:ConnectionError,262.64023780822754
1786831525.5247808,ERROR:ConnectionError,304.7487735748291
1786831525.5467124,ERROR:ConnectionError,290.7910346984863
1786831525.556875,ERROR:ConnectionError,282.11283683776855
1786831525.5864477,ERROR:ConnectionError,263.10110092163086
1786831525.606739,ERROR:ConnectionError,245.03159523010254
1786831525.630145,ERROR:ConnectionError,236.17124557495117
1786831525.6229186,ERROR:ConnectionError,245.96166610717773
1786831525.6166313,ERROR:ConnectionError,252.54344940185547
1786831525.6466246,ERROR:ConnectionError,233.4284782409668
1786831525.6149716,ERROR:ConnectionError,267.5619125366211
1786831525.6090262,ERROR:ConnectionError,276.4251232147217
1786831525.6503518,ERROR:ConnectionError,235.54086685180664
1786831525.6553802,ERROR:ConnectionError,239.27974700927734
1786831525.6539023,ERROR:ConnectionError,261.8083953857422
1786831525.6565545,ERROR:ConnectionError,279.1097164154053
1786831525.661193,ERROR:ConnectionError,284.0924263000488
1786831525.6769419,ERROR:ConnectionError,275.5846977233887
1786831525.6813374,ERROR:ConnectionError,281.3987731933594
1786831525.6845474,ERROR:ConnectionError,298.6431121826172
1786831525.6925106,ERROR:ConnectionError,291.81814193725586
1786831525.6900415,ERROR:ConnectionError,295.6223487854004
1786831525.6839807,ERROR:ConnectionError,304.8732280731201
1786831525.7108438,ERROR:ConnectionError,282.83047676086426
1786831525.702027,ERROR:ConnectionError,303.8341999053955
1786831525.7002723,ERROR:ConnectionError,312.1778964996338
1786831525.7098088,ERROR:ConnectionError,304.11529541015625
1786831525.6959143,ERROR:ConnectionError,327.9602527618408
1786831525.716663,ERROR:ConnectionError,319.63491439819336
1786831525.7079298,ERROR:ConnectionError,337.2366428375244
1786831525.7034242,ERROR:ConnectionError,346.2505340576172
1786831525.711793,ERROR:ConnectionError,339.02478218078613
1786831525.7172065,ERROR:ConnectionError,355.71861267089844
1786831525.7286022,ERROR:ConnectionError,347.77259826660156
1786831525.7426417,ERROR:ConnectionError,338.04869651794434
1786831525.6842427,ERROR:ConnectionError,403.3839702606201
1786831525.7547002,ERROR:ConnectionError,337.45503425598145
1786831525.760055,ERROR:ConnectionError,334.8252773284912
1786831525.7590911,ERROR:ConnectionError,361.27305030822754
1786831525.7507336,ERROR:ConnectionError,376.6317367553711
1786831525.7880247,ERROR:ConnectionError,364.20369148254395
1786831525.7654088,ERROR:ConnectionError,417.21653938293457
1786831525.8051639,ERROR:ConnectionError,377.93421745300293
1786831525.817975,ERROR:ConnectionError,370.32079696655273
1786831525.8159761,ERROR:ConnectionError,372.9424476623535
1786831525.811718,ERROR:ConnectionError,377.69246101379395
1786831525.808729,ERROR:ConnectionError,387.93349266052246
1786831525.8185165,ERROR:ConnectionError,430.30476570129395
1786831525.8225014,ERROR:ConnectionError,452.11172103881836
1786831525.8295524,ERROR:ConnectionError,454.3020725250244
1786831525.827184,ERROR:ConnectionError,466.3519859313965
1786831525.8280766,ERROR:ConnectionError,473.1931686401367
1786831525.837513,ERROR:ConnectionError,469.18606758117676
1786831525.8389957,ERROR:ConnectionError,507.3215961456299
1786831525.8495626,ERROR:ConnectionError,508.67414474487305
1786831525.8517787,ERROR:ConnectionError,600.9988784790039
1786831525.8663297,ERROR:ConnectionError,598.8149642944336
1786831525.8691804,ERROR:ConnectionError,642.1115398406982
1786831525.8688884,ERROR:ConnectionError,672.3248958587646
1786831525.8946748,ERROR:ConnectionError,667.6647663116455
1786831525.8854656,ERROR:ConnectionError,679.2778968811035
1786831525.8825486,ERROR:ConnectionError,692.3236846923828
1786831525.880064,ERROR:ConnectionError,695.6331729888916
1786831525.9452999,ERROR:ConnectionError,632.9953670501709
1786831525.9627461,ERROR:ConnectionError,626.0974407196045
1786831525.9888675,ERROR:ConnectionError,604.3832302093506
1786831525.985675,ERROR:ConnectionError,608.6843013763428
1786831525.952537,ERROR:ConnectionError,650.0840187072754
1786831525.9843369,ERROR:ConnectionError,619.9207305908203
1786831526.012467,ERROR:ConnectionError,593.7230587005615
1786831525.9936829,ERROR:ConnectionError,621.1726665496826
1786831526.0139337,ERROR:ConnectionError,601.3565063476562
1786831525.9356835,ERROR:ConnectionError,686.0706806182861
1786831525.8859334,ERROR:ConnectionError,738.2135391235352
1786831525.9832044,ERROR:ConnectionError,647.9010581970215
1786831526.0238855,ERROR:ConnectionError,617.3009872436523
1786831525.9157374,ERROR:ConnectionError,738.0831241607666
1786831526.0363123,ERROR:ConnectionError,646.3437080383301
1786831526.005875,ERROR:ConnectionError,687.7913475036621
1786831526.0876374,ERROR:ConnectionError,615.868091583252
1786831526.0807016,ERROR:ConnectionError,623.4185695648193
1786831526.0763838,ERROR:ConnectionError,641.8700218200684
1786831526.0451818,ERROR:ConnectionError,673.5308170318604
1786831526.049685,ERROR:ConnectionError,678.0576705932617
1786831526.0729356,ERROR:ConnectionError,657.6874256134033
1786831526.0508285,ERROR:ConnectionError,681.8397045135498
1786831526.0921652,ERROR:ConnectionError,646.9929218292236
1786831526.1203747,ERROR:ConnectionError,666.8431758880615
1786831526.0948906,ERROR:ConnectionError,694.0193176269531
1786831526.189417,ERROR:ConnectionError,612.1313571929932
1786831526.188929,ERROR:ConnectionError,618.7577247619629
1786831526.1826355,ERROR:ConnectionError,626.1794567108154
1786831526.183108,ERROR:ConnectionError,627.2296905517578
1786831526.1522415,ERROR:ConnectionError,662.5785827636719
1786831526.1883135,ERROR:ConnectionError,631.4418315887451
1786831526.2747188,ERROR:ConnectionError,547.3291873931885
1786831526.2488341,ERROR:ConnectionError,577.4850845336914
1786831526.2838683,ERROR:ConnectionError,544.6336269378662
1786831526.2935467,ERROR:ConnectionError,535.3832244873047
1786831526.1273794,ERROR:ConnectionError,703.7262916564941
1786831526.3012872,ERROR:ConnectionError,536.4892482757568
1786831526.3067088,ERROR:ConnectionError,533.7526798248291
1786831526.1966715,ERROR:ConnectionError,644.3798542022705
1786831526.3463287,ERROR:ConnectionError,496.6588020324707
1786831526.3582573,ERROR:ConnectionError,497.1446990966797
1786831526.4527888,ERROR:ConnectionError,404.0875434875488
1786831526.4651606,ERROR:ConnectionError,413.94948959350586
1786831526.5113058,ERROR:ConnectionError,372.697114944458
1786831526.541337,ERROR:ConnectionError,349.0169048309326
1786831526.5623498,ERROR:ConnectionError,353.26194763183594
1786831526.5647511,ERROR:ConnectionError,354.75826263427734
1786831526.5757058,ERROR:ConnectionError,348.04439544677734
1786831526.5943682,ERROR:ConnectionError,341.47024154663086
1786831526.6061988,ERROR:ConnectionError,333.240270614624
1786831526.5783045,ERROR:ConnectionError,363.01183700561523
1786831526.574885,ERROR:ConnectionError,372.1015453338623
1786831526.6152964,ERROR:ConnectionError,334.55634117126465
1786831526.5932603,ERROR:ConnectionError,357.943058013916
1786831526.5888588,ERROR:ConnectionError,362.9145622253418
1786831526.6148663,ERROR:ConnectionError,340.47985076904297
1786831526.6027944,ERROR:ConnectionError,361.7129325866699
1786831526.6042695,ERROR:ConnectionError,372.5399971008301
1786831526.6411982,ERROR:ConnectionError,364.1848564147949
1786831526.6241572,ERROR:ConnectionError,389.2357349395752
1786831526.682666,ERROR:ConnectionError,331.8445682525635
1786831526.6538393,ERROR:ConnectionError,363.3437156677246
1786831526.621763,ERROR:ConnectionError,396.21734619140625
1786831526.6311185,ERROR:ConnectionError,390.5675411224365
1786831526.703515,ERROR:ConnectionError,320.2345371246338
1786831526.71872,ERROR:ConnectionError,314.07737731933594
1786831526.7041297,ERROR:ConnectionError,329.3178081512451
1786831526.6936777,ERROR:ConnectionError,347.74041175842285
1786831526.7182677,ERROR:ConnectionError,330.8074474334717
1786831526.7277546,ERROR:ConnectionError,328.5379409790039
1786831526.7306333,ERROR:ConnectionError,354.3071746826172
1786831526.7326791,ERROR:ConnectionError,355.6370735168457
1786831526.7391782,ERROR:ConnectionError,399.2345333099365
1786831526.7889204,ERROR:ConnectionError,398.01907539367676
1786831526.8076968,ERROR:ConnectionError,396.1987495422363
1786831526.7872286,ERROR:ConnectionError,424.38197135925293
1786831526.8088236,ERROR:ConnectionError,405.5814743041992
1786831526.8015592,ERROR:ConnectionError,413.1643772125244
1786831526.810346,ERROR:ConnectionError,404.86955642700195
1786831526.8197644,ERROR:ConnectionError,403.05399894714355
1786831526.814828,ERROR:ConnectionError,421.2663173675537
1786831526.822065,ERROR:ConnectionError,416.6703224182129
1786831526.8285098,ERROR:ConnectionError,411.6384983062744
1786831526.8289385,ERROR:ConnectionError,424.90649223327637
1786831526.8263283,ERROR:ConnectionError,438.2479190826416
1786831526.831115,ERROR:ConnectionError,446.81453704833984
1786831526.8404732,ERROR:ConnectionError,462.4345302581787
1786831526.8377922,ERROR:ConnectionError,471.8630313873291
1786831526.8429956,ERROR:ConnectionError,467.4837589263916
1786831526.8410594,ERROR:ConnectionError,479.1605472564697
1786831526.856887,ERROR:ConnectionError,470.6456661224365
1786831526.8554184,ERROR:ConnectionError,476.5887260437012
1786831526.879122,ERROR:ConnectionError,458.97912979125977
1786831526.8903656,ERROR:ConnectionError,465.0273323059082
1786831526.9156206,ERROR:ConnectionError,458.01472663879395
1786831526.9237635,ERROR:ConnectionError,450.46043395996094
1786831526.9195213,ERROR:ConnectionError,505.8557987213135
1786831526.9394498,ERROR:ConnectionError,492.5341606140137
1786831526.8840134,ERROR:ConnectionError,550.5983829498291
1786831526.9358504,ERROR:ConnectionError,505.05638122558594
1786831526.9469974,ERROR:ConnectionError,518.2721614837646
1786831526.9413245,ERROR:ConnectionError,536.3833904266357
1786831526.9553585,ERROR:ConnectionError,525.3772735595703
1786831526.949865,ERROR:ConnectionError,538.7475490570068
1786831526.9512162,ERROR:ConnectionError,548.8095283508301
1786831526.9517927,ERROR:ConnectionError,556.9462776184082
1786831526.9645197,ERROR:ConnectionError,560.985803604126
1786831526.9768224,ERROR:ConnectionError,565.49072265625
1786831527.0334544,ERROR:ConnectionError,528.5165309906006
1786831527.005402,ERROR:ConnectionError,557.0201873779297
1786831527.0145206,ERROR:ConnectionError,559.3581199645996
1786831527.0179892,ERROR:ConnectionError,556.8175315856934
1786831527.017191,ERROR:ConnectionError,563.7202262878418
1786831527.0328093,ERROR:ConnectionError,548.417329788208
1786831527.0490847,ERROR:ConnectionError,532.4828624725342
1786831527.0217042,ERROR:ConnectionError,560.783863067627
1786831527.0134065,ERROR:ConnectionError,574.6228694915771
1786831527.0237591,ERROR:ConnectionError,590.3408527374268
1786831527.084955,ERROR:ConnectionError,543.1747436523438
1786831527.0563073,ERROR:ConnectionError,581.3760757446289
1786831527.0414307,ERROR:ConnectionError,607.3100566864014
1786831527.1869495,ERROR:ConnectionError,464.4584655761719
1786831527.1384346,ERROR:ConnectionError,519.1493034362793
1786831527.088334,ERROR:ConnectionError,573.2300281524658
1786831527.2039087,ERROR:ConnectionError,465.98362922668457
1786831527.2116227,ERROR:ConnectionError,469.3899154663086
1786831527.2152221,ERROR:ConnectionError,475.2674102783203
1786831527.2144148,ERROR:ConnectionError,479.3250560760498
1786831527.2147312,ERROR:ConnectionError,486.59443855285645
1786831527.2228262,ERROR:ConnectionError,481.2769889831543
1786831527.2401567,ERROR:ConnectionError,475.3072261810303
1786831527.2361078,ERROR:ConnectionError,482.04851150512695
1786831527.2387466,ERROR:ConnectionError,480.58533668518066
1786831527.2538588,ERROR:ConnectionError,468.40620040893555
1786831527.2779467,ERROR:ConnectionError,446.35009765625
1786831527.264586,ERROR:ConnectionError,475.5227565765381
1786831527.3554046,ERROR:ConnectionError,387.97831535339355
1786831527.302918,ERROR:ConnectionError,441.12324714660645
1786831527.3320162,ERROR:ConnectionError,413.8507843017578
1786831527.3275433,ERROR:ConnectionError,424.2057800292969
1786831527.3096662,ERROR:ConnectionError,444.81444358825684
1786831527.3104906,ERROR:ConnectionError,448.4858512878418
1786831527.3736546,ERROR:ConnectionError,385.9143257141113
1786831527.3202324,ERROR:ConnectionError,439.8818016052246
1786831527.3381143,ERROR:ConnectionError,424.29327964782715
1786831527.4319954,ERROR:ConnectionError,331.45666122436523
1786831527.3742354,ERROR:ConnectionError,389.5752429962158
1786831527.4253912,ERROR:ConnectionError,341.83788299560547
1786831527.4409163,ERROR:ConnectionError,353.6670207977295
1786831527.4652798,ERROR:ConnectionError,356.46581649780273
1786831527.4346237,ERROR:ConnectionError,394.67787742614746
1786831527.4807453,ERROR:ConnectionError,366.4824962615967
1786831527.4886231,ERROR:ConnectionError,364.55345153808594
1786831527.477719,ERROR:ConnectionError,377.8572082519531
1786831527.5000362,ERROR:ConnectionError,358.40678215026855
1786831527.5423262,ERROR:ConnectionError,324.73301887512207
1786831527.5624602,ERROR:ConnectionError,307.4033260345459
1786831527.5748153,ERROR:ConnectionError,299.41797256469727
1786831527.5255258,ERROR:ConnectionError,360.17560958862305
1786831527.5880396,ERROR:ConnectionError,300.75526237487793
1786831527.582496,ERROR:ConnectionError,311.7036819458008
1786831527.5087507,ERROR:ConnectionError,389.59622383117676
1786831527.5809195,ERROR:ConnectionError,324.78809356689453
1786831527.5738983,ERROR:ConnectionError,334.45000648498535
1786831527.5815725,ERROR:ConnectionError,328.660249710083
1786831527.5619833,ERROR:ConnectionError,353.83057594299316
1786831527.581234,ERROR:ConnectionError,336.38525009155273
1786831527.6376932,ERROR:ConnectionError,290.7991409301758
1786831527.6937487,ERROR:ConnectionError,235.6114387512207
1786831527.6514153,ERROR:ConnectionError,282.6874256134033
1786831527.6615734,ERROR:ConnectionError,274.3070125579834
1786831527.6487508,ERROR:ConnectionError,287.62173652648926
1786831527.6281419,ERROR:ConnectionError,311.85412406921387
1786831527.6576025,ERROR:ConnectionError,289.3831729888916
1786831527.7154763,ERROR:ConnectionError,243.9119815826416
1786831527.669907,ERROR:ConnectionError,290.5409336090088
1786831527.7013366,ERROR:ConnectionError,260.47468185424805
1786831527.614112,ERROR:ConnectionError,348.0837345123291
1786831527.6905034,ERROR:ConnectionError,275.8617401123047
1786831527.6810222,ERROR:ConnectionError,298.19703102111816
1786831527.7041109,ERROR:ConnectionError,286.4949703216553
1786831527.7181642,ERROR:ConnectionError,277.59742736816406
1786831527.7222717,ERROR:ConnectionError,282.5789451599121
1786831527.7193384,ERROR:ConnectionError,290.02904891967773
1786831527.7243052,ERROR:ConnectionError,287.7213954925537
1786831527.7401235,ERROR:ConnectionError,306.7812919616699
1786831527.7433932,ERROR:ConnectionError,305.07826805114746
1786831527.7443764,ERROR:ConnectionError,308.8822364807129
1786831527.745877,ERROR:ConnectionError,347.64766693115234
1786831527.7517586,ERROR:ConnectionError,347.28479385375977
1786831527.758985,ERROR:ConnectionError,508.2986354827881
1786831527.7544904,ERROR:ConnectionError,515.4812335968018
1786831527.760336,ERROR:ConnectionError,532.442569732666
1786831527.7595766,ERROR:ConnectionError,581.3381671905518
1786831527.767238,ERROR:ConnectionError,584.2020511627197
1786831527.829311,ERROR:ConnectionError,551.6972541809082
1786831527.7638166,ERROR:ConnectionError,619.6587085723877
1786831527.8555841,ERROR:ConnectionError,532.2215557098389
1786831527.7624154,ERROR:ConnectionError,625.8742809295654
1786831527.821756,ERROR:ConnectionError,618.8228130340576
1786831527.9158278,ERROR:ConnectionError,525.3405570983887
1786831527.8857133,ERROR:ConnectionError,561.0911846160889
1786831527.7634594,ERROR:ConnectionError,688.9629364013672
1786831527.794596,ERROR:ConnectionError,658.8594913482666
1786831527.8584535,ERROR:ConnectionError,595.883846282959
1786831527.8670697,ERROR:ConnectionError,587.5880718231201
1786831527.8531885,ERROR:ConnectionError,622.9445934295654
1786831527.9341123,ERROR:ConnectionError,588.0124568939209
1786831527.962202,ERROR:ConnectionError,560.3110790252686
1786831527.9176295,ERROR:ConnectionError,609.2309951782227
1786831527.8983562,ERROR:ConnectionError,629.0035247802734
1786831527.910249,ERROR:ConnectionError,621.9198703765869
1786831527.961819,ERROR:ConnectionError,572.131872177124
1786831527.8698754,ERROR:ConnectionError,666.7413711547852
1786831527.9792302,ERROR:ConnectionError,569.5855617523193
1786831527.8742442,ERROR:ConnectionError,677.8771877288818
1786831527.929369,ERROR:ConnectionError,623.192548751831
1786831527.908362,ERROR:ConnectionError,644.5503234863281
1786831527.8888042,ERROR:ConnectionError,669.7320938110352
1786831527.940011,ERROR:ConnectionError,622.4675178527832
1786831527.84724,ERROR:ConnectionError,728.2829284667969
1786831527.928502,ERROR:ConnectionError,649.7619152069092
1786831527.8942122,ERROR:ConnectionError,684.30495262146
1786831527.9594011,ERROR:ConnectionError,625.7655620574951
1786831528.099054,ERROR:ConnectionError,486.6943359375
1786831527.936381,ERROR:ConnectionError,650.526762008667
1786831528.2927883,ERROR:ConnectionError,298.7649440765381
1786831527.9469993,ERROR:ConnectionError,647.0239162445068
1786831527.905719,ERROR:ConnectionError,694.075345993042
1786831528.269983,ERROR:ConnectionError,332.3559761047363
1786831528.0048602,ERROR:ConnectionError,605.5843830108643
1786831527.9358885,ERROR:ConnectionError,681.7409992218018
1786831527.9663734,ERROR:ConnectionError,653.9127826690674
1786831527.960462,ERROR:ConnectionError,661.1969470977783
1786831528.012039,ERROR:ConnectionError,612.5469207763672
1786831528.0532694,ERROR:ConnectionError,574.5773315429688
1786831527.995774,ERROR:ConnectionError,639.4259929656982
1786831527.9906192,ERROR:ConnectionError,647.0193862915039
1786831528.0469174,ERROR:ConnectionError,594.2988395690918
1786831528.0093818,ERROR:ConnectionError,638.0598545074463
1786831528.2672985,ERROR:ConnectionError,384.97352600097656
1786831528.0935352,ERROR:ConnectionError,561.3400936126709
1786831528.0484815,ERROR:ConnectionError,606.787919998169
1786831528.3882985,ERROR:ConnectionError,299.0288734436035
1786831528.3878565,ERROR:ConnectionError,317.8212642669678
1786831528.446815,ERROR:ConnectionError,269.2878246307373
1786831528.4524338,ERROR:ConnectionError,267.0443058013916
1786831528.3810198,ERROR:ConnectionError,343.1894779205322
1786831528.4412622,ERROR:ConnectionError,308.41684341430664
1786831528.3409305,ERROR:ConnectionError,409.14273262023926
1786831528.3514516,ERROR:ConnectionError,398.89049530029297
1786831528.383484,ERROR:ConnectionError,374.6984004974365
1786831528.4406056,ERROR:ConnectionError,318.04966926574707
1786831528.5221362,ERROR:ConnectionError,240.96012115478516
1786831528.4546642,ERROR:ConnectionError,314.0757083892822
1786831528.4543447,ERROR:ConnectionError,317.74044036865234
1786831528.4534643,ERROR:ConnectionError,339.5688533782959
1786831528.5225189,ERROR:ConnectionError,273.22864532470703
1786831528.4761431,ERROR:ConnectionError,330.94310760498047
1786831528.5273645,ERROR:ConnectionError,305.0878047943115
1786831528.533993,ERROR:ConnectionError,318.5248374938965
1786831528.5366254,ERROR:ConnectionError,318.7720775604248
1786831528.5268724,ERROR:ConnectionError,329.33712005615234
1786831528.548827,ERROR:ConnectionError,317.96765327453613
1786831528.5321782,ERROR:ConnectionError,335.0679874420166
1786831528.558545,ERROR:ConnectionError,312.26158142089844
1786831528.5521357,ERROR:ConnectionError,331.42566680908203
1786831528.5525694,ERROR:ConnectionError,344.82526779174805
1786831528.5624878,ERROR:ConnectionError,413.2976531982422
1786831528.5529187,ERROR:ConnectionError,470.5502986907959
1786831528.5851817,ERROR:ConnectionError,439.92066383361816
1786831528.5785224,ERROR:ConnectionError,458.5580825805664
1786831528.5940318,ERROR:ConnectionError,450.0749111175537
1786831528.585761,ERROR:ConnectionError,468.49751472473145
1786831528.5869253,ERROR:ConnectionError,486.8428707122803
1786831528.5782716,ERROR:ConnectionError,521.1684703826904
1786831528.6023493,ERROR:ConnectionError,498.4760284423828
1786831528.5755346,ERROR:ConnectionError,529.0782451629639
1786831528.5998056,ERROR:ConnectionError,560.9517097473145
1786831528.610457,ERROR:ConnectionError,588.4637832641602
1786831528.5915651,ERROR:ConnectionError,623.9609718322754
1786831528.6474574,ERROR:ConnectionError,616.206169128418
1786831528.6245928,ERROR:ConnectionError,640.7368183135986
1786831528.627857,ERROR:ConnectionError,641.2577629089355
1786831528.6216724,ERROR:ConnectionError,652.0736217498779
1786831528.6176395,ERROR:ConnectionError,670.4351902008057
1786831528.63521,ERROR:ConnectionError,680.525541305542
1786831528.620297,ERROR:ConnectionError,733.7508201599121
1786831528.687339,ERROR:ConnectionError,715.1687145233154
1786831528.6552792,ERROR:ConnectionError,747.5531101226807
1786831528.6522858,ERROR:ConnectionError,751.7538070678711
1786831528.6412263,ERROR:ConnectionError,763.9000415802002
1786831528.6376486,ERROR:ConnectionError,773.0202674865723
1786831528.7161164,ERROR:ConnectionError,702.5711536407471
1786831528.7057016,ERROR:ConnectionError,738.1858825683594
1786831528.719486,ERROR:ConnectionError,734.1022491455078
1786831528.654887,ERROR:ConnectionError,799.2904186248779
1786831528.7581928,ERROR:ConnectionError,722.0640182495117
1786831528.7631075,ERROR:ConnectionError,722.8074073791504
1786831528.724219,ERROR:ConnectionError,774.1901874542236
1786831528.7586634,ERROR:ConnectionError,751.0244846343994
1786831528.750347,ERROR:ConnectionError,761.9779109954834
1786831528.7496924,ERROR:ConnectionError,780.3492546081543
1786831528.750079,ERROR:ConnectionError,785.6643199920654
1786831528.7720938,ERROR:ConnectionError,770.8337306976318
1786831528.7687478,ERROR:ConnectionError,783.623456954956
1786831528.7957609,ERROR:ConnectionError,759.3135833740234
1786831528.8070982,ERROR:ConnectionError,748.4462261199951
1786831528.8324661,ERROR:ConnectionError,733.4258556365967
1786831528.793046,ERROR:ConnectionError,776.7174243927002
1786831528.8562179,ERROR:ConnectionError,720.8259105682373
1786831528.852531,ERROR:ConnectionError,726.5889644622803
1786831528.8554068,ERROR:ConnectionError,724.0726947784424
1786831528.8672533,ERROR:ConnectionError,720.4020023345947
1786831528.8668122,ERROR:ConnectionError,748.0306625366211
1786831528.8708205,ERROR:ConnectionError,747.084379196167
1786831528.9757965,ERROR:ConnectionError,662.2729301452637
1786831529.0234866,ERROR:ConnectionError,618.4287071228027
1786831528.8835747,ERROR:ConnectionError,759.7122192382812
1786831528.8974056,ERROR:ConnectionError,784.4209671020508
1786831529.0251126,ERROR:ConnectionError,657.1633815765381
1786831529.037091,ERROR:ConnectionError,661.4899635314941
1786831529.0542738,ERROR:ConnectionError,652.141809463501
1786831529.160772,ERROR:ConnectionError,554.9743175506592
1786831529.0994496,ERROR:ConnectionError,619.2352771759033
1786831529.1008315,ERROR:ConnectionError,621.4323043823242
1786831529.1989317,ERROR:ConnectionError,526.2763500213623
1786831529.1046271,ERROR:ConnectionError,621.1698055267334
1786831529.0441172,ERROR:ConnectionError,682.5394630432129
1786831529.0737789,ERROR:ConnectionError,653.9671421051025
1786831529.215538,ERROR:ConnectionError,519.4287300109863
1786831529.263762,ERROR:ConnectionError,475.75998306274414
1786831529.2691238,ERROR:ConnectionError,471.71592712402344
1786831529.3157449,ERROR:ConnectionError,427.5820255279541
1786831529.2737584,ERROR:ConnectionError,474.3318557739258
1786831529.402838,ERROR:ConnectionError,345.94202041625977
1786831529.2881098,ERROR:ConnectionError,465.0919437408447
1786831529.2653368,ERROR:ConnectionError,496.09994888305664
1786831529.3540595,ERROR:ConnectionError,407.87696838378906
1786831529.4051335,ERROR:ConnectionError,364.0317916870117
1786831529.4025168,ERROR:ConnectionError,376.6169548034668
1786831529.4040594,ERROR:ConnectionError,378.8573741912842
1786831529.4439,ERROR:ConnectionError,352.0960807800293
1786831529.4106762,ERROR:ConnectionError,389.0206813812256
1786831529.4187005,ERROR:ConnectionError,390.1338577270508
1786831529.4859285,ERROR:ConnectionError,333.45603942871094
1786831529.4802682,ERROR:ConnectionError,341.45069122314453
1786831529.4541876,ERROR:ConnectionError,368.09778213500977
1786831529.4536004,ERROR:ConnectionError,370.1167106628418
1786831529.5123343,ERROR:ConnectionError,320.89757919311523
1786831529.4984238,ERROR:ConnectionError,337.8291130065918
1786831529.5300548,ERROR:ConnectionError,333.7135314941406
1786831529.509701,ERROR:ConnectionError,360.17370223999023
1786831529.5523818,ERROR:ConnectionError,343.9199924468994
1786831529.5357535,ERROR:ConnectionError,364.1772270202637
1786831529.5550854,ERROR:ConnectionError,349.7474193572998
1786831529.555551,ERROR:ConnectionError,349.9612808227539
1786831529.542949,ERROR:ConnectionError,367.840051651001
1786831529.5697732,ERROR:ConnectionError,341.5188789367676
1786831529.5659015,ERROR:ConnectionError,384.17577743530273
1786831529.5791302,ERROR:ConnectionError,375.216007232666
1786831529.5770555,ERROR:ConnectionError,380.2955150604248
1786831529.5794864,ERROR:ConnectionError,405.5943489074707
1786831529.5876667,ERROR:ConnectionError,416.09883308410645
1786831529.6148548,ERROR:ConnectionError,391.99066162109375
1786831529.6179144,ERROR:ConnectionError,392.3342227935791
1786831529.6380804,ERROR:ConnectionError,383.1977844238281
1786831529.6432962,ERROR:ConnectionError,383.3785057067871
1786831529.6419663,ERROR:ConnectionError,385.4255676269531
1786831529.682283,ERROR:ConnectionError,352.02884674072266
1786831529.698592,ERROR:ConnectionError,360.52703857421875
1786831529.6818368,ERROR:ConnectionError,377.5622844696045
1786831529.7064269,ERROR:ConnectionError,359.2715263366699
1786831529.7157562,ERROR:ConnectionError,374.09234046936035
1786831529.7252214,ERROR:ConnectionError,384.6461772918701
1786831529.7186973,ERROR:ConnectionError,404.04772758483887
1786831529.722282,ERROR:ConnectionError,400.9678363800049
1786831529.7277536,ERROR:ConnectionError,414.5069122314453
1786831529.7258062,ERROR:ConnectionError,418.5459613800049
1786831529.7266653,ERROR:ConnectionError,426.4540672302246
1786831529.7349782,ERROR:ConnectionError,440.8085346221924
1786831529.7395322,ERROR:ConnectionError,464.1695022583008
1786831529.743336,ERROR:ConnectionError,477.7078628540039
1786831529.7481003,ERROR:ConnectionError,473.86646270751953
1786831529.748789,ERROR:ConnectionError,477.5865077972412
1786831529.7532167,ERROR:ConnectionError,478.33704948425293
1786831529.7408464,ERROR:ConnectionError,491.11366271972656
1786831529.7691987,ERROR:ConnectionError,560.0149631500244
1786831529.7614522,ERROR:ConnectionError,568.4187412261963
1786831529.7619438,ERROR:ConnectionError,568.8116550445557
1786831529.7829306,ERROR:ConnectionError,549.4232177734375
1786831529.7960079,ERROR:ConnectionError,539.6802425384521
1786831529.7791471,ERROR:ConnectionError,562.4890327453613
1786831529.819397,ERROR:ConnectionError,540.3597354888916
1786831529.8088465,ERROR:ConnectionError,553.497314453125
1786831529.8217342,ERROR:ConnectionError,543.4780120849609
1786831529.8332422,ERROR:ConnectionError,537.4979972839355
1786831529.8222919,ERROR:ConnectionError,557.7733516693115
1786831529.799708,ERROR:ConnectionError,592.3993587493896
1786831529.8237264,ERROR:ConnectionError,575.5167007446289
1786831529.836262,ERROR:ConnectionError,568.8343048095703
1786831529.8637784,ERROR:ConnectionError,551.9149303436279
1786831529.9055202,ERROR:ConnectionError,534.515380859375
1786831529.8699038,ERROR:ConnectionError,570.6593990325928
1786831529.8999453,ERROR:ConnectionError,544.1403388977051
1786831529.9108014,ERROR:ConnectionError,533.9539051055908
1786831529.8963122,ERROR:ConnectionError,553.311824798584
1786831529.9048436,ERROR:ConnectionError,578.7417888641357
1786831529.9543593,ERROR:ConnectionError,529.6332836151123
1786831529.9573612,ERROR:ConnectionError,531.5744876861572
1786831530.0037751,ERROR:ConnectionError,485.6102466583252
1786831529.9500892,ERROR:ConnectionError,545.5687046051025
1786831530.006855,ERROR:ConnectionError,492.80548095703125
1786831529.9113019,ERROR:ConnectionError,588.7694358825684
1786831530.0266855,ERROR:ConnectionError,477.0197868347168
1786831530.0212908,ERROR:ConnectionError,484.2948913574219
1786831530.0273974,ERROR:ConnectionError,484.2369556427002
1786831530.0102615,ERROR:ConnectionError,505.16247749328613
1786831529.985095,ERROR:ConnectionError,532.5484275817871
1786831530.0591269,ERROR:ConnectionError,459.59997177124023
1786831530.0343223,ERROR:ConnectionError,484.7843647003174
1786831530.0594037,ERROR:ConnectionError,471.7388153076172
1786831530.0657096,ERROR:ConnectionError,477.22482681274414
1786831530.1098773,ERROR:ConnectionError,444.7934627532959
1786831530.1232584,ERROR:ConnectionError,432.37948417663574
1786831530.1227615,ERROR:ConnectionError,435.0476264953613
1786831530.089859,ERROR:ConnectionError,475.1777648925781
1786831530.1443648,ERROR:ConnectionError,442.41809844970703
1786831530.1422942,ERROR:ConnectionError,463.886022567749
1786831530.153133,ERROR:ConnectionError,461.46607398986816
1786831530.2037144,ERROR:ConnectionError,411.4084243774414
1786831530.175797,ERROR:ConnectionError,443.32027435302734
1786831530.2219954,ERROR:ConnectionError,432.97505378723145
1786831530.2210548,ERROR:ConnectionError,437.0765686035156
1786831530.2263846,ERROR:ConnectionError,439.9576187133789
1786831530.231565,ERROR:ConnectionError,442.857027053833
1786831530.3292294,ERROR:ConnectionError,355.9308052062988
1786831530.3323638,ERROR:ConnectionError,368.3493137359619
1786831530.3356984,ERROR:ConnectionError,368.274450302124
1786831530.2319655,ERROR:ConnectionError,495.349645614624
1786831530.3298812,ERROR:ConnectionError,397.9930877685547
1786831530.341647,ERROR:ConnectionError,394.2079544067383
1786831530.3307672,ERROR:ConnectionError,419.360876083374
1786831530.3597684,ERROR:ConnectionError,394.869327545166
1786831530.3652205,ERROR:ConnectionError,399.80030059814453
1786831530.3623552,ERROR:ConnectionError,409.11269187927246
1786831530.4051094,ERROR:ConnectionError,384.0339183807373
1786831530.4157062,ERROR:ConnectionError,381.0851573944092
1786831530.3707514,ERROR:ConnectionError,432.1610927581787
1786831530.3992577,ERROR:ConnectionError,406.4795970916748
1786831530.3922117,ERROR:ConnectionError,416.13197326660156
1786831530.3800817,ERROR:ConnectionError,428.67231369018555
1786831530.4440973,ERROR:ConnectionError,369.20714378356934
1786831530.4447637,ERROR:ConnectionError,369.220495223999
1786831530.488944,ERROR:ConnectionError,325.55556297302246
1786831530.4839997,ERROR:ConnectionError,331.91967010498047
1786831530.4893963,ERROR:ConnectionError,328.3555507659912
1786831530.4405704,ERROR:ConnectionError,378.1137466430664
1786831530.4400496,ERROR:ConnectionError,381.7400932312012
1786831530.4496338,ERROR:ConnectionError,372.8218078613281
1786831530.4835975,ERROR:ConnectionError,342.47326850891113
1786831530.5000796,ERROR:ConnectionError,330.98864555358887
1786831530.4956703,ERROR:ConnectionError,341.36295318603516
1786831530.4996727,ERROR:ConnectionError,367.15197563171387
1786831530.5037184,ERROR:ConnectionError,373.94118309020996
1786831530.5116458,ERROR:ConnectionError,380.7821273803711
1786831530.515434,ERROR:ConnectionError,388.86451721191406
1786831530.5055943,ERROR:ConnectionError,400.3880023956299
1786831530.5191152,ERROR:ConnectionError,421.6794967651367
1786831530.5176516,ERROR:ConnectionError,428.9731979370117
1786831530.5429459,ERROR:ConnectionError,420.21918296813965
1786831530.555645,ERROR:ConnectionError,417.9229736328125
1786831530.5546827,ERROR:ConnectionError,421.8592643737793
1786831530.5311532,ERROR:ConnectionError,445.79553604125977
1786831530.5187366,ERROR:ConnectionError,461.84754371643066
1786831530.5650494,ERROR:ConnectionError,420.5670356750488
1786831530.5578246,ERROR:ConnectionError,444.95677947998047
1786831530.6549833,ERROR:ConnectionError,518.8767910003662
1786831530.6663609,ERROR:ConnectionError,509.4261169433594
1786831530.6191247,ERROR:ConnectionError,557.9111576080322
1786831530.5867941,ERROR:ConnectionError,592.8487777709961
1786831530.674434,ERROR:ConnectionError,519.8204517364502
1786831530.6146164,ERROR:ConnectionError,592.2353267669678
1786831530.6151297,ERROR:ConnectionError,605.5126190185547
1786831530.6581404,ERROR:ConnectionError,563.7319087982178
1786831530.6851716,ERROR:ConnectionError,537.0433330535889
1786831530.703984,ERROR:ConnectionError,526.4797210693359
1786831530.7007234,ERROR:ConnectionError,547.9440689086914
1786831530.735866,ERROR:ConnectionError,544.1842079162598
1786831530.7501376,ERROR:ConnectionError,530.3013324737549
1786831530.7278807,ERROR:ConnectionError,559.8733425140381
1786831530.7273252,ERROR:ConnectionError,566.2438869476318
1786831530.7714803,ERROR:ConnectionError,527.2269248962402
1786831530.754651,ERROR:ConnectionError,546.7433929443359
1786831530.765035,ERROR:ConnectionError,545.180082321167
1786831530.8057454,ERROR:ConnectionError,548.4795570373535
1786831530.789153,ERROR:ConnectionError,565.7365322113037
1786831530.8139906,ERROR:ConnectionError,542.6559448242188
1786831530.8133142,ERROR:ConnectionError,550.5421161651611
1786831530.8083572,ERROR:ConnectionError,557.6796531677246
1786831530.7968016,ERROR:ConnectionError,572.4959373474121
1786831530.80292,ERROR:ConnectionError,566.7767524719238
1786831530.8087606,ERROR:ConnectionError,568.7057971954346
1786831530.8145049,ERROR:ConnectionError,567.1143531799316
1786831530.8159277,ERROR:ConnectionError,693.882942199707
1786831530.8177595,ERROR:ConnectionError,834.3522548675537
1786831530.8224607,ERROR:ConnectionError,840.8677577972412
1786831530.8310795,ERROR:ConnectionError,833.1520557403564
1786831530.8370414,ERROR:ConnectionError,833.181619644165
1786831530.8260822,ERROR:ConnectionError,847.5253582000732
1786831530.8668342,ERROR:ConnectionError,816.3037300109863
1786831530.606193,ERROR:ConnectionError,1078.3987045288086
1786831530.8776722,ERROR:ConnectionError,810.6236457824707
1786831530.9059937,ERROR:ConnectionError,788.5921001434326
1786831530.8924363,ERROR:ConnectionError,802.8059005737305
1786831530.9408062,ERROR:ConnectionError,763.4682655334473
1786831530.9043097,ERROR:ConnectionError,801.5224933624268
1786831530.8186927,ERROR:ConnectionError,917.5920486450195
1786831530.9466364,ERROR:ConnectionError,811.2382888793945
1786831530.9631739,ERROR:ConnectionError,795.098066329956
1786831531.1738727,ERROR:ConnectionError,589.0288352966309
1786831530.9765532,ERROR:ConnectionError,790.5008792877197
1786831530.9735773,ERROR:ConnectionError,796.1041927337646
1786831530.9769561,ERROR:ConnectionError,794.344425201416
1786831530.8217976,ERROR:ConnectionError,953.7715911865234
1786831531.1796513,ERROR:ConnectionError,596.2638854980469
1786831531.0027926,ERROR:ConnectionError,773.5304832458496
1786831531.1770432,ERROR:ConnectionError,607.7840328216553
1786831531.1942625,ERROR:ConnectionError,606.6057682037354
1786831531.1757948,ERROR:ConnectionError,630.3677558898926
1786831531.2068632,ERROR:ConnectionError,609.138011932373
1786831531.2206538,ERROR:ConnectionError,597.1157550811768
1786831530.9856274,ERROR:ConnectionError,851.090669631958
1786831531.2222226,ERROR:ConnectionError,619.1701889038086
1786831531.2987208,ERROR:ConnectionError,544.1684722900391
1786831531.2486775,ERROR:ConnectionError,597.5985527038574
1786831531.280447,ERROR:ConnectionError,567.1713352203369
1786831531.2304757,ERROR:ConnectionError,621.5219497680664
1786831531.2935803,ERROR:ConnectionError,559.2319965362549
1786831531.2218783,ERROR:ConnectionError,631.8230628967285
1786831531.3014026,ERROR:ConnectionError,552.6070594787598
1786831531.287766,ERROR:ConnectionError,567.4159526824951
1786831530.9805937,ERROR:ConnectionError,876.8899440765381
1786831531.354235,ERROR:ConnectionError,509.0360641479492
1786831531.2800636,ERROR:ConnectionError,584.3861103057861
1786831531.310224,ERROR:ConnectionError,557.8105449676514
1786831531.3816261,ERROR:ConnectionError,498.7907409667969
1786831531.3660445,ERROR:ConnectionError,520.0498104095459
1786831531.3548956,ERROR:ConnectionError,533.2579612731934
1786831531.3697057,ERROR:ConnectionError,532.0160388946533
1786831531.3566563,ERROR:ConnectionError,546.3883876800537
1786831531.369306,ERROR:ConnectionError,548.306941986084
1786831531.3774738,ERROR:ConnectionError,543.032169342041
1786831531.3638659,ERROR:ConnectionError,564.4786357879639
1786831531.5098245,ERROR:ConnectionError,421.60797119140625
1786831531.6521254,ERROR:ConnectionError,280.05027770996094
1786831531.6633441,ERROR:ConnectionError,279.94275093078613
1786831531.6642427,ERROR:ConnectionError,297.75047302246094
1786831531.6702366,ERROR:ConnectionError,293.3952808380127
1786831531.6736174,ERROR:ConnectionError,303.0080795288086
1786831531.6845987,ERROR:ConnectionError,305.1414489746094
1786831531.6831486,ERROR:ConnectionError,320.28794288635254
1786831531.6883044,ERROR:ConnectionError,319.20599937438965
1786831531.7058406,ERROR:ConnectionError,308.15720558166504
1786831531.7042904,ERROR:ConnectionError,315.3715133666992
1786831531.695253,ERROR:ConnectionError,332.5643539428711
1786831531.6945977,ERROR:ConnectionError,334.5949649810791
1786831531.736295,ERROR:ConnectionError,298.60663414001465
1786831531.75828,ERROR:ConnectionError,277.301549911499
1786831531.7629828,ERROR:ConnectionError,280.0173759460449
1786831531.767063,ERROR:ConnectionError,278.42044830322266
1786831531.757885,ERROR:ConnectionError,288.6614799499512
1786831531.76969,ERROR:ConnectionError,281.91137313842773
1786831531.771309,ERROR:ConnectionError,286.9386672973633
1786831531.7755775,ERROR:ConnectionError,291.4273738861084
1786831531.7759228,ERROR:ConnectionError,313.3237361907959
1786831531.7848394,ERROR:ConnectionError,305.6504726409912
1786831531.8008797,ERROR:ConnectionError,292.0835018157959
1786831531.7763305,ERROR:ConnectionError,332.930326461792
1786831531.8429003,ERROR:ConnectionError,267.3788070678711
1786831531.8160198,ERROR:ConnectionError,294.95906829833984
1786831531.8061743,ERROR:ConnectionError,305.8195114135742
1786831531.8177814,ERROR:ConnectionError,294.5687770843506
1786831531.841402,ERROR:ConnectionError,277.3327827453613
1786831531.8367286,ERROR:ConnectionError,282.7613353729248
1786831531.847627,ERROR:ConnectionError,279.48856353759766
1786831531.846286,ERROR:ConnectionError,300.3039360046387
1786831531.8528194,ERROR:ConnectionError,297.3799705505371
1786831531.852007,ERROR:ConnectionError,311.4128112792969
1786831531.8551943,ERROR:ConnectionError,311.5415573120117
1786831531.8574915,ERROR:ConnectionError,319.37146186828613
1786831531.854017,ERROR:ConnectionError,334.20825004577637
1786831531.8632815,ERROR:ConnectionError,325.4392147064209
1786831531.8861032,ERROR:ConnectionError,305.9194087982178
1786831531.8680458,ERROR:ConnectionError,327.1210193634033
1786831531.8881629,ERROR:ConnectionError,317.0619010925293
1786831531.8644674,ERROR:ConnectionError,341.3045406341553
1786831531.8804288,ERROR:ConnectionError,328.13405990600586
1786831531.9030533,ERROR:ConnectionError,315.50049781799316
1786831531.9017313,ERROR:ConnectionError,317.3062801361084
1786831531.920516,ERROR:ConnectionError,304.8527240753174
1786831531.9176266,ERROR:ConnectionError,312.52479553222656
1786831531.8537111,ERROR:ConnectionError,376.9185543060303
1786831531.9283543,ERROR:ConnectionError,339.97535705566406
1786831531.9314466,ERROR:ConnectionError,346.30703926086426
1786831532.027826,ERROR:ConnectionError,281.75878524780273
1786831532.0140102,ERROR:ConnectionError,309.16881561279297
1786831531.9766388,ERROR:ConnectionError,346.96412086486816
1786831532.0196705,ERROR:ConnectionError,310.4519844055176
1786831532.007524,ERROR:ConnectionError,323.5340118408203
1786831531.932186,ERROR:ConnectionError,399.25622940063477
1786831532.0291994,ERROR:ConnectionError,302.7174472808838
1786831532.0034475,ERROR:ConnectionError,337.45694160461426
1786831531.9636464,ERROR:ConnectionError,378.10516357421875
1786831531.9620042,ERROR:ConnectionError,380.7511329650879
1786831531.9433053,ERROR:ConnectionError,400.7694721221924
1786831532.0355937,ERROR:ConnectionError,308.7780475616455
1786831531.989753,ERROR:ConnectionError,355.3280830383301
1786831532.0349152,ERROR:ConnectionError,310.5206489562988
1786831532.043018,ERROR:ConnectionError,314.6841526031494
1786831532.0465534,ERROR:ConnectionError,330.10363578796387
1786831532.0454922,ERROR:ConnectionError,373.36254119873047
1786831532.0516114,ERROR:ConnectionError,378.16691398620605
1786831532.0582595,ERROR:ConnectionError,387.8767490386963
1786831532.0670164,ERROR:ConnectionError,387.728214263916
1786831532.092977,ERROR:ConnectionError,376.575231552124
1786831532.0892568,ERROR:ConnectionError,383.1963539123535
1786831532.1123548,ERROR:ConnectionError,369.3358898162842
1786831532.1109858,ERROR:ConnectionError,378.74531745910645
1786831532.118746,ERROR:ConnectionError,404.93059158325195
1786831532.1102939,ERROR:ConnectionError,414.536714553833
1786831532.1271305,ERROR:ConnectionError,399.0979194641113
1786831532.1120005,ERROR:ConnectionError,414.7469997406006
1786831532.0904975,ERROR:ConnectionError,443.55225563049316
1786831532.1194978,ERROR:ConnectionError,419.5365905761719
1786831532.1502109,ERROR:ConnectionError,398.78296852111816
1786831532.10927,ERROR:ConnectionError,446.06828689575195
1786831532.1466022,ERROR:ConnectionError,411.2989902496338
1786831532.1634307,ERROR:ConnectionError,397.4325656890869
1786831532.1768765,ERROR:ConnectionError,389.2982006072998
1786831532.188729,ERROR:ConnectionError,392.1937942504883
1786831532.1667461,ERROR:ConnectionError,419.67010498046875
1786831532.1920304,ERROR:ConnectionError,398.2257843017578
1786831532.1951745,ERROR:ConnectionError,399.9929428100586
1786831532.205236,ERROR:ConnectionError,399.6014595031738
1786831532.2085724,ERROR:ConnectionError,402.4538993835449
1786831532.2057788,ERROR:ConnectionError,412.9977226257324
1786831532.219046,ERROR:ConnectionError,405.5516719818115
1786831532.1882389,ERROR:ConnectionError,437.49475479125977
1786831532.2185676,ERROR:ConnectionError,412.2626781463623
1786831532.2253773,ERROR:ConnectionError,408.40649604797363
1786831532.2301636,ERROR:ConnectionError,405.1706790924072
1786831532.2683415,ERROR:ConnectionError,379.5766830444336
1786831532.309598,ERROR:ConnectionError,339.3735885620117
1786831532.2306361,ERROR:ConnectionError,422.73736000061035
1786831532.3310666,ERROR:ConnectionError,322.68309593200684
1786831532.32319,ERROR:ConnectionError,331.5303325653076
1786831532.3301327,ERROR:ConnectionError,327.32534408569336
1786831532.2777805,ERROR:ConnectionError,382.9035758972168
1786831532.3236141,ERROR:ConnectionError,339.0977382659912
1786831532.3319237,ERROR:ConnectionError,339.0998840332031
1786831532.340914,ERROR:ConnectionError,336.06743812561035
1786831532.3450873,ERROR:ConnectionError,339.1151428222656
1786831532.3440833,ERROR:ConnectionError,347.9146957397461
1786831532.3454418,ERROR:ConnectionError,346.9099998474121
1786831532.3417587,ERROR:ConnectionError,352.5412082672119
1786831532.3443787,ERROR:ConnectionError,353.5323143005371
1786831532.3577614,ERROR:ConnectionError,343.20592880249023
1786831532.331449,ERROR:ConnectionError,370.269775390625
1786831532.3772826,ERROR:ConnectionError,328.9954662322998
1786831532.3427613,ERROR:ConnectionError,369.44079399108887
1786831532.4188666,ERROR:ConnectionError,307.3112964630127
1786831532.4297876,ERROR:ConnectionError,299.0090847015381
1786831532.4724655,ERROR:ConnectionError,284.1627597808838
1786831532.4461462,ERROR:ConnectionError,310.8553886413574
1786831532.469562,ERROR:ConnectionError,287.71305084228516
1786831532.4547548,ERROR:ConnectionError,305.41014671325684
1786831532.4897413,ERROR:ConnectionError,276.8988609313965
1786831532.5248377,ERROR:ConnectionError,243.70884895324707
1786831532.4817097,ERROR:ConnectionError,287.3034477233887
1786831532.52624,ERROR:ConnectionError,248.18038940429688
1786831532.5236874,ERROR:ConnectionError,253.88216972351074
1786831532.5267558,ERROR:ConnectionError,262.8488540649414
1786831532.534059,ERROR:ConnectionError,272.5825309753418
1786831532.5661864,ERROR:ConnectionError,243.91412734985352
1786831532.5608704,ERROR:ConnectionError,249.6347427368164
1786831532.5553493,ERROR:ConnectionError,263.1716728210449
1786831532.5390444,ERROR:ConnectionError,283.83827209472656
1786831532.5490036,ERROR:ConnectionError,275.301456451416
1786831532.5809343,ERROR:ConnectionError,254.0578842163086
1786831532.5902655,ERROR:ConnectionError,246.19174003601074
1786831532.5579088,ERROR:ConnectionError,282.63068199157715
1786831532.6110377,ERROR:ConnectionError,235.20898818969727
1786831532.5864332,ERROR:ConnectionError,263.95487785339355
1786831532.618787,ERROR:ConnectionError,234.1170310974121
1786831532.595178,ERROR:ConnectionError,261.5530490875244
1786831532.6257403,ERROR:ConnectionError,231.3861846923828
1786831532.6308413,ERROR:ConnectionError,244.15230751037598
1786831532.6246107,ERROR:ConnectionError,255.29193878173828
1786831532.633794,ERROR:ConnectionError,255.35178184509277
1786831532.604846,ERROR:ConnectionError,290.99225997924805
1786831532.6353421,ERROR:ConnectionError,264.88447189331055
1786831532.6479278,ERROR:ConnectionError,291.0959720611572
1786831532.6489782,ERROR:ConnectionError,306.26893043518066
1786831532.653761,ERROR:ConnectionError,304.98433113098145
1786831532.657472,ERROR:ConnectionError,303.2536506652832
1786831532.6710346,ERROR:ConnectionError,290.94743728637695
1786831532.660693,ERROR:ConnectionError,316.0243034362793
1786831532.654727,ERROR:ConnectionError,327.4564743041992
1786831532.6842134,ERROR:ConnectionError,306.0333728790283
1786831532.653383,ERROR:ConnectionError,353.01971435546875
1786831532.6627204,ERROR:ConnectionError,350.22854804992676
1786831532.6923575,ERROR:ConnectionError,322.8139877319336
1786831532.6979225,ERROR:ConnectionError,319.14258003234863
1786831532.6920085,ERROR:ConnectionError,327.52203941345215
1786831532.701724,ERROR:ConnectionError,318.1636333465576
1786831532.6769943,ERROR:ConnectionError,348.6464023590088
1786831532.6943073,ERROR:ConnectionError,336.35950088500977
1786831532.7062893,ERROR:ConnectionError,325.6726264953613
1786831532.712213,ERROR:ConnectionError,326.87830924987793
1786831532.7261918,ERROR:ConnectionError,322.35121726989746
1786831532.7566416,ERROR:ConnectionError,298.1598377227783
1786831532.7288058,ERROR:ConnectionError,329.3576240539551
1786831532.7009792,ERROR:ConnectionError,360.98241806030273
1786831532.7570074,ERROR:ConnectionError,305.33814430236816
1786831532.760181,ERROR:ConnectionError,315.81807136535645
1786831532.76856,ERROR:ConnectionError,310.9750747680664
1786831532.757282,ERROR:ConnectionError,325.300931930542
1786831532.766651,ERROR:ConnectionError,325.2682685852051
1786831532.7690206,ERROR:ConnectionError,326.30252838134766
1786831532.774428,ERROR:ConnectionError,340.99340438842773
1786831532.7775795,ERROR:ConnectionError,340.15893936157227
1786831532.7896173,ERROR:ConnectionError,341.28737449645996
1786831532.8066547,ERROR:ConnectionError,328.2020092010498
1786831532.8101099,ERROR:ConnectionError,327.95095443725586
1786831532.8243148,ERROR:ConnectionError,318.004846572876
1786831532.8185313,ERROR:ConnectionError,327.2426128387451
1786831532.8350034,ERROR:ConnectionError,311.30242347717285
1786831532.8228948,ERROR:ConnectionError,329.19931411743164
1786831532.8364656,ERROR:ConnectionError,318.41492652893066
1786831532.8105123,ERROR:ConnectionError,347.1055030822754
1786831532.8405514,ERROR:ConnectionError,319.1671371459961
1786831532.850399,ERROR:ConnectionError,312.0713233947754
1786831532.8799176,ERROR:ConnectionError,289.9904251098633
1786831532.846256,ERROR:ConnectionError,324.05662536621094
1786831532.8571339,ERROR:ConnectionError,313.5864734649658
1786831532.8750055,ERROR:ConnectionError,298.4163761138916
1786831532.8567417,ERROR:ConnectionError,317.9638385772705
1786831532.900243,ERROR:ConnectionError,281.7251682281494
1786831532.9619899,ERROR:ConnectionError,223.18744659423828
1786831532.89585,ERROR:ConnectionError,290.7366752624512
1786831532.958755,ERROR:ConnectionError,232.39612579345703
1786831532.8529136,ERROR:ConnectionError,338.7761116027832
1786831532.955257,ERROR:ConnectionError,241.62673950195312
1786831532.8891542,ERROR:ConnectionError,311.02848052978516
1786831532.9607332,ERROR:ConnectionError,240.19646644592285
1786831532.93904,ERROR:ConnectionError,266.2086486816406
1786831532.9821966,ERROR:ConnectionError,229.82215881347656
1786831532.976729,ERROR:ConnectionError,242.05803871154785
1786831532.9902573,ERROR:ConnectionError,230.19909858703613
1786831533.0151792,ERROR:ConnectionError,212.16154098510742
1786831533.0064168,ERROR:ConnectionError,224.84612464904785
1786831533.0170712,ERROR:ConnectionError,214.63274955749512
1786831533.012959,ERROR:ConnectionError,227.28610038757324
1786831533.0195396,ERROR:ConnectionError,245.02134323120117
1786831533.0256686,ERROR:ConnectionError,239.43662643432617
1786831533.0391018,ERROR:ConnectionError,236.70554161071777
1786831533.0581715,ERROR:ConnectionError,218.92380714416504
1786831533.0319774,ERROR:ConnectionError,252.70986557006836
1786831533.0485635,ERROR:ConnectionError,237.0290756225586
1786831533.019892,ERROR:ConnectionError,267.67683029174805
1786831533.0306787,ERROR:ConnectionError,257.5507164001465
1786831533.0548182,ERROR:ConnectionError,234.5728874206543
1786831533.0619724,ERROR:ConnectionError,229.78568077087402
1786831533.0623524,ERROR:ConnectionError,266.59417152404785
1786831533.1457803,ERROR:ConnectionError,184.12184715270996
1786831533.0953338,ERROR:ConnectionError,234.910249710083
1786831533.0795507,ERROR:ConnectionError,250.9922981262207
1786831533.0919294,ERROR:ConnectionError,243.7436580657959
1786831533.1423285,ERROR:ConnectionError,197.53527641296387
1786831533.1463132,ERROR:ConnectionError,196.58827781677246
1786831533.1177473,ERROR:ConnectionError,231.24313354492188
1786831533.0760095,ERROR:ConnectionError,277.1596908569336
1786831533.1521041,ERROR:ConnectionError,203.80258560180664
1786831533.1548934,ERROR:ConnectionError,201.39193534851074
1786831533.1154318,ERROR:ConnectionError,241.39761924743652
1786831533.082593,ERROR:ConnectionError,275.205135345459
1786831533.134865,ERROR:ConnectionError,229.87771034240723
1786831533.138088,ERROR:ConnectionError,227.0064353942871
1786831533.1597264,ERROR:ConnectionError,206.06255531311035
1786831533.169915,ERROR:ConnectionError,196.9165802001953
1786831533.1624806,ERROR:ConnectionError,204.76222038269043
1786831533.1309187,ERROR:ConnectionError,242.38038063049316
1786831533.1707256,ERROR:ConnectionError,208.45699310302734
1786831533.1576264,ERROR:ConnectionError,224.3061065673828
1786831533.1865947,ERROR:ConnectionError,204.70070838928223
1786831533.1911676,ERROR:ConnectionError,207.42106437683105
1786831533.17032,ERROR:ConnectionError,229.9044132232666
1786831533.2009375,ERROR:ConnectionError,201.83515548706055
1786831533.1819766,ERROR:ConnectionError,229.6290397644043
1786831533.1917,ERROR:ConnectionError,220.66235542297363
1786831533.1968956,ERROR:ConnectionError,216.02463722229004
1786831533.1747117,ERROR:ConnectionError,246.92797660827637
1786831533.1851864,ERROR:ConnectionError,236.79494857788086
1786831533.1734285,ERROR:ConnectionError,253.64351272583008
1786831533.2052577,ERROR:ConnectionError,222.9301929473877
1786831533.2187986,ERROR:ConnectionError,214.29061889648438
1786831533.2317111,ERROR:ConnectionError,208.44602584838867
1786831533.2120242,ERROR:ConnectionError,229.06899452209473
1786831533.200194,ERROR:ConnectionError,244.1103458404541
1786831533.231273,ERROR:ConnectionError,217.66018867492676
1786831533.2645795,ERROR:ConnectionError,185.55283546447754
1786831533.2651136,ERROR:ConnectionError,188.85111808776855
1786831533.2402642,ERROR:ConnectionError,215.56591987609863
1786831533.2204661,ERROR:ConnectionError,240.87238311767578
1786831533.2758179,ERROR:ConnectionError,188.1701946258545
1786831533.2273493,ERROR:ConnectionError,239.14766311645508
1786831533.2771032,ERROR:ConnectionError,196.33197784423828
1786831533.2846985,ERROR:ConnectionError,213.98305892944336
1786831533.2875786,ERROR:ConnectionError,213.4871482849121
1786831533.2893975,ERROR:ConnectionError,215.8215045928955
1786831533.2856,ERROR:ConnectionError,238.9976978302002
1786831533.288238,ERROR:ConnectionError,249.28593635559082
1786831533.3299131,ERROR:ConnectionError,211.91930770874023
1786831533.2917645,ERROR:ConnectionError,255.24592399597168
1786831533.330548,ERROR:ConnectionError,233.4887981414795
1786831533.3289576,ERROR:ConnectionError,238.26098442077637
1786831533.3302515,ERROR:ConnectionError,246.4439868927002
1786831533.3356838,ERROR:ConnectionError,269.031286239624
1786831533.3398726,ERROR:ConnectionError,272.4800109863281
1786831533.34291,ERROR:ConnectionError,275.6946086883545
1786831533.3490016,ERROR:ConnectionError,282.03320503234863
1786831533.3531818,ERROR:ConnectionError,288.7756824493408
1786831533.3559158,ERROR:ConnectionError,293.46585273742676
1786831533.3568363,ERROR:ConnectionError,307.6944351196289
1786831533.357846,ERROR:ConnectionError,322.76177406311035
1786831533.3562932,ERROR:ConnectionError,343.0895805358887
1786831533.3668368,ERROR:ConnectionError,345.5355167388916
1786831533.3657968,ERROR:ConnectionError,362.170934677124
1786831533.3651001,ERROR:ConnectionError,369.3521022796631
1786831533.3672497,ERROR:ConnectionError,387.76421546936035
1786831533.3647516,ERROR:ConnectionError,396.653413772583
1786831533.373305,ERROR:ConnectionError,392.26245880126953
1786831533.3913047,ERROR:ConnectionError,380.77497482299805
1786831533.3819427,ERROR:ConnectionError,391.463041305542
1786831533.3792038,ERROR:ConnectionError,421.30541801452637
1786831533.4002326,ERROR:ConnectionError,413.15698623657227
1786831533.3986108,ERROR:ConnectionError,424.05056953430176
1786831533.402783,ERROR:ConnectionError,517.6441669464111
1786831533.412927,ERROR:ConnectionError,511.782169342041
1786831533.4282,ERROR:ConnectionError,498.94213676452637
1786831533.4123738,ERROR:ConnectionError,515.784740447998
1786831533.433099,ERROR:ConnectionError,496.87695503234863
1786831533.4216511,ERROR:ConnectionError,512.794017791748
1786831533.4116206,ERROR:ConnectionError,524.9285697937012
1786831533.4219875,ERROR:ConnectionError,523.2968330383301
1786831533.4411013,ERROR:ConnectionError,505.9027671813965
1786831533.4401684,ERROR:ConnectionError,513.6852264404297
1786831533.4443166,ERROR:ConnectionError,510.15472412109375
1786831533.4501452,ERROR:ConnectionError,510.3275775909424
1786831533.4489427,ERROR:ConnectionError,514.9660110473633
1786831533.4558403,ERROR:ConnectionError,511.04092597961426
1786831533.4539733,ERROR:ConnectionError,515.4683589935303
1786831533.4665089,ERROR:ConnectionError,519.2406177520752
1786831533.463997,ERROR:ConnectionError,530.1647186279297
1786831533.4270818,ERROR:ConnectionError,577.9166221618652
1786831533.5052319,ERROR:ConnectionError,501.0943412780762
1786831533.5010765,ERROR:ConnectionError,508.603572845459
1786831533.4613883,ERROR:ConnectionError,558.5837364196777
1786831533.5246108,ERROR:ConnectionError,495.7418441772461
1786831533.4734445,ERROR:ConnectionError,547.2445487976074
1786831533.5375342,ERROR:ConnectionError,483.5834503173828
1786831533.541843,ERROR:ConnectionError,492.16413497924805
1786831533.5470197,ERROR:ConnectionError,493.12686920166016
1786831533.4986954,ERROR:ConnectionError,553.01833152771
1786831533.5672257,ERROR:ConnectionError,569.9193477630615
1786831533.6047404,ERROR:ConnectionError,546.3147163391113
1786831533.5767057,ERROR:ConnectionError,594.3822860717773
1786831533.564048,ERROR:ConnectionError,613.2936477661133
1786831533.6186159,ERROR:ConnectionError,562.6256465911865
1786831533.6806517,ERROR:ConnectionError,517.4543857574463
1786831533.6123614,ERROR:ConnectionError,595.1716899871826
1786831533.7550256,ERROR:ConnectionError,452.97932624816895
1786831533.6645372,ERROR:ConnectionError,544.9821949005127
1786831533.6993957,ERROR:ConnectionError,510.4379653930664
1786831533.6310458,ERROR:ConnectionError,588.2160663604736
1786831533.7279775,ERROR:ConnectionError,508.0244541168213
1786831533.7344694,ERROR:ConnectionError,503.01456451416016
1786831533.7123868,ERROR:ConnectionError,526.3066291809082
1786831533.7655766,ERROR:ConnectionError,484.6360683441162
1786831533.6493912,ERROR:ConnectionError,601.2728214263916
1786831533.7734137,ERROR:ConnectionError,479.1145324707031
1786831533.772091,ERROR:ConnectionError,483.4575653076172
1786831533.7614167,ERROR:ConnectionError,501.8453598022461
1786831533.8005223,ERROR:ConnectionError,471.44269943237305
1786831533.813402,ERROR:ConnectionError,472.4278450012207
1786831533.8226728,ERROR:ConnectionError,478.87468338012695
1786831533.641971,ERROR:ConnectionError,678.7922382354736
1786831533.924721,ERROR:ConnectionError,432.36279487609863
1786831533.9204378,ERROR:ConnectionError,438.6730194091797
1786831533.9271517,ERROR:ConnectionError,433.6199760437012
1786831533.9344535,ERROR:ConnectionError,427.09827423095703
1786831533.9299831,ERROR:ConnectionError,442.5201416015625
1786831533.9470127,ERROR:ConnectionError,426.4824390411377
1786831533.960484,ERROR:ConnectionError,415.22216796875
1786831533.954478,ERROR:ConnectionError,421.57578468322754
1786831533.9281666,ERROR:ConnectionError,453.98426055908203
1786831533.9639204,ERROR:ConnectionError,421.40722274780273
1786831533.9452982,ERROR:ConnectionError,442.6088333129883
1786831533.9538662,ERROR:ConnectionError,434.8568916320801
1786831533.9365585,ERROR:ConnectionError,452.6503086090088
1786831533.9694507,ERROR:ConnectionError,423.2027530670166
1786831533.966898,ERROR:ConnectionError,427.61921882629395
1786831533.9857602,ERROR:ConnectionError,409.0573787689209
1786831533.994174,ERROR:ConnectionError,411.5262031555176
1786831534.0063365,ERROR:ConnectionError,400.81191062927246
1786831534.0050094,ERROR:ConnectionError,413.81072998046875
1786831534.0096903,ERROR:ConnectionError,414.48473930358887
1786831534.0206947,ERROR:ConnectionError,416.6676998138428
1786831534.034014,ERROR:ConnectionError,410.95590591430664
1786831534.0211234,ERROR:ConnectionError,426.4035224914551
1786831534.0517254,ERROR:ConnectionError,396.2278366088867
1786831534.1371574,ERROR:ConnectionError,343.46699714660645
1786831534.040157,ERROR:ConnectionError,440.9956932067871
1786831534.1711373,ERROR:ConnectionError,312.1955394744873
1786831534.151074,ERROR:ConnectionError,336.3029956817627
1786831534.1773508,ERROR:ConnectionError,310.697078704834
1786831534.2080977,ERROR:ConnectionError,287.0755195617676
1786831534.0203605,ERROR:ConnectionError,478.04808616638184
1786831534.207545,ERROR:ConnectionError,291.9025421142578
1786831534.1981184,ERROR:ConnectionError,302.7980327606201
1786831534.2192786,ERROR:ConnectionError,284.8238945007324
1786831534.2098367,ERROR:ConnectionError,294.6479320526123
1786831534.2374904,ERROR:ConnectionError,272.7499008178711
1786831534.2360132,ERROR:ConnectionError,280.7321548461914
1786831534.181251,ERROR:ConnectionError,337.3396396636963
1786831534.2387004,ERROR:ConnectionError,284.4061851501465
1786831534.2506726,ERROR:ConnectionError,275.2723693847656
1786831534.250224,ERROR:ConnectionError,283.6160659790039
1786831534.252537,ERROR:ConnectionError,288.45906257629395
1786831534.0199842,ERROR:ConnectionError,535.6485843658447
1786831534.2555568,ERROR:ConnectionError,302.9770851135254
1786831534.2719765,ERROR:ConnectionError,292.5987243652344
1786831534.263273,ERROR:ConnectionError,302.13356018066406
1786831534.2858386,ERROR:ConnectionError,286.16786003112793
1786831534.3015594,ERROR:ConnectionError,283.6918830871582
1786831534.3207726,ERROR:ConnectionError,269.7305679321289
1786831534.2095237,ERROR:ConnectionError,385.36787033081055
1786831534.3570962,ERROR:ConnectionError,255.24282455444336
1786831534.3591177,ERROR:ConnectionError,273.78225326538086
1786831534.3607814,ERROR:ConnectionError,277.41241455078125
1786831534.3725126,ERROR:ConnectionError,286.47613525390625
1786831534.3734996,ERROR:ConnectionError,313.02356719970703
1786831534.3615584,ERROR:ConnectionError,331.5272331237793
1786831534.3887384,ERROR:ConnectionError,314.68844413757324
1786831534.385337,ERROR:ConnectionError,321.74110412597656
1786831534.3757172,ERROR:ConnectionError,331.68721199035645
1786831534.3892143,ERROR:ConnectionError,324.4447708129883
1786831534.37606,ERROR:ConnectionError,338.0899429321289
1786831534.3821602,ERROR:ConnectionError,333.223819732666
1786831534.3879194,ERROR:ConnectionError,335.29162406921387
1786831534.3926651,ERROR:ConnectionError,334.64980125427246
1786831534.4057093,ERROR:ConnectionError,328.8683891296387
1786831534.3945262,ERROR:ConnectionError,342.6089286804199
1786831534.4241874,ERROR:ConnectionError,358.6416244506836
1786831534.4071593,ERROR:ConnectionError,417.2513484954834
1786831534.394824,ERROR:ConnectionError,437.95084953308105
1786831534.4475365,ERROR:ConnectionError,386.5675926208496
1786831534.4449787,ERROR:ConnectionError,392.06576347351074
1786831534.4806395,ERROR:ConnectionError,357.26141929626465
1786831534.4374905,ERROR:ConnectionError,401.11684799194336
1786831534.4880557,ERROR:ConnectionError,353.7099361419678
1786831534.483344,ERROR:ConnectionError,366.6646480560303
1786831534.4873855,ERROR:ConnectionError,363.4307384490967
1786831534.4188323,ERROR:ConnectionError,432.295560836792
1786831534.4479585,ERROR:ConnectionError,406.24141693115234
1786831534.4811876,ERROR:ConnectionError,379.64391708374023
1786831534.4951844,ERROR:ConnectionError,398.28014373779297
1786831534.5167546,ERROR:ConnectionError,377.8879642486572
1786831534.5009234,ERROR:ConnectionError,395.01428604125977
1786831534.5041106,ERROR:ConnectionError,393.05877685546875
1786831534.4984164,ERROR:ConnectionError,402.5881290435791
1786831534.5186026,ERROR:ConnectionError,384.7079277038574
1786831534.5044925,ERROR:ConnectionError,401.15833282470703
1786831534.5102527,ERROR:ConnectionError,402.50205993652344
1786831534.5259538,ERROR:ConnectionError,394.39845085144043
1786831534.5338528,ERROR:ConnectionError,393.43762397766113
1786831534.5852633,ERROR:ConnectionError,353.7020683288574
1786831534.6329148,ERROR:ConnectionError,312.95323371887207
1786831534.4994538,ERROR:ConnectionError,449.21278953552246
1786831534.555647,ERROR:ConnectionError,393.4054374694824
1786831534.564584,ERROR:ConnectionError,384.8729133605957
1786831534.5585406,ERROR:ConnectionError,394.84238624572754
1786831534.5720153,ERROR:ConnectionError,381.716251373291
1786831534.5905159,ERROR:ConnectionError,363.91520500183105
1786831534.523117,ERROR:ConnectionError,433.1626892089844
1786831534.5654104,ERROR:ConnectionError,395.4920768737793
1786831534.5410085,ERROR:ConnectionError,421.12112045288086
1786831534.5949018,ERROR:ConnectionError,368.7784671783447
1786831534.6382048,ERROR:ConnectionError,336.05408668518066
1786831534.6589956,ERROR:ConnectionError,318.73583793640137
1786831534.6865335,ERROR:ConnectionError,293.52641105651855
1786831534.6930957,ERROR:ConnectionError,288.4809970855713
1786831534.703438,ERROR:ConnectionError,280.81512451171875
1786831534.6123517,ERROR:ConnectionError,372.97773361206055
1786831534.70709,ERROR:ConnectionError,287.26863861083984
1786831534.7074103,ERROR:ConnectionError,289.886474609375
1786831534.7141557,ERROR:ConnectionError,283.7698459625244
1786831534.7345908,ERROR:ConnectionError,269.17004585266113
1786831534.7828455,ERROR:ConnectionError,225.38518905639648
1786831534.7153888,ERROR:ConnectionError,295.26591300964355
1786831534.7273254,ERROR:ConnectionError,283.69712829589844
1786831534.7371435,ERROR:ConnectionError,275.58445930480957
1786831534.7136714,ERROR:ConnectionError,299.29447174072266
1786831534.7232194,ERROR:ConnectionError,298.478364944458
1786831534.824417,ERROR:ConnectionError,200.53768157958984
1786831534.832793,ERROR:ConnectionError,198.04000854492188
1786831534.8341124,ERROR:ConnectionError,201.45368576049805
1786831534.8379114,ERROR:ConnectionError,236.51885986328125
1786831534.8542073,ERROR:ConnectionError,230.37266731262207
1786831534.8417728,ERROR:ConnectionError,247.16496467590332
1786831534.8508232,ERROR:ConnectionError,238.386869430542
1786831534.8386147,ERROR:ConnectionError,250.99492073059082
1786831534.860839,ERROR:ConnectionError,235.17680168151855
1786831534.851133,ERROR:ConnectionError,248.69775772094727
1786831534.8500242,ERROR:ConnectionError,258.47601890563965
1786831534.8934734,ERROR:ConnectionError,222.56708145141602
1786831534.8370538,ERROR:ConnectionError,289.8082733154297
1786831534.897181,ERROR:ConnectionError,243.25871467590332
1786831534.9010155,ERROR:ConnectionError,242.11382865905762
1786831534.9033206,ERROR:ConnectionError,240.25726318359375
1786831534.8959453,ERROR:ConnectionError,250.60415267944336
1786831534.9056633,ERROR:ConnectionError,244.63534355163574
1786831534.8946486,ERROR:ConnectionError,277.4782180786133
1786831534.9486773,ERROR:ConnectionError,231.23788833618164
1786831534.945877,ERROR:ConnectionError,238.35992813110352
1786831534.9494617,ERROR:ConnectionError,243.52717399597168
1786831534.927307,ERROR:ConnectionError,265.93518257141113
1786831534.9127655,ERROR:ConnectionError,298.16675186157227
1786831534.9562917,ERROR:ConnectionError,261.9597911834717
1786831534.9544394,ERROR:ConnectionError,281.74638748168945
1786831534.9636896,ERROR:ConnectionError,272.85027503967285
1786831534.949062,ERROR:ConnectionError,289.0334129333496
1786831534.9537375,ERROR:ConnectionError,295.4556941986084
1786831534.9533913,ERROR:ConnectionError,299.75271224975586
1786831534.938977,ERROR:ConnectionError,319.6074962615967
1786831534.9742699,ERROR:ConnectionError,291.50390625
1786831534.960917,ERROR:ConnectionError,309.07297134399414
1786831534.9621413,ERROR:ConnectionError,310.5437755584717
1786831534.9203634,ERROR:ConnectionError,353.27601432800293
1786831534.9815865,ERROR:ConnectionError,300.7018566131592
1786831534.9777427,ERROR:ConnectionError,307.34705924987793
1786831535.0129695,ERROR:ConnectionError,282.69386291503906
1786831535.003769,ERROR:ConnectionError,297.93453216552734
1786831534.980072,ERROR:ConnectionError,322.33166694641113
1786831534.9973092,ERROR:ConnectionError,306.22029304504395
1786831535.0106657,ERROR:ConnectionError,293.5624122619629
1786831534.9943657,ERROR:ConnectionError,310.2092742919922
1786831534.997933,ERROR:ConnectionError,306.96582794189453
1786831534.9853396,ERROR:ConnectionError,327.87537574768066
1786831535.0110278,ERROR:ConnectionError,305.5737018585205
1786831535.0127332,ERROR:ConnectionError,307.7108860015869
1786831535.0082407,ERROR:ConnectionError,315.593957901001
1786831535.0217152,ERROR:ConnectionError,308.7890148162842
1786831535.0744407,ERROR:ConnectionError,256.56652450561523
1786831534.9842625,ERROR:ConnectionError,348.93321990966797
1786831535.030847,ERROR:ConnectionError,304.9440383911133
1786831535.088946,ERROR:ConnectionError,251.9092559814453
1786831535.089217,ERROR:ConnectionError,252.9008388519287
1786831535.035593,ERROR:ConnectionError,323.3771324157715
1786831535.084594,ERROR:ConnectionError,281.60667419433594
1786831535.0960243,ERROR:ConnectionError,283.9937210083008
1786831535.0249672,ERROR:ConnectionError,361.2651824951172
1786831535.1085138,ERROR:ConnectionError,286.88693046569824
1786831535.1160543,ERROR:ConnectionError,282.23562240600586
1786831535.0998397,ERROR:ConnectionError,304.02112007141113
1786831535.1842487,ERROR:ConnectionError,219.96784210205078
1786831535.1404486,ERROR:ConnectionError,267.75383949279785
1786831535.1435874,ERROR:ConnectionError,267.15993881225586
1786831535.1431384,ERROR:ConnectionError,273.16856384277344
1786831535.1268723,ERROR:ConnectionError,292.68670082092285
1786831535.1799252,ERROR:ConnectionError,240.63801765441895
1786831535.0896764,ERROR:ConnectionError,333.8353633880615
1786831535.172135,ERROR:ConnectionError,254.00662422180176
1786831535.1503115,ERROR:ConnectionError,277.9545783996582
1786831535.146559,ERROR:ConnectionError,283.4277153015137
1786831535.193247,ERROR:ConnectionError,246.01411819458008
1786831535.1929984,ERROR:ConnectionError,342.32091903686523
1786831535.2109404,ERROR:ConnectionError,328.54294776916504
1786831535.2182603,ERROR:ConnectionError,325.0162601470947
1786831535.2361987,ERROR:ConnectionError,309.9980354309082
1786831535.2365463,ERROR:ConnectionError,310.7898235321045
1786831535.2381034,ERROR:ConnectionError,314.6815299987793
1786831535.258594,ERROR:ConnectionError,299.1631031036377
1786831535.253152,ERROR:ConnectionError,305.3128719329834
1786831535.2726934,ERROR:ConnectionError,286.9138717651367
1786831535.2492018,ERROR:ConnectionError,318.2551860809326
1786831535.2657893,ERROR:ConnectionError,304.8737049102783
1786831535.273648,ERROR:ConnectionError,303.24697494506836
1786831535.2850983,ERROR:ConnectionError,295.6585884094238
1786831535.2700007,ERROR:ConnectionError,329.7991752624512
1786831535.2822988,ERROR:ConnectionError,384.7839832305908
1786831535.2956746,ERROR:ConnectionError,475.8946895599365
1786831535.301713,ERROR:ConnectionError,473.9818572998047
1786831535.3045814,ERROR:ConnectionError,490.2775287628174
1786831535.3042352,ERROR:ConnectionError,491.1618232727051
1786831535.3024127,ERROR:ConnectionError,495.2435493469238
1786831535.3035393,ERROR:ConnectionError,497.15137481689453
1786831535.3049047,ERROR:ConnectionError,503.94487380981445
1786831535.3310142,ERROR:ConnectionError,483.22081565856934
1786831535.3238428,ERROR:ConnectionError,494.9817657470703
1786831535.3204515,ERROR:ConnectionError,506.59704208374023
1786831535.3132281,ERROR:ConnectionError,514.2917633056641
1786831535.3421257,ERROR:ConnectionError,492.5417900085449
1786831535.3166096,ERROR:ConnectionError,520.0285911560059
1786831535.3332028,ERROR:ConnectionError,508.70680809020996
1786831535.3305151,ERROR:ConnectionError,512.9790306091309
1786831535.3357985,ERROR:ConnectionError,514.2796039581299
1786831535.340864,ERROR:ConnectionError,535.5632305145264
1786831535.3589797,ERROR:ConnectionError,520.0049877166748
1786831535.3662095,ERROR:ConnectionError,530.461311340332
1786831535.3800273,ERROR:ConnectionError,581.451416015625
1786831535.3862417,ERROR:ConnectionError,608.1550121307373
1786831535.3982995,ERROR:ConnectionError,603.5377979278564
1786831535.4042244,ERROR:ConnectionError,601.815938949585
1786831535.3954098,ERROR:ConnectionError,612.6267910003662
1786831535.4195857,ERROR:ConnectionError,593.2259559631348
1786831535.40387,ERROR:ConnectionError,610.3851795196533
1786831535.4082105,ERROR:ConnectionError,610.3806495666504
1786831535.423521,ERROR:ConnectionError,597.588300704956
1786831535.4392729,ERROR:ConnectionError,591.2725925445557
1786831535.4299967,ERROR:ConnectionError,606.1356067657471
1786831535.4205692,ERROR:ConnectionError,621.3862895965576
1786831535.4107556,ERROR:ConnectionError,634.1683864593506
1786831535.4261513,ERROR:ConnectionError,619.2777156829834
1786831535.5462055,ERROR:ConnectionError,508.7141990661621
1786831535.5527987,ERROR:ConnectionError,502.99763679504395
1786831535.539501,ERROR:ConnectionError,519.5333957672119
1786831535.547346,ERROR:ConnectionError,512.2532844543457
1786831535.559617,ERROR:ConnectionError,501.24382972717285
1786831535.5353293,ERROR:ConnectionError,527.7853012084961
1786831535.5432847,ERROR:ConnectionError,525.7358551025391
1786831535.416318,ERROR:ConnectionError,668.4632301330566
1786831535.4282742,ERROR:ConnectionError,661.179780960083
1786831535.5584729,ERROR:ConnectionError,534.0785980224609
1786831535.5675178,ERROR:ConnectionError,533.2374572753906
1786831535.5577703,ERROR:ConnectionError,544.7006225585938
1786831535.570668,ERROR:ConnectionError,536.4377498626709
1786831535.5769038,ERROR:ConnectionError,534.491777420044
1786831535.5807662,ERROR:ConnectionError,535.7663631439209
1786831535.5998144,ERROR:ConnectionError,520.5094814300537
1786831535.7715833,ERROR:ConnectionError,355.785608291626
1786831535.7757056,ERROR:ConnectionError,354.52914237976074
1786831535.7954035,ERROR:ConnectionError,335.1550102233887
1786831535.7976706,ERROR:ConnectionError,342.0257568359375
1786831535.7949207,ERROR:ConnectionError,353.193998336792
1786831535.667096,ERROR:ConnectionError,482.50794410705566
1786831535.8088672,ERROR:ConnectionError,353.7406921386719
1786831535.8188493,ERROR:ConnectionError,356.2960624694824
1786831535.8142571,ERROR:ConnectionError,367.9699897766113
1786831535.8006992,ERROR:ConnectionError,385.33926010131836
1786831535.8270602,ERROR:ConnectionError,359.4965934753418
1786831535.8275297,ERROR:ConnectionError,363.4819984436035
1786831535.834678,ERROR:ConnectionError,361.28854751586914
1786831535.8419218,ERROR:ConnectionError,364.7582530975342
1786831535.8366566,ERROR:ConnectionError,371.8140125274658
1786831535.8435023,ERROR:ConnectionError,377.8531551361084
1786831535.8764377,ERROR:ConnectionError,355.06725311279297
1786831535.8789957,ERROR:ConnectionError,363.2822036743164
1786831535.896682,ERROR:ConnectionError,346.70090675354004
1786831536.0060549,ERROR:ConnectionError,237.65993118286133
1786831536.0080452,ERROR:ConnectionError,236.6786003112793
1786831535.9614906,ERROR:ConnectionError,283.56313705444336
1786831535.994406,ERROR:ConnectionError,250.98896026611328
1786831536.0128224,ERROR:ConnectionError,233.23559761047363
1786831535.8500881,ERROR:ConnectionError,397.55797386169434
1786831536.001848,ERROR:ConnectionError,255.9494972229004
1786831536.0142639,ERROR:ConnectionError,244.00854110717773
1786831536.021141,ERROR:ConnectionError,242.02632904052734
1786831536.030566,ERROR:ConnectionError,237.07962036132812
1786831536.0186017,ERROR:ConnectionError,257.0335865020752
1786831536.0419688,ERROR:ConnectionError,234.15637016296387
1786831536.036142,ERROR:ConnectionError,243.31212043762207
1786831536.0558069,ERROR:ConnectionError,227.59628295898438
1786831536.044934,ERROR:ConnectionError,239.5167350769043
1786831536.0549293,ERROR:ConnectionError,233.1411838531494
1786831536.045436,ERROR:ConnectionError,243.0720329284668
1786831536.0608666,ERROR:ConnectionError,280.3950309753418
1786831536.0596056,ERROR:ConnectionError,283.0486297607422
1786831536.0690298,ERROR:ConnectionError,277.80818939208984
1786831536.0631232,ERROR:ConnectionError,286.42725944519043
1786831536.0894651,ERROR:ConnectionError,266.60752296447754
1786831536.0847907,ERROR:ConnectionError,281.42476081848145
1786831536.1071193,ERROR:ConnectionError,264.1568183898926
1786831536.0925624,ERROR:ConnectionError,282.17005729675293
1786831536.1024792,ERROR:ConnectionError,272.68338203430176
1786831536.1007679,ERROR:ConnectionError,278.1240940093994
1786831536.1114037,ERROR:ConnectionError,270.2829837799072
1786831536.1165576,ERROR:ConnectionError,272.2477912902832
1786831536.1203346,ERROR:ConnectionError,273.62537384033203
1786831536.1305647,ERROR:ConnectionError,270.54357528686523
1786831536.1302469,ERROR:ConnectionError,271.8539237976074
1786831536.1273801,ERROR:ConnectionError,275.4054069519043
1786831536.1481292,ERROR:ConnectionError,256.68835639953613
1786831536.059043,ERROR:ConnectionError,348.1593132019043
1786831536.1626165,ERROR:ConnectionError,252.03990936279297
1786831536.1496146,ERROR:ConnectionError,266.9355869293213
1786831536.1751575,ERROR:ConnectionError,249.861478805542
1786831536.1822386,ERROR:ConnectionError,249.21607971191406
1786831536.1865642,ERROR:ConnectionError,247.6639747619629
1786831536.139707,ERROR:ConnectionError,298.9785671234131
1786831536.1910627,ERROR:ConnectionError,253.77392768859863
1786831536.206692,ERROR:ConnectionError,242.76137351989746
1786831536.1860497,ERROR:ConnectionError,279.76417541503906
1786831536.2084825,ERROR:ConnectionError,260.63084602355957
1786831536.2213678,ERROR:ConnectionError,252.66265869140625
1786831536.195978,ERROR:ConnectionError,280.7800769805908
1786831536.2476547,ERROR:ConnectionError,234.26294326782227
1786831536.2433915,ERROR:ConnectionError,239.12358283996582
1786831536.2437203,ERROR:ConnectionError,252.83050537109375
1786831536.2460656,ERROR:ConnectionError,253.23724746704102
1786831536.245061,ERROR:ConnectionError,257.80200958251953
1786831536.2582786,ERROR:ConnectionError,245.9731101989746
1786831536.2315216,ERROR:ConnectionError,277.32086181640625
1786831536.2454023,ERROR:ConnectionError,267.4376964569092
1786831536.244731,ERROR:ConnectionError,268.4471607208252
1786831536.2676568,ERROR:ConnectionError,262.67218589782715
1786831536.242289,ERROR:ConnectionError,310.69469451904297
1786831536.2631798,ERROR:ConnectionError,296.43845558166504
1786831536.2578104,ERROR:ConnectionError,308.90750885009766
1786831536.2756436,ERROR:ConnectionError,328.3662796020508
1786831536.2834113,ERROR:ConnectionError,338.8323783874512
1786831536.284459,ERROR:ConnectionError,340.6660556793213
1786831536.279463,ERROR:ConnectionError,347.1078872680664
1786831536.2885163,ERROR:ConnectionError,344.7995185852051
1786831536.276133,ERROR:ConnectionError,357.799768447876
1786831536.288082,ERROR:ConnectionError,353.2557487487793
1786831536.3412836,ERROR:ConnectionError,302.83617973327637
1786831536.3426626,ERROR:ConnectionError,309.7407817840576
1786831536.346848,ERROR:ConnectionError,307.2960376739502
1786831536.3495603,ERROR:ConnectionError,308.2551956176758
1786831536.3560827,ERROR:ConnectionError,305.33814430236816
1786831536.3712854,ERROR:ConnectionError,302.36029624938965
1786831536.366226,ERROR:ConnectionError,310.15849113464355
1786831536.3751693,ERROR:ConnectionError,305.54652214050293
1786831536.3747423,ERROR:ConnectionError,308.3186149597168
1786831536.381695,ERROR:ConnectionError,306.471586227417
1786831536.3789012,ERROR:ConnectionError,314.739465713501
1786831536.3888175,ERROR:ConnectionError,326.2038230895996
1786831536.3939712,ERROR:ConnectionError,337.15295791625977
1786831536.40211,ERROR:ConnectionError,344.6526527404785
1786831536.404825,ERROR:ConnectionError,344.52009201049805
1786831536.4165614,ERROR:ConnectionError,339.841365814209
1786831536.4027936,ERROR:ConnectionError,356.5785884857178
1786831536.4011235,ERROR:ConnectionError,359.3263626098633
1786831536.4146662,ERROR:ConnectionError,373.4095096588135
1786831536.4072108,ERROR:ConnectionError,382.27224349975586
1786831536.4250295,ERROR:ConnectionError,370.12743949890137
1786831536.4314713,ERROR:ConnectionError,370.086669921875
1786831536.4386966,ERROR:ConnectionError,396.49343490600586
1786831536.444849,ERROR:ConnectionError,400.8913040161133
1786831536.4494662,ERROR:ConnectionError,407.1774482727051
1786831536.4342353,ERROR:ConnectionError,422.7783679962158
1786831536.4658282,ERROR:ConnectionError,401.37338638305664
1786831536.4740422,ERROR:ConnectionError,397.1219062805176
1786831536.4825263,ERROR:ConnectionError,399.2295265197754
1786831536.4767675,ERROR:ConnectionError,414.928674697876
1786831536.4819303,ERROR:ConnectionError,419.6045398712158
1786831536.4993129,ERROR:ConnectionError,425.2500534057617
1786831536.49656,ERROR:ConnectionError,430.9098720550537
1786831536.5028725,ERROR:ConnectionError,439.4967555999756
1786831536.469132,ERROR:ConnectionError,475.9106636047363
1786831536.508854,ERROR:ConnectionError,439.86058235168457
1786831536.5131836,ERROR:ConnectionError,439.0087127685547
1786831536.5042596,ERROR:ConnectionError,449.63788986206055
1786831536.5128505,ERROR:ConnectionError,461.3819122314453
1786831536.5530045,ERROR:ConnectionError,436.4907741546631
1786831536.5596292,ERROR:ConnectionError,432.42931365966797
1786831536.5667286,ERROR:ConnectionError,430.12404441833496
1786831536.604025,ERROR:ConnectionError,397.60732650756836
1786831536.6222544,ERROR:ConnectionError,380.39588928222656
1786831536.6251361,ERROR:ConnectionError,382.7018737792969
1786831536.626578,ERROR:ConnectionError,382.15017318725586
1786831536.53034,ERROR:ConnectionError,487.72120475769043
1786831536.6339586,ERROR:ConnectionError,387.27426528930664
1786831536.6333272,ERROR:ConnectionError,393.60618591308594
1786831536.6413505,ERROR:ConnectionError,402.6784896850586
1786831536.6441302,ERROR:ConnectionError,405.7157039642334
1786831536.652417,ERROR:ConnectionError,406.5239429473877
1786831536.654153,ERROR:ConnectionError,410.09521484375
1786831536.6614294,ERROR:ConnectionError,407.4826240539551
1786831536.6578257,ERROR:ConnectionError,424.8156547546387
1786831536.6736572,ERROR:ConnectionError,420.8228588104248
1786831536.6763973,ERROR:ConnectionError,423.3388900756836
1786831536.6807263,ERROR:ConnectionError,432.9564571380615
1786831536.6830719,ERROR:ConnectionError,433.9327812194824
1786831536.693652,ERROR:ConnectionError,457.7939510345459
1786831536.7150319,ERROR:ConnectionError,446.92182540893555
1786831536.7311366,ERROR:ConnectionError,457.3812484741211
1786831536.6881757,ERROR:ConnectionError,503.85165214538574
1786831536.7467766,ERROR:ConnectionError,448.7895965576172
1786831536.756414,ERROR:ConnectionError,450.03795623779297
1786831536.749355,ERROR:ConnectionError,462.49842643737793
1786831536.7593832,ERROR:ConnectionError,461.4746570587158
1786831536.760458,ERROR:ConnectionError,471.36926651000977
1786831536.7880893,ERROR:ConnectionError,472.18894958496094
1786831536.7951705,ERROR:ConnectionError,469.0995216369629
1786831536.7894914,ERROR:ConnectionError,508.75163078308105
1786831536.8015685,ERROR:ConnectionError,498.1250762939453
1786831536.8352008,ERROR:ConnectionError,493.3280944824219
1786831536.8457508,ERROR:ConnectionError,483.1421375274658
1786831536.8566542,ERROR:ConnectionError,500.42057037353516
1786831536.867214,ERROR:ConnectionError,527.2564888000488
1786831536.8817666,ERROR:ConnectionError,515.9711837768555
1786831536.8570206,ERROR:ConnectionError,541.2380695343018
1786831536.9015439,ERROR:ConnectionError,505.31864166259766
1786831536.92748,ERROR:ConnectionError,479.68339920043945
1786831536.942383,ERROR:ConnectionError,486.04679107666016
1786831536.8711748,ERROR:ConnectionError,557.6169490814209
1786831536.8917098,ERROR:ConnectionError,549.9918460845947
1786831536.9245768,ERROR:ConnectionError,518.7561511993408
1786831536.9487243,ERROR:ConnectionError,513.5612487792969
1786831536.9522026,ERROR:ConnectionError,520.8995342254639
1786831536.9450533,ERROR:ConnectionError,532.1969985961914
1786831536.9742434,ERROR:ConnectionError,516.413688659668
1786831536.953912,ERROR:ConnectionError,540.6079292297363
1786831536.9920673,ERROR:ConnectionError,505.65505027770996
1786831536.989506,ERROR:ConnectionError,532.245397567749
1786831536.9968646,ERROR:ConnectionError,534.6245765686035
1786831537.0026608,ERROR:ConnectionError,553.0810356140137
1786831537.0078473,ERROR:ConnectionError,549.2784976959229
1786831537.001642,ERROR:ConnectionError,563.6651515960693
1786831537.018071,ERROR:ConnectionError,550.2090454101562
1786831537.0087368,ERROR:ConnectionError,576.8592357635498
1786831537.021245,ERROR:ConnectionError,576.7204761505127
1786831537.026944,ERROR:ConnectionError,574.6817588806152
1786831537.0440397,ERROR:ConnectionError,560.1060390472412
1786831537.0498786,ERROR:ConnectionError,570.1267719268799
1786831537.0589507,ERROR:ConnectionError,562.180757522583
1786831537.0689266,ERROR:ConnectionError,557.8212738037109
1786831537.0642593,ERROR:ConnectionError,570.0860023498535
1786831537.0997458,ERROR:ConnectionError,537.7967357635498
1786831537.0944984,ERROR:ConnectionError,543.5733795166016
1786831537.1170185,ERROR:ConnectionError,531.2042236328125
1786831537.1136932,ERROR:ConnectionError,537.2447967529297
1786831537.151461,ERROR:ConnectionError,502.05230712890625
1786831537.1920376,ERROR:ConnectionError,464.6272659301758
1786831537.161964,ERROR:ConnectionError,495.7585334777832
1786831537.1885333,ERROR:ConnectionError,478.0004024505615
1786831537.0826547,ERROR:ConnectionError,598.3614921569824
1786831537.1955743,ERROR:ConnectionError,492.5401210784912
1786831537.211868,ERROR:ConnectionError,485.3801727294922
1786831537.2064621,ERROR:ConnectionError,492.27094650268555
1786831537.2208705,ERROR:ConnectionError,480.5479049682617
1786831537.2318382,ERROR:ConnectionError,475.42452812194824
1786831537.26029,ERROR:ConnectionError,449.96142387390137
1786831537.2982557,ERROR:ConnectionError,412.32872009277344
1786831537.2642815,ERROR:ConnectionError,449.1150379180908
1786831537.3285403,ERROR:ConnectionError,397.885799407959
1786831537.2997017,ERROR:ConnectionError,429.1338920593262
1786831537.357087,ERROR:ConnectionError,374.53722953796387
1786831537.3288996,ERROR:ConnectionError,404.12020683288574
1786831537.3944829,ERROR:ConnectionError,357.63049125671387
1786831537.3977513,ERROR:ConnectionError,354.7554016113281
1786831537.4071693,ERROR:ConnectionError,357.5747013092041
1786831537.3982844,ERROR:ConnectionError,367.6438331604004
1786831537.4284592,ERROR:ConnectionError,338.2546901702881
1786831537.4433432,ERROR:ConnectionError,323.7724304199219
1786831537.4068701,ERROR:ConnectionError,369.0018653869629
1786831537.4622972,ERROR:ConnectionError,322.04604148864746
1786831537.4417403,ERROR:ConnectionError,344.05064582824707
1786831537.473152,ERROR:ConnectionError,313.23695182800293
1786831537.4906714,ERROR:ConnectionError,296.2491512298584
1786831537.4287992,ERROR:ConnectionError,360.426664352417
1786831537.4772615,ERROR:ConnectionError,313.63463401794434
1786831537.4945302,ERROR:ConnectionError,305.6519031524658
1786831537.4977305,ERROR:ConnectionError,305.9377670288086
1786831537.5314999,ERROR:ConnectionError,273.35143089294434
1786831537.5217764,ERROR:ConnectionError,285.9692573547363
1786831537.5557508,ERROR:ConnectionError,253.73148918151855
1786831537.557136,ERROR:ConnectionError,261.48200035095215
1786831537.5682921,ERROR:ConnectionError,251.44624710083008
1786831537.5653207,ERROR:ConnectionError,255.9347152709961
1786831537.5856075,ERROR:ConnectionError,243.6840534210205
1786831537.5979807,ERROR:ConnectionError,238.51776123046875
1786831537.601636,ERROR:ConnectionError,237.54310607910156
1786831537.6041527,ERROR:ConnectionError,249.33791160583496
1786831537.6200228,ERROR:ConnectionError,233.89959335327148
1786831537.6211393,ERROR:ConnectionError,260.6217861175537
1786831537.6267602,ERROR:ConnectionError,256.406307220459
1786831537.6343546,ERROR:ConnectionError,267.7450180053711
1786831537.6380796,ERROR:ConnectionError,272.4900245666504
1786831537.637559,ERROR:ConnectionError,275.7372856140137
1786831537.648234,ERROR:ConnectionError,277.0819664001465
1786831537.650949,ERROR:ConnectionError,296.75889015197754
1786831537.6566741,ERROR:ConnectionError,305.53555488586426
1786831537.6535237,ERROR:ConnectionError,312.058687210083
1786831537.6810315,ERROR:ConnectionError,290.2054786682129
1786831537.6987436,ERROR:ConnectionError,276.57628059387207
1786831537.6881237,ERROR:ConnectionError,289.7946834564209
1786831537.6665463,ERROR:ConnectionError,311.7713928222656
1786831537.7014294,ERROR:ConnectionError,281.6591262817383
1786831537.6972597,ERROR:ConnectionError,291.3229465484619
1786831537.7072737,ERROR:ConnectionError,291.4013862609863
1786831537.7134075,ERROR:ConnectionError,288.9831066131592
1786831537.726437,ERROR:ConnectionError,276.9815921783447
1786831537.710592,ERROR:ConnectionError,306.69569969177246
1786831537.7102616,ERROR:ConnectionError,314.2569065093994
1786831537.7521253,ERROR:ConnectionError,283.1230163574219
1786831537.7525115,ERROR:ConnectionError,283.2226753234863
1786831537.7316325,ERROR:ConnectionError,316.2102699279785
1786831537.7330277,ERROR:ConnectionError,316.0431385040283
1786831537.657731,ERROR:ConnectionError,395.36023139953613
1786831537.7288985,ERROR:ConnectionError,330.1432132720947
1786831537.7671258,ERROR:ConnectionError,295.7463264465332
1786831537.766722,ERROR:ConnectionError,299.40199851989746
1786831537.7647548,ERROR:ConnectionError,303.4212589263916
1786831537.7659388,ERROR:ConnectionError,302.52957344055176
1786831537.775882,ERROR:ConnectionError,304.28409576416016
1786831537.7843533,ERROR:ConnectionError,296.49853706359863
1786831537.786397,ERROR:ConnectionError,299.2980480194092
1786831537.785798,ERROR:ConnectionError,300.26793479919434
1786831537.7869298,ERROR:ConnectionError,305.4842948913574
1786831537.7909043,ERROR:ConnectionError,313.4446144104004
1786831537.8036778,ERROR:ConnectionError,308.0270290374756
1786831537.8001966,ERROR:ConnectionError,311.9316101074219
1786831537.809493,ERROR:ConnectionError,302.9932975769043
1786831537.7892365,ERROR:ConnectionError,330.9597969055176
1786831537.8077557,ERROR:ConnectionError,389.0054225921631
1786831537.8197486,ERROR:ConnectionError,387.60852813720703
1786831537.804862,ERROR:ConnectionError,403.74183654785156
1786831537.829303,ERROR:ConnectionError,386.24024391174316
1786831537.81863,ERROR:ConnectionError,400.8781909942627
1786831537.8212667,ERROR:ConnectionError,404.4973850250244
1786831537.8365104,ERROR:ConnectionError,392.14611053466797
1786831537.8391883,ERROR:ConnectionError,389.7836208343506
1786831537.8539312,ERROR:ConnectionError,379.3766498565674
1786831537.8535028,ERROR:ConnectionError,385.2260112762451
1786831537.902112,ERROR:ConnectionError,337.1856212615967
1786831537.9133058,ERROR:ConnectionError,340.63029289245605
1786831537.9105911,ERROR:ConnectionError,358.7925434112549
1786831537.8817728,ERROR:ConnectionError,389.90187644958496
1786831537.883175,ERROR:ConnectionError,388.93985748291016
1786831537.9477184,ERROR:ConnectionError,327.5637626647949
1786831537.9622226,ERROR:ConnectionError,316.62988662719727
1786831537.9712522,ERROR:ConnectionError,309.29088592529297
1786831537.925328,ERROR:ConnectionError,356.8875789642334
1786831537.9655895,ERROR:ConnectionError,323.8940238952637
1786831537.9779274,ERROR:ConnectionError,320.47367095947266
1786831537.9886005,ERROR:ConnectionError,314.2075538635254
1786831537.975329,ERROR:ConnectionError,329.03361320495605
1786831537.9830992,ERROR:ConnectionError,330.23786544799805
1786831537.9783242,ERROR:ConnectionError,335.57653427124023
1786831537.998715,ERROR:ConnectionError,321.96927070617676
1786831538.0173059,ERROR:ConnectionError,306.84876441955566
1786831538.0034256,ERROR:ConnectionError,330.0023078918457
1786831538.0024014,ERROR:ConnectionError,331.4356803894043
1786831538.0357404,ERROR:ConnectionError,298.3677387237549
1786831538.0245283,ERROR:ConnectionError,314.9452209472656
1786831538.0352588,ERROR:ConnectionError,309.4305992126465
1786831538.0478518,ERROR:ConnectionError,299.99232292175293
1786831538.0490792,ERROR:ConnectionError,320.21117210388184
1786831538.0590518,ERROR:ConnectionError,314.1140937805176
1786831538.0661368,ERROR:ConnectionError,308.86101722717285
1786831538.0531003,ERROR:ConnectionError,322.7686882019043
1786831538.062884,ERROR:ConnectionError,314.6514892578125
1786831538.0681832,ERROR:ConnectionError,314.70203399658203
1786831538.0808606,ERROR:ConnectionError,310.4290962219238
1786831538.0684736,ERROR:ConnectionError,332.2570323944092
1786831538.0860722,ERROR:ConnectionError,353.0993461608887
1786831538.080177,ERROR:ConnectionError,360.6257438659668
1786831538.0857081,ERROR:ConnectionError,355.52453994750977
1786831538.1121368,ERROR:ConnectionError,332.2265148162842
1786831538.1117158,ERROR:ConnectionError,344.5932865142822
1786831538.104359,ERROR:ConnectionError,354.69722747802734
1786831538.0924258,ERROR:ConnectionError,367.04230308532715
1786831538.112493,ERROR:ConnectionError,347.259521484375
1786831538.2086134,ERROR:ConnectionError,278.9485454559326
1786831538.2155545,ERROR:ConnectionError,278.2256603240967
1786831538.1202078,ERROR:ConnectionError,374.04894828796387
1786831538.207367,ERROR:ConnectionError,287.8270149230957
1786831538.2289782,ERROR:ConnectionError,266.85118675231934
1786831538.2195213,ERROR:ConnectionError,277.3141860961914
1786831538.239308,ERROR:ConnectionError,257.99083709716797
1786831538.228666,ERROR:ConnectionError,268.8946723937988
1786831538.2257783,ERROR:ConnectionError,275.56514739990234
1786831538.2387393,ERROR:ConnectionError,262.9570960998535
1786831538.253947,ERROR:ConnectionError,248.29459190368652
1786831538.1967735,ERROR:ConnectionError,307.01637268066406
1786831538.2333171,ERROR:ConnectionError,273.4189033508301
1786831538.2693958,ERROR:ConnectionError,247.8618621826172
1786831538.2805521,ERROR:ConnectionError,265.07043838500977
1786831538.2721202,ERROR:ConnectionError,276.02458000183105
1786831538.2716842,ERROR:ConnectionError,276.87692642211914
1786831538.2752967,ERROR:ConnectionError,289.8557186126709
1786831538.2822227,ERROR:ConnectionError,290.00401496887207
1786831538.289494,ERROR:ConnectionError,298.82073402404785
1786831538.298414,ERROR:ConnectionError,293.14470291137695
1786831538.302817,ERROR:ConnectionError,292.67096519470215
1786831538.2788773,ERROR:ConnectionError,317.00634956359863
1786831538.3134196,ERROR:ConnectionError,283.9219570159912
1786831538.3139071,ERROR:ConnectionError,283.7522029876709
1786831538.3334389,ERROR:ConnectionError,264.6985054016113
1786831538.3241644,ERROR:ConnectionError,277.5721549987793
1786831538.3478541,ERROR:ConnectionError,261.913537979126
1786831538.3338437,ERROR:ConnectionError,276.2742042541504
1786831538.3394825,ERROR:ConnectionError,272.7687358856201
1786831538.344702,ERROR:ConnectionError,268.2225704193115
1786831538.3341148,ERROR:ConnectionError,279.16622161865234
1786831538.3206973,ERROR:ConnectionError,293.1845188140869
1786831538.4391825,ERROR:ConnectionError,175.16350746154785
1786831538.304372,ERROR:ConnectionError,311.3276958465576
1786831538.369306,ERROR:ConnectionError,246.80638313293457
1786831538.3759081,ERROR:ConnectionError,255.33127784729004
1786831538.3731763,ERROR:ConnectionError,260.2815628051758
1786831538.4007404,ERROR:ConnectionError,235.04209518432617
1786831538.4443724,ERROR:ConnectionError,192.65508651733398
1786831538.4412396,ERROR:ConnectionError,198.36688041687012
1786831538.4594743,ERROR:ConnectionError,182.02614784240723
1786831538.3775437,ERROR:ConnectionError,264.254093170166
1786831538.3913355,ERROR:ConnectionError,251.31464004516602
1786831538.3828964,ERROR:ConnectionError,260.14208793640137
1786831538.375008,ERROR:ConnectionError,273.1213569641113
1786831538.4563234,ERROR:ConnectionError,194.87452507019043
1786831538.487572,ERROR:ConnectionError,169.59381103515625
1786831538.5017042,ERROR:ConnectionError,160.77256202697754
1786831538.4597597,ERROR:ConnectionError,204.3919563293457
1786831538.4973052,ERROR:ConnectionError,167.388916015625
1786831538.4590645,ERROR:ConnectionError,207.93890953063965
1786831538.4952044,ERROR:ConnectionError,172.56522178649902
1786831538.5022495,ERROR:ConnectionError,175.13585090637207
1786831538.4408104,ERROR:ConnectionError,236.88602447509766
1786831538.4937901,ERROR:ConnectionError,186.13505363464355
1786831538.5013523,ERROR:ConnectionError,180.36127090454102
1786831538.496843,ERROR:ConnectionError,186.74850463867188
1786831538.495836,ERROR:ConnectionError,189.04495239257812
1786831538.548186,ERROR:ConnectionError,137.5584602355957
1786831538.5456347,ERROR:ConnectionError,141.64304733276367
1786831538.497566,ERROR:ConnectionError,191.36691093444824
1786831538.503797,ERROR:ConnectionError,187.93916702270508
1786831538.5651653,ERROR:ConnectionError,127.01272964477539
1786831538.5067465,ERROR:ConnectionError,193.53914260864258
1786831538.5172672,ERROR:ConnectionError,185.57262420654297
1786831538.494266,ERROR:ConnectionError,213.84763717651367
1786831538.5485702,ERROR:ConnectionError,168.45965385437012
1786831538.591569,ERROR:ConnectionError,130.33342361450195
1786831538.5954986,ERROR:ConnectionError,132.72881507873535
1786831538.5883296,ERROR:ConnectionError,141.3404941558838
1786831538.6097784,ERROR:ConnectionError,122.64108657836914
1786831538.5976646,ERROR:ConnectionError,138.5629177093506
1786831538.6132863,ERROR:ConnectionError,132.7223777770996
1786831538.6157072,ERROR:ConnectionError,132.06934928894043
1786831538.6101239,ERROR:ConnectionError,144.11282539367676
1786831538.597351,ERROR:ConnectionError,157.31287002563477
1786831538.6143537,ERROR:ConnectionError,140.66314697265625
1786831538.5722404,ERROR:ConnectionError,183.03942680358887
1786831538.6415105,ERROR:ConnectionError,114.47954177856445
1786831538.5981452,ERROR:ConnectionError,158.59127044677734
1786831538.6161203,ERROR:ConnectionError,141.94798469543457
1786831538.6129322,ERROR:ConnectionError,146.1653709411621
1786831538.6122787,ERROR:ConnectionError,148.05173873901367
1786831538.6017563,ERROR:ConnectionError,160.44998168945312
1786831538.6312492,ERROR:ConnectionError,138.07129859924316
1786831538.613889,ERROR:ConnectionError,177.0799160003662
1786831538.5958927,ERROR:ConnectionError,197.51787185668945
1786831538.642658,ERROR:ConnectionError,151.09801292419434
1786831538.6357894,ERROR:ConnectionError,159.40403938293457
1786831538.6370358,ERROR:ConnectionError,158.9822769165039
1786831538.662487,ERROR:ConnectionError,135.61677932739258
1786831538.6396184,ERROR:ConnectionError,160.72392463684082
1786831538.6334713,ERROR:ConnectionError,168.03359985351562
1786831538.6430447,ERROR:ConnectionError,174.87001419067383
1786831538.6418047,ERROR:ConnectionError,177.3676872253418
1786831538.664163,ERROR:ConnectionError,163.50197792053223
1786831538.6799345,ERROR:ConnectionError,150.0098705291748
1786831538.6512103,ERROR:ConnectionError,181.0150146484375
1786831538.6571755,ERROR:ConnectionError,207.34310150146484
1786831538.6647015,ERROR:ConnectionError,202.31318473815918
1786831538.6670125,ERROR:ConnectionError,210.6001377105713
1786831538.6848905,ERROR:ConnectionError,199.16844367980957
1786831538.6835966,ERROR:ConnectionError,201.35974884033203
1786831538.6777017,ERROR:ConnectionError,209.4128131866455
1786831538.667775,ERROR:ConnectionError,223.60754013061523
1786831538.688944,ERROR:ConnectionError,206.06756210327148
1786831538.681728,ERROR:ConnectionError,220.84498405456543
1786831538.7028527,ERROR:ConnectionError,201.87044143676758
1786831538.6921847,ERROR:ConnectionError,220.00837326049805
1786831538.687286,ERROR:ConnectionError,226.12524032592773
1786831538.6917489,ERROR:ConnectionError,224.43485260009766
1786831538.6857524,ERROR:ConnectionError,240.70358276367188
1786831538.7324286,ERROR:ConnectionError,201.55048370361328
1786831538.648139,ERROR:ConnectionError,291.4457321166992
1786831538.6773937,ERROR:ConnectionError,263.4005546569824
1786831538.7296805,ERROR:ConnectionError,217.18335151672363
1786831538.7219133,ERROR:ConnectionError,229.87699508666992
1786831538.7002966,ERROR:ConnectionError,260.55192947387695
1786831538.7081242,ERROR:ConnectionError,253.97205352783203
1786831538.717044,ERROR:ConnectionError,247.43056297302246
1786831538.7460196,ERROR:ConnectionError,221.39644622802734
1786831538.7550223,ERROR:ConnectionError,215.0883674621582
1786831538.7559977,ERROR:ConnectionError,217.8809642791748
1786831538.7477877,ERROR:ConnectionError,226.56726837158203
1786831538.7603395,ERROR:ConnectionError,217.4973487854004
1786831538.7282388,ERROR:ConnectionError,252.91156768798828
1786831538.754671,ERROR:ConnectionError,229.04086112976074
1786831538.7622154,ERROR:ConnectionError,229.96163368225098
1786831538.7552853,ERROR:ConnectionError,244.23599243164062
1786831538.7591069,ERROR:ConnectionError,242.18368530273438
1786831538.7937617,ERROR:ConnectionError,210.296630859375
1786831538.7542477,ERROR:ConnectionError,253.64208221435547
1786831538.76933,ERROR:ConnectionError,240.68880081176758
1786831538.793418,ERROR:ConnectionError,218.41692924499512
1786831538.758083,ERROR:ConnectionError,255.0032138824463
1786831538.7909799,ERROR:ConnectionError,225.56018829345703
1786831538.756743,ERROR:ConnectionError,266.65735244750977
1786831538.7981107,ERROR:ConnectionError,230.8213710784912
1786831538.801511,ERROR:ConnectionError,228.57928276062012
1786831538.7362385,ERROR:ConnectionError,296.9398498535156
1786831538.800353,ERROR:ConnectionError,238.0654811859131
1786831538.7960262,ERROR:ConnectionError,245.85843086242676
1786831538.7952015,ERROR:ConnectionError,248.90971183776855
1786831538.8191805,ERROR:ConnectionError,230.51118850708008
1786831538.817926,ERROR:ConnectionError,234.99464988708496
1786831538.8276772,ERROR:ConnectionError,239.44592475891113
1786831538.829951,ERROR:ConnectionError,241.1184310913086
1786831538.8322322,ERROR:ConnectionError,247.89118766784668
1786831538.867023,ERROR:ConnectionError,214.5977020263672
1786831538.8871257,ERROR:ConnectionError,196.37012481689453
1786831538.8840694,ERROR:ConnectionError,204.5135498046875
1786831538.8776221,ERROR:ConnectionError,214.30635452270508
1786831538.8645265,ERROR:ConnectionError,229.42662239074707
1786831538.8849635,ERROR:ConnectionError,210.0815773010254
1786831538.8913968,ERROR:ConnectionError,206.5603733062744
1786831538.8950193,ERROR:ConnectionError,206.9070339202881
1786831538.904737,ERROR:ConnectionError,225.81863403320312
1786831538.9025893,ERROR:ConnectionError,231.23669624328613
1786831538.9134176,ERROR:ConnectionError,230.2227020263672
1786831538.912202,ERROR:ConnectionError,251.07693672180176
1786831538.9161909,ERROR:ConnectionError,247.6522922515869
1786831538.940851,ERROR:ConnectionError,228.9412021636963
1786831538.9339926,ERROR:ConnectionError,236.25683784484863
1786831538.9608593,ERROR:ConnectionError,222.02420234680176
1786831538.9264657,ERROR:ConnectionError,256.76989555358887
1786831538.9468713,ERROR:ConnectionError,237.4410629272461
1786831538.9621062,ERROR:ConnectionError,226.7155647277832
1786831538.9644825,ERROR:ConnectionError,229.0358543395996
1786831538.9701216,ERROR:ConnectionError,247.4353313446045
1786831538.9396179,ERROR:ConnectionError,286.09275817871094
1786831538.9517994,ERROR:ConnectionError,298.8126277923584
1786831538.9674234,ERROR:ConnectionError,283.7386131286621
1786831538.9738922,ERROR:ConnectionError,306.64610862731934
1786831538.9811573,ERROR:ConnectionError,303.45606803894043
1786831538.977845,ERROR:ConnectionError,312.9422664642334
1786831538.983719,ERROR:ConnectionError,314.97716903686523
1786831538.992189,ERROR:ConnectionError,321.6071128845215
1786831538.9995348,ERROR:ConnectionError,318.0227279663086
1786831538.974362,ERROR:ConnectionError,358.0813407897949
1786831539.0040715,ERROR:ConnectionError,328.7243843078613
1786831539.0012987,ERROR:ConnectionError,340.3666019439697
1786831539.0100265,ERROR:ConnectionError,332.10229873657227
1786831539.0165467,ERROR:ConnectionError,329.08082008361816
1786831539.013091,ERROR:ConnectionError,336.1210823059082
1786831539.023409,ERROR:ConnectionError,329.6325206756592
1786831539.011841,ERROR:ConnectionError,349.9009609222412
1786831539.007907,ERROR:ConnectionError,361.0529899597168
1786831539.0384278,ERROR:ConnectionError,331.6993713378906
1786831539.033186,ERROR:ConnectionError,337.37754821777344
1786831539.030098,ERROR:ConnectionError,342.58103370666504
1786831539.0418925,ERROR:ConnectionError,337.86892890930176
1786831539.05298,ERROR:ConnectionError,327.21900939941406
1786831539.0497026,ERROR:ConnectionError,334.2244625091553
1786831539.0441175,ERROR:ConnectionError,344.3174362182617
1786831539.0671377,ERROR:ConnectionError,327.3441791534424
1786831539.0289426,ERROR:ConnectionError,379.05168533325195
1786831539.0710826,ERROR:ConnectionError,366.8396472930908
1786831539.0835018,ERROR:ConnectionError,397.172212600708
1786831539.0885916,ERROR:ConnectionError,396.6810703277588
1786831539.0939605,ERROR:ConnectionError,400.3715515136719
1786831539.0801337,ERROR:ConnectionError,414.46566581726074
1786831539.0950527,ERROR:ConnectionError,413.9752388000488
1786831539.091937,ERROR:ConnectionError,434.29088592529297
1786831539.1019366,ERROR:ConnectionError,426.3348579406738
1786831539.0979645,ERROR:ConnectionError,439.5327568054199
1786831539.0816298,ERROR:ConnectionError,459.0954780578613
1786831539.130566,ERROR:ConnectionError,413.30409049987793
1786831539.1338367,ERROR:ConnectionError,441.1356449127197
1786831539.1632874,ERROR:ConnectionError,425.9366989135742
1786831539.1702576,ERROR:ConnectionError,420.3059673309326
1786831539.1638482,ERROR:ConnectionError,427.28304862976074
1786831539.1436512,ERROR:ConnectionError,451.86591148376465
1786831539.169804,ERROR:ConnectionError,431.0734272003174
1786831539.1832423,ERROR:ConnectionError,426.9680976867676
1786831539.184317,ERROR:ConnectionError,436.45763397216797
1786831539.2175674,ERROR:ConnectionError,403.7768840789795
1786831539.1828928,ERROR:ConnectionError,443.037748336792
1786831539.188837,ERROR:ConnectionError,440.8688545227051
1786831539.2257252,ERROR:ConnectionError,406.4664840698242
1786831539.250623,ERROR:ConnectionError,382.6134204864502
1786831539.251169,ERROR:ConnectionError,390.61665534973145
1786831539.2805476,ERROR:ConnectionError,364.4876480102539
1786831539.2846262,ERROR:ConnectionError,363.63673210144043
1786831539.193526,ERROR:ConnectionError,455.06978034973145
1786831539.3138063,ERROR:ConnectionError,355.16834259033203
1786831539.290796,ERROR:ConnectionError,379.85992431640625
1786831539.3324528,ERROR:ConnectionError,351.9904613494873
1786831539.2987053,ERROR:ConnectionError,389.8766040802002
1786831539.3175666,ERROR:ConnectionError,402.2233486175537
1786831539.3328018,ERROR:ConnectionError,397.8419303894043
1786831539.3421376,ERROR:ConnectionError,398.1642723083496
1786831539.3416762,ERROR:ConnectionError,407.057523727417
1786831539.3456357,ERROR:ConnectionError,405.8866500854492
1786831539.353054,ERROR:ConnectionError,418.73860359191895
1786831539.3705726,ERROR:ConnectionError,418.15733909606934
1786831539.3701403,ERROR:ConnectionError,419.34919357299805
1786831539.3617523,ERROR:ConnectionError,432.79552459716797
1786831539.3492222,ERROR:ConnectionError,448.2991695404053
1786831539.3689718,ERROR:ConnectionError,432.95860290527344
1786831539.3802056,ERROR:ConnectionError,434.4215393066406
1786831539.3797686,ERROR:ConnectionError,444.8282718658447
1786831539.3884454,ERROR:ConnectionError,443.8002109527588
1786831539.394492,ERROR:ConnectionError,440.2759075164795
1786831539.4379318,ERROR:ConnectionError,400.69580078125
1786831539.408006,ERROR:ConnectionError,436.74302101135254
1786831539.4806826,ERROR:ConnectionError,365.6420707702637
1786831539.4852834,ERROR:ConnectionError,363.10696601867676
1786831539.3726912,ERROR:ConnectionError,477.53405570983887
1786831539.4946058,ERROR:ConnectionError,358.19554328918457
1786831539.526238,ERROR:ConnectionError,343.6431884765625
1786831539.509039,ERROR:ConnectionError,363.3236885070801
1786831539.3839352,ERROR:ConnectionError,489.3677234649658
1786831539.49434,ERROR:ConnectionError,382.0023536682129
1786831539.5282805,ERROR:ConnectionError,353.72281074523926
1786831539.5375314,ERROR:ConnectionError,378.85570526123047
1786831539.5438778,ERROR:ConnectionError,382.4732303619385
1786831539.589238,ERROR:ConnectionError,340.78097343444824
1786831539.5905704,ERROR:ConnectionError,372.1935749053955
1786831539.5911386,ERROR:ConnectionError,371.990442276001
1786831539.6322184,ERROR:ConnectionError,334.1352939605713
1786831539.5407345,ERROR:ConnectionError,425.90928077697754
1786831539.5749822,ERROR:ConnectionError,398.09370040893555
1786831539.6259391,ERROR:ConnectionError,352.0703315734863
1786831539.6332452,ERROR:ConnectionError,351.3946533203125
1786831539.6450438,ERROR:ConnectionError,342.1623706817627
1786831539.6207871,ERROR:ConnectionError,372.664213180542
1786831539.6102228,ERROR:ConnectionError,385.7760429382324
1786831539.5955238,ERROR:ConnectionError,403.4395217895508
1786831539.648601,ERROR:ConnectionError,358.903169631958
1786831539.600886,ERROR:ConnectionError,431.23316764831543
1786831539.6297147,ERROR:ConnectionError,408.30254554748535
1786831539.6482716,ERROR:ConnectionError,432.8417778015137
1786831539.670667,ERROR:ConnectionError,412.0354652404785
1786831539.6417964,ERROR:ConnectionError,441.15304946899414
1786831539.6844528,ERROR:ConnectionError,403.7787914276123
1786831539.6885965,ERROR:ConnectionError,405.2846431732178
1786831539.719807,ERROR:ConnectionError,375.19288063049316
1786831539.621352,ERROR:ConnectionError,481.217622756958
1786831539.7306557,ERROR:ConnectionError,372.93314933776855
1786831539.6689866,ERROR:ConnectionError,438.1370544433594
1786831539.7487543,ERROR:ConnectionError,359.93337631225586
1786831539.7887473,ERROR:ConnectionError,328.3231258392334
1786831539.7515306,ERROR:ConnectionError,366.84298515319824
1786831539.7894957,ERROR:ConnectionError,330.58834075927734
1786831539.771802,ERROR:ConnectionError,349.44605827331543
1786831539.8019388,ERROR:ConnectionError,323.2271671295166
1786831539.7403107,ERROR:ConnectionError,389.4658088684082
1786831539.7975326,ERROR:ConnectionError,338.026762008667
1786831539.814637,ERROR:ConnectionError,323.40359687805176
1786831539.8246086,ERROR:ConnectionError,325.00362396240234
1786831539.834778,ERROR:ConnectionError,320.4371929168701
1786831539.7945588,ERROR:ConnectionError,374.5412826538086
1786831539.8322556,ERROR:ConnectionError,343.36090087890625
1786831539.8386369,ERROR:ConnectionError,342.7455425262451
1786831539.8484006,ERROR:ConnectionError,340.4362201690674
1786831539.8502328,ERROR:ConnectionError,339.9202823638916
1786831539.8463337,ERROR:ConnectionError,344.2494869232178
1786831539.844762,ERROR:ConnectionError,350.11816024780273
1786831539.8528116,ERROR:ConnectionError,349.4832515716553
1786831539.8763537,ERROR:ConnectionError,329.697847366333
1786831539.8723707,ERROR:ConnectionError,335.12353897094727
1786831539.8820124,ERROR:ConnectionError,326.04241371154785
1786831539.869892,ERROR:ConnectionError,344.88654136657715
1786831539.9163957,ERROR:ConnectionError,305.38058280944824
1786831539.966648,ERROR:ConnectionError,272.1982002258301
1786831539.9300272,ERROR:ConnectionError,312.12306022644043
1786831539.9263625,ERROR:ConnectionError,316.1585330963135
1786831539.9663615,ERROR:ConnectionError,278.7904739379883
1786831539.9631355,ERROR:ConnectionError,285.5415344238281
1786831539.9730825,ERROR:ConnectionError,278.5985469818115
1786831539.9627752,ERROR:ConnectionError,295.0732707977295
1786831539.8733077,ERROR:ConnectionError,416.0597324371338
1786831539.9780173,ERROR:ConnectionError,338.56821060180664
1786831539.984651,ERROR:ConnectionError,334.1021537780762
1786831539.9872136,ERROR:ConnectionError,338.9756679534912
1786831539.9934602,ERROR:ConnectionError,335.67166328430176
1786831539.9989738,ERROR:ConnectionError,334.7485065460205
1786831540.007518,ERROR:ConnectionError,338.010311126709
1786831539.996007,ERROR:ConnectionError,351.95398330688477
1786831540.032128,ERROR:ConnectionError,322.8142261505127
1786831540.038027,ERROR:ConnectionError,326.47037506103516
1786831540.081126,ERROR:ConnectionError,287.095308303833
1786831540.0827093,ERROR:ConnectionError,305.2659034729004
1786831540.082954,ERROR:ConnectionError,325.32262802124023
1786831540.0882463,ERROR:ConnectionError,372.2577095031738
1786831540.0938933,ERROR:ConnectionError,371.7918395996094
1786831540.095017,ERROR:ConnectionError,378.3130645751953
1786831540.1035955,ERROR:ConnectionError,411.30900382995605
1786831540.1026185,ERROR:ConnectionError,417.01459884643555
1786831540.1170797,ERROR:ConnectionError,407.96899795532227
1786831540.108695,ERROR:ConnectionError,424.8666763305664
1786831540.1200914,ERROR:ConnectionError,414.87860679626465
1786831540.107134,ERROR:ConnectionError,430.483341217041
1786831540.1183949,ERROR:ConnectionError,422.4660396575928
1786831540.125174,ERROR:ConnectionError,419.16728019714355
1786831540.1212547,ERROR:ConnectionError,424.1678714752197
1786831540.1297839,ERROR:ConnectionError,417.82379150390625
1786831540.135572,ERROR:ConnectionError,414.8905277252197
1786831540.1380496,ERROR:ConnectionError,415.77768325805664
1786831540.1691139,ERROR:ConnectionError,395.51854133605957
1786831540.1496189,ERROR:ConnectionError,416.02015495300293
1786831540.1756241,ERROR:ConnectionError,393.017053604126
1786831540.181393,ERROR:ConnectionError,389.6956443786621
1786831540.1552277,ERROR:ConnectionError,426.70702934265137
1786831540.1905906,ERROR:ConnectionError,406.60595893859863
1786831540.19489,ERROR:ConnectionError,428.88736724853516
1786831540.2060642,ERROR:ConnectionError,448.0133056640625
1786831540.2023218,ERROR:ConnectionError,490.67187309265137
1786831540.2075016,ERROR:ConnectionError,488.6765480041504
1786831540.1901615,ERROR:ConnectionError,511.92665100097656
1786831540.2217891,ERROR:ConnectionError,485.260009765625
1786831540.2080615,ERROR:ConnectionError,501.15036964416504
1786831540.188849,ERROR:ConnectionError,524.5652198791504
1786831540.2388577,ERROR:ConnectionError,486.9091510772705
1786831540.242163,ERROR:ConnectionError,490.8947944641113
1786831540.2147882,ERROR:ConnectionError,553.1651973724365
1786831540.2425268,ERROR:ConnectionError,544.015645980835
1786831540.2516901,ERROR:ConnectionError,543.088436126709
1786831540.24516,ERROR:ConnectionError,555.2825927734375
1786831540.2486851,ERROR:ConnectionError,574.4836330413818
1786831540.257859,ERROR:ConnectionError,567.3961639404297
1786831540.2893813,ERROR:ConnectionError,540.3566360473633
1786831540.3187618,ERROR:ConnectionError,513.8168334960938
1786831540.3261988,ERROR:ConnectionError,509.1822147369385
1786831540.3165956,ERROR:ConnectionError,528.8455486297607
1786831540.3291392,ERROR:ConnectionError,518.5434818267822
1786831540.3455396,ERROR:ConnectionError,555.9439659118652
1786831540.34797,ERROR:ConnectionError,570.5387592315674
1786831540.3549604,ERROR:ConnectionError,590.050458908081
1786831540.3645072,ERROR:ConnectionError,593.1994915008545
1786831540.3682303,ERROR:ConnectionError,607.1460247039795
1786831540.3337312,ERROR:ConnectionError,711.8077278137207
1786831540.4656975,ERROR:ConnectionError,586.1895084381104
1786831540.4605153,ERROR:ConnectionError,592.435359954834
1786831540.4733393,ERROR:ConnectionError,589.0579223632812
1786831540.5149155,ERROR:ConnectionError,560.7290267944336
1786831540.519674,ERROR:ConnectionError,568.8412189483643
1786831540.525076,ERROR:ConnectionError,577.141284942627
1786831540.4082923,ERROR:ConnectionError,700.7572650909424
1786831540.3879867,ERROR:ConnectionError,726.7868518829346
1786831540.5349815,ERROR:ConnectionError,595.2692031860352
1786831540.5335763,ERROR:ConnectionError,599.6325016021729
1786831540.5376244,ERROR:ConnectionError,628.3838748931885
1786831540.540868,ERROR:ConnectionError,641.4523124694824
1786831540.5443802,ERROR:ConnectionError,668.5307025909424
1786831540.5504704,ERROR:ConnectionError,670.6328392028809
1786831540.5454292,ERROR:ConnectionError,678.5440444946289
1786831540.564642,ERROR:ConnectionError,661.9572639465332
1786831540.5538337,ERROR:ConnectionError,681.9512844085693
1786831540.5710993,ERROR:ConnectionError,694.1871643066406
1786831540.568649,ERROR:ConnectionError,696.9482898712158
1786831540.5656497,ERROR:ConnectionError,704.3571472167969
1786831540.5972502,ERROR:ConnectionError,678.7183284759521
1786831540.6237874,ERROR:ConnectionError,652.9874801635742
1786831540.5819452,ERROR:ConnectionError,696.8958377838135
1786831540.65409,ERROR:ConnectionError,625.6382465362549
1786831540.693005,ERROR:ConnectionError,587.1014595031738
1786831540.547614,ERROR:ConnectionError,733.2344055175781
1786831540.6961868,ERROR:ConnectionError,598.2370376586914
1786831540.7070582,ERROR:ConnectionError,587.836503982544
1786831540.7021003,ERROR:ConnectionError,594.0544605255127
1786831540.786554,ERROR:ConnectionError,523.5292911529541
1786831540.767963,ERROR:ConnectionError,549.6189594268799
1786831540.8004553,ERROR:ConnectionError,517.4288749694824
1786831540.8231845,ERROR:ConnectionError,510.0569725036621
1786831540.8297484,ERROR:ConnectionError,503.98826599121094
1786831540.7134256,ERROR:ConnectionError,628.3755302429199
1786831540.7947917,ERROR:ConnectionError,547.166109085083
1786831540.8454697,ERROR:ConnectionError,497.5161552429199
1786831540.8252654,ERROR:ConnectionError,518.4612274169922
1786831540.8353922,ERROR:ConnectionError,508.8801383972168
1786831540.8325868,ERROR:ConnectionError,517.7719593048096
1786831540.8476918,ERROR:ConnectionError,504.2574405670166
1786831540.901493,ERROR:ConnectionError,452.2552490234375
1786831541.0455527,ERROR:ConnectionError,325.7780075073242
1786831540.9185214,ERROR:ConnectionError,453.0189037322998
1786831540.9450212,ERROR:ConnectionError,427.9196262359619
1786831540.9753895,ERROR:ConnectionError,398.1649875640869
1786831540.9577246,ERROR:ConnectionError,415.99225997924805
1786831541.0518975,ERROR:ConnectionError,323.5619068145752
1786831540.7092183,ERROR:ConnectionError,673.9890575408936
1786831541.0529566,ERROR:ConnectionError,331.58159255981445
1786831541.062406,ERROR:ConnectionError,336.8878364562988
1786831541.1022296,ERROR:ConnectionError,310.06479263305664
1786831541.1090593,ERROR:ConnectionError,304.28457260131836
1786831541.0756538,ERROR:ConnectionError,338.2594585418701
1786831540.7257826,ERROR:ConnectionError,688.302755355835
1786831541.088523,ERROR:ConnectionError,326.13182067871094
1786831541.1302588,ERROR:ConnectionError,290.50469398498535
1786831540.733072,ERROR:ConnectionError,687.8902912139893
1786831541.166017,ERROR:ConnectionError,266.51668548583984
1786831541.2211149,ERROR:ConnectionError,215.32273292541504
1786831541.2239814,ERROR:ConnectionError,212.65172958374023
1786831541.1147835,ERROR:ConnectionError,334.7909450531006
1786831541.1332169,ERROR:ConnectionError,317.3024654388428
1786831541.1823297,ERROR:ConnectionError,271.5473175048828
1786831541.235797,ERROR:ConnectionError,218.4000015258789
1786831541.2266064,ERROR:ConnectionError,228.04021835327148
1786831541.265294,ERROR:ConnectionError,190.80376625061035
1786831541.279737,ERROR:ConnectionError,180.68599700927734
1786831541.2656014,ERROR:ConnectionError,195.08647918701172
1786831541.2700186,ERROR:ConnectionError,191.57958030700684
1786831541.2759864,ERROR:ConnectionError,187.90578842163086
1786831541.2767854,ERROR:ConnectionError,200.46210289001465
1786831541.296164,ERROR:ConnectionError,187.31927871704102
1786831541.2129216,ERROR:ConnectionError,273.57029914855957
1786831541.2801163,ERROR:ConnectionError,210.5119228363037
1786831541.2788525,ERROR:ConnectionError,221.29416465759277
1786831541.2949018,ERROR:ConnectionError,205.5349349975586
1786831541.2808542,ERROR:ConnectionError,219.70677375793457
1786831541.2944317,ERROR:ConnectionError,222.37849235534668
